西元前年,年份數字,紀年標題,同年序號,資料類型,國家,人物,事件詞,原文內容
前468,468,周貞定王元年（西元前四六八年）,1,史料,秦、齊、楚、晉、魯、越,句踐,,秦厲共公九年，晉出公七年，齊平公十三年，楚惠王二十一年，越句踐二十九年，魯哀公二十七年。
前468,468,周貞定王元年（西元前四六八年）,2,考案,晉、周、魯,智伯,立、滅,案：《史記·周本紀》雲：“元王八年崩，子定王介立。”《索隱》雲：“如《史記》，則元王為定王父，定王即貞王也。依《世本》，則元王為貞王子，必有一乖誤。”《左傳》哀公十九年《正義》引《世本》，既雲：“魯哀公二十年貞定王介崩，子元王赤立。”又雲：“敬王崩，貞王介立，貞王崩，元王赤立。”據此可知，介有貞、定二諡。《周本紀·集解》又引皇甫謐曰：“元王十一年癸未，三晉滅智伯，二十八年崩，三子爭立，立應為貞定王。”考《世本》以元王為貞定王之子，而《史記》則以貞定王為元王之子。《帝王世紀》從《史記》之說，但《史記》謂元王八年崩，定王二十八年崩，而《帝王世紀》又謂元王二十八年崩，貞定王十年崩，與《史記》不合。今從《史記》。
前468,468,周貞定王元年（西元前四六八年）,3,史料,魯、越、吳、宋,,卒、盟、聘,〔魯哀公〕二十七年春，越子使舌庸來聘(“舌”原誤作“後”，今從唐《石經》宋本、《金澤文庫》本及《國語·吳語》改正)，且言邾田，封於駘上。二月，盟於平陽，三子皆從，康子病之，言及子贛，曰：“若在此，吾不及此夫！”武伯曰：“然。何不召？”曰：“固將召子。”文子曰：“他日請念。”夏四月己亥，季康子卒。公吊焉，降禮。（《左傳》）
前468,468,周貞定王元年（西元前四六八年）,4,考案,齊、楚、魯、越、吳、衛、代,孔子、子貢,救、取、盟、會,案：子贛即子貢，端木氏，名賜，衛人，孔子弟子，少孔子三十一歲，時年五十四，善於外交辭令，又善經商致富。魯哀公六年孔子絕糧于陳，使子貢至楚營救。次年吳向魯征百牢，吳太宰嚭召季康子，康子使子貢辭。哀公十一年吳王夫差賜叔孫甲、劍鈸，叔孫不能應對，由子貢代對。次年衛侯會吳於鄖，為吳所執，經子貢進言太宰嚭而得釋。是年越以霸主而遣使至魯，約定以駘上為魯、邾之間疆界（蓋魯嘗侵取邾地），欲迫使三桓從魯哀公聽命於平陽之盟，季康子為越使所困，因而欲召子貢前來救解。此後不見有關子貢之記載。《史記·儒林列傳》雲：“子貢終於齊”，不知在何年。
前468,468,周貞定王元年（西元前四六八年）,5,史料,魯、越,,伐、卒,公患三桓之侈也，欲以諸侯去之；三桓亦患公之妄也，故君臣多間。公游於陵阪，遇孟武伯于孟氏之衢，曰：“請有問于子，餘及死乎？”對曰：“臣無由知之。”三問，卒辭不對。公欲以越伐魯而去三桓。秋八月甲戌，公如公孫有陘氏，因孫于邾，乃遂如越。國人施公孫有山氏。（《左傳》，杜注：“有陘氏即有山氏。”）
前468,468,周貞定王元年（西元前四六八年）,6,史料,魯、越、衛,,伐、攻、卒、立、奔,[魯哀公]二十七年春，季康子卒。夏，哀公患三桓，將欲因諸侯以劫之，三桓亦患公作難，故君臣多間。公游於陵阪，遇孟武伯于街，曰：“請問，餘及死乎？”對曰：“不知也。”公欲以越伐三桓。八月哀公如陘氏，三桓攻公，公奔于衛，去如鄒，遂如越。國人迎哀公複歸，卒於有山氏。子寧立，是為悼公。（《魯世家》）
前468,468,周貞定王元年（西元前四六八年）,7,考案,魯、越,,卒、遷,案：《左傳·正義》據《左傳》以駁《史記》，雲：“《傳》稱國人施罪於有山氏，不得複歸而卒於其家也，馬遷妄耳。”其說非是。有山氏當為由魯出國之通道，哀公由此往越，又經此歸來，未及回國都而卒。
前468,468,周貞定王元年（西元前四六八年）,8,史料,周、越,,徙都,[周]貞定王元年癸酉於越徙都琅邪。（今本《竹書紀年》）
前468,468,周貞定王元年（西元前四六八年）,9,考案,秦、齊、楚、魏、晉、周、魯、越、吳、衛,句踐,伐、攻、卒、徙都、滅、取、盟、會、奔,案：《越世家》雲：“句踐已平吳，乃以兵北渡淮，與齊、晉諸侯會于徐州，致貢于周，周元王使人賜句踐胙，命為伯。”又雲：“當是時，越兵橫行江、淮東，諸侯畢賀，號稱霸王。”《越絕書·外傳本事》雲：“越伐強吳，尊事周室，行霸琅邪。”《越絕書·記吳地傳》亦雲：“越王句踐徙瑯邪。”《吳越春秋·句踐伐吳外傳》又謂句踐二十五年，“霸於關東，從瑯琊起觀台，周七裡，以望東海。”又雲：“越王使人如木客山取元常（當作“允常”）之喪，欲徙葬琅邪，三穿元常（當作“允常”）之墓，中生熛風，飛砂石以射人，人莫能入，句踐曰：吾前君其不徙乎！遂置而去。句踐乃使使號令齊、楚、秦、晉皆輔周室，血盟而去。”此雖雜有神話，其徙都琅邪當為事實。《漢書·地理志》雲：“琅邪，越王句踐嘗治此，起館台。”《水經·濰水注》亦雲：“琅邪，山名也。越王句踐之故國也。句踐並吳，欲霸中國，徙都琅邪。”諸書未言句踐於何年徙都琅邪，惟今本《竹書紀年》列于周貞定王元年，王國維《今本竹書紀年疏證》以為即據《吳越春秋》，不確。《吳越春秋》謂句踐於琅邪起觀台在句踐二十五年，即平吳之次年。今本《竹書紀年》不知何據。錢穆《越徙琅邪考》肯定今本《竹書紀年》之說，雲：“是歲越使舌庸來正邾、魯之界，公與盟平陽，蓋即越北徙時矣。”並舉《墨子·非攻中》“東方有莒之國……是以東者越人夾削其壤地，西者齊人兼而有之”為證：“蓋越都琅邪，莒正在其西，地望正符。”（增訂本《先秦諸子系年》第一一○至一一一三頁）據《左傳》及《史記》，此年魯哀公欲以越伐魯而去三桓，三桓攻公，八月公出奔，經有陘氏、衛、鄒而如越，旋又為國人迎歸而卒於有陘氏，前後不過四五閱月。蒙文通《史記越世家補正》於“越都琅邪”條下，論之曰：“哀公七年《傳》載：邾子益曰：吳二千里，不三月不至，何及於我。邾、吳之間，較魯、越之間為猶近，已是不三月不至。而哀公之輾轉如越，又自越返魯，前後不過四五月，亦證哀公之所往者，是琅邪之越而非會稽之越也。”其說甚卓。蒙氏又謂：“《越世家·索隱》引《竹書紀年》言：朱句三十四年滅滕，三十五年滅郯。《戰國策·魏策四》雲：“繒恃齊以捍越，齊和子之亂而越人亡繒。皆明越人之活動多在北方。惟徙都琅邪始克滅滕、滅郯、亡繒、削莒，于時遂大顯于中原，而與齊、楚、晉相提並論。”(《越史叢考》第一二一至一二二頁，人民出版社一九八三年出版)蒙氏此說亦足證越王句踐徙都琅邪，至遲在此年。《越絕書》言句踐徙都琅邪，並“行霸琅邪”，確為事實。
前468,468,周貞定王元年（西元前四六八年）,10,史料,齊、晉、鄭,知伯、荀瑤,伐、救、立,晉荀瑤帥師伐鄭，次於桐丘，鄭駟弘請救于齊。齊師將興，陳成子屬孤子三日朝。設乘車兩馬，系五邑焉（“邑”通“裛”。《說文》雲：“裛，書囊也”）。召顏涿聚之子晉曰：“隰之役，而父死焉（“而”通“爾”）。以國之多難，未女恤也。今君命女以是邑也，服車而朝，毋廢前勞。”乃救鄭。及留舒，違穀七裡，穀人不知。及濮，雨，不涉。子思曰（杜注：“子思，國參）：“大國在敝邑之宇下，是以告急。今師不行，恐無及也。”成子衣制，杖戈，立於阪上，馬不出者，助之鞭之。知伯聞之，乃還，曰：“我卜伐鄭，不卜敵齊。”使謂成子曰：“大夫陳子，陳之自出。陳之不祀，鄭之罪也，故寡君使瑤察陳衷焉，謂大夫其恤陳乎：若利本之顛，瑤何有焉。”成子怒曰：“多陵人者皆不在，知伯其能久乎！”中行文子告成子曰：“有自晉師告寅者，將為輕車千乘以厭齊師之門（“厭”通“壓”），則可盡也。”成子曰：“寡君命恒曰：‘無及寡，無畏眾。’雖過千乘，敢辟之乎？將以子之命告寡君。”文子曰：“吾乃今知所以亡。君子之謀也，始、衷、終皆舉之，而後入焉。今我三不知而入之，不亦難乎！”（《左傳》哀公二十七年）
前468,468,周貞定王元年（西元前四六八年）,11,考案,齊、韓,孔子、荀瑤,伐,案：顏涿聚即顏庚，庚其名，涿聚其字。前四年荀瑤伐齊，戰於犁丘，顏庚為荀瑤所擒。顏涿聚，《孔子世家》作顏濁鄒，《晏子春秋·外篇》、《漢書·古今人表》作顏燭鄒，《淮南子·汜論訓》作顏喙聚(“喙”當為“啄”之訛)，並聲同通用。《孔子世家》雲：“孔子以《詩》、《書》、《禮》、《樂》教，弟子蓋三千焉，身通六藝者七十有二人，如顏濁鄒之徒，頗受業者甚眾。”《呂氏春秋·尊師》篇雲：“顏涿聚，梁父之大盜也，學於孔子。”《韓非子·外儲說左下》記南宮敬子問顏涿聚曰：“季孫養孔子之徒，所朝服與坐者以十數而遇賊，何也？”《淮南子·汜論訓》雲：“顏啄聚，梁父之大盜也，而為齊忠臣。”
前468,468,周貞定王元年（西元前四六八年）,12,考案,齊、晉、周、鄭,知伯,伐、攻、救,又案：此後四年，知伯再伐鄭，攻入南裡，門於桔柣之門，見於《左傳》末尾“悼之四年”。《六國表》混淆知伯兩次伐鄭事蹟，謂周定王五年“知伯伐鄭，駟桓子如齊求救”。齊平公十七年“救鄭，晉師去，中行文子謂田常乃今知所以亡”。此以首次知伯伐鄭之事，誤以為知伯再次伐鄭之事。
前468,468,周貞定王元年（西元前四六八年）,13,史料,齊、晉、鄭,智伯,伐、救、立,晉智伯伐鄭，齊田恒救之。有登蓋必身立焉，車徒有不進者，必令助之。壘合而後敢處，井灶成而後敢食。智伯曰：“吾聞田恒新得國而愛其民，內同其財，外同其勤勞，治軍若此，其得眾也，不可待也。”乃去之耳。（《說苑·指武》第九章）
前468,468,周貞定王元年（西元前四六八年）,14,附編,,,,【附編】
前468,468,周貞定王元年（西元前四六八年）,15,史料,齊、越,,攻,東方有莒之國，其為國甚小，間於大國之間，不敬事於大，大國亦弗之從而愛利，是以東者越人夾削其壤地，西者齊人兼而有之，計莒之所以亡于齊、越之間者，以是攻戰也。（《墨子·非攻中》）
前468,468,周貞定王元年（西元前四六八年）,16,考案,齊、楚、晉、越,,伐、攻、卒、滅,案：莒在今山東莒縣，琅邪在今山東膠南縣琅邪台，正當莒縣之東，因而“東者越人夾削其壤地”。《楚世家》載楚簡王元年“北伐滅莒”。《墨子》所述，當為楚滅莒以前之實情。《墨子》常以越與齊、晉、楚並提。《節葬下》雲：“南有楚、越之王，北有齊、晉之君，此皆砥礪其卒伍，以攻伐並兼為政於天下。”《非攻下》又雲：“今天下好戰之國齊、晉、楚、越……今以並國之故，四分天下而有之。”《非攻中》亦雲：“此四國者以攻戰之故，土地之博至數千里，人徒之眾至有數百萬。”子生當越強盛之時，所言越人削莒壤地之事，當為目睹之實情。
前467,467,周貞定王二年（西元前四六七年）,1,史料,秦、齊、楚、晉、魯、越,句踐,,秦厲共公十年，晉出公八年，齊平公十四年，楚惠王二十二年，越句踐三十年，魯悼西元年。
前467,467,周貞定王二年（西元前四六七年）,2,史料,秦、魏,,拔,秦厲共公十年庶長將兵拔魏城。（《六國表·集解·音義》“拔一作捕”）
前467,467,周貞定王二年（西元前四六七年）,3,考案,秦、魏、晉、周,,伐、拔、會,案：黃式三《周季編略》改作“秦伐晉拔魏氏城”，並雲：“或是魏氏邊邑耳。”此說無據，史文未見其例。瀧川資言《史記會注考證》雲：“魏城，秦地，不可言拔，當作補，若後年補龐戲城、補龐城。”此說亦無據，秦邊邑無魏城。《六國表》此記疑有脫誤。
前467,467,周貞定王二年（西元前四六七年）,4,史料,秦,,,其十年(“其”指刺龔公)，彗星見。(《秦始皇本紀》附《秦記》，《六國表》同)
前467,467,周貞定王二年（西元前四六七年）,5,史料,魯,,,[魯]悼公之時，三桓勝，魯如小侯，卑於三桓之家。（《魯世家》）
前467,467,周貞定王二年（西元前四六七年）,6,考案,趙、晉、周、魯、越、鄭,子貢、知伯、荀瑤,伐、圍、卒、立、奔,案：《六國表》記“魯哀公卒”于周定王二年，記“魯悼西元年三桓勝，魯如小侯”于周定王三年，如此則魯哀公有二十八年。惟《魯世家》和《十二諸侯年表》均謂哀公二十七年卒，《漢書·律曆志》引《六國春秋》亦作二十七年，可知《六國表》哀公二十八年之說不確。《左傳》雲：“悼公四年，晉荀瑤帥師圍鄭”，《趙世家》雲：“晉出公十一年知伯伐鄭”，足見魯悼公四年當晉出公十一年，即周定王五年。《六國表》記知伯伐鄭亦在定王五年，惟誤以初次伐鄭之事為再次伐鄭耳。可見魯悼西元年確在周貞定王二年，《六國表》記在三年非是。黃式三《周季編略》既據《左傳》悼公四年荀瑤圍鄭之事，定魯悼西元年當周貞定王二年，又從《六國表》定魯哀公卒于同年。黃氏據《左傳》哀公十六年載子貢之言“君不歿于魯”，錄其言之驗，因而斷言哀公卒於越，當依《六國表》定在出奔之明年，並雲：“知哀公尚在，悼公已立。”其說不足信。哀公不可能卒於悼西元年。
前465,465,周貞定王四年（西元前四六五年）,1,史料,秦、齊、楚、晉、魯、越,句踐,,秦厲共公十二年，晉出公十年，齊平公十六年，楚惠王二十四年，越句踐三十二年，魯悼公三年。
前465,465,周貞定王四年（西元前四六五年）,2,史料,越、衛,,卒,[衛]悼公四年卒於越。（《衛世家·索隱》引《紀年》）
前465,465,周貞定王四年（西元前四六五年）,3,史料,衛,,卒、立,[衛]悼公五年卒，子敬公弗立。（《衛世家》）
前465,465,周貞定王四年（西元前四六五年）,4,史料,衛,,,[衛悼公]名虔，敬公費。（《衛世家·索隱》引《世本》）
前465,465,周貞定王四年（西元前四六五年）,5,考案,晉、周、魯、衛,,卒、立,案：據《左傳》，衛悼公立于魯哀公二十六年，《紀年》雲悼公四年卒。則悼公之卒與敬公之立，當在魯悼公三年，即晉出公十年、周貞定王四年。今《六國表》系衛悼公黔元年于周定王十四年、衛敬西元年于周定王十九年，蓋誤後十四年。
前465,465,周貞定王四年（西元前四六五年）,6,考案,衛,,,又案：《衛世家》與《六國表》謂悼公名黔，《左傳》杜注：“悼公，蒯蹟庶弟公子黠也。”而《世本》又雲“名虔”。蓋“黔”“黠”“虔”，皆音同通假。《衛世家》言敬公名弗，而《世本》作費，“弗”“費”亦音同通假。
前464,464,周貞定王五年（西元前四六四年）,1,史料,秦、齊、楚、晉、魯、越,句踐,,秦厲共公十三年，晉出公十一年，齊平公十七年，楚惠王二十五年，越句踐三十三年，魯悼公四年。
前464,464,周貞定王五年（西元前四六四年）,2,史料,晉、越,句踐,卒,晉出公十年十一月於粵子句踐卒，是為菼執。（《越世家·索隱》引《紀年》）
前464,464,周貞定王五年（西元前四六四年）,3,史料,越,句踐,卒、立,於粵子句踐卒，是菼執。次鹿郢立。（《越世家·索隱》引《紀年》）句踐卒，子王鼫與立。（《越世家》）
前464,464,周貞定王五年（西元前四六四年）,4,史料,越,,,越語謂鹿郢為鼫與也。（《越世家·索隱》引樂資雲，當出樂資《春秋後傳》）
前464,464,周貞定王五年（西元前四六四年）,5,史料,楚、晉、越、吳,句踐,伐、卒、立、即位,[句踐]二十七年冬句踐寢疾將卒，謂太子興夷曰(“興”當為“與”字之誤)：“吾自禹之後，承允常之德，蒙天靈之佑，神祇之福，從窮越之地，籍楚之前鋒，以摧吳王之干戈，跨江涉淮，從晉、楚之地，功德巍巍，自致於斯，其可不誡乎？夫霸者之後，難以久立，其慎之哉！”遂卒。興夷即位。(《吳越春秋·句踐伐吳外傳》)
前464,464,周貞定王五年（西元前四六四年）,6,考案,楚、魏、晉、周、魯、越、吳、宋,句踐,伐、卒、立、殺,案：金陵局刻本《史記》，《越世家·索隱》兩次引《紀年》於“句踐卒”，有“是為芟執”，或“是芟執”，當是。此與《索隱》引《紀年》“不壽立十年見殺，是為盲姑”，文例相同。蓋句踐為名，芟執為稱號，宋耿秉本、黃善夫本，元彭寅本及清殿本《史記》無“是芟執”三字，蓋脫誤。《吳越春秋》謂句踐二十七年卒，不確。《越世家》稱句踐元年吳伐越，吳師敗于樵李，吳王闔廬因射傷而死。《左傳》記在魯定公十四年，是句踐元年即魯定公十四年（西元前四九六年），《國語·越語》韋注以句踐三年為魯哀西元年，亦與《左傳》相合。《紀年》魏史用夏正，句踐于晉出公十年十一月卒，于周正已是翌年正月，是句踐卒於句踐三十三年，即周貞定王五年。與《通鑒外紀》謂句踐三十三年薨相合。句踐，金文或作“鳩淺”。一九六五年湖北江陵1號楚墓出土越王句踐劍，銘文作“郕（越）王鳩淺自乍（作）用釜（劍）”。
前464,464,周貞定王五年（西元前四六四年）,7,考案,魯、越、吳,句踐,,又案：《左傳》魯哀公二十四年“公如越得太子適郢，將妻公而多與之地”。此太子適郢，當即鹿郢，《越絕書·記吳地傳》雲：“句踐子與夷時霸。”《吳越春秋》作“興夷”，“興”乃“與”字之誤。《史記·越世家》作鼫與。“與夷”，金文作“於賜”。越王旨於賜鐘、越王旨於賜劍，以及戈、矛，所謂越王旨於賜，當即句踐之子與夷。越有者訒鐘(或作者滬鐘)，銘□：“惟戊(越)十有九年王曰者訒……。”乃句踐十九年製作，陳夢家《六國紀年表考證》嘗疑者滬即與夷，非是。
前464,464,周貞定王五年（西元前四六四年）,8,史料,韓、趙、魏、晉、魯、鄭,知伯、荀瑤、趙襄子,圍、賂,[魯]悼公四年，晉荀瑤帥師圍鄭，未至，鄭駟弘曰：“知伯愎而好勝，早下之則可行也。”乃先保南裡以待之。知伯入南裡，門於桔柣之門。鄭人俘鄱魁壘，賂之以知政，閉其口而死。將門，知伯謂趙孟：“入之。”對曰：“主在此。”知伯曰：“惡而無勇，何以為子？”對曰：“以能忍恥，庶無害趙宗乎？”知伯不悛，趙襄子由是甚知伯，遂喪之。知伯貪而愎，故韓、魏反而喪之。（《左傳》末尾）
前464,464,周貞定王五年（西元前四六四年）,9,史料,趙、晉、鄭,知伯,伐、圍,晉出公十一年知伯伐鄭。趙簡子疾，使太子毋卹將而圍鄭。知伯醉，以酒灌擊毋卹。毋卹群臣請死之。毋卹曰：“君所以置毋卹，為能忍詢。”然亦慍知伯。知伯歸，因謂簡子，使廢毋卹。簡子不聽。毋卹由此怨知伯。（《趙世家》，此與《左傳》同敘一事，但所謂“趙簡子疾”云云，乃虛構之故事，出於杜撰）
前464,464,周貞定王五年（西元前四六四年）,10,考案,楚、趙、晉、魯、越、吳、代,知伯、趙襄子,圍、卒、立,案：《左傳》所謂趙孟即趙襄子毋卹。“惡而無勇，何以為子？”杜注雲：“惡，貌醜也。簡子廢嫡子伯魯而立襄子，故知伯言其醜且無勇，何故立以為子。”此說不明確。時趙簡子已去世，《左傳》魯哀公二十年“十一月越圍吳，趙孟降於喪食”。杜注：“趙孟，襄子無恤，時有父簡子之喪。簡子趙鞅當卒於此年，襄子無恤繼承卿位，即在此年，至魯悼公四年已為晉卿十一年矣。知伯曰：“惡而無勇，何以為子？”乃譏其何得為趙之宗子而為晉卿。後人誤解，誤傳以為知伯譏趙襄子何故立為太子，誤以為是年簡子尚在。《六國表》以此年為趙簡子五十四年，並謂“知伯謂簡子，欲廢太子襄子，襄子怨知伯”。《趙世家》同。蓋太史公誤采後世誤傳之說。《趙世家》載：“晉出公十七年，簡子卒，太子毋卹代立，是為襄子。趙襄子元年越圍吳。襄子降喪食，使楚隆問吳王。”《正義》已據《左傳》加以糾正，謂此“簡子死及使吳年月皆誤，與《左傳《文不同》。《左傳》記魯哀公二十年十一月越圍吳，趙孟降於喪食，趙孟曰：“黃池之役，先主與吳王有質，曰好惡同之，今越圍吳，嗣子不廢舊業而敵之，非晉之所能及也，吾是以為降。”杜注：“黃池在十三年，先主，簡子。”趙襄子既稱簡子為“先主”而自稱“嗣子”，簡子固已死于晉定公末年，並非卒于晉出公十七年。《趙世家》載晉出公十一年“趙簡子疾”云云，毋卹曰：“君所以置毋卹，為能忍詢。”蓋即據《左傳》載趙孟自稱“以能忍恥，庶無害趙宗乎”，加以虛構而成之故事。《說苑·建本》篇末章載：“趙簡子以襄子為後，董安於曰：無恤不才，今以為後何也？簡子曰：是其人能為社稷忍辱。”亦同為虛構之故事耳。
前463,463,周貞定王六年（西元前四六三年）,1,史料,秦、齊、楚、晉,,,秦厲共公十四年，晉出公十二年，齊平公十八年，楚惠王二十六年。
前463,463,周貞定王六年（西元前四六三年）,2,史料,秦、楚、晉,,賂,秦厲共公十四年晉人、楚人來賂。（《六國表》）
前463,463,周貞定王六年（西元前四六三年）,3,史料,鄭,,卒、立,鄭聲公卒，子哀公易立。（《鄭世家》，《六國表》記“鄭聲公卒”於此年）
前463,463,周貞定王六年（西元前四六三年）,4,考案,魯、鄭,,卒、立,案：鄭聲公名勝，據《左傳》，立于魯定公九年，至此凡三十八年而卒。《鄭世家》作三十七年，有誤。
前462,462,周貞定王七年（西元前四六二年）,1,史料,秦、齊、楚、晉,,,秦厲共公十五年，晉出公十三年，齊平公十九年，楚惠王二十七年。
前462,462,周貞定王七年（西元前四六二年）,2,史料,晉,,,晉出公十三年荀伯瑤城高梁。（《水經·汾水注》引《紀年》）
前462,462,周貞定王七年（西元前四六二年）,3,考案,趙、晉、周,荀瑤,,案：《永樂大典》本、朱謀緯本《水經注》作“三十年”，有誤。趙一清、戴震校本作“十三年”，是也。今本《紀年》列于周貞定王七年，作“晉荀瑤城南梁”，正當晉出公十三年，原注：“一本晉出公二十年。”王國維《今本竹書紀年疏證》雲：“偽此書者所見之本當作十三年。”蓋輯今本《紀年》者，嘗見《水經注》有兩種版本，一作十三年，而另一作二十年。晉出公在位共二十三年，趙紹祖《竹書紀年校補》以二十年為是，雷學淇《竹書紀年義證》亦列於出公二十年。徐文靖《竹書紀年統箋》以為《水經注》“當是十三而訛為三十”。今從之。
前461,461,周貞定王八年（西元前四六一年）,1,史料,秦、齊、楚、晉,,,秦厲共公十六年，晉出公十四年，齊平公二十年，楚惠王二十八年。
前461,461,周貞定王八年（西元前四六一年）,2,史料,秦,,伐,秦厲共公十六年塹河旁，伐大荔。補龐戲城。（《六國表》）
前461,461,周貞定王八年（西元前四六一年）,3,史料,秦,,伐、取,[秦厲共公]十六年，塹河旁，以二萬兵伐大荔，取其王城。（《秦本紀》）
前461,461,周貞定王八年（西元前四六一年）,4,考案,秦,,會,案：《六國表》多數版本“河”誤作“阿”。《史記會注考證》謂“淩本（明淩稚隆本）阿作河，與《秦記》合”。當以“河”為是。今改正。
前461,461,周貞定王八年（西元前四六一年）,5,史料,杞,,卒、立,[杞]哀公立十年卒，湣公子敕立，是為出公。（《陳杞世家》，哀公名閼路）
前461,461,周貞定王八年（西元前四六一年）,6,史料,秦、韓、趙、魏、周、代,,稱王、滅、取,是時義渠大荔最強，築城數十，皆自稱王。至周貞定王八年，秦厲公滅大荔，取其地。趙亦滅代戎，即北戎也。韓、魏複共稍並伊、洛陽戎滅之。其遺脫者，皆逃走，西逾汧、隴。自是中國無戎寇，唯余義渠種焉。（《後漢書·西羌傳》）
前461,461,周貞定王八年（西元前四六一年）,7,考案,秦、趙、晉、代,趙襄子、秦孝公,伐、攻、圍、稱王、滅、取、殺,案：時大荔稱王，築有城邑，故有王城，在今陝西大荔縣城之東。《括地志》雲：“同州馮翊縣及朝邑縣本漢臨晉縣地，古大荔戎國。今朝邑縣東三十步故王城，即大荔王城。”（《史記·匈奴列傳·正義》引）《西羌傳》謂“秦厲公滅大荔，取其地”，尚不確切。據《秦本紀》，是年秦伐取大荔之王城，但大荔並未滅亡，當已向北撤退。《六國表》載秦孝公二十四年大荔圍合陽，可知秦孝公末年大荔尚存，且擁有武力，進圍合陽。秦滅大荔尚在其後。《西羌傳》言“築城數十”，主要當指義渠而言。趙之滅代，時間較早，在趙襄子初年，趙簡子去世不久。趙襄子先以姊為代王夫人，謁于代王而請觴之，先具大金鬥，並令舞者置兵其羽中數百人。代王至，酒酣，反鬥一擊而腦塗地，舞者操兵盡殺其從者，隨即興兵而攻取其地。事見《呂氏春秋·長攻》與《趙世家》。
前461,461,周貞定王八年（西元前四六一年）,8,考案,秦、楚、韓、魏、晉,,伐、圍、滅、遷、奔,又案：伊、洛陰戎，乃戎之居於伊、洛二水流域者。古人謂水南曰陰，謂山北亦曰陰。其人居黃河之南，秦嶺山脈之北，因而謂之陰戎。戎族之居於兩陰之地者，種族複雜。《左傳》僖公十一年載：“揚拒泉皋、伊雒之戎同伐京師，入王城，焚東門，王子帶召之也。”是春秋早期已有“伊洛之戎”。僖公二十二年秋，“秦、晉遷陸渾之戎于伊川”，蓋允姓之戎居於秦、晉西北之陸渾者，此時為秦、晉遷至伊川，成為陰戎。可知陸渾之戎亦即陰戎。昭公十七年晉滅陸渾，“陸渾子奔楚，其眾奔甘鹿”。甘鹿在今河南嵩縣西北，仍在陰地。其後又稱為九州之戎。顧頡剛《秦與西戎》謂：“至範氏所雲：韓、魏複共稍並伊、洛陰戎滅之，其遺脫者皆逃走，西逾汧、隴，大有杜撰故實之嫌。……陸渾既滅，即無陰戎，安得待之六十餘年，至秦厲公之世而為韓、魏所並？且陰戎為晉惠所遷，居伊、洛間百餘年，早已華化，何須逃走？又其故居本在陝西、終南一帶，何必西逾汧、隴而入甘肅？蓋範氏作《西羌傳》，誤認陸渾戎與陰戎為二族，以必欲為陰戎覓一結束而史書未有，遂臆造此西逃之事耳。”(《史林雜識·初編》第六三頁)此說未可盡信。《左傳》昭公二十二年十月丁巳，“晉籍談、荀躒帥九州之戎及焦、瑕、溫、原之師，以納王于王城。庚申，單子、劉盆以王師敗績於郊，前城人敗陸渾於社。”杜注雲：“九州戎，陸渾戎。十七年滅屬晉。”據此可知，陸渾之戎即是九州之戎，雖已滅而服屬於晉，尚保持其戎之部族而未華化，仍具有武裝而頗有武力，為晉所遣使。《左傳》哀公四年：“楚人既克夷虎，乃謀北方。……單浮餘圍蠻氏。蠻氏潰，蠻子赤奔晉陰地。司馬起豐、析與狄戎，以臨上雒。……士蔑乃致九州之戎，將裂田以與蠻子而城之，且將為之蔔。蠻子聽蔔，遂執之與其五大夫，以畀楚師於三戶。”所謂“士蔑乃致九州之戎”，謂召集九州戎各部落之長。可知春秋晚期，九州之戎即陸渾之戎，雖服屬於晉，尚保持部落宗族之組織，具有武力，並未華化。范氏所謂“韓、魏複共稍並伊、洛陰戎”，並非杜撰故實。蓋戰國初期，韓、魏共同逐步消解伊、洛之戎族組織，使為編戶之民，並解除其武力，因而此後即不見有九州之戎或陸渾之戎、陰戎。於是中原無武裝之戎族組織矣。
前458,458,周貞定王十一年（西元前四五八年）,1,史料,秦、齊、楚、晉,,,秦厲共公十九年，晉出公十七年，齊平公二十三年，楚惠王三十一年。
前458,458,周貞定王十一年（西元前四五八年）,2,史料,韓、趙、魏、晉,知伯,,[晉]出公十七年知伯與趙、韓、魏共分範、中行地以為邑。（《晉世家》）
前458,458,周貞定王十一年（西元前四五八年）,3,史料,韓、趙、魏,智伯,伐、滅,昔者智伯瑤率趙、韓、魏伐範、中行，滅之。（《韓非子·十過》，《趙策一》第二章同）
前458,458,周貞定王十一年（西元前四五八年）,4,考案,齊、楚、韓、趙、魏、晉、周、魯,知伯、智伯、趙襄子,伐、攻、圍、立、滅、奔,案：《晉世家》記是年知伯與趙、韓、魏分範、中行地之後，“出公怒，告齊、魯，欲以伐四卿，四卿恐，遂反攻出公。出公奔齊道死。”《趙世家》亦有相同之記載，惟時在趙襄子立四年。《六國表》亦記趙襄子四年“與智伯分范、中行地”，當周貞定王十五年（西元前四五四年），較《晉世家》遲四年。《韓非子·十過》與《趙策一》第二章，稱知伯率趙、韓、魏滅範、中行之後，“反歸休兵數年”。因索地于韓、魏、趙，趙弗與，知伯因約韓、魏攻趙，圍晉陽三年，終於魏、韓反而與趙共滅知伯，而三分其地。周貞定王十五年正當知伯與魏、韓合圍晉陽之時。可知《六國表》、《趙世家》所記四卿分範、中行地之時間不確。既然四卿分範、中行地，與知伯等圍趙晉陽之間，嘗休兵數年，知伯又圍趙于晉陽三年，可知《晉世家》所載是年分範、中行地是實。《晉世家·索隱》引《紀年》雲：“出公二十三年奔楚”，正當韓、趙、魏共滅知伯之後一年。可知出公因滅知伯而出奔，非如晉、趙兩《世家》所謂因分範、中行地而出奔。陳夢家《六國紀年》從《六國表》與《趙世家》，定四卿分範、中行氏地在晉出公二十一年，即周貞定王十五年，與史實不相符合，非是也。
前458,458,周貞定王十一年（西元前四五八年）,5,史料,越,,卒、立,[越]王鼫與卒，子王不壽立。（《越世家》）
前458,458,周貞定王十一年（西元前四五八年）,6,史料,越,,卒、立,鹿郢立，六年卒。（《越世家·索隱》引《紀年》，省略“次不壽立”四字）
前458,458,周貞定王十一年（西元前四五八年）,7,考案,越,句踐,卒、立,案：《越世家·索隱》引《紀年》雲：“於粵子句踐卒，是羐執。次鹿郢立，六年卒”，又引樂資雲：“越語謂鹿郢為鼫與也。”蓋“六年卒”以下省略“次不壽立”四字。《路史·後紀》卷十三下注引《紀年》作“鹿郢立，是為鼫與，六年卒，盲姑立，是為不壽”。蓋雜采《越世家》與《紀年》。
前458,458,周貞定王十一年（西元前四五八年）,8,史料,齊、韓,知伯,伐、卒,知伯將伐仇由而道難不通，乃鑄大鐘遺仇由之君。仇由之君大說，除道將內之，赤章蔓枝曰：“不可。此小之所以事大也。而今也大以來，卒必隨之，不可內也。”仇由之君不聽，遂內之。赤章蔓枝因斷轂而驅，至於齊，七月而仇由亡矣。（《韓非子·說林下》）
前458,458,周貞定王十一年（西元前四五八年）,9,史料,衛、中山,智伯,攻,中山之國有公繇者，智伯欲攻之而無道也，為鑄大鐘、方車二軌以遺之。公繇之君將斬岸堙溪以迎鐘。赤章蔓枝諫曰：“《詩》雲：唯則定國。我胡則以得是于智伯？夫智伯之為人也貪而無信，必欲攻我而無道也。故為大鐘、方車二軌以遺君，君因斬岸堙溪以迎鐘，師必隨之。”弗聽。有頃，諫之。君曰：“大國為歡，而子逆之，不祥。子釋之。赤章蔓枝曰：“為人臣不忠貞，罪也；忠貞不用，遠身可也。”斷轂而行，至衛七日，而公繇亡。（《呂氏春秋·權勳》）
前458,458,周貞定王十一年（西元前四五八年）,10,考案,楚、周、中山,知伯、智伯,伐、攻、卒、滅、取,案：《西周策》第三章游騰為周君謂楚王亦雲：“昔智伯欲伐公由，遺之大鐘，載以廣車，因隨入以兵，公由卒亡，無備故也。”《史記·樗裡子列傳》“公由”作“仇猶”。仇由、公繇、公由、仇猶，皆音同通用。《呂氏春秋》所謂“中山之國”，乃謂此國處於山中。《呂氏春秋》“公”舊本誤作“夙”，今從畢沅據《說文系傳》校正。《說文系傳》口部“公”字下雲：“《呂氏春秋》有公猶，智伯欲伐者也。”《樗裡子列傳·正義》引《括地志》雲：“並州盂縣外城，俗名原仇山，亦名仇猶，夷狄之國也。”《讀史方輿紀要》謂太原盂縣有仇猶城，縣北七裡有仇猶山，是智伯所伐。黃式三《周季編略》推定仇由之亡在周貞定王十一年，其說可取。按地理形勢，知伯攻滅仇由，當在次年知伯伐中山之前。
前457,457,周貞定王十二年（西元前四五七年）,1,史料,秦、齊、楚、晉,,,秦厲共公二十年，晉出公十八年，齊平公二十四年，楚惠王三十二年。
前457,457,周貞定王十二年（西元前四五七年）,2,史料,秦,,,秦厲共公二十年公將師與緜諸戰。（《六國表》）
前457,457,周貞定王十二年（西元前四五七年）,3,考案,秦,,伐,案：《六國表》秦厲共公六年“繇諸乞援”。秦惠公六年“伐諸繇”。梁玉繩以為皆即緜諸。《史記·匈奴列傳》雲：“自隴以西有緜諸、緄戎、翟、貔之戎。”緜諸在今甘肅天水縣。《漢書·地理志》天水郡有緜諸道。
前457,457,周貞定王十二年（西元前四五七年）,4,史料,晉、中山,荀瑤,伐、取,晉荀瑤伐中山，取窮魚之丘。（《水經·巨馬水注》、《初學記》八、《太平御覽》六十四、《太平寰宇記》六十七引《紀年》）
前457,457,周貞定王十二年（西元前四五七年）,5,考案,晉、周、蔡,,卒、立,案：諸書引《紀年》，皆不記何年，今本《竹書紀年》列于周貞定王十二年，即晉出公十八年，不知何據。今姑列于此。蔡聲侯十五年卒，子元侯立。（《管蔡世家》）
前457,457,周貞定王十二年（西元前四五七年）,6,考案,楚、蔡,,卒,案：《六國表》記“蔡聲侯卒”于楚惠王三十二年。
前457,457,周貞定王十二年（西元前四五七年）,7,史料,燕、衛,智伯,,[智伯]還自衛，三卿宴于藍台。（《說苑·貴德篇》“宴”作“燕”，“宴”“燕”通用）
前457,457,周貞定王十二年（西元前四五七年）,8,史料,韓、趙、晉、周,智伯、韓康子,滅、殺,智襄子戲韓康子而侮段規。智伯國聞之（《說苑》“智伯國”作“智果”。作“果”為是，見案語），諫曰：“主不備（《說苑》作“主弗備難”），難必至矣（《說苑》無“矣”字）。”曰：“難將由我，我不為難，誰敢興之。”對曰：“異於是。夫郤氏有車轅之難，趙有孟姬之讒，欒有叔祁之愬（《說苑》“愬”作“訴”），範、中行有亟治之難，皆主之所知也。《夏書》有之曰：‘一人三失，怨豈在明，不見是圖。’《周書》有之曰：‘怨不在大，亦不在小。’夫君子能勤小物，故無大患。今主一宴而恥人之君相（《說苑》“宴”作“謀”，“恥”作“愧”），又弗備，曰不敢興難，無乃不可乎？（《說苑》“無”作“毋”）夫誰不可喜而誰不可懼（《說苑》作“嘻不可不懼”），螻蟻蜂蠆，皆能害人，況君相乎！”弗聽（《說苑》“弗”作“不”）。自是五年，乃有晉陽之難（《說苑》“乃”作“而”）。段規反，首難（《說苑》無“首難”二字），而殺智伯于師，遂滅智氏。（《國語·晉語九》，《說苑·貴德》第二十九章大體相同）
前457,457,周貞定王十二年（西元前四五七年）,9,考案,韓、趙、魏,智伯、韓康子、魏桓子,,案：韋注：“段規，魏桓子之相也。”董增齡《國語正義》雲：“《韓非子·十過》知過曰：韓康子之謀臣曰段規，今雲魏桓子之相，與韓非異義矣。”今按韋注誤。段規當為韓康子之相。智襄子戲韓康子而侮段規，智伯國謂“恥人之君相”，即指韓康子及其相段規。《趙策一》第二章有與《韓非子·十過》相同之記述。
前457,457,周貞定王十二年（西元前四五七年）,10,考案,韓、趙、魏、晉,知伯、智伯、韓康子,伐、攻、圍、滅、殺,又案：智伯國，《說苑》作智果，黃式三謂果、國雙聲，是一人。今考智果與智國並非一人。《墨子·所染》與《呂氏春秋·當染》皆雲：“智伯瑤染于智國、張武”，孫詒讓《墨子間詁》以為智伯瑤所染之智國，即是《晉語》此節之知伯國。此說不當。《所染》與《當染》篇列舉六君所染不當，因而國家殘亡。身為刑戮，可知六君所染之臣皆為敗類。《晉語》此節之智伯國，因智伯戲韓康子而侮段規進諫，智伯因不聽而滅亡。則此諫者乃良臣而非敗類，當從《說苑》作智果為是。智伯國當為智果之誤。《國語·晉語九》又記知宣子將以瑤為後，知果進諫，以為“瑤之很在心，心很敗國”，弗聽，知果別族于太史為輔氏。《韓非子·十過》篇與《趙策一》第二章，皆記智伯約結韓、魏伐趙，圍晉陽三年，趙臣張孟談陰約魏、韓反攻，知過請知伯殺魏、韓之君，弗聽。知過出更其姓為輔氏。可知知果亦即知過，“果”“過”同音通用。
前457,457,周貞定王十二年（西元前四五七年）,11,史料,衛、宋,智伯,伐,智伯欲伐衛，遺衛君野馬四，白璧一（“白”上原衍“百”字，從黃丕烈校刪，詳案語）。衛君大悅，群臣皆賀，南文子有憂色。衛君曰：“大國大歡，而子有憂色何？”文子曰：“無功之賞，無力之禮（《說苑·權謀》“力”作“方”，疑“方”字是），不可不察也。野馬四，白璧一（“白”原作“百”，今改正），此小國之禮也，而大國致之，君其圖之。”衛君以其言告邊境。智伯果起兵而襲衛，至境而反，曰：“衛有賢人，先知吾謀也。”（《宋衛策》第九章，《說苑·權謀》第四十一章與此相同而字句頗有不同）
前457,457,周貞定王十二年（西元前四五七年）,12,考案,衛,,,案：“遺衛君野馬四，白璧一”，“白”上原衍“百”字，或以“四百”連讀，非是。《說苑·權謀》作“遺之乘馬，先之一璧”，“乘馬”即馬四匹。黃丕烈雲：“百即白字誤衍，下文百璧一，誤同。”
前457,457,周貞定王十二年（西元前四五七年）,13,史料,衛,智伯,,智伯欲襲衛，故遺之乘馬，先之一璧。衛君大悅，酌酒，諸大夫皆喜，南文子獨不喜，有憂色。衛君曰：“大國禮寡人，寡人故酌諸大夫酒，諸大夫皆喜，而子獨不喜，有憂色者何也？”南文子曰：“無方之禮，無功之賞，禍之先也。我未有往，彼有以來，是以憂也。”於是衛君乃修梁津而擬邊城，智伯聞衛兵在境上，乃還。（《說苑·權謀》第四十一章）
前457,457,周貞定王十二年（西元前四五七年）,14,考案,周,,,案：“擬邊城”當有誤字。黃式三《周季編略》改作“警邊備”。
前457,457,周貞定王十二年（西元前四五七年）,15,史料,衛、宋,智伯,奔,智伯欲襲衛，乃佯亡其太子，使奔衛。南文子曰：“太子顏為君子也（《說苑·權謀》“為君子也”作“之為其君子也”），甚愛而有寵（《說苑》無“而有寵”三字），非有大罪而亡（《說苑》“亡”下有“之”字），必有故（《說苑》此下有“然人亡而不受，不祥”句）。”使人迎之於境（《說苑》作“使更逆之”），曰：“車過五乘，慎勿納也（《說苑》“納”作“內”）。”智伯聞之乃止。（《宋衛策》第十章，《說苑·漢謀》第四十一章同）
前457,457,周貞定王十二年（西元前四五七年）,16,考案,周、衛,,,案：《大事記》系此事于周貞定王十二年，雲：“《國語》序藍台之宴，雲還自衛，姑載于此。”黃式三、顧觀光等皆從其說，今附編於此。
前457,457,周貞定王十二年（西元前四五七年）,17,史料,衛、宋,,伐、攻,犀首伐黃，過衛，使人謂衛君曰：“弊邑之師，過大國之郊，曾無一介之使以存之乎？敢請其罪。今黃城將下矣。已，將移兵而造大國之城下。”衛君懼，束組三百緄，黃金三百鎰，以隨使者。南文子止之，曰：“是勝黃城，必不敢來；不勝，亦不敢來。是勝黃城，則功大名美，內臨其倫。夫在中者惡臨議其事，蒙大名，挾成功，坐禦以待中之議，犀首雖愚，必不為也。是不勝黃城，破心而走，歸恐不免於罪矣。彼安敢攻衛以重其不勝之罪哉？”果勝黃城，帥師而歸，遂不敢過衛。（《宋衛策》第三章）
前457,457,周貞定王十二年（西元前四五七年）,18,考案,魏、吳、衛,張儀、智伯、魏桓子,攻、立、取,案：南文子即文子木，亦即子南彌牟，亦稱衛將軍文子。蓋子南其氏，木與彌牟其名，文子則其諡也。亦稱南氏，因稱南文子。《世本》雲：“靈公生昭子郢，郢生文子木”（《禮記·檀弓·正義》引）。《左傳》哀公二十五年記衛出公“奪南氏邑”，杜注謂南氏“子南之子公孫彌牟”，蓋昭子郢字子南，公孫彌牟因以為氏。《通志·氏族略》雲：“子南氏，衛靈公之子公子郢之後。”《左傳》哀公二十六年載：“悼公立，南氏相之”。南文子為衛悼公之相，此處衛君當即衛悼公。犀首非官名而為稱號，此後與張儀同時之縱橫家魏人公孫衍，嘗以稱號犀首名顯于時。吳師道雲：“據《左傳》南文子相衛悼公，悼公與智伯並時，則犀首非公孫衍矣。”考黃城在今河南內黃縣西北，正當衛之西河西北，後為魏地。此時率師攻取黃城之犀首，當為魏桓子之將領。
前456,456,周貞定王十三年（西元前四五六年）,1,史料,秦、齊、楚、晉,,,秦厲共公二十一年，晉出公十九年，齊平公二十五年，楚惠王三十三年。
前456,456,周貞定王十三年（西元前四五六年）,2,史料,秦、晉,,取,[秦厲共公]二十一年初縣頻陽，晉取武成。（《秦本紀》）
前456,456,周貞定王十三年（西元前四五六年）,3,史料,韓、晉,,取,晉出公十九年晉韓龍取盧氏城。（《水經·洛水注》引《紀年》）
前456,456,周貞定王十三年（西元前四五六年）,4,考案,秦、韓、晉,,取、會,案：《秦本紀》“武成”一作“武城”，《史記會注考證》：“古鈔、楓、三南本作武城。”今本《竹書紀年》雲：“貞定王十三年晉韓龐取秦武城。”與今《水經注》所引古本《紀年》不同，而與《秦本紀》所言“晉取武成”相合。武成在今陝西華縣東，一作武下。考《永樂大典》本《水經注》所引，無“取盧”二字，戴震校本有之，雲：“近刻脫‘取盧’二字。”盧氏在今河南西部洛水上游，多崇山峻嶺。此一地段原為陸渾戎所在，不屬於秦，此時為晉所取。輯今本《竹書紀年》者殆見盧氏非秦地，因而從《秦本紀》改作武城也。
前456,456,周貞定王十三年（西元前四五六年）,5,史料,齊,,卒、立,[齊平公]二十五年卒，子宣公積立。（《齊世家》）
前456,456,周貞定王十三年（西元前四五六年）,6,考案,齊,,,案：《六國表》於次年記齊宣公就匝元年。《集解》：“本作積”。
前455,455,周貞定王十四年（西元前四五五年）,1,史料,秦、齊、楚、晉,智伯,,秦厲共公二十二年，晉出公二十年，齊宣西元年，楚惠王三十四年。智襄子為室美，士茁夕焉。智伯曰：“室美夫！”對曰：“美則美矣，抑臣亦有懼也。”智伯曰：“何懼？”對曰：“臣以秉筆事君，志有之曰（《說苑·貴德》“志”作“記”)：‘高山峻原，不生草木，松柏之地，其土不肥。’今土木勝，臣懼其不安人也。”室成，三年而智氏亡。（《國語·晉語九》，《說苑·貴德》第三十章同）
前455,455,周貞定王十四年（西元前四五五年）,2,史料,韓、趙、魏、晉、周、蔡,知伯、智伯、魏桓子,圍、取,智伯索地于魏宣子（《魏策一》第一章“魏宣子”作“魏桓子”，下同）。魏宣子弗予。任章曰：“何故不予？”宣子曰：“無故請地（《魏策》“請”作“索”），鄰國必恐，彼重欲無厭（《魏策》無“彼”字），天下必懼。君子之地，智伯必驕而輕敵（《魏策》作“知伯必懦，懦而輕敵”），鄰國必懼而相親。以相親之兵，待輕敵之國，則智伯之命不長矣（《魏策》“則智伯”作“知氏”）。《周書》曰：將欲敗之，必姑輔之；將欲取之，必姑予之。君不如予之以驕智伯，且君何釋以天下圖智氏而獨以吾國為智氏質乎？”（《資治通鑒》作“然後可以擇交而圖智氏矣，奈何獨以吾為智氏質乎”，可知“釋”當讀如“擇”）君曰：“善。”乃與之萬戶之邑（《魏策》作“乃與之萬家之邑一”），智伯大悅，因素地于趙（《魏策》作“因索蔡、皋梁于趙”），弗與（《魏策》“弗”上有“趙”字），因圍晉陽。（《韓非子·說林上》，《魏策一》第一章同，此下皆有“韓、魏反之于外，趙氏應之內，智氏以亡”。《說苑·權謀》第二十四章較為簡略）
前455,455,周貞定王十四年（西元前四五五年）,3,史料,韓、趙、魏、晉,智伯,伐、圍、滅,智伯請地于魏宣子，宣子不與。任增曰：“何為不與？”宣子曰：“彼無故而請地，吾是以不與。”任增曰：“彼無故而請地者，無故而與之，是重欲無厭也，彼喜，必又請地于諸侯，諸侯不與，必怒而伐之。”宣子曰：“善。”遂與地。智伯喜，又請地于趙。趙不與，智伯怒，圍晉陽。韓、魏合趙而反智氏，智氏遂滅。（《說苑·權謀》第二十四章）
前455,455,周貞定王十四年（西元前四五五年）,4,考案,韓、趙、魏,趙襄子、魏桓子,取,案：《韓非子》、《說苑》魏宣子，《魏策》作“魏桓子”。《世本》亦作桓子，《趙世家·索隱》引《世本》雲：“魏獻子荼生簡子取，取生襄子多，多生桓子駒，駒生文侯斯。”《韓非子》、《魏策》任章，《說苑》作“任增”，“增”“章”乃一聲之轉。《漢書·古今人表》亦作任章，列入中中等，王先慎《韓非子集解》謂《韓非子·外儲說左上》之王登，即是任章，並雲：“王即壬之誤，任壬古通，章登蓋一人而二名耳。”此說非是。任章為魏宣子之臣，王登為趙襄子所屬中牟令，並非一人。
前455,455,周貞定王十四年（西元前四五五年）,5,史料,楚、韓、趙、魏、晉、蔡,知伯、智伯、趙襄子、韓康子,伐、圍、滅、拔,智伯瑤率趙、韓、魏而伐範、中行，滅之。反歸休兵數年（《趙策一》第二章作“休數年”），因令人請地于韓（《趙策》“因令”作“使”），韓康子欲勿與，段規諫曰：“不可不與也（《趙策》作“不可”），夫知伯之為人也，好利而驁愎（《趙策》作“鷙複”，姚注：“劉作愎”）。彼來請地而弗與，則移兵于韓必矣（《趙策》作“必加兵于韓矣”）。君其與之。與之，彼狃，又將請地他國，他國且有不聽，不聽則知伯必加之兵（《趙策》作“必鄉之以兵”）。然則韓可以免於患而待其事之變。”（《趙策》“患”下有“難”字）康子曰：“諾。”因令使者致萬家之縣一于知伯（《趙策》“令”作“使”，“縣”作“邑”），知伯說，又令人請地于魏。宣子欲勿與，趙葭諫曰：“彼請地于韓，韓與之，今請地于魏，魏弗與，則是魏內自強而外怒知伯也。如弗予，其措兵于魏必矣（《趙策》“如弗予”作“然則”，“措”作“錯”），不如予之。”宣子曰：“諾。”（四字原脫，從《趙策》補）因令人致萬家之縣一于知伯。知伯又令人之趙，請蔡、皋狼之地（《趙策》“知伯”下有“說”字。鮑改“蔡”為“藺”，雲：蔡非趙地。《通鑒》胡注亦雲：“古文‘藺’字與‘蔡’字近，或者‘蔡’字其‘藺’字之訛也”。趙襄子弗與，知伯因陰約韓、魏將以伐趙（《趙策》“約”作“結”）。趙襄子召張孟談而告之曰：“夫知伯之為人也，陽親而陰疏（親”原誤作“規”，從顧廣圻據《趙策》改正），三使韓、魏而寡人不與焉，其措兵於寡人必矣（《趙策》“措”作“移”），今吾安居而可？”張孟談曰：“夫董闥于，簡主之才臣也（《趙策》“闥”下衍“安”字，鮑本“主”作“子”），其治晉陽而尹鐸循之（《趙策》“鐸”作“澤”，鮑本“尹”作“君”），其餘教猶存，君其定居晉陽而已矣。”（《趙策》無“而已矣”三字)君曰：“諾。”乃召延陵生將車騎先至晉陽(“將”下原有“軍”字，據《趙策》刪。《趙策》“生”誤作“王”，鮑本“王”改作“君”，乃誤上加誤)。君因從之。君至而行其城郭及五官之藏，城郭不治；倉無積粟，府無儲錢，邑無守具，襄子懼(以上六句，《趙策》作“至，行城郭，案府庫，視倉廩”)。乃召張孟談曰：“寡人行城郭及五官之藏，皆不備具，吾將何以應敵？”張孟談曰：“臣聞聖人之治，藏於民(“民”原作“臣”，從顧廣圻校正)，不藏於府庫，務修其教，不治城郭。君其出令，令民自遺三年之食，有餘粟者入之倉；遺三年之用，有餘錢者入之府；遺有奇人者使治城郭之繕。”君夕出令，明日倉不容粟，府無積錢，庫不受甲兵。居五日而城郭已治，守備已具(《趙策》無“乃召張孟談曰”以下一段文字)。君乃召張孟談而問之曰(《趙策》作“召張孟談曰》：“吾城郭已治(《趙策》“已治”作“之完”)，守備已具，錢粟已足，甲兵有餘，吾奈無箭何？”(《趙策》作“府庫足用，倉廩實矣，無矢奈何？”)張孟談曰：“臣聞董子之治晉陽也，公宮之垣，皆以荻蒿楛楚牆之(《趙策》作“皆以狄蒿苫楚廧之”，鮑本“狄”作“荻”，黃丕烈雲：“苫”字當作“苦”，即“楛”字)，其楛高至丈余(《趙策》無“楛”字)，君發而用之。”於是發而試之，其堅則雖箘箘之勁不能過也。君曰：“吾箭已足矣，奈無金何？”(《趙策》作“足矣，吾銅少若何？”)張孟談曰：“臣聞董子之治晉陽也，公宮令舍之堂(《趙策》作“公宮之室”)，皆以煉銅為柱質，君發而用之。”於是發而用之，有餘金矣(《趙策》作“請發而用之，則有餘銅矣”，並有“君曰善”一句)。號令已定，守備已具，三國之兵果至，至則乘晉陽之城(《趙策》作“三國之兵乘晉陽城”)，遂戰。三月弗能拔，因舒軍而圍之，決晉水而灌之。(《韓非子·十過》，《趙策一》第二章與此相同，稍有簡略)
前455,455,周貞定王十四年（西元前四五五年）,6,考案,韓、趙、晉,知伯、智伯、趙襄子,滅、殺,案：《韓非子·十過》列舉十種過失，五曰：“貪愎喜利，則滅國殺身之本也”，即舉此智伯瑤為例。《趙策一》第二章所載，即從此而來，故而其結論亦曰：“知伯身死、國亡、地分為天下笑，此貪欲無厭也。”董闕于即董安于，《左傳》定公十三年、《國語·晉語》、《呂氏春秋·愛士》、《史記·趙世家》、《漢書·古今人表》並作董安於，《韓非子·十過》、《淮南子·道應訓》則作董闕于，“安”“闕”聲近通用。《太平御覽》一百六十三引《春秋後語》亦作董安於。《趙策一》作“董闕安于”，王念孫謂蓋“一本作闕，一本作安，而後誤合之耳”。尹鐸，《趙策一》作尹澤，鮑本作“君澤”，《大事記》謂“澤”字誤。《國語·晉語九》記趙襄子謂晉陽“先主之所屬也，尹鐸之所寬也”。
前455,455,周貞定王十四年（西元前四五五年）,7,考案,趙、吳、蔡,,取,又案：“請蔡、皋狼之地。”鮑改“蔡”為“藺”，胡三省、吳師道皆謂“蔡”或“藺”字之訛。“藺”古文作“閟”，與“蔡”形似而誤。《趙世家》記武靈王言先王取藺、郭狼，王應麟曰：“郭狼疑是皋狼”，張宗泰曰：“郭皋聲相近。”郭狼在今山西離石西北，與藺相近。
前455,455,周貞定王十四年（西元前四五五年）,8,考案,韓、趙、魏、晉、周,知伯,攻、圍、滅,又案：“知伯率韓、魏圍攻趙晉陽，三年未能攻克，趙陰約韓、魏聯合反攻，共滅知伯。事在晉出公二十二年，即周貞定王十六年，則知伯開始圍晉陽，當在周貞定王十四年。
前455,455,周貞定王十四年（西元前四五五年）,9,史料,晉,,圍、殺,晉陽之圍，張談曰：“先主為重器也，為國家之難也，盍姑無愛寶于諸侯乎？”襄子曰：“我無使也。”張談曰：“地也可。”襄子曰：“吾不幸有疾，不夷於先子，不德而賄，夫地也求飲吾欲，是養吾疾而幹吾祿也，吾不與皆斃。”襄子出曰：“吾何走乎？”從者曰：“長子近，且城厚完。”襄子曰：“罷民力以完之，又斃以守之，其誰與我。”從者曰：“邯鄲之倉庫實。”襄子曰：“浚民之膏澤以實之，又因而殺之，其誰與我。其晉陽乎！先主之所屬也，尹鐸之所寬也，民必和矣。”乃走晉陽，晉師圍而灌之，沈灶產蛙，民無叛意。（《國語·晉語九》）
前455,455,周貞定王十四年（西元前四五五年）,10,考案,韓、趙、晉,趙襄子,,案：韋注：“張談，趙襄子之宰孟談也。”《韓非子·十過》與《趙策一》皆謂張孟談建議趙襄子堅守晉陽，而《國語》此節又謂襄子自作決定守晉陽，蓋傳聞異辭。《國語·晉語九》又載：趙簡子使尹鐸為晉陽，請曰：“以為繭絲乎？抑為保障乎？”簡子曰：“保障哉！”尹鐸損其戶數。簡子誡襄子曰：“晉國有難而無以尹鐸為少，無以晉陽為遠，必以為歸。”此又以趙簡子早有遠見及此。
前455,455,周貞定王十四年（西元前四五五年）,11,史料,韓、魏、晉、周,智伯,,昔智伯之遏晉水以灌晉陽，其川上泖，後人踵其遺跡，蓄以為沼。……沼水分二派，北瀆即智氏故渠也。昔在戰國，襄子保晉陽，智氏防山以水之，城不沒者三版，與韓、魏望歎於此，故智氏用亡。其瀆乘高，東北注入晉陽城，以周灌溉……即是處也。東南出城流，注于汾水也。（《水經·晉水注》）
前455,455,周貞定王十四年（西元前四五五年）,12,考案,秦、韓、趙、魏、晉、周,知伯、趙襄子、秦昭王,攻,案：《趙世家》雲：“三國攻晉陽，歲餘，引汾水灌其城，城不浸者三版。”《國語》韋昭注亦雲：“晉師，三卿之師也。灌，引汾水以灌之。”董增齡《國語正義》雲：“酈氏言引晉水灌城，而韋解言汾水者，晉水入汾，則汾即晉之下流，故得通言之。”此說非是。上引《韓非子·十過》、《趙策一》及《淮南子·人間訓》皆謂決晉水灌城，《韓非子·難三》、《秦策四》第四章、《史記·魏世家》及《說苑·敬慎》所載中期謂秦昭王，皆謂是役灌以晉水。閻若璩《尚書古文疏證》雲：“李宏憲疑莫能定，不知二水皆是也。蓋知伯決晉水以灌城，至今猶名知伯渠，然亦豈有舍近而且大之汾水不引以並注者乎？”不免曲為辯解。《魏世家·正義》引《括地志》雲：“《山海經》雲：‘懸壅之山，晉水出焉，東南流注汾水’。昔趙襄子保晉陽，智氏防山以水灌之，不沒者三版。其瀆乘高西流注入晉陽城，以周溉灌，東南出城注於汾陽也。”“壅”為“甕”之誤。汾陽當為汾水之誤。晉水注于汾水，在晉水乘高西流注入晉陽城而從東南出城之後，不得謂引汾水灌晉陽也。
前455,455,周貞定王十四年（西元前四五五年）,13,史料,齊、韓、趙、魏、晉、鄭,知伯、趙襄子,伐、攻、圍、立、滅、奔,知伯益驕，請地韓、魏，韓、魏與之。請地趙，趙不與，以其圍鄭之辱。知伯怒，遂率韓、魏攻趙。趙襄子懼，乃奔保晉陽，原過從，後，至於王澤，見三人，自帶以上可見，自帶以下不可見，與原過竹二節，莫通，曰：“為我以是遺趙毋卹。”原過既至，以告襄子。襄子齊三日（“齊”讀如“齋”），親自剖竹，有朱書曰：“趙毋卹，余霍泰山山陽侯天使也，三月丙戌，余將使女反滅知氏，女亦立我百邑。余將賜女林胡之地，至於後世，且有伉王，赤黑，龍面而鳥噣，鬢麋髭頡，大膺大胸，修下而馮（“馮”下，當據《風俗通義》卷一之《六國》篇補“上”字，詳見案語），左衽界乘，奄有河宗，至於休、溷諸貉，南伐晉別，北滅黑姑。”襄子再拜，受三神之令。（《趙世家·集解》徐廣曰：“修，或作隨。界一作介。”）
前455,455,周貞定王十四年（西元前四五五年）,14,考案,趙、吳,趙武靈王,攻、取,案：《論衡·紀妖》篇記此事相同，惟“天使”誤作“天子”，“至於王澤”誤作“至於托平驛”。《風俗通義》卷一之《六國》篇亦載相同之事，“且有伉王”以下，作“赤黑，龍面鳥屬，鬚眉髭髯，大膺大匈，修下而馮上，左任介乘。”李笠《史記訂補》雲：“馮下，當依《風俗通》補上字，上句大膺大胸對舉，下句左衽介乘對舉，此句亦當以修下與馮上對也。上文龍面而鳥喝，與此句同一例。《文選·吳都賦》洲諸馮隆，劉注，馮隆高貌，蓋謂伉王下體長而上體高也。”方苞《史記注補正》雲：“介，甲也。此指武靈王變服習騎射事。左衽，變服也。介乘，謂甲而乘馬習騎射。”其說是。此謂伉王，即指趙武靈王“奄有河宗”云云，即指武靈王胡服騎射而攻取林胡、樓煩之地。《風俗通義·六國》篇在敘述此事之後，亦雲：“至武靈王竟胡服騎射，辟地千里。”
前455,455,周貞定王十四年（西元前四五五年）,15,史料,趙、晉,智伯、趙襄子,攻、奔,[澮水]又西至王澤，注于汾水(《水經》)。晉智伯瑤攻趙襄子，襄子奔保晉陽，原過後至，遇三人於此澤，自帶以下不見，持竹二節與原過，曰：“為我遺無卹，原過受之於是澤，所謂王澤也。”(《水經·汾水注》)
前455,455,周貞定王十四年（西元前四五五年）,16,史料,,,立、滅,彘水又西流徑觀阜北，故百邑也。原過之從襄子也，受竹書于王澤，以告襄子。襄子齋三日，親自剖竹，有朱書曰：余霍太山山陽侯天使也，三月丙戌，餘將使汝反滅智氏，汝亦立我於百邑。襄子拜受三神之命，遂滅智氏，祠三神於百邑，使原過主之，世謂其處為觀阜也。（《水經·汾水注》）
前455,455,周貞定王十四年（西元前四五五年）,17,考案,趙、周,,,案：《太平寰宇記》四十三載：“觀堆祠在霍邑縣東南三十裡，堆高三丈，周回十裡，俗謂其處為觀阜。”觀阜今名觀埴峰，在山西霍縣霍山北。王澤在今山西絳縣西南七裡。《趙世家·正義》引《括地志》雲：“三神祠，今名原過祠，今在霍山側也。”
前455,455,周貞定王十四年（西元前四五五年）,18,考案,齊、趙、魏、晉,,滅、會、奔,又案：此一神話傳說，當與趙有霍太山之祀有關。《趙世家》記晉獻公十六年晉滅耿、霍、魏，賜趙夙耿，“霍公求奔齊，晉大旱，蔔之曰：霍太山為祟，使趙夙召霍君于齊，複之以奉霍太山之祀，晉複穰，晉獻公賜趙夙耿。”此一神話傳說之出現，當在武靈王胡服騎射之後。《史記會注考證》引中井積德雲：“是讖果有之邪？武靈王變服時宜首舉是讖以神其事，而無一言及此矣，可見造是讖者更在後世也。”
前455,455,周貞定王十四年（西元前四五五年）,19,史料,燕,,,[燕]成公名載。（《燕世家·索隱》引《紀年》）
前455,455,周貞定王十四年（西元前四五五年）,20,考案,燕、晉、周,智伯,立、滅,案：此年于《六國表》為燕孝公九年，但今本《竹書紀年》所列燕之年世頗不同。《燕世家·索隱》引《紀年》，“簡公後次孝公，無獻公”，“智伯滅在成公二年也”。可知燕成西元年當在晉出公二十一年，即周貞定王十五年，是年燕成公已立。
前455,455,周貞定王十四年（西元前四五五年）,21,史料,鄭,,立,鄭哀公八年鄭人弑哀公而立聲公弟醜，是為共公。（《鄭世家》）
前455,455,周貞定王十四年（西元前四五五年）,22,考案,周、鄭,,,案：《六國表》列鄭哀西元年于周貞定王七年，則鄭哀公八年即周貞定王十四年。
前454,454,周貞定王十五年（西元前四五四年）,1,史料,秦、齊、楚、晉,,,秦厲共公二十三年，晉出公二十一年，齊宣公二年，楚惠王三十五年。
前454,454,周貞定王十五年（西元前四五四年）,2,史料,趙、晉,,攻,三國攻晉陽，歲餘，引汾水灌其城，城不浸者三版，城中懸釜而炊，易子而食。（《趙世家》）
前454,454,周貞定王十五年（西元前四五四年）,3,考案,韓、趙、魏、晉,知伯,攻、圍、拔,案：知伯率韓、魏攻趙晉陽，《韓非子·十過》《趙策一》第二章謂：“三月不能拔，因舒軍而圍之，決晉水而灌之。”《趙世家》則雲：“歲余，引汾水灌其城。”“引汾水”當為“引晉水”之誤，已辨明在上年案語中。至於引水灌城，在攻城三月後或“年餘”之後，尚不能確定。若在年餘之後，即在此年。
前453,453,周貞定王十六年（西元前四五三年）,1,史料,秦、齊、楚、晉,,,秦厲共公二十四年，晉出公二十二年，齊宣公三年，楚惠王三十六年。
前453,453,周貞定王十六年（西元前四五三年）,2,史料,晉、周,智伯,滅,[周]定王十六年三晉滅智伯，分有其地。（《周本紀》）
前453,453,周貞定王十六年（西元前四五三年）,3,史料,秦、韓、趙、魏、晉,智伯,殺,[秦厲共公]二十四年晉亂，殺智伯，分其國與趙、韓、魏。（《秦本紀》）
前453,453,周貞定王十六年（西元前四五三年）,4,史料,韓、趙、魏、晉,智伯、趙襄子,,趙襄子五年(當作二十三年)襄子敗智伯晉陽，與魏、韓三分其地。（《六國表》）
前453,453,周貞定王十六年（西元前四五三年）,5,史料,韓、趙、魏、晉,智伯、趙襄子、韓康子、魏桓子,殺,[晉]哀公四年(當作晉出公二十二年)趙襄子、韓康子、魏桓子共殺智伯，盡並其地。(《晉世家·索隱》：“如《紀年》之說，此乃出公二十二年事。”)
前453,453,周貞定王十六年（西元前四五三年）,6,史料,燕,智伯,滅,智伯滅在[燕]成公二年也。（《燕世家·索隱》謂“按《紀年》”）
前453,453,周貞定王十六年（西元前四五三年）,7,史料,韓、趙、魏、晉,知伯、韓康子,伐、圍、救、卒、滅、拔、殺,圍晉陽三年，城中巢居而處（《淮南子·人間訓》作“緣木而處”），懸釜而炊，財食將盡，士大夫羸病（《趙策一》第二章作“士卒病羸”）。襄子謂張孟談曰：“糧食匱，財力盡，士大夫羸病，吾恐不能守矣。欲以城下，何國之可下？（《趙策》作“何如”）張孟談曰：“臣聞之，亡弗能存，危弗能安，則無為貴智矣（《趙策》“智”作“知士”，《淮南子》作“智士”）。君釋此計者（《趙策》此下有“勿複言也”)，臣請試潛行而出見韓、魏之君。”(《趙策》無“試潛行而出”五字，《淮南子》“君”下有“而約之”三字)張孟談見韓、魏之君曰(《趙策》“見”上有“陰”字)：“臣聞唇亡齒寒，今知伯率二君而伐趙，趙將亡矣，趙亡，則二君為之次。”二君曰：“我知其然也，雖然，知伯之為人也，麤中而少親(《淮南子》“麤”作“粗”，二字通用)，我謀而覺(《趙策》作“我謀未遂而知”，《淮南子》“覺”作“泄”)，則其禍必至矣(《淮南子》作“事必敗”)，為之奈何？”張孟談曰：“謀出二君之口，而入臣之耳，人莫之知也(《淮南子》此下有“且同情相成，同利相死，君其圖之”)。”二君因與張孟談約三軍之反(《趙策》“約三軍之反”作“陰約三軍”)，與之期日。夜遣孟談入晉陽，以報二君之反，襄子迎孟談再拜之(《趙策》作“張孟談以報襄子，襄子再拜之”)。且恐且喜。二君以約遣張孟談，因朝知伯而出(《趙策》無“二君以約遣”五字，張孟談三字連下讀)，過智過於轅門之外，智過怪其色，因入見知伯曰(《趙策》無“怪其色因”四字)：“二君貌將有變。”(《趙策》“貌”作“殆”)君曰：“何如？”曰：“其行矜而意高，非他時之節也，君不如先之。”(《趙策》作“臣遇張孟談於轅門之外，其志矜，其行高”)君曰：“吾與二主約謹矣(《趙策》此句上有“不然”二字)，破趙而三分其地，寡人所以親之，必不侵欺，兵之著于晉陽三年，今旦暮將拔之而向其利，必不然(《趙策》無以上三句)。子釋勿憂(《趙策》作“子釋之”)，勿出於口。”明旦，二主又朝而出，複見智過於轅門，智過入見曰：“君以臣言告二主乎？”君曰：“何以知之？”曰：“今日二主朝而出，見臣而其色動，而視屬臣(“屬”通“矚”)，此必有變，君不如殺之。”君曰：“子置勿複言。”智過曰：“不可，必殺之，若不能殺，遂親之。”(“明旦”以下一段，《趙策》作“知過出見二主，入說知伯曰：二主色動而意變，必背君矣，不如殺之。”知伯曰：兵著晉陽三年矣，且暮當拔之而饗其利，乃有他心，不可，子慎勿複言。”知過曰：不殺，則遂親之。”)君曰：“親之奈何？”智過曰：“魏宣子之謀臣曰趙葭，韓康子之謀臣曰段規，此皆能移其君之計，君其與二君約（“其與”原作“與其”，據《趙策》改），破趙國，因封二子者各萬家之縣一，如是則二主之心可以無變矣。”（《趙策》此下有“而君得其所欲矣。”）知伯曰：“破趙而三分其地，又封二子者各萬家之縣一，則吾得者少，不可。”智過見其言之不聽也（《趙策》作“知過見君之不明、言之不聽也”），出，因更其族為輔氏（《趙策》無“因”字，“族”作“姓”，下有“遂去不見”四字）。並有下列一節：“張孟談聞之，入見襄子，曰：‘臣遇知過於轅門之外，其視有疑臣之心，入見知伯，出更其姓，今暮不擊，必後之矣。’襄子曰：‘諾。’使張孟談見韓、魏之君”。至於期日之夜，趙氏殺其守堤之吏（《趙策》無“趙氏”二字），而決其水灌知伯軍，知伯軍救水而亂，韓、魏翼而擊之，襄子將卒犯其前，大敗知伯三軍而擒知伯。知伯身死軍破（《趙策》“軍破”作“國亡”），國分為三（《趙策》“國”作“地”），為天下笑，故曰貪愎好利，則滅國殺身之本也。（《韓非子·十過》、《趙策一》第二章大體相同，末二句改作“此貪欲無厭也。夫不聽知過，亦所以亡也。知氏盡滅，唯輔氏存焉》）
前453,453,周貞定王十六年（西元前四五三年）,8,考案,韓、趙、魏,知伯、智伯、趙襄子,殺,案：《韓非子》作“趙氏殺其守堤之吏而決其水灌智伯軍”，而《趙策》則謂趙襄子“使張孟談見韓、魏之君，至於期日之夜，殺守堤之吏而決水灌知伯軍”。《淮南子·人間訓》同《韓非子》，亦雲：“趙氏殺其守堤之吏決水灌智伯。”《資治通鑒》亦雲：“襄子夜使人殺守堤之吏而決水灌智伯軍。”
前453,453,周貞定王十六年（西元前四五三年）,9,史料,齊、韓、趙、魏、晉、吳,知伯、智伯,攻、圍、拔、盟、殺,智伯從韓、魏兵以攻趙，圍晉陽而水之（《說苑·權謀》第八章作“圍晉陽之城而溉之”），城下不沉者三板（《說苑》作“城不沒者三板”，《太平御覽》八十所引與《說苑》同），郗疵謂知伯曰（“郗”原誤作“郤”，吳師道雲：“孫本作郗，《說文》作絺。”姚注引《元和姓纂》：“郗”，己姓，青陽氏之後，趙有郗疵。”《說苑》作“絺疵”，今據以改正》：“韓、魏之君必反矣。”知伯曰：“何以知之？”郗疵曰：“以其人事知之，夫從韓、魏之兵而攻趙，趙亡，難必及韓、魏矣，今約勝趙而三分其地（以上五句，《說苑》改作“夫勝趙而三分其地”）。今城不沒者三板，臼灶生蛙，人馬相食，城降有日，而韓、魏之君無憙志而有憂色，是非反如何也？”(《說苑》無“如”字)明日，知伯以告韓、魏之君曰(《說苑》“以告”作“謂”)：“郗疵言君之且反也。”韓、魏二君曰：“夫勝趙而三分其地(《說苑》“夫”作“必”)，今城且將拔矣，夫二家雖愚，不棄美利於前，背信盟之約(《說苑》以上二句作“不棄美利而偕約”)。而為危難不成之事，其勢可見也。是疵為趙計矣(《說苑》作“是疵必為趙說君”)。使君疑二主之心，而解于攻趙也(《說苑》“使”上有“且”字)。今君聽讒臣之言，而離二主之交，為君惜之。”趨而出。郗疵謂知伯曰：“君又何以疵言告韓、魏之君為？”知伯曰：“子安知之？”對曰：“韓、魏之君視疵端而趨疾。”疵知其言之不聽，請使于齊，知伯遣之，韓、魏之君果反矣(《趙策一》第一章，《說苑·權謀篇》第八章相同而有簡略，《說苑》無“趨而出”以下一節，而作“智伯出，欲殺絺疵，絺疵逃，韓、魏之君果反”。《通鑒》從《趙策》，亦雲：“絺疵請使于齊”。
前453,453,周貞定王十六年（西元前四五三年）,10,史料,韓、趙、魏、晉,智伯、趙襄子,攻、圍,晉有六將軍而智伯莫為強焉，計其土地之博，人徒之眾，欲以抗諸侯以為英名，攻戰之速，故差論其爪牙之士，比列其車舟之眾（“比”原作“皆”，原脫“其”字，從孫詒讓據王念孫之說改正），以攻中行氏而有之，以其謀為既已足矣，又攻茲範氏而大敗之（孫詒讓雲：“茲字疑衍”），並三家以為一家而不止，又圍趙襄子于晉陽，及若此，則韓、魏亦相從而謀曰：“古者有語，唇亡則齒寒，趙氏朝亡，我夕從之，趙氏夕亡，我朝從之。《詩》曰：魚水不務（孫詒讓雲：“務，疑當讀為騖……騖，疾也。又或當作斿，即遊之省”），陸將何及乎？”是以三主之君，一心戮力（畢沅雲：“戮，勠字假借”），辟門除道，奉甲興士，韓、魏自外，趙氏自內，擊智伯，大敗之。是故墨子言曰：“古者有語曰：‘君子不鏡于水而鏡於人。鏡于水，見面之容；鏡于人，則知吉與凶。’今以攻戰為利，則蓋嘗鑒之于智伯之事乎！此其為不吉而凶，既可得而知矣。”（《墨子·非攻中》）
前453,453,周貞定王十六年（西元前四五三年）,11,考案,韓、趙、魏、晉,智伯,卒、滅,案：“唇亡則齒寒”，確為古諺。《穀梁傳》僖公二年虞宮之奇曰：“語曰：唇亡則齒寒。”《左傳》僖公五年“語”作“諺”。宮之奇曰：“諺所謂輔車相依，唇亡齒寒者。”據孫詒讓考證，墨子生卒約在西元前四六八年至前三七六年間，三晉滅智伯之事，蓋親見之。《韓非子·十過》、《趙策一》、《淮南子·人間訓》等，皆謂張孟談以“唇亡齒寒”進說韓、魏之君，而墨子則謂韓、魏以“唇亡則齒寒”相從而謀。
前453,453,周貞定王十六年（西元前四五三年）,12,史料,秦、韓、趙、魏、晉,知伯、智伯、韓康子、秦昭王,伐、滅,夫六晉之時，知氏最強，滅範、中行而從韓、魏之兵以伐趙，灌以晉水，城之未沈者三板。智伯出，魏宣子禦，韓康子為驂乘。知伯曰：“始我不知水可以滅人之國，吾今乃知之。汾水可以灌安邑，絳水可以灌平陽。魏宣子肘韓康子，康子踐宣子之足，肘足接乎車上，而知氏分于晉陽之下。（《韓非子·難三》載中期對秦昭王所說）
前453,453,周貞定王十六年（西元前四五三年）,13,考案,秦、齊、韓、趙、魏,智伯、韓康子、魏桓子,滅,案：《魏世家》、《秦策四》第四章、《說苑·敬慎》篇第十八章有相同記述。《秦策四》作“智伯出行水，韓康子禦，魏桓子驂乘。”中期，《說苑》作申旗。《魏世家·正義》雲：“汾水東北流曆安邑西南入河也。”又雲：“《括地志》雲：絳水一名白水，今名弗泉，源出絳山，飛泉奮湧，揚波北注，縣流積壑二十許丈，望之極為奇觀矣。按：引此灌平陽城也。”《水經·澮水注》引用《魏世家》，評論曰：“余睹智氏之談矣，汾水灌安邑，或亦有之，絳水灌平陽，未識何由也。”《資治通鑒》胡三省注引《史記正義》，謂絳水“可接引北灌平陽城”。並雲：“酈道元父范曆仕三齊，少長齊地，熟其山川，後入關死於道，未嘗至河東也。此蓋耳學而致疑。”閻若璩《潛邱劄記》又雲：“嘗往來平陽、夏縣而悟二語，具有妙解，蓋汾水並可灌安邑，至絳水則不待言；絳水並可灌平陽，至汾水又不待言。交錯互舉，總見水之為害溥爾。”今按：《正義》謂“汾水東北流曆安邑西南入河也”。“西南”當為“西北”之誤，但安邑與其西北之汾水相距甚遠，尚在八十裡以外，難以引灌安邑。至於絳水則遠在平陽以南一百餘裡，更難以引灌平陽。程恩澤《國策地名考》因而謂“胡三省曲為辨說，終覺難通”。又謂：“汾水在安邑之西北，並非西南，其中隔聞喜縣，相距尚遠，謂可以灌安邑，頗覺難通，故酈道元亦深致疑。而近儒以為互文見意（閻若璩、高士奇說），然絳水即與汾水合流，亦與安邑無涉。”程說至確。此乃後人任意編造之故事，不知地理形勢而妄說者，《資治通鑒》以此為韓、魏反而與趙共滅知氏之主因，不可信據。
前453,453,周貞定王十六年（西元前四五三年）,14,史料,秦、韓、趙、晉,知伯,攻、拔,知伯率三國之眾，以攻趙襄主于晉陽，決水而灌之三月，城且拔矣，襄主鑽龜筮占兆，以視利害，何國可降。乃使其臣張孟談。於是乃潛行而出，反知伯之約，得兩國之眾，以攻知伯，禽其身，以複襄主之初。（《韓非子·初見秦》）
前453,453,周貞定王十六年（西元前四五三年）,15,考案,秦,張儀,,案：《秦策一》第五章誤作張儀說秦王，文與此同。“以複襄主之初”作“以成襄主之功”。
前453,453,周貞定王十六年（西元前四五三年）,16,史料,秦、韓、趙、魏、晉,智伯,伐、攻、殺,智氏見伐趙之利，而不知榆次之禍也。……智氏信韓、魏從而伐趙，攻晉陽之城，勝有日矣。韓、魏反之，殺智伯瑤于鑿台之上。（《秦策四》第十章）
前453,453,周貞定王十六年（西元前四五三年）,17,考案,秦、韓、魏,智伯、秦昭王,殺,案：《史記·春申君列傳》所謂黃歇上秦昭王書、《新序·善謀》篇與此相同。《新序》“鑿台”作“叢台”。《水經·洞過水注》記榆次縣“縣南側水有鑿台，韓、魏殺智伯瑤于其下，刳腹絕腸，折頸摺頤處也”。在今山西榆次市南。
前453,453,周貞定王十六年（西元前四五三年）,18,史料,韓、趙、魏、晉,知伯,攻、卒,知伯兼范、中行而攻趙不已，韓、魏反之，軍敗晉陽，身死高梁之東，遂卒被分，漆其首以為溲器，故曰：禍莫大於不知足。（《韓非子·喻老》）
前453,453,周貞定王十六年（西元前四五三年）,19,考案,韓、趙、魏、晉,知伯、智伯、趙襄子,圍、殺,案：高梁在今山西臨汾市東，與上引史料謂殺知伯瑤于鑿台不同。此作“溲器”不確，當是“飲器”。《趙策一》第四章雲：“及三晉分知氏，趙襄子最怨知伯，而漆其頭以為飲器。”《史記·刺客列傳》同。《韓非子·難三》雲：“此知伯之所以國亡而身死，頭為飲杯之故也。”《說苑·建本》第三十章亦雲：“智伯圍襄子于晉陽，襄子疏隊而擊之，大敗知伯，漆其首以為飲器。”《呂氏春秋·義賞》又謂趙襄子“與魏桓、韓康期而擊智伯，斷其頭以為觴”。觴，即飲器或飲杯。此乃西北戎狄之風習。《史記·大宛列傳》雲：“至匈奴老上單于殺月氏王，以其頭為飲器。”《漢書·張騫傳》同。
前453,453,周貞定王十六年（西元前四五三年）,20,史料,齊、韓、趙、魏、晉、代,智伯,圍、取,襄子圍于晉陽中，出圍，賞有功者臣人，高赫為賞首（《呂氏春秋·義賞》作“高赦為首”，《淮南子》的《氾論訓》和《人間訓》、《說苑·複恩》第二章、《漢書·古今人表》皆作“高赫”，《趙世家》作“高共”，《集解》徐廣曰：“一作赫”，作“赫”為是）。張孟談曰（《淮南子·氾論訓》作“左右曰”，《人間訓》作“群臣請曰”，《呂氏春秋》、《說苑》皆作“孟談”：“晉陽之事（《淮南子·氾論訓》、《趙世家》“事”作“難”，《呂氏春秋》、《說苑》誤作“中”），赫無大功（《淮南子·人間訓》作“張孟談之功也”），今為賞首何也？(《淮南子·人間訓》作“而赫為賞首何也”)襄子曰：“晉陽之事，寡人國家危（《呂氏春秋》國家“之國”），社稷殆矣，吾群臣無有不驕侮之意者（《呂氏春秋》作“身在憂約之中”），惟赫不先君臣之禮（《呂氏春秋》作“與寡人交而不失君臣之禮者惟赦”），吾是以先之。”(《韓非子·難一》、《呂氏春秋·義賞》、《淮南子·氾論訓》和《人間訓》、《說苑·複恩》第二章大體相同。《呂氏春秋》下有一節：“北取代，東迫齊，令張孟談逾城潛行，與魏桓、韓康期而擊智伯，斷其頭以為觴，遂定三家，豈非用賞罰當邪？”)
前453,453,周貞定王十六年（西元前四五三年）,21,史料,韓、趙、魏、晉、代,,攻、滅、遷,三國攻晉陽，歲餘，引汾水灌其城，城不浸者三版，城中懸釜而炊，易子而食。群臣皆有外心，禮益慢，惟高赫不敢失禮（“赫”原作“共”，《集解》引徐廣曰：“共一作赫”，作“赫”為是，今改正）。襄子懼，乃夜使相張孟同私于韓、魏（“同”當作“談”，蓋司馬遷避其父諱，改“談”為“同”)，韓、魏與合謀，以三月丙戌，三國反滅知氏，共分其地，於是襄子行賞，高赫為上。張孟同曰：“晉陽之難，唯赫無功。”襄子曰：“方晉陽急，群臣皆懈，惟赫不敢失人臣禮，是以先之。”於是趙北有代，南並知氏，強于韓、魏，遂祠三神於百邑，使原過主霍泰山祠祀。（《趙世家》）
前453,453,周貞定王十六年（西元前四五三年）,22,考案,秦、趙、晉,,滅,案：引汾水，當為引晉水之誤，辨已見前。《趙世家》既載霍泰山山神朱書：“三月丙戌，余將使女（汝）反滅知氏。”又謂確於三月丙戌反滅知氏。據《中國先秦史曆表》，西元前四五三年夏曆三月丁醜朔，丙戌為初十。
前453,453,周貞定王十六年（西元前四五三年）,23,史料,韓、晉、鄭,韓康子,取,三晉已破智氏，將分其地。段規謂韓王曰（韓王指韓康子，後人追尊為王）：“分地必取成皋。”韓王曰：“成皋石溜之地也，寡人無所用之。”段規曰：“不然。臣聞一裡之厚（叢刊本“一”作“百”），而動千里之權者，地利也；萬人之眾而破三軍者（叢刊本“萬”作“千”），不意也。王用臣言，則韓必取鄭矣。”王曰：“善。”果取成皋。至韓之取鄭地，果從成皋始。（《韓策一》第一章）
前453,453,周貞定王十六年（西元前四五三年）,24,史料,齊、楚、燕、韓、趙、魏、晉,智伯、趙襄子,滅,張孟談既固趙宗，廣封疆，發千百（“千”原作“五”，從橫田惟孝改作“千”，“千百”讀作“阡陌”，詳見案語），乃稱簡之塗以告襄子曰（“塗”讀作“途”，道也。橫田氏雲：“簡下疑脫子或主字）：“昔者前國地君之禦有之曰（此句有誤字，金正煒謂當作“簡主君國之禦有之曰”，“禦”通“語”，謂簡子君臨趙國之遺訓）：“五伯之所以致天下者（“伯”原誤“百”，鮑本作“霸”），約兩主勢能制臣，無令臣能制主。故貴為列侯者，不令在相位，自將軍以上，不為近大夫。今臣之名顯而身尊，權重而眾服，臣願捐功名，去權勢以離眾。”襄子恨然曰：“何哉？吾聞輔主者名顯，功大者身尊，任國者權重，信忠在己而眾服焉。此先聖之所以集國家、安社稷乎！子何為然？”張孟談對曰：“君之所言，成功之美也！臣之所謂，持國之道也。臣觀成事，聞往古，天下之美同，臣主之權均，之能美，未之有也。前事之不忘，後事之師。君若弗圖，則臣力不足。”然有決色。襄子去之。臥三日，使人謂之曰：“晉陽之政，臣下不使者何如？”對曰：“死僇。”為張孟談曰（“為”字原缺，從金正煒增補）：“左司馬見使于國家，安社稷，不避其死，以成其忠，君其從之。”君曰：“子從事。”乃許之。張孟談便厚以便名，納地釋事，以去權尊，而親耕於昌丘（原作“耕於負親之丘”，金正煒雲：“《潛夫論·志氏姓》篇，張孟談相趙襄子以滅智伯，遂逃功賞，耕於自山。此文當為親耕於自丘。“自”即“昌”，為“蜎”之古字）。故曰：賢人之行，明主之政也。耕三年，韓、魏、齊、燕負親以謀趙，襄子往見張孟談而告之曰：“昔者知氏之地，趙氏分則多十城，複來，而今諸侯孰謀我，為之奈何？”張孟談曰：“君其負劍而禦臣以之國，舍臣於廟，授吏大夫，臣試計之。”君曰：“諾。”張孟談乃行其妻之楚，長子之韓，次子之魏，少子之齊。四國疑而謀敗。（《趙策一》第三章）
前453,453,周貞定王十六年（西元前四五三年）,25,考案,秦、韓、趙、魏、晉、吳,商鞅,變法,案：橫田惟孝《戰國策正解》雲：“上五百疑當作阡陌，下五百當作五伯。蓋阡陌舊作千百，劉向所謂半字也，傳寫誤依下改千作五。廣封疆，發阡陌，即《商君列傳》所謂開阡陌封疆也，豈張孟談先商鞅而為此歟？”此說甚是。一九七二年山東臨沂銀雀山漢墓出土之竹簡《孫子·吳問》篇，述及當時晉國六卿不同之田畝制與地稅制，範氏、中行氏以一百六十步為畝，智氏以一百八十步為畝，韓氏、魏氏以二百步為畝，趙氏以二百四十步為畝。同時趙氏“公無稅焉”，不按畝徵稅，其餘五卿皆“伍稅之”，即用五分抽一之稅制。孫武以為趙之畝制最大，又不徵稅，可以“富民”，因而斷言範氏、中行氏將先亡，其次智氏亡，再次韓氏、魏氏亡，惟趙氏得以成功而“晉國歸焉”。此後歷史之發展，果如孫武所推斷，惟韓、魏未亡而成“三家分晉”之結果。此章所謂“廣封疆，發阡陌”，即推行二百四十步之畝制。此後商鞅在秦變法，“為田開阡陌封疆而賦稅平”，亦即推行二百四十步之畝制，張孟談固先商鞅在趙推行大畝制。商鞅在秦變法，在土地制度上，即效法張孟談在趙之所為。
前453,453,周貞定王十六年（西元前四五三年）,26,史料,趙、晉,趙襄子,伐,趙襄子使新稚穆子伐翟，勝左人、中人，遽人來告，襄子將食，尋飯有恐色。侍者曰：“狗之事大矣，而主之色不怡，何也？”襄子曰：“吾聞之，德不純而福祿並至，謂之幸。大幸非福，非德不當雍，雍不為幸，吾是以懼。”(《國語·晉語九》)
前453,453,周貞定王十六年（西元前四五三年）,27,考案,晉,,,案：韋注：“新稚穆子，晉大夫新稚狗也。”“大謂勝二邑”。
前453,453,周貞定王十六年（西元前四五三年）,28,史料,趙、晉,孔子、趙襄子,攻,趙襄子攻翟，勝左人、中人（“左人”原誤作“老人”，從王念孫據《太平御覽》三百二十一所引及《晉語九》、《列子·說符》改正），使使者來謁之，襄子食轉飯，有憂色。左右曰：“一朝而兩城下，此人之所以喜也，今君有憂色何？”襄子曰：“江河之大也，不過三日，飄風暴雨，日中不須臾，今趙氏之德行，無所於積，一朝而兩城下，亡其及我乎？”孔子聞之，曰：“趙氏其昌乎！”（《呂氏春秋·慎大》）
前453,453,周貞定王十六年（西元前四五三年）,29,考案,趙、晉、周、中山,知伯、趙襄子,伐、攻、滅、取,案：《淮南子·道應訓》、《列子·說符》有相同記述。《列子》張湛注：“翟，鮮虞也。”左人、中人，《淮南子》誤作“尤人、終人”。左人在今河北唐縣西，中人在今唐縣西南。王先謙《鮮虞中山國事表疆域圖說》列此事于周貞定王十二年，不確。周貞定王十二年當晉出公十八年，此年知伯瑤正伐中山，當時知伯勢強，趙襄子不可能與知伯爭奪中山之地。黃式三《周季編略》系于周貞定王十六年，其說較為合理。左人、中人兩城在趙邑晉陽東北約四百里，仇由正當晉陽與左人、中人之間，其時仇由已為知伯所攻滅佔有。趙襄子攻取左人、中人，必須在三晉共滅知伯而三分其地之後，當在晉出公二十二年以後。
前453,453,周貞定王十六年（西元前四五三年）,30,史料,齊、晉,知伯,殺,田襄子既相齊宣公，三晉殺知伯分其地。襄子使其兄弟宗人盡為齊都邑大夫，與三晉通使，且以有齊國。（《田世家》）案：田襄子名盤，《集解》徐廣曰：“盤一作塈”，《索隱》雲：“《世本》作班。”“班”“盤”聲近通用。
前453,453,周貞定王十六年（西元前四五三年）,31,史料,晉,,,晉出公二十二年河絕于扈。（《水經·河水注》、《路史·國名紀丁》引《紀年》）
前453,453,周貞定王十六年（西元前四五三年）,32,考案,趙、晉、周,,,案：《永樂大典》本、朱謀埽本《水經注》作“二十二年”，趙一清、戴震校本改作“十二年”，蓋據今本《竹書紀年》。今本《紀年》載于周貞定王六年，雲：“晉河絕于扈。”《路史·國名紀丁》所引“汲《紀年》”，同於《大典》本《水經注》所引。
前453,453,周貞定王十六年（西元前四五三年）,33,史料,趙,趙襄子,滅、殺,豫讓欲殺趙襄子，滅須去眉，自刑以變其容，為乞人而往乞，于其妻之所，其妻曰：“狀貌無似吾夫者，其音何類吾夫之甚也。”又吞炭以變其音，其友謂之曰：“子之所道，甚難而無功。謂子之志則然矣，謂子智則不然。以子之材，而索事襄子，襄子必近子，子得近而行所欲，此甚易而功必成。”豫讓笑而應之曰：“是為先知報後知也，為故君賊新君矣。大亂君臣之義者無此，失吾所為為之矣。凡吾所為為此者，所以明君臣之義也，非從易也。”（《呂氏春秋·恃君》）
前453,453,周貞定王十六年（西元前四五三年）,34,史料,韓,智伯,殺,豫讓為智伯臣也，上不能說人主使之明法術、度數之理，以避禍難之患，下不能領禦其眾以安其國。及襄子之殺智伯也。豫讓乃自黔劓，敗其形容，以為智伯報襄子之仇。（《韓非子·奸劫弑臣》）
前453,453,周貞定王十六年（西元前四五三年）,35,考案,趙、晉,知伯、趙襄子,滅,案：豫讓謀刺趙襄子不知在何年，今附于三晉滅知伯之後。
前453,453,周貞定王十六年（西元前四五三年）,36,史料,趙、晉,知伯、趙襄子,卒、滅、拔、殺,晉華陽之孫豫讓，始事範、中行氏，不說，去而就知伯，知伯寵之。及三晉分知氏，趙襄子最怨知伯，而將其頭以為飲器。豫讓遁逃山中，曰：“嗟乎！士為知己者死，女為悅己者容，吾其報知氏矣。”乃變姓名，為刑人，入宮塗廁，欲以刺襄子。襄子如廁，心動，執問塗者，則豫讓也，刃其朽，曰：“欲為知伯報仇。”左右欲殺之，趙襄子曰：“彼義士也，吾謹避之耳。且知伯已死，無後，而其臣為報仇，此天下之賢人也。”卒釋之。豫讓又漆身為厲，滅須去眉，自刑以變其容，為乞人而往乞，其妻不識，曰：“狀貌不似吾夫，其音何類吾夫之甚也。”又吞炭以變其音，其友謂之曰：“子之道甚難而無功，謂子有志則然矣，謂子智則否。以子之才而善事襄子，襄子必近幸子，子之得近而行所欲，此甚易，而功必成。”豫讓乃笑而應之曰：“是為先知報後知，為故君賊新君，大亂君臣之義者無此矣。凡吾所謂為此者，以明君臣之義，非從易也。且夫委質而事人，而求弑之，是懷二心以事君也，吾豈為難，亦將以愧天下後世人臣懷二心者。”居頃之，襄子當出，豫讓伏所當過橋下，襄子至橋而馬驚，襄子曰：“此必豫讓也。”使人問之，果豫讓。於是趙襄子面數豫讓曰：“子不嘗事範、中行氏乎？知伯滅范、中行氏，而子不為報仇，反委質事知伯。知伯已死，子猶何為報仇之深也？”豫讓曰：“臣事範、中行氏，範、中行氏以眾人遇臣，臣故眾人報之。知伯以國士遇臣，臣故國士報之。”襄子乃喟然歎泣曰：“嗟乎！豫子！子之為知伯，名既成矣，寡人舍子，亦已足矣。子自為計，寡人不舍子。”使兵環之，豫讓曰：“臣聞明主不掩人之義，忠臣不愛死以成名。君前已寬舍臣，天下莫不稱君之賢。今日之事，臣故伏誅，然願請君之衣而擊之，雖死不恨。非所望也，敢布腹心。”於是襄子義之，乃使使者持衣與豫讓，豫讓拔劍三躍，呼天擊之，曰：“吾而可以報知伯矣！”遂伏劍而死。死之日，趙國之士聞之，皆為涕泣。（《趙策》第四章，《刺客列傳》大體相同）
前453,453,周貞定王十六年（西元前四五三年）,37,史料,周,,,衣盡出血，襄子回車，車輪未周而亡。（《刺客列傳·索隱》引《戰國策》）
前453,453,周貞定王十六年（西元前四五三年）,38,考案,,,,案：《史記》錄《國策》而刪此文。《索隱》雲：“此不言衣出血者，太史公恐涉怪妄故略之耳。”今本《國策》亦無此文，《國策補注》雲：“或以其怪而刪之歟？”##### 卷二
前452,452,周貞定王十七年（西元前四五二年）,1,史料,秦、齊、楚、晉,,,秦厲共公二十五年，晉出公二十三年，齊宣公四年，楚惠王三十七年。
前452,452,周貞定王十七年（西元前四五二年）,2,史料,秦,,奔,[秦厲共公]二十五年智開與邑人來奔。（《秦本紀》）
前452,452,周貞定王十七年（西元前四五二年）,3,史料,秦、晉,,奔,秦厲共公二十五年晉大夫智開率其邑來奔。（《六國表》“邑”下脫“人”字）
前452,452,周貞定王十七年（西元前四五二年）,4,考案,秦、趙、晉,智伯、趙襄子,滅、會、奔,案：《秦本紀·正義》雲：“開，智伯子。伯被趙襄子等滅其國，其子與從屬來奔秦。”《史記會注考證》引張照曰：“智伯死無後，又史載惟輔果在，《正義》以開為智伯子，無據，蓋智伯之族。”其說是。《六國表》稱“晉大夫智開，率其邑來奔”。“邑”下脫“人”字。其後四年，《六國表》又載“晉大夫智寬率其邑人來奔”，亦智伯之族。
前452,452,周貞定王十七年（西元前四五二年）,5,史料,楚、晉,,立、奔,[晉]出公二十三年奔楚，乃立昭公孫，是為敬公。（《晉世家·索隱》引《紀年》）
前452,452,周貞定王十七年（西元前四五二年）,6,史料,齊、韓、趙、魏、晉、魯,知伯,伐、攻、立、奔,[晉]出公十七年（《集解》徐廣曰：“《年表》雲出公立十八年，或雲二十年”），知伯與趙、韓、魏共分範、中行地以為邑，出公怒，告齊、魯，欲以伐四卿。四卿恐，遂反攻出公。出公奔齊，道死。故知伯乃立昭公曾孫驕為晉君，是為哀公。哀公大父雍，晉昭公少子也，號為戴子，戴子生忌。忌善知伯，蚤死，故知伯欲盡並晉，未敢，乃立忌子驕為君。（《晉世家》）
前452,452,周貞定王十七年（西元前四五二年）,7,史料,齊、韓、趙、魏、晉、魯,知伯、趙襄子,伐、攻、立、奔,[趙襄子]立四年，知伯與趙、韓、魏盡分其範、中行故地。晉出公怒，告齊、魯，欲以伐四卿。四卿恐，遂共攻出公。出公奔齊，道死。知伯乃立昭公曾孫驕，是為晉懿公。（《趙世家》）
前452,452,周貞定王十七年（西元前四五二年）,8,史料,晉,,,[晉]昭公生桓子雍，雍生忌，忌生懿公驕。（《晉世家·索隱》、《六國表·正義》引《世本》）
前452,452,周貞定王十七年（西元前四五二年）,9,考案,齊、楚、趙、晉、周、魯,,立、滅、奔,案：晉出公之出奔，在三晉滅知氏後。《史記》誤以為在四卿分範、中行地後，已辨在周貞定王十一年案語中。梁玉繩《史記志疑》雲：“考《索隱》、《正義》引《世本》，與晉、趙兩世家稱驕為昭公曾孫合，則忌是哀公，驕是懿公，忌與驕乃父子。《晉世家》誤以‘懿’為‘哀’耳。《紀年》謂立昭公孫敬公，蓋懿又諡敬，特誤以曾孫為孫也。疑忌既早死，未嘗為君，哀公之稱，當是其子追諡。”而雷學淇《紀年義證》則雲：“《索隱》引《年表》，謂忌即哀公，與《紀》文昭公之孫符合，似《紀》之敬公即哀公者。然《年表》今無此文。且《晉世家》明雲昭公曾孫驕為哀公，《趙世家》又謂驕是懿公，則哀、懿自是一人之諡，猶周之貞定王，《左傳·正義》引《世本》，或稱貞王，或稱定王也，《竹書》又謂哀懿公即敬公耳。傳謂敬公是昭公之孫，孫即曾孫，猶《魯頌》謂僖公為周公之孫，蓋孫是後裔之大名，非必皆子之子也。奔齊、奔楚及在位年數，與《史記》各殊。此聞見異詞，而《竹書》以晉人記晉事，當不誤也。”考《晉世家·索隱》、《六國表·正義》皆謂《六國表》有晉哀公忌二年，當誤。以《晉世家》、《趙世家》參校，知驕固有哀、懿二諡，以《紀年》相證，知驕更有敬諡也。梁玉繩以忌追諡哀公，非是。
前451,451,周貞定王十八年（西元前四五一年）,1,史料,秦、齊、楚、晉、鄭,,,秦厲共公二十六年，晉敬西元年，齊宣公五年，楚惠王三十八年。秦厲共公二十六年左庶長城南鄭。（《六國表》，《秦本紀·集解》徐廣曰：“一本二十六年城南鄭也”）
前451,451,周貞定王十八年（西元前四五一年）,2,史料,齊、蔡,,卒、立,[蔡]元侯六年卒，子侯齊立。（《管蔡世家》）
前451,451,周貞定王十八年（西元前四五一年）,3,考案,齊、楚、周、蔡,,,案：《六國表》記蔡侯齊元年于楚惠王三十九年，即周貞定王十九年。
前449,449,周貞定王二十年（西元前四四九年）,1,史料,秦、齊、楚、晉,,,秦厲共公二十八年，晉敬公三年，齊宣公七年，楚惠王四十年。
前449,449,周貞定王二十年（西元前四四九年）,2,史料,秦、越,,,秦厲共公二十八年越人來迎女。（《六國表》）
前449,449,周貞定王二十年（西元前四四九年）,3,史料,杞,,卒、立,[杞]出公十二年卒，子簡公春立。（《陳杞世家》）
前448,448,周貞定王二十一年（西元前四四八年）,1,史料,秦、齊、楚、晉,,,秦厲共公二十九年，晉敬公四年，齊宣公八年，楚惠王四十一年。
前448,448,周貞定王二十一年（西元前四四八年）,2,史料,秦、晉,智伯,奔,秦厲共公二十九年晉大夫智寬率其邑人來奔。（《六國表》，馬非百《秦集史·國君紀事》十二所引“智寬”作“智伯寬”，蓋《史記》有版本誤衍“伯”字者）
前448,448,周貞定王二十一年（西元前四四八年）,3,史料,越,,立、殺,[越]不壽立，十年見殺，是為盲姑，次朱句立。（《越世家·索隱》引《紀年》）
前448,448,周貞定王二十一年（西元前四四八年）,4,史料,越,,卒、立,[越]王不壽卒，子王翁立。（《越世家》）
前448,448,周貞定王二十一年（西元前四四八年）,5,考案,晉、周、越,句踐,卒、立、殺,案：《索隱》引《紀年》，謂晉出公十年十一月句踐卒，《紀年》用夏正，十一月卒，于周正，已是明年正月。因定句踐卒于周貞定王五年。《紀年》又謂次鹿郢立，六年卒，不壽立，不壽立十年見殺，次朱句立。則朱句之立，當在周貞定王二十一年。今本《紀年》系于周貞定王二十年，蓋誤前一年。以《紀年》與《越世家》相校，可知王翁即朱句，不壽即盲姑。“盲姑”金文作“丩古”，“朱句”金文作“州句”，上海博物館藏有越王丩古劍，北京故宮博物院與上海博物館各藏有越王州句劍。周貞定王二十二年（西元前四四七年）
前448,448,周貞定王二十一年（西元前四四八年）,6,史料,秦、齊、楚、晉,,,秦厲共公三十年，晉敬公五年，齊宣公九年，楚惠王四十二年。
前448,448,周貞定王二十一年（西元前四四八年）,7,史料,楚、蔡,,滅,楚惠王四十二年楚滅蔡。（《六國表》）
前448,448,周貞定王二十一年（西元前四四八年）,8,史料,齊、楚、蔡,,滅,[蔡]侯齊四年楚惠王滅蔡，蔡侯齊亡，蔡遂絕祀。（《管蔡世家》）
前448,448,周貞定王二十一年（西元前四四八年）,9,考案,齊、楚、周、蔡,,伐、攻、卒、立、滅,案：金正煒以為楚所滅者即《楚策四》第四章莊辛所說蔡聖侯，雲：“聖當作聲，一聲之轉也。《史記》蔡滅于聲侯後十年，疑聲侯先虜于楚，後乃盡滅其國。”其說非是。《管蔡世家》謂聲侯十五年卒，子元侯立，元侯六年卒，子侯齊立，侯齊四年為楚所滅，聲侯為侯齊之祖先，楚所攻滅者非蔡聲侯。莊辛所說之蔡聖侯，為楚宣王使子發將兵攻滅，當為楚重新分封之蔡君，與此並非一事。黃式三《周季編略》誤以為一事，雲：“楚司馬舍率師伐蔡滅之，執蔡侯齊以歸”，又以為侯齊即《說苑·權謀》篇所說之蔡威公，皆無據，不可信。參看周顯王二十九年案語。
前446,446,周貞定王二十三年（西元前四四六年）,1,史料,秦、齊、楚、晉,,,秦厲共公三十一年，晉敬公六年，齊宣公十年，楚惠王四十三年。
前446,446,周貞定王二十三年（西元前四四六年）,2,史料,魏、晉,,立,魏文侯初立在[晉]敬公六年。（《晉世家·索隱》引《紀年》，“六年”原作“十八年”，今從雷學淇、王國維校正）
前446,446,周貞定王二十三年（西元前四四六年）,3,史料,魏,,,魏文侯斯。（《魏世家·索隱》引《世本》，《六國表》同，《魏世家》誤作文侯名都）
前446,446,周貞定王二十三年（西元前四四六年）,4,考案,秦、魏、晉、周、鄭,魏惠王,伐、卒、立,案：雷學淇《考訂竹書紀年》謂《索隱》所引《紀年》，晉敬公十八年，“十八即六字之訛”。雷學淇《竹書紀年義證》亦定魏文侯初立在晉敬公六年。王國維《古本竹書紀年輯校》亦雲：“案《魏世家·索隱》引《紀年》，文侯五十年卒，武侯二十六年卒，由武侯卒年上推之，則文侯初立，當在敬公六年，《索隱》作‘十八年’，‘十八’二字乃‘六’字誤離為二也。”其說是。既然魏文侯初立在晉敬公六年，逾年改元，文侯之元當在七年，即周貞定王二十四年。錢穆《先秦諸子系年》將魏文侯元年定在敬公六年，以此下推，文侯五十年卒，武侯二十六年卒，因與《史記》魏惠王之元年相密接，然終無解於《史記》武侯惠王之史事系年，俱較《紀年》所記者差遲一年也。余考《史記》于惠王之年世，本誤多一年，武侯之年世因此又誤前一年，則魏文侯之元年，自當在周貞定王二十四年。《水經·河水注》雲：“河水又徑命陽城東，周威烈王之十七年，魏文侯伐秦至鄭，還築汾陰、郃陽，即此城也。”郝懿行、陳逢衡均謂《水經注》此條亦出《紀年》，而《魏世家》及《六國表》系此事于魏文侯十七年，當周威烈王十八年，殆酈道元所見《紀年》，此事在文侯稱侯改元之十六年。據《史記》改用周正朔，遂謂在周威烈王之十七年。今本《竹書紀年》即本此，記此事于威烈王十七年。可知《史記》魏文侯之史事系年，亦較《紀年》差遲一年也。
前446,446,周貞定王二十三年（西元前四四六年）,5,考案,秦、齊、燕、魏、晉、周,魏惠王,卒、立、取、殺,又案：陳夢家《六國紀年》不認為“魏文侯初立在敬公十八年”有誤，對此另有解說，曰：“魏斯在位五十年，立十二年而自稱侯”，故《史記·晉世家·索隱》雲：按《紀年》文侯初立，在敬公十八年。據《紀年》，敬公十八年當周考王七年，魏斯既立之十二年也；其明年，周考王八年、晉幽西元年，文侯改元稱元年，下至周安王六年，為稱侯之三十八年，在位之五十年。由此上推五十年至周定王二十四年為魏斯元年。此所考定，本《紀年》魏斯（文侯）在位五十年卒之記載，分前十二年為未稱侯而後三十八年為稱侯改元。稱侯改元之年又據《史記·晉世家·索隱》所引《紀年》文，而此“文侯初立”應在稱侯改元之前一年。如《史記·燕世家·索隱》引《紀年》“簡公立十三年而三晉命邑為諸侯”。據《紀年表》推之，“在簡公十二年，十三年者並其立年而言之也。”陳氏此說，大有杜撰史實之嫌。《晉世家·索隱》既明言魏文侯初立之年在晉敬公十八年，“初立”何得指為“自稱侯”？又何得指為“稱侯改元之前一年”？戰國初期未見有稱侯而逾年改元之禮制。春秋戰國時，嗣君因父喪而繼位，通行逾年改元之禮制。戰國時因政變或國君見殺而繼位者，往往于當年改元。若“文侯初立”，自當逾年改元，若自稱為侯，未見有逾年改元之例。《田世家》稱“田和立為齊侯，列于周室，紀元年”。是當年改元。周威烈王二十三年“三晉命是為諸侯”，三晉皆未改元。此後魏惠王於三十六年因齊、魏相王於徐州而改元。亦在當年，何獨魏文自稱為侯而行逾年改元之禮制？魏文于王命列為諸侯之前，當已自稱為侯，亦當于當年改元。《魏世家》稱“魏文侯元年，秦靈公之元年也”，《六國表》同。時當周威烈王二年，當為魏文稱侯改元之年。陳氏以“文侯初立”與“燕簡公立十三年而三晉命邑為諸侯”相比，亦比擬不倫，不足取也。
前446,446,周貞定王二十三年（西元前四四六年）,6,考案,秦、韓、趙、魏、晉、周、代,知伯,立、滅,又案：《魏世家》雲：“桓子之孫曰文侯都。”《集解》雲：“徐廣曰：《世本》雲斯也。”《索隱》曰：“《世本》：桓子生文侯斯。”其傳曰：“孺子瘼是魏駒之子。”與此世代亦不同也。考《世本》之說是也，魏文侯二十二年改元稱侯，改元後又二十二年適天子命三晉為侯，史公誤合為一事，因遺其改元前二十二年，史公既誤後文侯之年，遂意謂文侯乃桓子之孫，然亦不能確言桓子子為何名。實則文侯之立在周貞定王二十三年，其去桓子與趙、韓共滅知伯才七年，桓子、文侯固為父子也。《魏世家》“桓子之孫，曰文侯都”下有“魏文侯元年，秦靈公之元年也”句。梁玉繩以為當讀“文侯都魏”為句。黃式三亦雲：“都魏”二字連讀，徐廣誤以都字為句，然而“魏文侯元年，秦靈公之元年也”，與下文“魏武侯元年，趙敬侯初立”，文例正同，不能將“魏”字屬上讀。《魏世家》固誤“斯”為“都”，不容曲解也。《六國表》記魏文侯斯元年于周威烈王二年，亦稱魏文侯名斯。
前446,446,周貞定王二十三年（西元前四四六年）,7,史料,魏,,,魏文侯弟曰季成，友曰翟璜（《新序·雜事四》第四章“璜”作“黃”），文侯欲相之而未能決，以問李克，李克對曰（“李”原誤作“季”，從畢沅校正。李瀚本、淩稚隆本及《新序》皆作“李”)：“君欲置相，則問樂騰與王孫苟端孰賢？”(“騰”，《新序》作“商”)文侯曰：“善。”以王孫苟端為不肖，以樂騰為賢（“為”原作“而”，“賢”原作“貴”，從畢沅據《新序》改正），季成進之，故相季成。（《呂氏春秋·舉難》，《新序·雜事四》第四章同）
前446,446,周貞定王二十三年（西元前四四六年）,8,考案,韓、魏,,,案：季成亦稱公季成，見《新序·雜事四》第三章；亦稱季成子，見《說苑·臣術》第五章；又稱魏成子，見《魏世家》、《韓詩外傳》卷三第六章。《韓非子·五蠹》雲：“故十仞之城，樓季弗能逾者，峭也。”《李斯列傳》載《諫逐客書》引《韓非子》作“是故城高五丈，而樓季不輕犯也”。《集解》引許慎曰：“樓季，魏文侯之弟。”可知季成又稱樓季。
前446,446,周貞定王二十三年（西元前四四六年）,9,史料,韓、趙、魏、周、吳、中山,,伐、卒、取、拔,魏文侯謂李克曰：“先生嘗教寡人曰：家貧則思良妻，國亂則思良相，今所置非成則璜，二子何如？”（《說苑·臣術》作：魏文侯欲置相，召李克而問焉，曰：“寡人將置相，置於季成子與翟觸，我孰置而可？”《韓詩外傳》卷三第六章作“魏文侯欲置相，召李克問曰：寡人欲置相，非翟璜則魏成子，願卜之于先生”）李克對曰：“臣聞之，卑不謀尊，疏不謀戚，臣在闕門之外，不敢當命。”文侯曰：“先生臨事勿讓。”李克曰：“君不察故也。居視其所親，富視其所與，達視其所舉，窮視其所不為，貧視其所不取，五者足以定之矣，何待克哉！”文侯曰：“先生就舍，寡人之相定矣。”李克趨而出，過翟璜之家。翟璜曰：“今者聞君召先生而卜相，果誰為之？”李克曰：“魏成子為相矣。”翟璜忿然作色曰：“以耳目之所睹記，臣何負于魏成子？西河之守，臣之所進也（《資治通鑒》作“西河守吳起，臣所進也”。《說苑》作“西河之守，觸所任也；計事內史，觸所任也”。君以鄴為憂，臣進西門豹。君謀欲伐中山，臣進樂羊。中山以拔，無使守之（《說苑》作“無使治之臣”），臣進先生。君之子無傅，臣進屈侯鮒（《韓詩外傳》作“趙蒼唐”）。臣何以負于魏成子？”李克曰：“且子之言克於子之君者，豈將比周以求大官哉？君問而置相：‘非成則璜，二子何如？’克對曰：‘君不察故也。居視其所親，富視其所與，達視其所舉，窮視其所不為，貧視其所不取，五者足以定之矣，何待克哉！’是以知魏成子之為相也。且子安得與魏成子比乎？魏成子以食祿千鐘，什九在外，什一在內，是以東得卜子夏、田子方、段幹木。此三人者，君皆師之。子之所進五人者，君皆臣之。子惡得與魏成子比也。”翟璜逡巡再拜曰：“璜，鄙人也，失對，願卒為弟子。”（《魏世家》，《說苑·臣術》第五章、《韓詩外傳》卷三第六章大體相同，而字句頗有出入，未詳細列舉。《資治通鑒》采《魏世家》）
前446,446,周貞定王二十三年（西元前四四六年）,10,考案,韓、趙、魏,,,案：翟璜，《韓詩外傳》作翟黃、《說苑》作翟觸，《說苑》記觸言，每多自稱為觸，《說苑·臣術》第七章又作翟黃。蓋觸其名而璜其字。《魏世家》、《說苑》均謂翟璜推薦屈侯鮒為太子傅，而《韓詩外傳》則作趙蒼唐，兩人事蹟均不詳。
前446,446,周貞定王二十三年（西元前四四六年）,11,考案,秦、韓、魏、吳,孔子,變法、殺,又案：《六國表》系“文侯受經子夏，過段幹木之間常式”在魏文侯十八年（西元前四〇七年），系“卜相李克翟璜爭”在魏文侯二十年；《魏世家》則總述于魏文侯二十五年以後，子夏年世不得至此時尚存。子夏比孔子少四十四歲，生於西元前五〇七年，彼居西河教授當在文侯在位之初期。魏文侯蔔相而問李克之事，當以《呂氏春秋·舉難》之記述為初相。《魏世家》、《說苑》與《韓詩外傳》所述“卜相李克翟璜爭”之故事，乃後人依據魏成子與翟璜不同之政績而加以敷張而成。錢穆《魏文侯禮賢考》雲：“子夏、田子方、段幹木皆在文侯早年，而魏成子進之。魏成子之為相應在前。吳起、樂羊、西門豹、李克、屈侯駙皆在文侯中晚年而翟璜進之。翟璜之為相應在後，似無同時蔔相二人之事。”(《先秦諸子系年》第一三五至一三六頁)余意文侯在位之時，正當經濟、政治劇變之際，因而選擇當政之相國，成為其首先必須解決之問題。早年以其弟魏成子為相，所推重者如子夏、田子方、段幹木等，皆為著名之儒者。文侯親自“受子夏經藝”，子夏乃孔門弟子中特別重視經藝者，韓非嘗稱許子夏重視《春秋》中“臣殺君、子殺父”之歷史教訓，而主張“善恃勢者早絕奸之萌”(《韓非子·外儲說右上》)。文侯在中年起用翟璜為相，翟璜所推舉之吳起、樂羊、西門豹、翟角等，皆為將相之才而有顯赫功勳者。文侯在晚年起用李悝為相，更進一步實行變法，開創戰國初期變法之風。
前446,446,周貞定王二十三年（西元前四四六年）,12,史料,魏,,,魏文侯師卜子夏，友田子方，禮段幹木，國治身逸。（《呂氏春秋·察賢》）
前446,446,周貞定王二十三年（西元前四四六年）,13,史料,,,,文侯師子夏，友田子方，敬段幹木，此名之所以過桓公也。蔔相曰：“成與璜孰可？此功之所以不及五伯也。相也者，百官之長也。擇者欲其博也。今擇而不去二人，與用其仇亦遠矣。且師友也者，公可也；戚愛也者，私安也。以私勝公，衰國之政也。然而名號顯榮者，三士羽之也。（《呂氏春秋·舉難》記白圭答孟嘗君語，《新序·雜事四》第五章略同）
前446,446,周貞定王二十三年（西元前四四六年）,14,史料,魏,,,文侯受子夏經藝，客段幹木，過其間，未嘗不軾也。（《魏世家》）
前446,446,周貞定王二十三年（西元前四四六年）,15,史料,魏,孔子,,孔子既沒，子夏居西河教授，為魏文侯師。（《仲尼弟子列傳》）
前446,446,周貞定王二十三年（西元前四四六年）,16,考案,魏、晉,子貢,救,案：《魏世家》謂“魏成子以食祿千鍾，什九在外，什一在內，是以東得卜子夏、田子方、段幹木”。《說苑·臣術》第五章同。蓋官僚制度已興，是以魏成子以文侯之弟，高居相位，有千鍾之食祿。所謂“東得卜子夏”云云，蓋子夏居西河救授，此乃安陽、黃城一帶之西河而非近龍門之西河也。《呂氏春秋·尊師》雲：“段幹木，晉國之大駔也，學于子夏。”《淮南子·汜論訓》同，高注：“駔，市儈也。”《呂氏春秋·當染》雲：“田子方學于子貢，段幹木學于子夏。”子貢、子夏乃孔門弟子對政治最有影響者。
前446,446,周貞定王二十三年（西元前四四六年）,17,史料,,,,子夏喪其子而喪其明，曾子吊之曰：“吾聞之也，朋友喪明則哭之。”曾子哭，子夏亦哭，曰：“天乎！予之無罪也！”曾子怒曰：“商，女何無罪也，吾與女事夫子于洙、泗之間，退而老於西河之上，使西河之民，疑女于夫子，爾罪一也。喪爾親，使民未有聞焉，爾罪二也。喪爾子，喪爾明，爾罪三也。而曰爾何無罪與？”子夏投其杖而拜，曰：“吾過矣！吾過矣！吾離群而索居亦已久矣。”（《禮記·檀弓上》）
前446,446,周貞定王二十三年（西元前四四六年）,18,考案,,孔子,,案：《論衡·禍虛》引用此節記述，稱為“《傳》曰”。據此可知子夏于晚年退居西河教授，西河之民視之如同孔子。
前446,446,周貞定王二十三年（西元前四四六年）,19,史料,魏,,,魏文侯與田子方飲酒而稱樂，文侯曰：“鐘聲不比乎？左高！”田子方笑，文侯曰：“奚笑？”子方曰：“臣聞之，君明則樂官，不明則樂音，今君審於聲，臣恐君之聾於官也。”文侯曰：“善，敬聞命。”(《魏策一》第六章)
前446,446,周貞定王二十三年（西元前四四六年）,20,史料,楚、魏、越,,,子擊逢文侯之師田子方於朝歌，引車避，下謁，田子方不為禮，子擊因問曰：“富貴者驕人乎？且貧賤者驕人乎？”子方曰：“亦貧賤者驕人耳，夫諸侯而驕人，則失其國，大夫而驕人則失其家，貧賤者行不合，言不用，則去之楚、越，若脫躕。然奈何其同之哉！”子擊不懌而去。（《魏世家》）
前446,446,周貞定王二十三年（西元前四四六年）,21,史料,楚、韓、魏、越,,,田子方之魏，魏太子從車百乘而迎之郊，太子再拜，謁田子方，田子方不下車。太子不說，曰：“敢問何如則可以驕人矣？”田子方曰：“吾聞以天下驕人而亡者有矣，以一國驕人而亡者有矣。由此觀之，則貧賤可以驕人矣。夫志不得，而授履而適楚、越耳，安往而不得貧賤乎？”於是太子再拜而後退，田子方遂不下車。（《韓詩外傳》卷九第二十一章）
前446,446,周貞定王二十三年（西元前四四六年）,22,考案,趙、魏、中山,,奔,案：“授履”之“授”，趙懷玉校本據《太平御覽》七七三引，改作“擌”。俞樾疑本作“鞣”。聞一多又雲：“授當作報。”以上兩則為同一事件之不同記述。《說苑·尊賢》第二十一章更有不同之傳說，謂“魏文侯從中山奔命安邑，田子方後，太子擊遇之，下車而趨，子方坐乘如故，告太子曰：為我請君，待我朝歌？太子不說，因謂子方曰：不識貧窮者驕人乎？富貴者驕人乎？子方曰：貧窮者驕人”云云，其後太子道田子方之語于文侯，文侯又大為贊許。
前446,446,周貞定王二十三年（西元前四四六年）,23,史料,,,,古者不為臣不見，段幹木逾垣而辟之。（《孟子·滕文公下》）
前446,446,周貞定王二十三年（西元前四四六年）,24,史料,秦、魏,,攻,魏文侯過段幹木之間而軾之(《淮南子·修務訓》此句上有“段幹木辭祿而處家”)，其僕曰：“君胡為軾？”(《淮南子》作“段幹木布衣之士，君軾其閭，不已甚乎！”)曰：“此非段幹木之間與？段幹木蓋賢者也，吾安敢不軾？(《淮南子》作“段幹木不趨勢利，懷君子之道，隱處窮巷，聲施千里，寡人敢勿軾乎？”)且吾聞段幹木未嘗肯以己易寡人也，吾安敢驕之？(《新序·雜事五》第九章“驕”作“高”)段幹木光乎德，寡人光乎地(《淮南子》作“光于勢”)，段幹木富於義，寡人富於財。”(《淮南子》此下有“勢不若德尊，財不若義高，幹木雖以己易寡人不為，吾日悠悠慚於影，子何以輕之哉？”《新序》此下有“地不如德，財不如義，寡人當事之者也。”)其僕曰：“然則君不相之？”於是君請相之，段幹木不肯受(《新序》無以上四句)，則君乃致祿百萬而時往館之(《新序》“館”作“問”)，於是國人皆喜，相與誦之曰：“吾君好正，段幹木之敬；吾君好忠，段幹木之隆。”居無幾何，秦興兵欲攻魏，司馬唐諫秦君曰(《淮南子》作“司馬庾”，《新序》作司馬唐且，《淮南子》注雲：“庾，秦大夫，或作唐。”《漢書·古今人表》有司馬庾，與魏文侯相接，盧文弨《群書拾補》謂《新序》“且”字乃後人誤加)：“段幹木賢者也，而魏禮之，天下莫不聞，無乃不可加兵乎？”秦君以為然，乃按兵輟不敢攻之。（《呂氏春秋·期貨》，《淮南子·修務訓》、《新序·雜事五》第九章大體相同，而字句略有出入）
前445,445,周貞定王二十四年（西元前四四五年）,1,史料,秦、齊、楚、魏、晉,,,秦厲共公三十二年，晉敬公七年，魏文侯元年，齊宣公十一年，楚惠王四十四年。
前445,445,周貞定王二十四年（西元前四四五年）,2,史料,楚、杞,,滅,楚惠王四十四年滅杞。杞，夏之後。（《六國表》）
前445,445,周貞定王二十四年（西元前四四五年）,3,史料,秦、楚、越、吳、杞,,滅,[楚惠王]四十四年楚滅杞，與秦平。是時越已滅吳，而不能正江、淮北，楚東侵廣地至泗上。（《楚世家》）
前445,445,周貞定王二十四年（西元前四四五年）,4,史料,楚、杞,,立、滅,"[杞簡公]立一年(“一”當作“四”),楚惠王之四十四年滅杞。(《陳杞世家》)"
前445,445,周貞定王二十四年（西元前四四五年）,5,史料,楚、魯、越,,,楚人與越人舟戰于江，楚人順流而進，迎流而退，見利而進，見不利則其退難。越人迎流而進，順流而退，見利而進，見不利則其退速，越人因此若執，亟敗楚人。公輸子自魯南游楚。焉始為舟戰之器作為鉤強之備。楚之兵節，越之兵不節，楚人因此亟敗越人。（《墨子·魯問》）
前445,445,周貞定王二十四年（西元前四四五年）,6,考案,秦、楚、魯,,,案：錢穆《公輸般自魯游楚考》雲：“楚之東侵，遵江沿淮，皆不能無水戰，然則公輸之游楚，宜在惠王四十四年前矣。”（《先秦諸子系年》第一三七頁）今附載於此。
前444,444,周貞定王二十五年（西元前四四四年）,1,史料,秦、齊、楚、魏、晉,,,秦厲共公三十三年，晉敬公八年，魏文侯二年，齊宣公十二年，楚惠王四十五年。
前444,444,周貞定王二十五年（西元前四四四年）,2,史料,秦,,伐,秦厲共公三十三年，伐義渠，虜其王。（《六國表》，《秦本紀》同，《後漢書·西羌傳》亦同）
前444,444,周貞定王二十五年（西元前四四四年）,3,史料,秦、齊、楚、魏、晉、周,,,周貞定王二十六年（西元前四四三年）秦厲共公三十四年，晉敬公九年，魏文侯三年，齊宣公十三年，楚惠王四十六年。
前444,444,周貞定王二十五年（西元前四四四年）,4,史料,秦,,卒、立,[秦厲共公]三十四年，日食，厲共公卒，子躁公立。（《秦本紀》）
前444,444,周貞定王二十五年（西元前四四四年）,5,史料,秦,,,[秦]刺龔公享國三十四年，葬入裡，生躁公、懷公（《秦始皇本紀》引《秦記》）
前444,444,周貞定王二十五年（西元前四四四年）,6,考案,,,,案：“刺龔”與“厲共”，音同通假。入裡，《集解》引徐廣曰：“一作人。”躁公，《索隱》雲：“又作遂公。”
前444,444,周貞定王二十五年（西元前四四四年）,7,史料,秦,,,秦厲共公三十四年日蝕，晝晦，星見。（《六國表》）
前444,444,周貞定王二十五年（西元前四四四年）,8,考案,秦、齊、代,,,案：朱文鑫《歷代日食考》卷三《戰國及秦日食考》注一雲：“日蝕晝晦星見，是系全食之象。惟是年並無全食能為中國所見。在曆共公三十五年（當作躁西元年），合於西元前四四二年三月十一日，有全食經長城內外，秦都咸陽可見九分餘，宜有晝晦、星見之象。《六國表》三十四年亦系三十五年之誤。”日本新城新藏與渡邊敏夫亦有相同之見解。惟齊藤國治以為此一論斷尚不確當，秦躁西元年所見日食，金星光度不強，尚不足以有“星見”之象。而曆共公三十三年（西元前四四四年）十一月日有環食，金星光度確能晝見。因而斷言《六國表》誤後一年。
前442,442,周貞定王二十七年（西元前四四二年）,1,史料,秦、齊、楚、魏、晉,,,秦躁西元年，晉敬公十年，魏文侯四年，齊宣公十四年，楚惠王四十七年。
前442,442,周貞定王二十七年（西元前四四二年）,2,史料,秦,,,秦躁西元年彗星見。（《秦始皇本紀》引《秦記》）
前441,441,周貞定王二十八年（西元前四四一年）,1,史料,秦、齊、楚、魏、晉、鄭,,,秦躁公二年，晉敬公十一年，魏文侯五年，齊宣公十五年，楚惠王四十八年。[秦]躁公二年南鄭反。（《秦本紀》，《六國表》同）
前441,441,周貞定王二十八年（西元前四四一年）,2,史料,周,,攻、立、殺,[周定王]二十八年定王崩，長子去疾立，是為哀王。哀王立三月，弟叔襲殺哀王而自立，是為思王。思王立五月，少弟嵬攻殺思王而自立，是為考王。此三王皆定王之子。（《周本紀》，《太平御覽》八十五引《帝王世紀》“嵬”作“隗”）
前441,441,周貞定王二十八年（西元前四四一年）,3,史料,,,,考哲王嵬。（《漢書·古今人表》）
前441,441,周貞定王二十八年（西元前四四一年）,4,考案,,,,案：考王《古今人表》作考哲王，是考王亦兩諡也。《呂氏春秋·先識》高誘注，又作考烈王，疑誤。
前440,440,周考王元年（西元前四四0年）,1,史料,秦、齊、楚、魏、晉,,,秦躁公三年，晉敬公十二年，魏文侯六年，齊宣公十六年，楚惠王四十九年。
前440,440,周考王元年（西元前四四0年）,2,史料,周,,,[周]考王封其弟于河南，是為桓公，以續周公之官職。（《周本紀》）
前440,440,周考王元年（西元前四四0年）,3,史料,周,,,西周桓公名揭，居河南。（《周本紀·索隱》引《世本》）
前440,440,周考王元年（西元前四四0年）,4,考案,周,,,案：《周本紀·正義》引《帝王世紀》亦雲：“考哲王封其弟揭于河南，續周公之官，是為西周桓公。”
前439,439,周考王二年（西元前四三九年）,1,史料,秦、齊、楚、魏、晉,,,秦躁公四年，晉敬公十三年，魏文侯七年，齊宣公十七年，楚惠王五十年。
前439,439,周考王二年（西元前四三九年）,2,史料,齊、楚、魯、宋,,攻、圍、取、殺,公輸盤為楚造雲梯之械成（《呂氏春秋·愛類》作“公輸般為高雲梯”，《宋策》第二章作“公輸般為楚設機”），將以攻宋，子墨子聞之，自魯往，裂裳裹足，日夜不休（“自魯往”原作“起于齊”，“裂裳裹足，日夜不休”八字原脫，從孫詒讓據《文選·廣絕交論注》、《世說新語·文學篇注》所引及《呂氏春秋》補正。《淮南子·修務訓》作“自魯趨而十日十夜，足重繭而不休息，裂裳裹足，至於郢”）。行十日十夜而至於郢，見公輸盤。公輸盤曰：“夫子何命焉為？”子墨子曰：“北方有侮臣，願藉之殺之。”公輸盤不說。子墨子曰：“請獻十金。”公輸盤曰：“吾義固不殺人。”子墨子起，再拜曰：“請說之。吾從北方，聞子為梯，將以攻宋，宋何罪之有？荊國有餘於地，而不足於民，殺所不足，而爭所有餘，不可謂智。宋無罪而攻之，不可謂仁。知而不爭，不可謂忠，爭而不得，不可謂強。義不殺少而殺眾，不可謂知類。”公輸盤服。子墨子曰：“然乎？不已乎？”公輸盤曰：“不可。吾既已言之王矣。”子墨子曰：“胡不見我于王。”公輸盤曰：“諾。”子墨子見王，曰：“今有人於此，舍其文軒，鄰有敝罍而欲竊之；舍其錦繡，鄰有短褐而欲竊之；舍其粱肉，鄰有糠糟而欲竊之；此為何若人？”王曰：“必為竊疾矣。”(《屍子·止楚師》及《宋策》“為”下有“有”字)子墨子曰：“荊之地方五千里，宋之地五百里，此猶文軒之與敝罍也。荊有雲夢，犀兕、麋鹿滿之，江、漢之魚鱉黿鼉為天下富(《宋策》“富”作“饒”)。宋所為無雉兔、鮒魚者也(“為”，《宋策》作“謂”，字通用。“鮒魚”原誤作“狐狸”，從王念孫據《太平御覽》所引及《屍子》、《宋策》改正)。此猶粱肉之與糠糟也。荊有長松、文梓、楩、枬、豫章，宋無長木，此猶錦繡之與短褐也。臣以三事之攻宋也，為與同類。臣見大王之必傷義而不得。”王曰：“善哉！雖然，公輸盤為我為雲梯，必取宋。”於是見公輸盤，子墨子解帶為城，以牒為械。公輸盤九設攻城之機變，子墨子九距之(《呂氏春秋》作“於是公輸般設攻宋之械，墨子設守宋之備，公輸般九攻之，墨子九卻之，不能入”)。公輸盤之攻械盡，子墨子之守圍有餘。公輸盤詘，而曰：“吾知所以距子矣，吾不言。”子墨子亦曰：“吾知所以距我，吾不言。”楚王問其故，子墨子曰：“公輸子之意，不過欲殺臣，宋莫能守，可攻也。然臣之弟子禽滑釐等三百人，已持臣守圍之器在宋城上，而待楚寇矣。雖殺臣不能絕也。”楚王曰：“善哉！吾請無攻宋矣。”子墨子歸，過宋，天雨，庇其閭中，守閶者不內也，故曰：治於神者，眾人不知其功。爭於明者，眾人知之。（《墨子·公輸》，《屍子·止楚師》、《宋策》第二章乃節略之文。《呂氏春秋·愛類》、《淮南子·修務訓》亦有不同之節略）
前439,439,周考王二年（西元前四三九年）,3,考案,楚、魯、宋,,攻、圍,案：鮑彪以為此當宋景公時，無據。蘇時學《墨子刊誤》謂《呂氏春秋》聲王圍宋十月，疑公輸為楚攻宋在是時，亦不確。孫詒讓《墨子傳略》雲：“惟《渚宮舊事》載惠王時墨子獻書之前，最為近之。蓋公輸子當生魯昭、定之間，至惠王四十年以後，五十年以前，約六十歲左右，而是時墨子未及三十，正當壯歲，故百舍重繭而不以為勞，惠王亦未甚老，故尚能見墨子。以情事揆之，無不符合。”今從之。姑定在楚惠王五十年。
前439,439,周考王二年（西元前四三九年）,4,史料,楚,,,子墨子南游于楚，獻書惠王（原作“見楚獻惠王”，從孫詒讓據《文選·注》所引及《渚宮舊事》二改正），惠王以老辭，使穆賀見子墨子。子墨子說穆賀，穆賀大說，謂子墨子曰：“子之言則成善矣，而君王，天下之大王也，毋乃曰賤人之所為而不用乎？”子墨子曰：“唯其可行，譬若藥然，草之本，天子食之，以順其疾，豈曰一草之本而不食哉。今農夫入其稅于大人，大人為酒醴粢盛，以祭上帝鬼神，豈曰賤人之所為而不享哉。故雖賤人也，上比之農，下比之藥，曾不若一草之本乎？且主君亦嘗聞湯之說乎。”（《墨子·貴義》）
前439,439,周考王二年（西元前四三九年）,5,史料,魯,,,墨子至郢，獻書惠王，王受而讀之，曰：“良書也。是寡人雖不得天下，而樂養賢人，請過（此上下有脫文），進曰百種，以待官舍人，不足須天下之賢君。”墨子辭曰（“子”字原脫）：“翟聞賢人進，道不行不受其賞，義不聽不處其朝，今書未用，請遂行矣。”將辭王而歸，王使穆賀以老辭。魯陽文君言于王曰：“墨子北方賢聖人，君王不見，又不為禮，毋乃失士。乃使文君追墨子，以書社五裡封之，不受而去。（《渚宮舊事》卷二）
前439,439,周考王二年（西元前四三九年）,6,考案,楚,,,案：《文選·注》引《墨子》雲：“墨子獻書惠王，王受而讀之，曰良書也。”畢沅以為此為《墨子》脫文，孫詒讓據此，謂“《渚宮舊事》所載，與《文選·注》所引合，必是此篇佚文，但餘氏不明著出《墨子》，文亦多刪節訛舛，今未敢據增。”《渚宮舊事》有注雲：“時惠王在位已五十年矣。”孫詒讓謂“餘說疑本《墨子》舊注”。又雲：“案楚惠王在位五十七年，墨子獻書在五十年，年齒已高，故以老辭。余知古之說，蓋可信也。”今從之。
前439,439,周考王二年（西元前四三九年）,7,史料,齊、魏、晉、衛,,,鄴本齊桓公所置也，故管子曰：築五鹿、中牟、鄴以衛諸夏也，後屬晉。魏文侯七年始封此地，故曰魏也。（《水經·濁漳水注》）
前439,439,周考王二年（西元前四三九年）,8,考案,秦、趙、魏,,遷,案：錢穆據此以為“魏文初年先曾都鄴”，並雲：“《魏世家》卜相一文，西河之守，臣所進也，君內以鄴為憂，臣進西門豹，於鄴稱內，正以其為魏都。故《太平寰宇記》卷五五相州下雲《史記》曰魏文侯出征，以西門豹守鄴，即為魏都也。而《魏策》西門豹為鄴令，辭于文侯云云，《淮南子》西門豹治鄴，文侯身行其縣云云，則似西門豹治鄴，魏文已不居鄴。則或仍居安邑。要之其時諸侯都邑，遷徙無常，又不一其居，固不得以後世相比例。”（《先秦諸子系年》第一五二至一五三頁）今案：鄴在今河北臨漳西南，正處於趙、魏交界之地，不適宜在此建都，所謂“始封”於此，即在此與封疆也。程恩澤以為“魏文侯七年得其地，改曰魏”。
前439,439,周考王二年（西元前四三九年）,9,史料,燕,,卒、立,[燕]成公十六年卒湣公立。（《燕世家》）
前439,439,周考王二年（西元前四三九年）,10,考案,周,,,案：湣公，《索隱》引《紀年》作文公，又雲：“《世本》已上文公為閔公，則湣與閔同。”可知“文公”之“文”蓋“閔”之缺誤，“湣”“閔”聲同通假。據古本《紀年》，成西元年即周貞定王十五年，成公十六年即周考王二年。
前437,437,周考王四年（西元前四三七年）,1,史料,秦、齊、楚、魏、晉、魯,,卒、立,秦躁公六年，晉敬公十五年，魏文侯九年，齊宣公十九年，楚惠王五十二年。[魯悼公]三十七年(當作三十一年)悼公卒，子嘉立，是為元公。(《魯世家》)
前437,437,周考王四年（西元前四三七年）,2,考案,秦、楚、晉、魯,智伯、秦惠王、楚懷王,卒、立、即位、滅、拔,案：《魯世家》所載哀公以下諸君年世，與《六國表》不合，與《漢書·律曆志》所載劉歆曆譜亦不同。《魯世家》雜載有別國之大事，如悼公十三年三晉滅智伯，平公十二年秦惠王卒，文公七年楚懷王死于秦，頃公二年秦拔楚郢等，皆足以校核。《魯世家》言悼公三十七年，《漢書·律曆志》同，《六國表》作三十八年。《魯世家·集解》引徐廣曰：“一本雲悼公即位三十年，乃于秦惠王卒、楚懷王死年合。”日本武內義雄《六國表訂誤》（《高瀨博士還曆紀念支那學論叢》）據此雲：“悼公年數苟作三十年，較之三十七年，雖無秦惠、楚懷之卒年改少矛盾，然尚有一年之相左。因而為避免完全不相符合計，似以哀公年數從《六國表》為二十八年，悼公年數依據《世家》異本為三十年為適當。惟魯哀公年數依據《左傳》、《魯世家》以及《漢書·律曆志》所引之《六國春秋》，皆作二十七年，而《六國表》之二十八年說，毫未發見若何確證。由此言之，假令哀公年數二十七年不能動搖，則悼公年數，決非三十七年或三十年，而系三十一年。就餘之想像言之，或《魯世家》原文悼公本作三十一年，以十一兩字誤合而成‘七’字，既誤成‘三七年’之後，轉寫之人認‘三七年’為漏寫‘十’字而改之為‘三十七年’者。”（此據《金陵學報》所載王古魯譯文）錢穆贊同其說，又論之曰：“其立說雖巧，然謂《史記》至劉歆時已傳抄有誤，而歆顧輕據誤文以草其《三統曆》不加別察乎？斯不然矣，則與其謂史文本作三十一誤為三十七者，無寧謂歆曆作三十七，或人乃據歆曆以改《史記》之為得耳。”又曰：“徐廣雲一本悼公即位三十年，必系三十一年之誤，否則仍不與秦惠王卒、楚懷王死年合也。”（《先秦諸子系年》第四六八至四六九頁）今從之。魯悼公之喪，季昭子問于孟敬子曰：“為君何食？”曰：“食粥。天下之達禮也，吾三臣者之不能居公室也，四方莫不聞矣，勉而為瘠，則吾能，毋乃使人疑夫不以情居瘠者乎哉？我則食食”（《禮記·檀弓下》）
前437,437,周考王四年（西元前四三七年）,3,史料,韓、魏、晉,,,晉幽公柳元年服韓、魏。（《六國表》）
前437,437,周考王四年（西元前四三七年）,4,考案,晉,,,案：據《古本竹書紀年》，此年當為晉敬公十五年。《六國表》系于晉幽西元年，誤前四年。
前437,437,周考王四年（西元前四三七年）,5,史料,魏,,會,[魏]文侯與虞人期獵。是日飲酒樂，天雨，文侯將出，左右曰：“今日飲酒樂，天又雨，公將焉之？”文侯曰：“吾與虞人期獵，雖樂，豈可不一會期哉？”乃往，身自罷之。魏於是乎始強。（《魏策一》第五章）
前437,437,周考王四年（西元前四三七年）,6,史料,韓,,會,韓文侯與虞人期獵，明日，會天疾風。左右止文侯，不聽，曰：“不可以風疾之故而失信，吾不為也。”遂自驅車往，犯風而罷虞人。（《韓非子·外儲說左上》）
前437,437,周考王四年（西元前四三七年）,7,考案,魏,,,案：以上二則，為一事兩傳，不知在何年，《資治通鑒》據《魏策》，作為魏文侯初年事。虞人為掌山澤之官，是時君主參與期獵，蓋期獵具有練兵性質。
前437,437,周考王四年（西元前四三七年）,8,史料,越,,,曾子居武城，有越寇。或曰：“寇至，盍去諸？”曰：“無寓人於我室，毀傷其薪木。”寇退，則曰：“修我牆屋，我將反。”寇退，曾子反。左右曰：“待先生如此其忠且敬也，寇至，則先去以為民望，寇退則反，殆於不可。”沈猶行曰：“是非汝所知也，昔沈猶有負芻之禍，從先生者七十人，未有與焉。”(《孟子·離婁下》)
前437,437,周考王四年（西元前四三七年）,9,史料,秦、魯、越,孔子,攻、立、殺,魯人攻酂，曾子辭於酂君曰：“請出，寇罷而後複來，請姑毋使狗豕入吾舍。”酂君曰：“寡人之于先生也，人無不聞，今魯人攻我而先生去我，我胡守先生之舍？”魯人果攻酂而數之罪十，而曾子之所爭者九。魯師罷，酂君複修曾子舍而後迎。（《說苑·尊賢》第二十八章）案：曾子即曾參，南武城人，字子輿，孔子弟子，少孔子四十六歲，生於西元前五〇五年。南武城為魯之邊邑，在今山東費縣西南，屬於費（讀如秘）。費或作鄪，在今費縣西北，為季孫氏之都邑，因而亦可謂曾子居於費。《秦策二》與《甘茂列傳》記甘茂對答秦武王曰：“昔者曾子處費，費人有與曾子同名族而殺人。”據此可見，《孟子》所述“曾子居武城，有越寇”，與《說苑》所述“魯人攻鄪”，同指一事，故而曾子之言行大略相同。所謂鄪君即指季孫。季孫于戰國時，據費而獨立，成為小國之君，戰國文獻中常以費作為小國。
前437,437,周考王四年（西元前四三七年）,10,考案,秦、齊、韓、魯、越、衛、代,,伐、攻、卒、立、取、殺、奔,又案：錢穆《曾子居武城有越寇考》斷言此事在魯哀公二十七年三桓攻公而公出奔，國人又迎哀公複歸而卒之際，雲：“夫三桓攻公而出之，國人迎而歸之，越人送之，攻酂而數以十罪，必此時矣。”(《先秦諸子系年》第一○九至一一○頁)此說並無確據。哀公欲以越伐魯而去三桓，因而三桓攻公，公被迫出奔，經歷衛、鄒而如越，然後國人迎而複歸，卒於有山氏。越是否發兵護送，文獻不見記載。即使越發兵護送，倉猝之間魯哀公未必能同時調遣魯人攻酂。此時季孫尚未據費而成為小國之君，亦不得稱為酂君。童書業《春秋左傳考證》第二卷第四條“季氏之亡”，斷言此事在魯元公時，其論據如下：“《檀弓》亦載孟敬子譏諷季昭子問悼公之喪為君何食之語，《春秋》以上‘昭’非善諡，以昭為諡者多不得令終。季昭子蓋為季氏亡時之主，非被殺即被逐。《墨子·耕柱》亦載季、孟二氏不和事，可見是時季氏內部既有問題，三家又不相睦，故魯元公學其祖哀公之法，借此時稱霸東方之越兵伐季氏。……季氏蓋即亡於此時，其大宗或其支、庶、臣屬不得不離魯守費，成為小國之君。季氏既亡，叔、孟二氏自不足為患，魯君乃得收回政權，進行中央集權之改制。”(《春秋左傳研究》第二五九至二六○頁)此一推斷較為合理，但論據尚不足。三桓之興衰，前人已有論述。龔元玠《畏齋四書·客難》(《龔畏齋先生十三經客難》所收)雲：“《史記》：魯悼公時，三桓勝，魯如小侯。悼公卒，季昭子、孟敬子見《檀弓》，三桓猶無恙，不知元公二十一年中，三桓廢興何以大相懸？以《通鑒》考之，穆公二年齊田和取成，似孟孫已奔邾，鄒孟子為孟氏裔可證。季孫似已據費、卞、東野等邑為小國君。費惠公師子思亦可證，叔孫則無考。”此一分析頗具卓見。季孫氏在魯國權勢之衰落當在元公、穆公之際。《韓非子·難三》雲：“魯之公室，三世劫于季氏。”當指哀公、悼公、元公三代。《難三》又雲：“今子思不以過聞而穆公貴之，厲伯以奸聞而穆公賤之。人情皆喜貴而惡賤，故季氏之亂成而不上聞，此魯君之所以劫也。”可知魯穆公亦嘗為季氏所劫。余意魯國於元公、穆公間，其內政有所改革，從而逐步擺脫季孫之劫持，當魯穆公時，公儀休為相，終於形成“奉法循理”之集權政體，季孫氏僅據有其封邑費，而成為獨立小國。
前437,437,周考王四年（西元前四三七年）,11,考案,秦、齊、楚、燕、韓、趙、魏、魯、衛、宋、鄭,齊湣王,立,又案：費作為獨立小國，當始于魯元公時。《孟子·萬章下》有師事子思之費惠公，當與魯穆公同時。《楚世家》頃襄王十八年弋射者見頃襄王曰：“故秦、魏、燕、趙者，騏雁也；齊、魯、韓、衛者，青首也；騶、費、鄭、邳者，羅鴦也。”《水經·沂水注》引《魯連子》稱：“陸子謂齊湣王曰：魯費之眾，臣甲舍於襄賁者也。”《呂氏春秋·慎勢》又雲：“以大使小，以重使輕，以眾使寡，此王者之所以家以完也，故曰：以滕、費則勞，以鄒、魯則逸，以宋、鄭則猶倍日而馳也，以齊、楚則舉而加綱旃而已矣。所用彌大，所欲彌易。”據此可知費為長期存在之小國。
前435,435,周考王六年（西元前四三五年）,1,史料,秦、齊、楚、魏、晉,,,秦躁公八年，晉敬公十七年，魏文侯十一年，齊宣公二十一年，楚惠王五十四年。
前435,435,周考王六年（西元前四三五年）,2,史料,秦,,,秦躁公八年六月雨雪，日月蝕。（《六國表》）
前435,435,周考王六年（西元前四三五年）,3,考案,秦、齊,,,案：朱文鑫以為是年十月十五日有日食，六月八日有月食。渡邊敏夫以為是年五月二十日有日食，十月三十日有月食，齊藤國治以為是年日食非咸陽所能見。秦躁公七年七月朔有日食能為咸陽所見，十一月九日有月食，《六國表》誤後一年。
前434,434,周考王七年（西元前四三四年）,1,史料,秦、齊、楚、魏、晉,,,秦躁公九年，晉敬公十八年，魏文侯十二年，齊宣公二十二年，楚惠王五十五年。
前434,434,周考王七年（西元前四三四年）,2,史料,韓、趙、魏、晉,,卒、立,[晉哀公]十八年哀公卒，子幽公柳立。幽公之時，晉畏，反朝韓、趙、魏之君。獨有絳、曲沃，餘皆入三晉。（《晉世家》）
前434,434,周考王七年（西元前四三四年）,3,考案,晉、周,,,案：《晉世家》之哀公即《紀年》之敬公，已詳周貞定王十七年案語中。
前433,433,周考王八年（西元前四三三年）,1,史料,秦、齊、楚、魏、晉,,,秦躁公十年，晉幽西元年，魏文侯十三年，齊宣公二十三年，楚惠王五十六年。
前433,433,周考王八年（西元前四三三年）,2,史料,楚,,,佳(惟)王五十又六祀，返自西旃(陽)，楚王酓章乍(作)曾侯乙宗彝，寞之於西旃，其永時用享。（楚王酓章鎛與楚王酓章鐘銘文）
前433,433,周考王八年（西元前四三三年）,3,考案,楚、宋、代,,,案：楚王奢章即楚惠王熊章。奢、熊聲近通轉。西旃即是《漢書·地理志》江夏郡之西陽，在今河南光山縣西南。北宋曾出土兩件銘文相同之鐘，見於著錄，據雲器出安陸，即今湖北安陸縣，與西陽鄰近。一九七八年同銘之鎛又出土於湖北隨縣城關西北擂鼓墩之曾侯乙墓中。據銘文，楚惠王於此年製作曾侯乙宗廟用之禮器，送往西陽祭奠。西陽當即曾之國都所在，設有君主之宗廟。從其出土地點，可知當時曾國不僅建都于潢水流域之西陽，並佔有溳水流域之隨縣與安陸。春秋戰國之際，君主之宗廟皆建於都城。《左傳》莊公二十八年雲：“凡邑，有宗廟先君之主曰都。”不可能建於別處。“返自西旆”，之“返”，前因宋代摹本有誤，誤釋為“徙”，由此曾引起錯誤之論斷。
前433,433,周考王八年（西元前四三三年）,4,史料,楚、魯、鄭,,,曾侯乙墓，一九七八年發現於湖北隨縣城關西北五裡擂鼓墩，槨室分北、東、中、西四室，共出青銅禮樂器及其他器物二百五十多件。青銅禮器有升鼎九件與簋八件，以顯示君主身分。尚有鑊鼎二件、簋鼎九件以及簠、敦、壺、缶、輿缶、尊、豆、鬲、甗、盤、匜、勺、匕等。青銅樂器有編鐘六十四件，另有楚王熊章鎛一件，分三層掛于鐘架。另有編磬三十二件，分兩層掛於磬架。樂器更有鼓四件，瑟十二件，笙二件，排簫二件，橫吹竹笛二件。更有四千五百餘件青銅兵器，大多出於北室，車馬器一千餘件，出於北室與東室，竹筒二百四十多枚，出於北室。竹簡記載喪禮所用車馬兵甲，其中述及贈車者，除大臣外，尚有若干楚之封君，如遄（魯）旃（陽）君、旃（陽）城君、坪（平）夜（輿）君、邾（養）君、鄭君、鄢君、邾君等，皆為史書所不見。（見《湖北隨縣曾侯乙墓發掘簡報》及《談談隨縣曾侯乙墓的文字資料》，《文物》一九七九年第七期）
前433,433,周考王八年（西元前四三三年）,5,考案,楚、晉、周、魯、宋、鄭、代,,攻、滅、遷,案：二十世紀六十年代以來，河南新野，湖北棗陽、隨縣、京山等地，陸續出土西周晚期以及春秋、戰國初期曾國銅器。曾當即西周末年隨同申與犬戎攻滅西周之繒或鄫，見於《國語·鄭語》與《史記·周本紀》。韋昭《國語·注》：“繒，姒姓，申之與國也。”《史記·正義》引《括地志》：“繒縣在沂州承縣，古侯國，禹後。”春秋時，繒國在今山東蒼山縣西北。據《春秋》《左傳》，繒在魯襄公六年（西元前五六七年）為莒所滅。若西周時繒國在今山東蒼山縣西北，決不可能與申共攻西周。高士奇《春秋地名考略》卷十四與雷學淇《竹書紀年義證》卷三十七，因此皆謂西周之繒，與申接壤，楚方城外之繒關，蓋其故墟。其說可信。江永《春秋地理考實》推定繒關在今方城縣。《荀子·堯問》雲：“繒丘之封人見楚相孫叔敖”，楊倞注：“繒與鄫同，繒丘，故國。封人，掌疆界。”“丘”與“墟”同義。地名繒丘，猶雲繒墟，即為繒之故都所在。其地當與繒關相近，正當楚之北方邊界，故有掌疆界之封人在焉。繒為西周末年強國之一。《國語·鄭語》記史伯曰：“申、繒、西戎方強。”繒隨同申與犬戎滅西周之後，當有所擴展。但其擴展之時期不長。春秋時楚向中原開拓而北上爭霸，楚文王嘗攻滅申、息等國而改建為縣，作為北上爭霸之重鎮。同時，繒之故都必為楚所佔有而成邊防要地。雷學淇謂繒遷峰東，當在春秋之初。估計繒在此時，主力向東南遷移，因而戰國初期仍居於三晉、宋、楚之間，建都于西陽。其另外一支則已遷往山東。
前433,433,周考王八年（西元前四三三年）,6,考案,,,滅,又案：韋昭《國語·注》等，以為繒姒姓，可信。湖北出土之春秋早期曾子斿鼎，銘雲：“惠於刺(烈)曲。”《世本》：“曾氏，夏少康封其少子曲烈於鄫，襄六年莒滅之。”曲烈當即烈曲。
前432,432,周考王九年（西元前四三二年）,1,史料,秦、齊、楚、魏、晉,,,秦躁公十一年，晉幽公二年，魏文侯十四年，齊宣公二十四年，楚惠王五十七年。
前432,432,周考王九年（西元前四三二年）,2,史料,楚,,卒、立,[楚惠王]五十七年惠王卒，子簡公中立。（《楚世家》，《六國表》“中”作“仲”）
前432,432,周考王九年（西元前四三二年）,3,史料,晉、衛,,卒、立,[衛]敬公十九年卒，子昭公紂立。是時三晉強，衛如小侯屬之。（《衛世家》）
前432,432,周考王九年（西元前四三二年）,4,史料,衛,,,衛敬公生橈公舟。（《衛世家·索隱》引《世本》）案：橈公舟即昭公糾，“橈”與“昭”，“舟”與“糾”，音同通用。
前431,431,周考王十年（西元前四三一年）,1,史料,秦、齊、楚、魏、晉,,,秦躁公十二年，晉幽公三年，魏文侯十五年，齊宣公二十五年，楚簡王元年。
前431,431,周考王十年（西元前四三一年）,2,史料,楚,,伐、滅,[楚]簡王元年北伐滅莒。（《楚世家》，《六國表》亦雲此年“滅莒”）
前431,431,周考王十年（西元前四三一年）,3,史料,楚,,,中子化用保楚王，用正(征)梠(莒)，用擇其吉金，自乍(作)朕盤。(中子化盤銘文)
前431,431,周考王十年（西元前四三一年）,4,考案,齊、楚、越、代,,伐、滅,案：梠即莒。中子化當為征伐莒之楚將，不見文獻記載。《齊策五》第一章蘇代說齊閔王曰：“莒恃越而滅。”《水經·沭水注》引《屍子》曰：“莒君好鬼巫而國亡。”
前431,431,周考王十年（西元前四三一年）,5,史料,周,,,周考王十一年（西元前四三0年）.
前431,431,周考王十年（西元前四三一年）,6,史料,秦、齊、楚、魏、晉,齊宣王,,秦躁公十三年，晉幽公四年，魏文侯十六年，齊宣王二十六年，楚簡王二年。
前431,431,周考王十年（西元前四三一年）,7,史料,秦,,伐,[秦躁公]十三年義渠來伐，至渭南。（《秦本紀》）
前431,431,周考王十年（西元前四三一年）,8,史料,秦,,伐,秦躁公十三年義渠伐秦，侵至渭陽。（《六國表》）
前431,431,周考王十年（西元前四三一年）,9,史料,秦,,伐,至貞王二十五年秦伐義渠，虜其王。後十四年，義渠侵秦，至渭陰。（《後漢書·西羌傳》）
前431,431,周考王十年（西元前四三一年）,10,考案,秦、周,,,案：周貞王二十五年之後十四年，正是秦躁公十三年。《六國表》作“渭陽”，而《後漢書》作“渭陰”，古人以水北為陽，水南為陰，“渭陰”與《秦本紀》“渭南”相合。《六國表》作“渭陽”，非是。
前429,429,周考王十二年（西元前四二九年）,1,史料,秦、齊、楚、魏、晉,,,秦躁公十四年，晉幽公五年，魏文侯十七年，齊宣公二十七年，楚簡王三年。
前429,429,周考王十二年（西元前四二九年）,2,史料,秦,,卒、立,[秦躁公]十四年躁公卒，立其弟懷公。（《秦本紀》）
前429,429,周考王十二年（西元前四二九年）,3,史料,秦,,,[秦]躁公享國十四年居受寢，葬悼公南。（《秦始皇本紀》引《秦記》）
前429,429,周考王十二年（西元前四二九年）,4,史料,秦、晉,,,[秦]懷公從晉來。（《秦始皇本紀》引《秦記》）
前428,428,周考王十三年（西元前四二八年）,1,史料,秦、齊、楚、魏、晉,,,秦懷西元年，晉幽公六年，魏文侯十八年，齊宣公二十八年，楚簡王四年。
前428,428,周考王十三年（西元前四二八年）,2,史料,秦,,,秦懷西元年生靈公。（《六國表》）
前428,428,周考王十三年（西元前四二八年）,3,考案,秦,,卒、立、即位,案：張文虎曰：“《表》於是年書生靈公，而於靈西元年下書生獻公，首尾僅五年，錯誤甚矣。考《秦本紀》雲：“懷公太子曰昭子，蚤死，大臣乃立太子昭子之子，是為靈公。”《六國表》同。靈公乃懷公之孫而非子，梁玉繩謂《秦始皇本紀》引《秦記》雲：“懷公生靈公”以及此表，皆必生昭子之誤。亦不確切。若是年生昭子，四年後安得有靈公即位。若是年生靈公，四年後即位，在位十年卒，試問靈公將何時生獻公？此表“生靈公”，當是“生簡公”之誤。《秦本紀》雲：“簡公，昭子之弟而懷公子也。”
前427,427,周考王十四年（西元前四二七年）,1,史料,秦、齊、楚、魏、晉,,,秦懷公二年，晉幽公七年，魏文侯十九年，齊宣公二十九年，楚簡王五年。
前427,427,周考王十四年（西元前四二七年）,2,史料,晉,,,晉幽公七年大旱，地長生鹽。（《北堂書鈔》一百四十六引《紀年》）
前426,426,周考王十五年（西元前四二六年）,1,史料,秦、齊、楚、魏、晉,,,秦懷公三年，晉幽公八年，魏文侯二十年，齊宣公三十年，楚簡王六年。
前426,426,周考王十五年（西元前四二六年）,2,史料,周,,立,周考王十五年崩，子威烈王午立。（《周本紀》）
前426,426,周考王十五年（西元前四二六年）,3,史料,衛、代,,立,[衛]昭公六年公子亹弑之代立，是為懷公。（《衛世家》，《六國表》系衛悼西元年於次年，當誤）
前426,426,周考王十五年（西元前四二六年）,4,史料,韓、晉,,取,王登為中牟令，上言於襄主曰：“中牟有士曰中章、胥己者，其身甚修，其學甚博，君何不舉之？”主曰：“子見之，我將為中大夫。”相室諫曰：“中大夫，晉重列也，今無功而受，非晉臣之意，君其耳而未之目邪？”襄主曰：“我取登，既耳而目之矣；登之所取，又耳而目之。是耳目人絕無已也。”王登一日而見二中大夫，予之田宅。中牟之人棄其田耘、賣宅圃而隨文學者，邑之半。（《韓非子·外儲說左上》）
前426,426,周考王十五年（西元前四二六年）,5,史料,趙、代,趙襄子,,案《呂氏春秋·知度》篇有大體相同之記述。惟“王登”作“任登”，“上言於襄主”作“上計言於襄子”，結尾無“王登一日而二見中大夫”云云。當以“上計言於襄子”為是，可知當時趙已推行年終考績之“上計”制度，並於“上計”之時可向國君推薦人才，此乃漢代郡國上計時貢士制度之開端。此言因舉賢而“賣宅圃而隨文學者，邑之半”。可知宅圃已可買賣。此事不知在何年，今系于趙襄子在位之晚年。
前425,425,周威烈王元年（西元前四二五年）,1,史料,秦、齊、楚、魏、晉,,,秦懷公四年，晉幽公九年，魏文侯二十一年，齊宣公三十一年，楚簡王七年。
前425,425,周威烈王元年（西元前四二五年）,2,史料,晉,,,[晉]幽公九年，丹水出，相反擊。（《水經·沁水注》引《紀年》）
前425,425,周威烈王元年（西元前四二五年）,3,史料,秦,,圍、立、殺,[秦]懷公四年庶長鼂(“鼂”即“晁”字)與大臣圍懷公，懷公自殺，懷公太子曰昭子，蚤死，大臣乃立昭子之子，是為靈公。靈公，懷公孫也。（《秦本紀》）秦懷公四年庶長鼂殺懷公。太子蚤死，大臣立太子之子為靈公。（《六國表》）
前425,425,周威烈王元年（西元前四二五年）,4,史料,秦,,殺,[秦懷公]享國四年葬櫟圉氏。生靈公。諸臣圉懷公，懷公自殺。（《秦始皇本紀》引《秦記》）
前425,425,周威烈王元年（西元前四二五年）,5,史料,秦,,,[秦]肅靈公，昭子子也，居涇陽。（《秦始皇本紀》引《秦記》，《索隱》雲：“《紀年》及《世本》無肅字。”）
前425,425,周威烈王元年（西元前四二五年）,6,考案,秦,,立,案：秦靈公為昭子之子，懷公之孫。《秦始皇本紀》引《秦記》謂懷公生靈公，非是。《六國表》既言“大臣立太子之子為靈公”，又言“懷公生靈公”，自相抵牾。《紀年》與《世本》皆稱秦靈公，無肅字，梁玉繩《史記志疑》謂《秦始皇本紀》引《秦記》稱肅靈公，乃誤增肅字。然亦可能有肅、靈兩諡，未必是誤增。
前425,425,周威烈王元年（西元前四二五年）,7,史料,趙、魯、代,趙襄子,卒、立、即位、取、殺,[趙襄子]其後娶空同氏，生五子。襄子為伯魯之不立也，不肯立子，且必欲傳位與伯魯子代成君。成君先死，乃取代成君子浣為太子。襄子立三十三卒，浣立，是為獻侯。獻侯少即位，治中牟。襄子弟桓子逐獻侯，自立於代，一年卒。國人曰桓子立非襄子意，乃共殺其子而複迎立獻侯。（《趙世家》）
前425,425,周威烈王元年（西元前四二五年）,8,史料,趙,趙襄子,卒,趙襄子三十三年（當作五十一年）襄子卒。（《六國表》）
前425,425,周威烈王元年（西元前四二五年）,9,史料,趙、代,,,代成君子起即襄子之子。（《趙世家·索隱》引《世本》）
前425,425,周威烈王元年（西元前四二五年）,10,史料,趙、魏,,,[趙]桓子名嘉，襄子之子。（《魏世家·索隱》引《世本》，《趙世家·索隱》亦雲：“襄子子桓子”）
前425,425,周威烈王元年（西元前四二五年）,11,考案,趙、魏、周、魯、中山、代,,卒、立、即位、滅、取,案：《趙世家》謂襄子滅代“遂以代封伯魯子周為代成君。伯魯者，襄子兄也，故太子，太子早死，故封其子。”《索隱》雲：“《世本》雲：代成君子起即襄公之子，不雲伯魯，非也。”《趙世家》謂襄子有兄伯魯，原為太子而早死，故而襄子封伯魯之子周為代成君。襄子欲傳位於代成君，代成君又先死，乃取代成君之子為太子而傳位，是為獻侯。獻侯年少即位，治于中年，而襄子弟桓子逐獻侯自立於代，桓侯在位僅一年而卒，國人又複迎立獻侯。如此說，獻侯乃襄子兄之孫，從此趙君為襄子兄之後裔。《世本》之記載則不同，代成君子起即襄子之子，襄子因太子早死而傳位於太子之子，是為獻侯，獻侯即嫡系之孫。《世本》又謂桓子亦襄子之子，則桓子逐獻侯而自立，乃襄子之子孫之間爭奪。餘意《世本》之記載可信，蓋襄子初以長子起封于代而為代成君，代成君先死，即以成君子浣立為太子，而別以少子桓子封於代。猶如魏文侯先封長子于中山，後又以次子封于中山也。桓子為襄子少子，故於襄子卒後，與襄子孫獻子爭立，遂自立於代，亦猶魏武侯卒，公子緩據鄴而與惠王茁治安邑者爭立也。
前425,425,周威烈王元年（西元前四二五年）,12,考案,趙、晉、周,趙襄子,卒、立,又案：趙襄子立于周元王元年，《六國表》記趙襄子元年在周定王十二年，蓋誤後十八年。襄子在位五十一年卒，非三十三年卒，獻侯乃追尊之稱。《趙世家》稱：烈侯六年即周威烈王二十三年，當三晉列為諸侯時，烈侯追尊其父為侯。
前424,424,周威烈王二年（西元前四二四年）,1,史料,秦、齊、楚、韓、魏、晉,,,秦靈西元年，晉幽公十年，魏文侯二十二年，韓武子元年，齊宣公三十二年，楚簡王八年。
前424,424,周威烈王二年（西元前四二四年）,2,史料,秦,,,秦靈西元年生獻公。（《六國表》）
前424,424,周威烈王二年（西元前四二四年）,3,史料,秦、韓、趙、魏、周,,,魏文侯元年，秦靈公之元年也。與韓武子、趙桓子、周威王同時。（《魏世家》）
前424,424,周威烈王二年（西元前四二四年）,4,史料,秦、韓、趙、魏、周,,,《六國表》以秦靈西元年、魏文侯元年、韓武子元年、趙桓子元年同列于周威烈王二年。
前424,424,周威烈王二年（西元前四二四年）,5,史料,韓、魏,,,[韓]武子名啟章，康子子。（《魏世家·索隱》引《世本》）
前424,424,周威烈王二年（西元前四二四年）,6,考案,秦、齊、楚、韓、趙、魏、晉、周,,稱王、會,案：《楚世家》稱：“簡王八年（即周威烈王二年）魏文侯、韓武子、趙桓子始列為諸侯。”錢穆《三晉始侯考》論之曰：“楚簡王八年，正當魏文侯二十三年。今《史表》誤作魏文元年者，《魏世家》雲魏文以二十二年為侯，則二十三年乃稱侯後之元年。如《秦本紀》秦惠文王以十三年四月戊午稱王，而明年更為元年也。今《史記》誤以稱侯更元之年，為魏文元年，遂誤遺其前二十二年，猶如梁惠王徐州稱王更元之年為魏襄王元年而誤遺其後之十六年也。……然則楚簡王八年，持魏文稱侯之元年而史誤以為魏文侯、趙桓子、韓武子始列為諸侯者，猶如徐州之會僅齊魏相王，而《魏世家》誤以為諸侯之相王也。”（《先秦諸子系年》第一四一至一四二頁）此說甚是。《魏世家》雲：“魏文侯元年，秦靈公之元年也。”太史公當依據《秦記》，此乃魏文侯自稱為侯而改元之年，是年恰為韓武子元年與趙桓子元年，於是《楚世家》誤以是年為“魏文侯、韓武子、趙桓子始列為諸侯”。但此與《六國表》、《魏世家》同稱魏文為侯，而稱韓武、趙桓為子，亦可見是年惟魏文稱侯也。
前424,424,周威烈王二年（西元前四二四年）,7,考案,晉、周、鄭,,卒、滅、會,案：《六國表》失載共公年世，《鄭世家》謂共公三十年卒。今以《六國表》推算，哀西元在周定王七年，幽西元在周威烈王三年，其間相距三十九年，哀公既為八年，則共公在位首尾應有三十一年，梁玉繩、張文虎皆主張改作三十一年，《史記會注考證》從之。但據《鄭世家》雲：“共公三年三晉滅知氏。”梁玉繩以事當在二年。其實，哀公見弑，共公蓋未逾年改元，故而三晉滅知氏在共公三年。據此共公當有三十二年，而《鄭世家》記共公只三十年。
前424,424,周威烈王二年（西元前四二四年）,8,史料,秦、齊、楚、韓、趙、魏、晉,,,秦靈公二年，晉幽公十一年，魏文侯二十三年，韓武子二年，趙獻子元年，齊宣公三十三年，楚簡王九年。
前424,424,周威烈王二年（西元前四二四年）,9,史料,趙,,即位,[趙]獻侯少即位，治中牟。（《趙世家》）
前424,424,周威烈王二年（西元前四二四年）,10,考案,晉,,遷,案：《史記·正義》雲：“鄴即相州蕩陰縣西五十八裡，有牟山。蓋中牟邑在此山側也。”中牟在今河南鶴壁市西，獻侯自晉陽遷此，蓋圖謀向中原擴展。
前424,424,周威烈王二年（西元前四二四年）,11,史料,韓、鄭,,伐、立、殺,[鄭]幽西元年韓武子伐鄭，殺幽公，鄭人立幽公弟駘，是為縹公。（《鄭世家》，《六國表》作“韓殺之”）
前424,424,周威烈王二年（西元前四二四年）,12,史料,韓、鄭,,伐、殺,[韓]武子二年伐鄭，殺其君幽公。（《韓世家》）
前424,424,周威烈王二年（西元前四二四年）,13,考案,鄭,,,案：《鄭世家》以縹公為幽公弟，而《六國表》以為幽公子，未知孰是。
前422,422,周威烈王四年（西元前四二二年）,1,史料,秦、齊、楚、韓、趙、魏、晉,,,秦靈公三年，晉幽公十二年，魏文侯二十四年，韓武子三年，趙獻子二年，齊宣公三十四年，楚簡王十年。
前422,422,周威烈王四年（西元前四二二年）,2,史料,秦,,,秦靈公三年作上下畤。（《六國表》）
前422,422,周威烈王四年（西元前四二二年）,3,史料,秦、吳,,,秦靈公作吳陽上畤，祭黃帝，作下畤，祭炎帝。（《封禪書》）
前422,422,周威烈王四年（西元前四二二年）,4,史料,韓、鄭,,立,鄭立幽公子，為縉西元年。（《六國表》韓武子三年下）
前422,422,周威烈王四年（西元前四二二年）,5,史料,晉,,,[晉]幽公十二年無雲而雷。（《太平御覽》八七六引《史記》）
前422,422,周威烈王四年（西元前四二二年）,6,考案,,,,案：林春溥《竹書紀年補證》、朱右曾《汲塚紀年存真》、王國維《古本竹書紀年輯校》，均以為引《紀年》而誤作《史記》。
前421,421,周威烈王五年（西元前四二一年）,1,史料,秦、齊、楚、韓、趙、魏、晉,,,秦靈公四年，晉幽公十三年，魏文侯二十五年，韓武子四年，趙獻子三年，齊宣公三十五年，楚簡王十一年。
前421,421,周威烈王五年（西元前四二一年）,2,史料,楚、晉、魯,,取、會,[晉]幽公十三年魯季孫會晉幽公于楚丘，取葭密，遂城之。（《永樂大典》本《水經·濟水注》引《竹書紀年》，《太平寰宇記》十三曹州乘氏縣下引《竹書紀年》同，惟“晉幽公”作“晉侯”，“楚丘”誤作“楚”，脫“丘”字）
前421,421,周威烈王五年（西元前四二一年）,3,考案,楚、趙,,,案：全祖望、趙一清、戴震《水經注》校本皆改作“元公三年”，戴校本有校語：“案近刻訛作幽王十三年。”朱謀瑋《水經注》校本誤作“幽王”，箋雲：“舊本作幽公。”當從《永樂大典》本《水經注》及《太平寰宇記》作“幽公十三年”為是。楚丘在今山東曹縣東南。葭密在今山東菏澤東北。
前420,420,周威烈王六年（西元前四二0年）,1,史料,秦、齊、楚、韓、趙、魏、晉,,,秦靈公五年，晉幽公十四年，魏文侯二十六年，韓武子五年，趙獻子四年，齊宣公三十六年，楚簡王十二年。
前420,420,周威烈王六年（西元前四二0年）,2,史料,魏、晉,,立,魏誅晉幽公，立其弟止。（《六國表》）
前420,420,周威烈王六年（西元前四二0年）,3,考案,秦、魏、晉、周,,立、殺,案：《六國表》記此事于魏文侯五年，即周威烈王六年。據《古本竹書紀年》，此年為晉幽公十四年，《晉世家》謂：“晉幽公十八年幽公淫婦人，夜竊出邑中，盜殺幽公。魏文侯以兵誅晉亂，立幽公子止，是為烈公。”《表》作“魏誅晉幽公”，大誤。《晉世家·索隱》引《紀年》雲：“夫人秦嬴賊公于高寢之上。”《太平御覽》八百七十六引《史記》亦雲：“（幽公）十八年晉夫人秦嬴賊君于高寢。”則殺君為夫人秦嬴。《六國表》記此事又誤前四年。
前419,419,周威烈王七年（西元前四一九年）,1,史料,秦、齊、楚、韓、趙、魏、晉,,,秦靈公六年，晉幽公十五年，魏文侯二十七年，韓武子六年，趙獻子五年，齊宣公三十七年，楚簡王十三年。
前419,419,周威烈王七年（西元前四一九年）,2,史料,魏,,,[魏文侯]六年(當作二十七年)城少梁。(《魏世家》，《六國表》同)
前419,419,周威烈王七年（西元前四一九年）,3,史料,秦、晉,,,[秦]靈公六年晉城少梁，秦擊之。（《秦本紀》）
前419,419,周威烈王七年（西元前四一九年）,4,考案,秦、魏、晉,,,案：《秦本紀》所謂晉，即指魏。《六國表》記秦靈公七年“與魏戰少梁”。蓋戰爭連續二年。
前418,418,周威烈王八年（西元前四一八年）,1,史料,秦、齊、楚、韓、趙、魏、晉,,,秦靈公七年，晉幽公十六年，魏文侯二十八年，韓武子七年，趙獻子六年，齊宣公三十八年，楚簡王十四年。
前418,418,周威烈王八年（西元前四一八年）,2,史料,秦、魏,,,秦靈公七年與魏戰少梁。（《六國表》）
前417,417,周威烈王九年（西元前四一七年）,1,史料,秦、齊、楚、韓、趙、魏、晉,,,秦靈公八年，晉幽公十七年，魏文侯二十九年，韓武子八年，趙獻子七年，齊宣公三十九年，楚簡王十五年。
前417,417,周威烈王九年（西元前四一七年）,2,史料,秦、魏,,取,秦靈公八年城塹河瀕。初以君主妻河。（《六國表·索隱》雲：“謂初以此年取他女為君主，君主猶公主也。妻河，謂嫁之河伯，故魏俗猶為河伯娶婦，蓋其遺風，殊異其事，故雲初”）
前417,417,周威烈王九年（西元前四一七年）,3,考案,秦、魏,,,案：《秦本紀》與《六國表》載厲共公十六年“塹河旁”。此年又“城塹河瀕”，皆于黃河旁邊興建防禦之城牆，即利用河堤加工擴建之防禦工事，目的在於防止魏之進擊。
前417,417,周威烈王九年（西元前四一七年）,4,考案,秦、趙,,,又案：是年“初以君主妻河”。蓋秦於是年推行此間原有部族所流行“河伯娶婦”之習俗。《趙世家》載霍泰山山神之朱書，謂將賜趙林胡之地，奄有河宗，至於休、溷諸貉。《正義》雲：“《穆天子傳》雲：‘河宗之子孫鄘栢絮’，按蓋在龍門、河之上流，嵐、勝二州之地也。”蓋龍門以上、黃河上游有部族河宗氏，以河伯為其始祖而崇拜。河伯娶婦之俗，疑即河宗氏之巫術信仰，世界各地沿河流部族皆有此風俗。
前417,417,周威烈王九年（西元前四一七年）,5,史料,魏,,,魏文侯八年（當作二十九年）複城少梁。（《六國表》）
前416,416,周威烈王十年（西元前四一六年）,1,史料,秦、齊、楚、韓、趙、魏、晉,,,秦靈公九年，晉幽公十八年，魏文侯三十年，韓武子九年，趙獻子八年，齊宣公四十年，楚簡王十六年。
前416,416,周威烈王十年（西元前四一六年）,2,史料,魏、晉,,立、殺,[晉幽公]十八年幽公淫婦人，夜竊出邑中，盜殺幽公。魏文侯以兵誅晉亂，立幽公子止，是為烈公。（《晉世家》）
前416,416,周威烈王十年（西元前四一六年）,3,史料,晉,,,[晉]幽公生烈成公止。（《晉世家·索隱》引《世本》）
前416,416,周威烈王十年（西元前四一六年）,4,史料,秦、晉,,,〔晉幽公]夫人秦嬴賊公于高寢之上。（《晉世家·索隱》在幽公十八年下引《紀年》
前416,416,周威烈王十年（西元前四一六年）,5,考案,秦、魏、晉、周,,立,案：《太平御覽》八七六引《史記》雲：“幽公十二年，無雲而雷，至十八年，晉夫人秦嬴賊君于高寢。”《六國表》于魏文侯五年即周威烈王六年記“魏誅晉幽公，立其弟止”。與此不同。蓋誤前四年。
前416,416,周威烈王十年（西元前四一六年）,6,史料,魯,,卒、立,魯元公二十一年卒，子顯立，是為穆公。（《魯世家》）
前416,416,周威烈王十年（西元前四一六年）,7,考案,周、魯,,,案：《索隱》雲：“《世本》顯作不衍。”《六國表》系魯穆西元年在周威烈王十九年，蓋誤後八年。
前416,416,周威烈王十年（西元前四一六年）,8,史料,魯,,,魯繆公之時，公儀子為政，子柳、子思為臣，魯之削也滋甚。（《孟子·告子下》淳於髡謂孟子，《說苑·雜言》第八章作“子思、子庚為臣”）
前416,416,周威烈王十年（西元前四一六年）,9,史料,韓、魯,,,公儀休相魯而嗜魚，一國盡爭買魚而獻之，公儀子不受《淮南子·道應訓》作“一國獻魚，公儀子弗受”，《韓詩外傳》卷三第二十一章作“一國人獻魚而不受”。其弟子諫曰(“子”字原脫，據《淮南子》增補)：“夫子嗜魚而不受何也？”(《韓詩外傳》無“夫子”二字)對曰：“夫唯嗜魚(《韓詩外傳》“唯”作“欲”)，故不受也。夫即受魚，必有下人之色，有下人之色，將枉於法，枉于法則免於相(以上句，《淮南子》作“夫受魚而免於相”，《韓詩外傳》作“受魚而免於相”)，雖嗜魚，此不必能致我魚，我又不能自給魚(以上句，《淮南子》作“雖嗜魚不能自給魚”，《韓詩外傳》作“則不能自給魚”)，即無受魚而不免於相(《淮南子》無“即”字，《韓詩外傳》無“即”字，“魚”字)，雖嗜魚，我能長自給魚(《淮南子》作“則能長自給魚”，《韓詩外傳》作“長自給於魚”)。(《韓非子·外儲說右下》，《淮南子·道應訓》、《韓詩外傳》卷三第二十一章大體相同)
前416,416,周威烈王十年（西元前四一六年）,10,史料,魯,,取,公儀休者，魯博士也，以高第為魯相，奉法循理，無所變更，百官自正，使食祿者不得與下爭利，受大者不得取小，客有遺相魚者，相不受。（《史記·循吏列傳》）案：公儀休以魯博士而為魯相，可知是時魯已設博士之職，公儀休有弟子，可知魯博士教授弟子，已有博士弟子矣。
前416,416,周威烈王十年（西元前四一六年）,11,史料,,,,古者不為臣，不見……泄柳閉門而不納。（《孟子·滕文公下》）
前416,416,周威烈王十年（西元前四一六年）,12,史料,魯,,,昔者魯繆公無人乎子思之側，則不能安子思；泄柳、申詳無人乎繆公之側，則不能安其身。（《孟子·公孫醜下》）
前416,416,周威烈王十年（西元前四一六年）,13,史料,魯,,,《子思》二十三篇，班固自注：“為魯穆公師。”(《漢書·藝文志》列儒家)
前415,415,周威烈王十一年（西元前四一五年）,1,史料,秦、齊、楚、韓、趙、魏、晉,,,秦靈公十年，晉烈西元年，魏文侯三十一年，韓武子十年，趙獻子九年，齊宣公四十一年，楚簡王十七年。
前415,415,周威烈王十一年（西元前四一五年）,2,史料,韓、晉,,,晉烈西元年韓武子都平陽。（《水經·汾水注》引《紀年》）
前415,415,周威烈王十一年（西元前四一五年）,3,考案,韓,,,案：《韓世家》謂韓宣子之子貞子“徙居平陽”。《索隱》雲：“《世本》作平子，名須，宣子子也。”《索隱》又引《世本》雲：“景子居平陽。”景子即景侯，乃武子之子。平陽在今山西臨汾市西南，《呂氏春秋·任數》高誘注又雲：“貞子居平陽”，“武子都宜陽。”疑宜陽為是。
前415,415,周威烈王十一年（西元前四一五年）,4,史料,趙、晉,,,晉烈西元年趙獻子城泫氏。（《水經·沁水注》引《紀年》，《太平寰宇記》四十四澤州高平縣下所引《紀年》同）
前415,415,周威烈王十一年（西元前四一五年）,5,考案,趙、魏、晉,,取,案：《路史·國名記己》雲：“《紀年》梁惠王九年晉取泫氏，即《汲書》趙獻子城泫氏者。”《太平寰宇記》四十四、《太平御覽》一百六十三引《紀年》雲：“梁惠成王九年晉取泫氏”，陳逢衡、雷學淇皆謂“九”上脫十字。朱右曾謂“晉即魏也”。
前415,415,周威烈王十一年（西元前四一五年）,6,史料,秦,,卒、立,秦靈公十年補龐，城籍姑。靈公卒，立其季父悼子，是謂簡公。（《六國表》）
前415,415,周威烈王十一年（西元前四一五年）,7,史料,秦、晉,,卒、立,[秦靈公]十三年城籍姑，靈公卒，子獻公不得立，立靈公季父悼子，是為簡公。簡公，昭子之弟而懷公子也。（《秦本紀》）[秦]肅靈公，昭子子也，居涇陽，享國十年，葬悼公西。生簡公。簡公從晉來。（《秦始皇本紀》引《秦記》）
前415,415,周威烈王十一年（西元前四一五年）,8,考案,秦,,圍、立、殺,案：《秦本紀·索隱》雲：“《始皇本紀》雲：靈公生簡公，誤也。”《正義》引劉伯莊雲：“今《秦記》謂簡公是靈公子者，抄寫之誤。”《秦記》謂靈公享國十年，《六國表》亦作十年。《秦本紀》作十三年，《始皇本紀·索隱》又雲：“立十年，表同，紀十二年”。“十三年”、“十二年”皆當為“十一年”之誤。十年乃按逾年改元計算，十一年則按立年改元計算。靈公前懷公為臣下所圍而自殺，蓋未逾年而改元。
前415,415,周威烈王十一年（西元前四一五年）,9,史料,衛、代,,立,[衛]懷公十一年公子頹弑懷公而代立，是為慎公。慎公父公子適，適父，敬公也。（《衛世家》）
前415,415,周威烈王十一年（西元前四一五年）,10,考案,周、衛,,,案：《漢書·古今人表》衛懷公，注“敬公弟”，衛慎公，注“敬公子”，不知何據。《世家·索隱》雲：“《世本》‘適’作‘虔’，虔，悼公也。”據《世家》，適當為敬公庶子，非即悼公，悼公乃敬公之父，非敬公子也。《六國表》系衛慎西元年于周威烈王十二年。
前415,415,周威烈王十一年（西元前四一五年）,11,史料,燕,,卒、立,[燕]文公二十四年卒，簡公立。（《燕世家·索隱》引《紀年》）
前415,415,周威烈王十一年（西元前四一五年）,12,考案,燕、晉、周,,卒、立,案：《燕世家》雲：“湣公三十一年卒，釐公立。是歲三晉列為諸侯。”而《索隱》雲：“《紀年》作文公二十四年卒，簡公立，十三年而三晉命邑為諸侯。”據此，《紀年》之文公，即《史記》之湣公。《世本》作閔公，“閔”、“文”形似而誤。《紀年》之簡公即《史記》之釐公。簡公立十三年，而三晉命邑為諸侯，則簡公之立，當在周威烈王十一年，即晉烈西元年。朱右曾《汲塚紀年存真》、王國維《古本竹書紀年輯校》列于晉幽公十四年，非是。雷學淇《考訂竹書紀年》列于晉烈西元年是也。
前415,415,周威烈王十一年（西元前四一五年）,13,史料,周、代,,卒、立,[西周]桓公卒，子威公代立。（《周本紀》）
前415,415,周威烈王十一年（西元前四一五年）,14,史料,周、代,,立,案《莊子·達生》“田開之見周威公”，《釋文》雲：“崔本作周威公灶。”梁玉繩《古今人表考》據此謂周威公名灶，黃式三《周季編略》同。威公之代立，疑在此時或稍前。
前415,415,周威烈王十一年（西元前四一五年）,15,史料,周、越,,,甯越，中牟之鄙人也。苦耕稼之勞，謂其友曰：“何為而可以免此苦也？”其友曰：“莫如學。學三十歲則可以達矣。”寧越曰：“請以十五歲。人將休，吾將不敢休；人將臥，吾將不敢臥。”十五歲而周威公師之。（《呂氏春秋·博志》）
前415,415,周威烈王十一年（西元前四一五年）,16,考案,周、越,,,案：《漢書·藝文志》有《寧越》一篇，班固注：“中牟人為周威王師。”
前415,415,周威烈王十一年（西元前四一五年）,17,史料,楚、晉、周、吳、衛、宋、鄭,,取、殺,周威公問于寧子曰：“取士有道乎？”對曰：“有。窮者達之，亡者存之，廢者起之，四方之士則四面而至矣。窮者不達，亡者不存，廢者不起，四方之士則四面而畔矣。夫城固不能自守，兵利不能自保，得士而失之，必有其間。夫士存則君尊，士亡則君卑。”周威公曰：“士壹至如此乎？”對曰：“君不聞夫楚乎？王有士曰楚傒胥丘負客，王將殺之，出亡之晉，晉人用之，是為城濮之戰。又有士曰苗賁皇，王將殺之，出亡走晉，晉人用之，是為鄢陵之戰。又有士曰上解于，王將殺之，出亡走晉，晉人用之，是為兩堂之戰。又有士曰伍子胥，王殺其父兄，出亡走吳，闔閭用之，於是興師而襲郢。故楚之大得罪于梁、鄭、宋、衛之君，猶未遽至於此也。此四得罪於其士，三暴其民骨，一亡其國。由是睹之，士存則國存，士亡則國亡。子胥怒而亡之，申包胥怒而存之，士胡可無貴乎？”（《說苑·尊賢》第九章）
前415,415,周威烈王十一年（西元前四一五年）,18,考案,越,,,案：《說苑》此章當即采自《寧越》一篇。
前415,415,周威烈王十一年（西元前四一五年）,19,史料,晉、周,,,晉太史屠黍見晉之亂也（《說苑·權謀》第六章“屠黍”作“屠餘”），見晉公之驕而無德義也（《說苑》“晉公”誤作“晉平公”），以其圖法歸周（《說苑》“圖”作“國”）。周威公見而問焉，曰：“天下之國孰先亡？”（《說苑》“孰”上有“其”字）對曰：“晉先亡。”威公問其故（《說苑》“故”作“說”）。對曰：“臣比在晉也，不敢直言。示晉公以天妖，日月星辰之行多以不當，曰：‘是何能為？’（《說苑》“為”作“然”)又示以人事不多義，百姓皆郁怨（《說苑》作“百姓多怨”），曰：‘是何能傷？’示以鄰國不服，賢良不舉，曰：‘是何能害？’如是，是不知何以亡也（《說苑》作“是不知所以存、所以亡”）。故臣曰：晉先亡。”居三年，晉果亡。（《呂氏春秋·先識》，《說苑·權謀》第六章大體相同）
前415,415,周威烈王十一年（西元前四一五年）,20,考案,齊、韓、趙、魏、晉、周、中山,智伯,攻、立、滅、奔,案：高誘注：“屠黍，晉出公之太史也。出公，頃公之孫，定公之子也。《史記》曰：智伯攻出公，出公奔齊而道死焉。”蘇時學雲：“晉亡非謂三家分晉時事，乃謂晉幽公之亂也。幽公遇亂而亡，魏文侯平晉亂，乃複立幽公子止，後數年而中山武公初立，是魏滅中山亦此時也，與屠黍所言正合。舊注以為晉出公則不然。考出公之亡在貞定王世，是時周桓公尚未立國，安得有威公之問耶？”陳奇猷《呂氏春秋校釋》雲：“蘇說至確。考《漢書·古今人表》所列，屠黍與魏文侯、中山武公、周威公、晉幽公皆同時。”今案此謂晉公“驕而無德義”，即指晉幽公。所謂“見晉之亂”即指幽公末年事，此所謂“晉亡”，蓋指“晉畏，反朝韓、趙、魏之君”，晉名存而實亡。《呂氏春秋》、《說苑》記此事之後，“威公又見屠黍（即屠餘）而問焉，曰：‘孰次之？’對曰：‘中山次之。’”“居二年，中山果亡。”“晉之亡”與“中山之亡”，當非一時事，蘇時學誤以為一時事。
前415,415,周威烈王十一年（西元前四一五年）,21,史料,,,卒,繆公之於子思也，亟問，亟饋鼎肉。子思不悅。于卒也，摽使者出諸大門之外，北面稽首再拜而不受，曰：“今而後，知君之犬馬畜伋。”(《孟子·萬章下》)
前415,415,周威烈王十一年（西元前四一五年）,22,史料,,,,繆公亟見於子思曰：“古千乘之國以友士，何如？”子思不悅，曰：“古之人有言曰：事之雲乎？豈曰友之雲乎？”(《孟子·萬章下》)
前415,415,周威烈王十一年（西元前四一五年）,23,考案,秦、趙、周、魯、宋、鄭,孔子,,案：《孟子》趙岐注：“子柳，泄柳也。”據此魯繆公尊重之學者為子思、泄柳、申詳三人，子思為孔子之孫，名伋。申詳亦作申祥。《禮記·檀弓上》載：“子張病，召申祥而語之”云云，鄭玄注：“申祥，子張子。……太史公《傳》曰：子張姓顓孫，今曰申祥，周、秦之聲二者相近，未聞孰是。”宋翔鳳《孟子趙注補述》雲：“子張姓顓孫，合言曰申也。”
前415,415,周威烈王十一年（西元前四一五年）,24,史料,齊、魯、衛,,卒,穆公之母卒，使人問于曾子曰：“如之何？”對曰：“申也聞諸申之父曰：哭泣之哀，齊斬之情，馗粥之食，自天子達。布幕，衛也。繆幕，魯也。”(《禮記·檀弓上》)
前415,415,周威烈王十一年（西元前四一五年）,25,考案,魯,,,案：據此可知，此時曾參已去世，魯穆公請教之曾子，乃曾參之子曾申。
前415,415,周威烈王十一年（西元前四一五年）,26,史料,燕、周、魯,,殺,辛寬見魯繆公曰：“臣而今而後，知吾先君周公之不若太公望封之知也。昔者太公望封于營丘之渚海阻山高險固之地也，是故地日廣，子孫彌隆。吾先君周公封于魯，無山林溪穀之險，諸侯四面以達，是故地日削，子孫彌殺。”辛寬出，南宮括入見，公曰：“今者寬也，非周公，其辭若是也。”南宮括對曰：“寬少者，弗識也，君獨不聞成王之定成周之說乎？其辭曰：‘惟余一人，營居於成周，惟餘一人，有善，易得而見也，有不善，易得而誅也。’故曰善者得之，不善者失之，古之道也。”夫賢者豈欲其子孫之阻山林之險以長為無道哉？小人哉寬也。今使燕爵為鴻鵠鳳皇慮，則必不得矣。其所求者，瓦之間隙、屋之翳蔚也。與一舉則有千里之志，德不盛、義不大則不至其郊，愚庫之民，其為賢者慮，亦猶此也。固妄誹訾，豈不悲哉？”(《呂氏春秋·長利》)
前415,415,周威烈王十一年（西元前四一五年）,27,史料,周、魯,,伐,辛櫟見魯穆公曰：“周公不如太公之賢也。”穆公曰：“子何以言之？”辛櫟對曰：“周公擇地而封曲阜，太公擇地而封營丘，爵土等，其地不若營丘之美，人民不如營丘之眾，不徒若是，營丘又有天固。”穆公心慚不能應也。辛櫟趨而出，南宮邊子入，穆公具以辛櫟之言語南宮邊子。南宮邊子曰：“昔周成王之卜居成周，其命龜曰：“予一人兼有天下，辟就百姓，敢無中土乎？使予有罪，則四方伐之，無難得也。”周公卜居曲阜，其命龜曰：“作邑乎山之陽，賢則茂昌，不賢則速亡。”季孫行父之戒其子也，曰：“吾欲室之俠于兩社之間也，使吾後世有不能事上者，使其替之益速如是。”則曰“賢則茂昌，不賢則速亡，安在擇地而封哉，或示有天固也。辛櫟之言小人也，子無複道也”。（《說苑·至公》第四章）
前415,415,周威烈王十一年（西元前四一五年）,28,考案,秦、魯,孔子,,案：以上兩則，蓋一事之兩傳。《呂氏春秋》辛寬，《說苑》作辛標。《呂氏春秋》南宮括，《說苑》作南宮邊子。南宮括即南宮適，乃孔子弟子，其年壽不及見魯穆公，當以南宮邊為是。《古今人表》正列南宮邊與子思、公儀休、泄柳、申詳、魯穆公同時。錢穆《魯繆公禮賢考》已加辨正（《先秦諸子系年》第一五七至一六〇頁），沈祖緜對此有詳考，文繁不引，見陳奇猷《呂氏春秋校釋》所引。
前415,415,周威烈王十一年（西元前四一五年）,29,史料,齊、韓、晉、魯、越,,救、滅、取,魯穆公使眾公子或宦于晉，或宦于荊。犁鉬曰：“假人於越而救溺子，越人雖善遊，子必不生矣；失火而取水於海，海水雖多，火必不滅矣，遠水不救近火也。今晉與荊雖強，而齊近，魯患其不救乎？”(《韓非子·說林上》)
前415,415,周威烈王十一年（西元前四一五年）,30,考案,齊、楚、晉、魯,,,案：據此可知，此時齊正謀侵魯，魯穆公使眾公子宦于晉、楚，欲借助于晉、楚之力以謀抗齊。
前415,415,周威烈王十一年（西元前四一五年）,31,史料,韓、魯,,取,魯穆公問於子思曰：“吾聞龐粡氏之子不孝，其行奚如？”子思對曰：“君子尊賢以崇德，舉善以觀民，若夫過行，是細人之所識也，臣不知也。”子思出，子服厲伯入見，問龐粡氏子，子服厲伯對曰：“其過三，皆君之所未嘗聞。”自是之後，君貴子思而賤子服厲伯也。或曰：“魯之公室，三世劫于季氏，不亦宜乎？明君求善而賞之，求奸而誅之，其得之一也。今子思不以過聞，而穆公貴之；厲伯以奸聞，而穆公賤之；人情皆喜貴而惡賤，故季氏之亂成而不上聞，此魯君之所以劫也。且此亡王之俗，取魯之民所以自美，而穆公獨貴之，不亦倒乎！”（《韓非子·難三篇》）
前415,415,周威烈王十一年（西元前四一五年）,32,考案,韓、魯、代,孔子,取,案：“取”，通“郰”，或作“陬”，邑名，在今山東曲阜東南，為孔子家鄉。王充《論衡》有《非韓》篇，嘗引用此節加以評論。龐粡氏，《論衡》引作“龐擱是”，“粡”與“擱”，“氏”與“是”，音同通用。韓非謂“魯之公室，三世劫于季氏”，當指魯哀公、悼公、元公三代，據此可知魯穆公亦嘗為季氏所劫。王充評之曰：“夫魯君所以劫者，以不明法度邪，以不早聞奸也。夫法度明，雖不聞奸，奸無由生，法度不明，雖日求奸，決其源郟之以掌也。……韓非之非繆公也，與術意而相違矣。”費惠公曰：“吾于子思則師之矣，吾于顏般則友之矣，王順、
前415,415,周威烈王十一年（西元前四一五年）,33,史料,,,,費惠公曰：“吾于子思則師之矣，吾于顏般則友之矣，王順、長息則事我者也。”（《孟子·萬章下》）
前415,415,周威烈王十一年（西元前四一五年）,34,考案,魯,,立,案：費惠公當是季孫氏獨立小國君主，彼亦與魯穆公同尊賢，師事子思，並以顏般為友。
前415,415,周威烈王十一年（西元前四一五年）,35,史料,吳,,,吳起學于曾子。（《呂氏春秋·當染》）
前415,415,周威烈王十一年（西元前四一五年）,36,史料,齊、魯、吳、衛,,攻、卒、取、盟、殺,吳起者衛人也，好用兵。嘗學于曾子，事魯君。齊人攻魯，魯欲將吳起，吳起取齊女為妻，而魯疑之。吳起於是欲就名，遂殺其妻，以明不與齊也。魯卒以為將，將而攻齊，大破之。魯人或惡吳起，曰：“起之為人，猜忍人也。其少時，家累千金，游仕不遂，遂破其家，鄉黨笑之。吳起殺其謗己者三十餘人而東出衛郭門，與其母訣，齧臂而盟曰：‘起不為卿相，不復入衛。’遂事曾子。居頃之，其母死，起終不歸，曾子薄之，而與起絕。起乃之魯，學兵法，以事魯君。魯君疑之，起殺妻以求將。夫魯小國而有戰勝之名，則諸侯圖魯矣。且魯、衛兄弟之國也，而君用起，則是棄衛。”魯君疑之，謝吳起。（《吳起列傳》）
前415,415,周威烈王十一年（西元前四一五年）,37,史料,楚、吳,,,左丘明授曾申，申授吳起，起授其子期，期授楚人鐸椒，鐸椒作《抄撮》八卷授虞卿，虞卿作《抄撮》九卷授荀卿，荀卿授張蒼。（《春秋經傳集解·杜預序》《正義》引劉向《別錄》）
前415,415,周威烈王十一年（西元前四一五年）,38,考案,魏、吳、衛,,,案：吳起之師為曾申而非曾參。曾申乃曾參之子。曾申傳授者為《春秋》、《左傳》。《說苑·建本》第二章：“魏武侯問元年于吳子，吳子對曰：‘言國君必慎始也。’慎始奈何？曰：‘正之。’‘正之奈何？’‘明智。……分祿必及，用刑必中，君心必仁，思民之利，除民之害，可謂不失民眾矣。……此皆《春秋》之意而元年之本也。’”姚鼐《左傳補注序》，依據劉向《別錄》所言曾申授吳起，吳起為衛左氏（今山東定陶西）人。因謂《左傳》于魏氏造飾尤甚，“吳起之徒為之者蓋尤多”。
前415,415,周威烈王十一年（西元前四一五年）,39,史料,韓、吳、衛,,,吳起，衛左氏中人也，使其妻織組而幅狹於度。吳子使更之，其妻曰：諾。及成，複度之，果不中度，吳子大怒，其妻對曰：“吾始經之而不可更也。”吳子出之，其妻請其兄而索入。其兄曰：“吳子為法者也，其為法也，且欲以與萬乘致功，必先踐之妻妾然後行之，子毋幾索入矣。”其妻之弟又重于衛君，乃因以衛君之重請吳子，吳子不聽，遂去衛而入荊也。一曰：吳起示其妻以組，曰：“子為我織組，令之如是。”組已就而效之，其組異善。起曰：“使子為組，令之如是，而今也異善，何也？”其妻曰：“用財若一也，加務善之。”吳起曰：“非語也。”使之衣而歸。其父往請之，吳起曰：“起家無虛言。”（《韓非子·外儲說右上》）
前415,415,周威烈王十一年（西元前四一五年）,40,史料,韓、晉、魯、吳,,,魯季孫新弑其君，吳起仕焉，或謂起曰：“夫死者，始死而血，已血而衄，已衄而灰，已灰而土。及其上也，無可為者矣。今季孫乃始血，其毋乃未可知也。”吳起因去之晉。（《韓非子·說林上》）
前415,415,周威烈王十一年（西元前四一五年）,41,考案,秦、齊、楚、韓、趙、魏、晉、周、魯、吳、衛、宋、鄭,孔子,伐、攻、卒、立、殺,案：錢穆《吳起仕魯考》雲：“周威烈王十七年吳起為魏將伐秦，則起之將魯破齊，正當魯穆四年也。其去魯至晚在魯穆五六年間。魯穆雖禮賢，而尊信儒術，觀或人讒起之言，皆本儒道立說，宜乎魯穆之疑起矣。”(《先秦諸子系年》第一六一至一六二頁)今案魯穆四年齊攻魯之莒及安陽，乃大敗于齊，並非大破齊。吳起之去魯入魏，尚不能考定在何年，當在魯穆公之初年。《淮南子·道應訓》與《說苑·指武》俱載屈宜若謂吳起曰：“且子用魯兵，不宜得志于齊而得志焉。”高誘注：“起為魯將伐齊敗之。”是吳起確有為魯將而勝齊之事，但已不能詳考。又案：《韓非子》記“魯季孫新弑其君，吳起仕焉”，又記或謂起曰：“今季孫乃始血”，是季孫確有弑君之事。汪中《經義知新記》雲：“蓋當悼公之世，悼之為諡，其以此歟？”錢穆《吳起仕魯考》駁之，謂春秋之晉悼公、衛悼公，其後田悼子、宋悼子、楚悼王、趙悼襄王，皆不以被弑諡悼。《檀弓》：“悼公之喪，季昭子問孟敬子為君何食，亦未見悼公為被弑之君。又雲：“悼公之卒，在周考王四年，下距楚悼之死五十六年，循此推算，起之仕楚，已及八十，而觀其治績，殊為不類。”（《先秦諸子系年》第一六二頁）其說是也。《韓非子·外儲說左下》載：“季孫好士，終身莊，居處衣服常如朝廷，而季孫適懈，有過失，而不能長為也。故客以為厭易已，相與怨之，遂殺季孫。”又雲：“南宮敬子問顏涿聚曰：季孫養孔子之徒，所朝服與坐者以十數而遇賊，何也？曰：……今季孫養孔子之徒，所朝服而與坐者以十數，而與優侏儒斷事，是以遇賊。”“遇賊”即是被弑。然則“季孫新弑其君，吳起仕焉”，當指季孫自弑其君，非魯君也。所謂“吳起仕焉”，即孔子之徒所朝服而與坐者也。韓非明言“魯之公室，三世劫于季氏”，未有弑魯君之說。《檀弓下》記魯悼公之喪，季昭子答孟敬子曰：“吾三臣者之不能居公室也，四方莫不聞矣。”鄭玄注：“言鄰國皆知吾等不能居公室以臣禮事君也。三臣，仲孫、叔孫、季孫也。”三桓雖劫持魯君三世之久，尚未見有弑君者，但見季孫有自弑其君耳。##### 卷三
前414,414,周威烈王十二年（西元前四一四年）,1,史料,秦、齊、楚、燕、韓、趙、魏、晉,,,秦簡西元年，晉烈公二年，魏文侯三十二年，韓武子十一年，趙獻子十年，齊宣公四十二年，楚簡王十八年，燕簡西元年。
前414,414,周威烈王十二年（西元前四一四年）,2,史料,越,,滅,於粵子朱句三十四年滅滕。（《越世家·索隱》引《紀年》）
前414,414,周威烈王十二年（西元前四一四年）,3,考案,晉、周、越、鄭,句踐,卒、立、滅、殺,案：《越世家·索隱》引《紀年》，謂“晉出公十年十一月於粵子句踐卒”，“次鹿郢立，六年卒”，“不壽立，十年見殺”，“次朱句立”，“朱句三十四年滅滕，三十五年滅鄭”。而《水經·沂水注》引《紀年》雲：“晉烈公四年，越子朱句滅鄭，以鄭子鴣歸。”今本《竹書紀年》系越滅滕、滅鄭在周威烈王十一年、十二年。朱右曾《汲塚紀年存真》與王國維《古本竹書紀年輯校》列滅滕、滅鄭于晉幽公十四年、十五年，雷學淇《考訂竹書紀年》則列于晉烈公二年、三年，並謂《水經注》引《紀年》雲烈公四年越滅鄭，“蓋古文三、四，皆積畫成字，故誤三為三也。”今案：當以雷說為是。《紀年》謂句踐卒于晉出公十年十一月，《紀年》用夏正，于周正已是次年正月，此後鹿郢在位六年卒，不壽十年見殺，朱句三十四年滅滕，三十五年滅鄭，正當晉烈公二年、三年，即周威烈王之十二年、十三年。陳夢家《六國紀年》以《路史》所引推證，雲：“《路史·後紀七》注雲：‘威烈八年越滅鄭’，《國名紀甲》雲：‘《紀年》越王朱句三十年滅滕。’羅氏父子見未改字之《水經注》引《紀年》滅鄭在晉烈公二年，而據《六國表》晉烈公二年當周威烈王八年，又據《紀年》推朱句三十年當《六國表》之周威烈王七年，故改原本《紀年》朱句三十四年滅滕為三十年。”此據《路史》所引《紀年》之誤脫，以推定《紀年》滅滕之年，不足信也。至戰國中期，滕又複國。
前414,414,周威烈王十二年（西元前四一四年）,4,史料,趙、中山,,立,（趙獻侯）十年中山武公初立。（《趙世家》，《六國表》同）中山武公居顧。（《趙世家·索隱》引《世本》）
前414,414,周威烈王十二年（西元前四一四年）,5,考案,韓、趙、魏、周、中山,趙武靈王,伐、立、稱王、滅、取,案：《趙世家》謂獻侯十年“中山武公初立”，《六國表》同。前人不詳其事。《漢書·古今人表·注》及《史記·集解》、《索隱》引徐廣說，謂乃西周桓公之子，此以西周武公牽合為一，不足信。沈欽韓《漢書疏證》論之曰：“《魏世家》文侯伐中山，使子擊守之，《說苑》文侯公子摯封中山而複太子擊，又《魏世家》中山君相魏，此是魏所封，趙滅之，蓋姬姓之中山，滅于魏文侯，魏所封之中山，又滅于趙主父。而《趙世家》及《年表》皆倒置中山武公之文于文侯伐中山之前，故迷惑難考。何以明之？若中山武公尚是舊時之君，而彼不數年而亡，史取之何義？若以為中山本未嘗亡，則魏克其地而守之者又何處？是中山武公為魏所始封，以其大事，故記之耳。”此說不確。一九七八年河北平山縣三汲中山王墓出土中山王舋方壺，銘文雲：“唯朕皇祖文、武，桓（桓）祖成考”。自稱皇祖文公、武公，祖桓公，考成公，可知中山王舋之父為成公，祖父為桓公，曾祖為文公與武公。《趙世家·索隱》引《世本》雲：“中山武公居顧，桓公徙靈壽，為趙武靈王所滅。”《太平寰宇記》卷六十二定州下雲：“中山武公之後複立，與六國並稱王，五葉（世）專行仁義，貴儒學，賤壯士，不教人戰，趙武靈王襲而滅之。”可知文公、武公、桓公、成公，皆為中山之君。武公當為魏所伐滅之中山君，《趙世家》特為記載。武公於是年初立，至周威烈王二十年中山為魏所滅，武公在位僅九年。中山原建都于顧，在今河北定縣。桓公當為此後中山複國之君，建都于靈壽，在今河北平山縣三汲。
前413,413,周威烈王十三年（西元前四一三年）,1,史料,秦、齊、楚、燕、韓、趙、魏、晉,,,秦簡公二年，晉烈公三年，魏文侯三十三年，韓武子十二年，趙獻子十一年，齊宣公四十三年，楚簡王十九年，燕簡公二年。
前413,413,周威烈王十三年（西元前四一三年）,2,史料,晉、越,,滅,晉烈公四年，越子朱句滅郯，以郯子鴣歸。（《水經·沂水注》引《紀年》）
前413,413,周威烈王十三年（西元前四一三年）,3,史料,越,,滅,[於粵子朱句]三十五年滅郯。（《越世家·索隱》引《紀年》）
前413,413,周威烈王十三年（西元前四一三年）,4,考案,楚、晉、越、鄭,,滅,案：《通鑒外紀》亦雲：“晉烈公四年越滅鄭”，雷學淇《考訂竹書紀年》系於烈公三年雲：“蓋古文三、四皆積畫成字，故三誤為三也”。其後鄭亦曾複國。《楚世家》頃襄王十八年弋射者雲：“騶、費、鄭、邳者羅鸞也。”
前413,413,周威烈王十三年（西元前四一三年）,5,史料,楚、晉,,伐,晉烈公三年楚人伐我南鄙，至於上洛。（《水經·丹水注》引《紀年》，《太平寰宇記》一四一商州上洛縣與《輿地廣記》一四商州上洛縣引《紀年》同。《路史·國名紀己》引《紀年》亦同）
前413,413,周威烈王十三年（西元前四一三年）,6,史料,齊、晉,,伐、圍,田莊子相齊宣公。宣公四十三年伐晉，毀黃城，圍陽狐。（《田世家》，《六國表》亦雲：“齊宣公四十三年伐晉，毀黃城，圍陽狐。”）
前413,413,周威烈王十三年（西元前四一三年）,7,考案,齊、魏、晉,,伐,案：魏有兩黃城，其一在今河南內黃西，另一在今山東冠縣南。是年齊伐晉所毀之黃城乃後者。
前413,413,周威烈王十三年（西元前四一三年）,8,史料,秦、晉、鄭,,,秦簡公二年與晉戰，敗鄭下。（《六國表》）
前413,413,周威烈王十三年（西元前四一三年）,9,附編,,,,【附編】
前413,413,周威烈王十三年（西元前四一三年）,10,史料,魏,,立,魏文侯見段幹木，立倦而不敢息，反見翟黃（《說苑·尊賢》第二十四章“反”作“及”），踞於堂而與之言，翟黃不說。文侯曰：“段幹木官之則不肯，祿之則不受。今汝欲官則相位（《說苑》“位”作“至”，《魏世家·正義》引此亦作“至”），欲祿則上卿，既受吾實（《說苑》“實”作“賞”，《魏世家·正義》引此亦作“賞”），又責吾禮，無乃難乎？”（《呂氏春秋·下賢》，《說苑·尊賢》第二十四章同）
前413,413,周威烈王十三年（西元前四一三年）,11,考案,齊、韓、趙、魏、吳、中山,,伐、拔,案：據魏文侯此言，可知是時翟黃（即翟璜）為魏相。《韓非子·外儲說左下》記田子方從齊之魏，望翟黃乘軒車駕出，方問曰：“子奚乘是車也？”翟黃曰：“君謀欲伐中山，臣進翟角而謀得果。且伐之，臣薦樂羊而中山拔。得中山，憂欲治之，臣薦李克而中山治，是以君賜此車。”《魏世家》載翟璜謂李克曰：“西河之守，臣之所進也。君內以鄴為憂，臣進西門豹。君謀欲伐中山，臣進樂羊；中山已拔，無以使之，臣進先生；君之子無傅，臣進屈侯鮒。”《韓詩外傳》卷三第六章“屈侯鮒”作“趙蒼唐”。《說苑·臣術》第五章在“西河之守，觸所任也”（“觸”當為翟璜之名）下，又有“計事內史，觸所任也”。可知是時所有謀臣、戰將、郡守、縣令、太子之傅，無不由翟璜推薦或任命，蓋正為魏文侯之相也。今推定翟璜為魏相在此年或稍後。吳起為魏將而為西河之守，在此後四年，魏伐中山在此後五年。
前413,413,周威烈王十三年（西元前四一三年）,12,考案,齊、韓、趙、魏、吳、中山,,攻、拔,又案：《說苑·臣術》第七章記田子方渡西河，遇翟黃乘軒車，問：“將何以至此乎？”翟黃對曰：“昔者西河無守，臣進吳起而西河之外寧，鄴無令，臣進西門豹而魏無趙患。酸棗無令，臣進北門可而魏無齊憂。魏欲攻中山，臣進樂羊而中山拔。魏無使治之臣，臣進李克而魏國大治。”此一故事，與《韓非子·外儲說左下》所記田子方從齊之魏，望見翟黃乘軒車駕出相同，較為敷張而有增飾與錯誤，所謂北門可為酸棗令，不見其他文獻記載，當是配合西門豹之事而虛構者。李克為中山之相，非魏國之相，所謂“魏國大治”，當為錯誤。
前413,413,周威烈王十三年（西元前四一三年）,13,史料,秦、韓、魏,,,李悝為魏文侯上地之守，而欲人之善射也，乃下令曰：“人之有狐疑之訟者，令之射的，中之者勝，不中者負。”令下而人皆疾習射，日夜不休，及與秦人戰，大敗之，以人之善戰射也。（《韓非子·內儲說上》）
前413,413,周威烈王十三年（西元前四一三年）,14,史料,秦、韓,,,李悝警其兩和，曰：“謹警，敵人旦暮且至擊汝。”如是者再三，而敵不至，兩和懈怠，不信李悝。居數月，秦人來襲之，至幾奪其軍，此不信之患也。一曰：李悝與秦人戰，謂左和曰：“速上，右和已上矣。”又馳而至右和曰：“左和已上矣。”左右和曰：“上矣。”於是皆爭上。其明年與秦人戰，秦人來襲之，至幾奪其軍，此不信之患。（《韓非子·外儲說左上》）
前413,413,周威烈王十三年（西元前四一三年）,15,考案,吳、鄭,,,案：李悝為上地守，當在吳起為西河守之前。林春溥《戰國紀年》以李悝為上地守，即在敗鄭下之役。今從之。
前412,412,周威烈王十四年（西元前四一二年）,1,史料,秦、齊、楚、燕、韓、趙、魏、晉,,,秦簡公三年，晉烈公四年，魏文侯三十四年，韓武子十三年，趙獻子十二年，齊宣公四十四年，楚簡王二十年，燕簡公三年。
前412,412,周威烈王十四年（西元前四一二年）,2,史料,魏,,圍,魏文侯十三年（當作三十四年）公子擊圍繁龐，出其民。（《六國表》，《魏世家》作“使子擊圍繁龐，出其民”）
前412,412,周威烈王十四年（西元前四一二年）,3,史料,齊、魯,,伐,齊宣公四十四年伐魯、莒及安陽。（《六國表》，《田世家》作“伐魯、葛及安陵”。）
前412,412,周威烈王十四年（西元前四一二年）,4,考案,秦、齊、楚、趙、魏、魯、宋、鄭,楚懷王,伐、攻、圍、救、會、殺,案：《田世家·索隱》引《括地志》以為魯城在許昌縣南四十裡，長葛在許州長葛縣北十三裡，即鄭之葛邑；鄢陵在許州西北十五裡，六國時為安陵。此說不確。齊不能攻伐至許昌、長葛、鄢陵等地，當以《六國表》記載為是。此後安陽成為齊重要之商業城市，鑄有安陽刀幣，與臨淄之齊刀、節墨刀，同為齊國主要流通之貨幣。安陽當在齊之東邊。《項羽本紀》載：秦將章邯大破項梁于定陶，項梁死，章邯進圍趙于钜鹿，項羽、呂臣引兵東退至彭城一帶，楚懷王至彭城，命宋義為上將軍而救趙。宋義率大軍行至安陽，留四十六日不進，並遣其子宋襄相齊，送之至無鹽，飲酒高會而歸。項羽言欲疾引兵渡河救趙钜鹿，宋義不許，因殺宋義而使人報命懷王，懷王因使項羽為上將軍。項羽乃持三日糧，引兵渡河，破釜沉舟，燒廬舍，以與秦兵決戰。九戰，絕秦軍甬道而大破之。此安陽當即齊之安陽。《項羽本紀·索隱》雲：“此兵猶未渡河，不應即至相州安陽。今檢《魏書·地形志》雲：“己氏有安陽城，隋改己氏為楚丘。今宋州楚丘西北四十裡有安陽故城是也。”《正義》又論之曰：“按從滑州白馬津會三日糧不至邢州，明此渡河，相州漳河也。宋義遣其子襄相齊，送之至無鹽，即今鄆州之東宿城是也。若依顏監說（按指顏師古），在相州安陽，宋義送子不可棄軍渡河，南向齊，西南入魯界，飲酒高會，非入齊之路。義雖知送子曲，由宋州安陽理順，然向钜鹿甚遠，不能數絕章邯甬道及持三日糧至也。均之二理，安陽送子至無鹽為長。濟河絕甬道，持三日糧，甯有遲留？史家多不委曲說之也。”今案：《索隱》據《魏書》，以此安陽在楚丘西北，即在今山東曹縣東。考證古錢者多從此說，以為安陽刀幣即此地所鑄。但此說仍不確切。正如《正義》所雲，此地“向钜鹿甚遠，不能數絕章邯甬道及持三日糧至也”。不僅如此，當時宋義親送子至無鹽，飲酒高會而回歸，無鹽在今山東東平縣東，若自曹縣前往，相距約有三百里，宋義不能遠離大軍而送子，又不能於當日回歸。可知此安陽必離無鹽不遠，離河亦不遠，不應在今曹縣東。若安陽在曹陽東，正當宋定陶與宋舊都睢陽之間，當為宋地。意者，此安陽當在東阿（今山東陽谷縣東北五十裡阿城鎮）西北小湖阿澤之西北。東阿原稱柯，即因阿澤而得名，安陽當因在阿澤之陽而得名，猶趙之阿邑或稱安邑。當項梁戰死前，嘗大破秦軍于東阿，繼而由東阿南下再破秦軍于定陶。當項梁于定陶戰死後，項羽等退保彭城。及宋義受命自彭城出兵救趙，因而再北上經東阿而行至安陽，準備由此北上渡河。安陽地處齊東邊聊城與甄城之間，當水陸交通要道，因而成為齊東邊之重要商業城市，並成為項羽準備引兵渡河之地。
前411,411,周威烈王十五年（西元前四一一年）,1,史料,秦、齊、楚、燕、韓、趙、魏、晉,,,秦簡公四年，晉烈公五年，魏文侯三十五年，韓武子十四年，趙獻子十三年，齊宣公四十五年，楚簡王二十一年，燕簡公四年。
前411,411,周威烈王十五年（西元前四一一年）,2,史料,趙,,,趙獻侯十三年城平邑。（《六國表》，《趙世家》同）
前411,411,周威烈王十五年（西元前四一一年）,3,史料,趙、魏、晉,,,晉烈公四年趙城平邑。（《水經·河水注》、《初學記》八、《太平寰宇記》五十四魏州南樂縣下引《紀年》）
前411,411,周威烈王十五年（西元前四一一年）,4,考案,趙、晉、周,,立、殺,案：《水經·漂水注》記漯水又徑平邑縣故城南，亦雲：“趙獻侯十三年城平邑。”趙獻侯十三年已是晉烈公五年，《史記》與《紀年》之記載有一年之差，所以有一年之差，或因獻侯殺桓公之子而複立，於立年改元。因而趙獻侯十三年按常例實為十二年。陳夢家《六國紀年》據今本《竹書紀年》記在周威烈王八年，因而推定為晉烈公二年，非是。
前411,411,周威烈王十五年（西元前四一一年）,5,史料,越,,卒,[於粵子朱句]三十七年朱句卒。（《越世家·索隱》引《紀年》，《路史·後紀》十三引《紀年》同）
前411,411,周威烈王十五年（西元前四一一年）,6,考案,晉、越,,,案：雷學淇《考訂竹書紀年》系此于晉烈公五年，據《越世家·索隱》所引《紀年》推算，是也。
前411,411,周威烈王十五年（西元前四一一年）,7,史料,越,,卒、立,[越]王翁卒，子王翳立。（《越世家》）
前411,411,周威烈王十五年（西元前四一一年）,8,考案,齊、魯、越,,伐、卒、立、取,案：王翁即朱句。《路史·後紀》十三引《紀年》，雜采《越世家》名諡，雲：“朱句立，是為王翁，三十七年卒，王翳立。”上海博物館所藏越王大子矛銘有“王弋郾”，當即王翳。[齊宣公四十五年]取魯之一城，莊子卒。（《田世家》）齊宣公四十五年伐魯取都。（《六國表》）
前411,411,周威烈王十五年（西元前四一一年）,9,考案,齊,,卒、取,案：《六國表·集解》引徐廣曰：“《世家》雲取一城。”齊宣公四十五年田莊子卒。（《田世家·索隱》引《紀年》“四”字原脫，從雷學淇校補）
前411,411,周威烈王十五年（西元前四一一年）,10,考案,齊、晉、代,,卒、立、滅、殺,案：《田世家》“莊子卒，子太公和立”。《索隱》雲：“案《紀年》：齊宣公十五年田莊子卒，明年立田悼子，乃次立田和。是莊子後有悼子，蓋立年無幾，所以作《世本》及記史者不得錄也。而《莊子》及《鬼穀子》亦雲：田成子殺齊君，十二代而有齊國。今據《世本》、《世家》自成子至王建之滅，唯只十代，若如《紀年》，則悼子及侯剡即有十二代，乃與《莊子》、《鬼穀》說同，明《紀年》亦非妄。”《莊子·胠篋》雲：“田成子弑齊君，十二世有齊國。”鬼穀之說不見今本《鬼穀子》。雷學淇《考訂竹書紀年》以“齊宣公四十五年田莊子卒”，系于晉烈公五年，雲：“考《索隱》此段所引《紀》文，宣公下蓋落一‘四’字，《紀年》之說，本亦謂宣公四十五年莊子卒，明年悼子立，立六年，至晉烈公十一年即卒，故《索隱》曰立年無幾。若莊子于宣公十五年卒，是悼立三十六年矣，豈得雲無幾乎？”其說是也。《水經·瓠子水注》引《紀年》雲：“晉烈公十一年田悼子卒。”田悼子立于齊宣公四十五年之明年，即晉烈公六年，卒於十一年，僅在位六年，確是“立年無幾”。楊守敬《水經注疏》，亦謂《田世家·索隱》引《紀年》“十五年田莊子卒”上蓋脫“四”字。
前411,411,周威烈王十五年（西元前四一一年）,11,史料,齊、越,,攻,齊莊子請攻越，問於和子。和子曰：“先君有遺令曰：無攻越，越，猛虎也。”莊子曰：“雖猛虎也，而今已死矣。”和子曰：“以告鴞子。”鴞子曰：“已死矣以為生。”(《呂氏春秋·順民》)
前411,411,周威烈王十五年（西元前四一一年）,12,史料,魯,,,陳莊子死，赴于魯。魯人欲勿哭。繆公召縣子而問焉，縣子曰：“古之大夫，束脩之問不出竟，雖欲哭之，安得而哭之。今之大夫，交政於中國，雖欲勿哭，焉得而弗哭。且臣聞之，哭有二道，有愛而哭之，有畏而哭之。”公曰：“然。然則如之何而可？”縣子曰：“請哭諸異姓之廟。”於是與哭諸縣氏。（《禮記·檀弓上》）
前411,411,周威烈王十五年（西元前四一一年）,13,考案,齊、周、魯,,卒,案：田莊子卒于齊宣公四十五年，當周威烈王十五年，《六國表》系魯穆西元年在周威烈王十九年，蓋誤後八年。穆西元當在威烈王十一年，田莊子死在穆公五年，故田莊子卒，赴于魯，穆公召縣子而問焉。黃式三《周季編略》未能明辨，乃雲：“田莊子卒，非魯穆公時，魯穆公時悼子卒也。”非是。
前411,411,周威烈王十五年（西元前四一一年）,14,考案,齊,,立,又案：《呂氏春秋》高誘注：“鴞子，齊相。”鴞子疑即悼子，“悼”“鴞”聲近通轉。田莊子、田悼子、田和子三人疑乃昆仲輩，故而有大事相互商討。正因為昆仲輩，悼子立年無幾。
前411,411,周威烈王十五年（西元前四一一年）,15,史料,秦、齊、楚、燕、韓、趙、魏、晉,,,秦簡公五年，晉烈公六年，魏文侯三十六年，韓武子十五年，趙獻子十四年，齊宣公四十六年，楚簡王二十二年，燕簡公五年。
前411,411,周威烈王十五年（西元前四一一年）,16,史料,秦、齊、越,,立,[齊宣公四十六年]立田悼子。（《越世家·索隱》引《紀年》）秦簡公五年日蝕。（《六國表》）
前411,411,周威烈王十五年（西元前四一一年）,17,考案,秦、齊、代,,,案：朱文鑫《歷代日食考》卷三《戰國及秦日食考》注三雲：“案威烈王十七年有全食經陝西、山西（六月一日八時十五點六分），正過秦都，望之最清。《六國表》載在秦簡公五年，即威烈王十六年，誤差一年。”日本齊藤國治以為與《六國表》所載秦厲共公三十四年、秦躁公八年日食，同為誤後一年。蓋秦簡公四年一月二十七日有日食，能為咸陽所見。
前409,409,周威烈王十七年（西元前四〇九年）,1,史料,秦、齊、楚、燕、韓、趙、魏、晉,,,秦簡公六年，晉烈公七年，魏文侯三十七年，韓武子十六年，趙獻子十五年，齊宣公四十七年，楚簡王二十三年，燕簡公六年。
前409,409,周威烈王十七年（西元前四〇九年）,2,史料,趙,,卒、立,[趙獻侯]十五年獻侯卒，子列侯籍立。（《趙世家》）
前409,409,周威烈王十七年（西元前四〇九年）,3,史料,韓,,卒、立,[韓武子]十六年武子卒，子景侯立。（《韓世家》，“景侯”下當脫“虔”字，下文稱“景侯虔元年”，“虔”字疑錯脫於此）
前409,409,周威烈王十七年（西元前四〇九年）,4,史料,韓,,,《紀年》及《世本》皆作景子，名處。（《韓世家·索隱》，“處”疑“敲”字之誤。)
前409,409,周威烈王十七年（西元前四〇九年）,5,考案,齊、韓、趙、魏、晉、周,,伐,案：各本《史記》皆作“名處”，惟明淩稚隆本、清殿本改作“虔”。《韓世家·索隱》記此以表《紀年》及《世本》作“處”之異，若同為“虔”字，《索隱》不應記此。陳夢家《六國紀年》雲：《紀年》晉烈公十一年韓景子與趙、魏伐齊入長城，亦見周威烈王二十二年之屈羌鐘，鐘銘曰：“厥辟韓宗敭”，即景子虔也。其字從鬲從攴，即獻字之省，陳侯午敦“獻（獻）”從鼎從犬，亦省虎頭。金文假獻為甗，甗者上為甑、下為鬲，而鬲實為主體。古音獻、虔音近，故知銅器之韓宗即紀年之景子矣。”馬承源《商周青銅器銘文選》又雲：“敭”為徽之古文，《說文》部：“徽，通也，從彳從攴從育。徽古文徽。何尊之敭命即徽命，即達命之意。徽、虔古韻月、元對轉，音近字假借。”總之，景子名敭，與虔音近通假。《索隱》所言《紀年》及《世本》名“處”。“處”疑“敭”字之誤。
前409,409,周威烈王十七年（西元前四〇九年）,6,史料,韓,,,[韓]武子都宜陽，生景侯，徙陽翟。（《呂氏春秋·任數》高誘注）
前409,409,周威烈王十七年（西元前四〇九年）,7,考案,楚、韓、魏、鄭,,取,案：《竹書紀年》謂武子居平陽，《韓世家·索隱》引《世本》又謂“景子居平陽”。然韓自先世貞子已居平陽，康子亦已居平陽，何待辭費？朱右曾《竹書紀年存真》雲：“韓之去平陽徙陽翟，又徙新鄭，志在包汝潁以抑楚魏。”考平陽在絳水附近，地處河東，韓謀取鄭，其由平陽徙宜陽，再徙陽翟，說或可信。
前409,409,周威烈王十七年（西元前四〇九年）,8,史料,秦,,,秦簡公六年初令吏帶劍。（《六國志》，《秦本紀》同，無“初”字。）
前409,409,周威烈王十七年（西元前四〇九年）,9,史料,秦,,,其（秦簡公）七年百姓初帶劍。（《秦始皇本紀》引《秦記》）
前409,409,周威烈王十七年（西元前四〇九年）,10,考案,秦,,,案：“百姓”二字，此用古義，即謂“百官”，與“吏”同義。[秦簡公]六年壄洛，城重泉。（《秦本紀》）
前409,409,周威烈王十七年（西元前四〇九年）,11,考案,秦、魏、晉,,伐,案：《六國表》系“塹洛，城重泉”在次年。魏文侯十六年(當作三十七年)伐秦，築臨晉、元裡。(《六國表》，《魏世家》同)
前409,409,周威烈王十七年（西元前四〇九年）,12,史料,秦、魏、周、鄭,,伐,周威烈王之十七年魏文侯伐秦至鄭，還築汾陰（“汾”當作“洛”）、郃陽。（《水經·河水注》）
前409,409,周威烈王十七年（西元前四〇九年）,13,考案,魏,,,案：郝懿行《竹書紀年校正》、陳逢衡《竹書紀年集證》，均謂《水經注》此條采自古本《竹書紀年》。《魏世家》系此事于魏文侯十七年，較此遲一年。
前408,408,周威烈王十八年（西元前四〇八年）,1,史料,秦、齊、楚、燕、韓、趙、魏、晉,,,秦簡公七年，晉烈公八年，魏文侯三十八年，韓景侯元年，趙烈侯元年，齊宣公四十八年，楚簡王二十四年，燕簡公七年。
前408,408,周威烈王十八年（西元前四〇八年）,2,史料,秦,,,秦簡公七年塹洛，城重泉。（《六國表》）
前408,408,周威烈王十八年（西元前四〇八年）,3,史料,秦、魏、鄭,,伐、攻,[魏文侯]十七年(當作三十八年)西攻秦，至鄭而還，築雒陰、合陽。（《魏世家》，《六國表》作“伐秦至鄭，還築洛陽、合陽”。《集解》徐廣曰：“一雲置合陽”）
前408,408,周威烈王十八年（西元前四〇八年）,4,考案,秦、魏、晉、鄭,,伐、攻、取,案：魏于上年與此年連續伐秦，先後攻取臨晉（今陝西大荔縣東南）、元裡（今陝西澄城縣南）、洛陽（今大荔縣西南）、郃陽（今陝西合陽縣東南）等地，並築城，並曾長驅直入至鄭（今陝西華縣）。於是秦之河西地區全為魏所佔有，秦乃退守洛水（在今陝西北部），沿洛水修建防禦工事，即謂“塹洛”，並在重泉築城防守。重泉在今陝西蒲城縣東南，東靠洛水。
前408,408,周威烈王十八年（西元前四〇八年）,5,史料,秦、魏、吳,,拔,吳起於是聞魏文侯賢，欲事之，文侯問李克曰：“吳起何如人哉？”李克曰：“起貪而好色，然用兵司馬穰苴不能過也。”於是魏文侯以為將，擊秦，拔五城。（《吳起列傳》）
前408,408,周威烈王十八年（西元前四〇八年）,6,考案,秦、韓、魏、吳、中山,,攻、卒、取、拔,案：陳逢衡《竹書紀年集證》謂“吳起為將擊秦拔五城，即此時”。錢穆《吳起為魏將拔秦五城考》證之曰：“考《韓非子·外儲說左上》，吳起攻中山，軍人有病疽者，起自吮其膾。”《說苑·複恩》雲：“吳起攻中山，為卒吮膿。其母泣曰：吳子吮此父之創，涇水之戰，不旋踵而死；今又吮之，知何戰而死？”《藝文類聚》、《太平御覽》引《韓非子》亦雲涇水。《史記志疑》：“洛陰、郃陽皆在同州”，推其地理亦與涇水相當。《說苑》所謂涇水之戰，《吳起列傳》所謂拔秦五城者，殆即其事。”（《先秦諸子系年》第一六四至一六五頁）魏文侯時“擊秦拔五城”，即在上年與此年，確由吳起為將攻取，從此秦之河西全為魏所佔有，此後吳起即為西河之守。惟所謂“涇水之戰”，不能作證，河西距涇水甚遠，“涇”字疑有訛誤。
前408,408,周威烈王十八年（西元前四〇八年）,7,史料,楚,,卒、立,〔楚簡王]二十四年簡王卒，子聲王當立。（《楚世家》）
前408,408,周威烈王十八年（西元前四〇八年）,8,史料,韓、鄭,,伐、取,[鄭]縉公十五年韓景侯伐鄭，取雍丘、鄭城京。（《鄭世家》，《六國表》同，《韓世家》作“景侯虔元年，伐鄭取雍丘”）
前408,408,周威烈王十八年（西元前四〇八年）,9,史料,秦、齊、魯,,取,[齊]宣公四十八年取魯之郕。（《田齊世家》，《六國表》同）秦簡公七年初租禾。（《六國表》）
前408,408,周威烈王十八年（西元前四〇八年）,10,考案,秦、魯,,取,案：“初租禾”與魯宣公十五年“初稅畝”之性質相同，即開始按畝征取禾稼作為租稅。秦之“初租禾”較魯之“初稅畝”遲一百八十六年。此時秦在戰敗失地之威脅下，開始進行改革，謀求富強。
前408,408,周威烈王十八年（西元前四〇八年）,11,史料,秦、魏、中山,,攻,魏文侯令樂羊將，攻中山。（《秦策二》第六章甘茂答秦武王語）
前408,408,周威烈王十八年（西元前四〇八年）,12,考案,秦、魏、吳、中山,樂毅,伐、攻、取、會,案：《魏世家》等記魏文侯卜相，翟璜謂李克曰：“君謀欲伐中山，臣進樂羊。”樂羊為魏伐取中山之主將。《樂毅列傳》亦雲：“樂羊為魏文侯將，伐取中山。”翟璜對李克，先言“西河之守，臣之所進也”。再言“君欲伐中山，臣進樂羊”。魏文侯謀伐中山，當在攻取秦之西河之後。既以樂羊為主將而攻中山，又命吳起率戰勝於河西之師，會合進攻中山，更命太子擊監督而主其事。
前408,408,周威烈王十八年（西元前四〇八年）,13,史料,魏、中山,,伐,〔魏文侯]十七年（當作三十八年），伐中山，使子擊守之。（《魏世家》）
前408,408,周威烈王十八年（西元前四〇八年）,14,史料,趙、魏、宋、中山,,伐,[趙]烈侯元年，魏文侯伐中山，使太子擊守之。（《趙世家》，《六國表》誤作“擊宋中山”，“宋”乃“守”字之誤）
前408,408,周威烈王十八年（西元前四〇八年）,15,史料,趙、魏、中山,,伐,趙烈侯籍元年魏使太子伐中山。（《六國表》）
前408,408,周威烈王十八年（西元前四〇八年）,16,考案,趙、魏、越、中山,,伐、攻、圍,案：魏太子擊即此後之魏武侯，嘗主持軍事，《魏世家》記文侯十三年“使子擊圍繁龐，出其民”。是時魏越趙而進攻中山，雖遣樂羊為主將，更命太子擊參與而主持其事。所謂“使太子擊守之”，當在攻克之後。《魏世家》《趙世家》誤系於伐中山之年，當以《六國表》“魏使太子伐中山”為是。
前408,408,周威烈王十八年（西元前四〇八年）,17,史料,韓、魏、吳、中山,,攻、立、殺,吳起為魏將而攻中山，軍人有病疽者，吳起跪而自吮其膿。傷者之母立而泣，人問曰：“將軍于若子如是，尚何為而泣？”對曰：“吳起吮其父之創而父死，今是子又將死也，今吾是以泣。”（《韓非子·外儲說左上》，《藝文類聚》五十九引作“吳子吮其父之傷而殺之涇水之上，今安知不殺是子乎”）
前408,408,周威烈王十八年（西元前四〇八年）,18,史料,吳,,卒,卒有病疽者，起為吮之，卒母聞而哭之。人曰：“子，卒也。而將軍自吮其疽，何哭為？”母曰：“非然也。往年吳公吮其父，其父戰不旋踵，遂死於敵。吳公今又吮其子，妾不知其所矣，是以哭之。”(《吳起列傳》)
前408,408,周威烈王十八年（西元前四〇八年）,19,史料,魏、吳、中山,,攻、殺,吳起為魏將，攻中山，軍人有病疽者，吳子自吮其膿，其母泣之。旁人曰：“將軍于而子如是，尚何為泣？”對曰：“吳子吮此子父之創，而殺之于注水之戰，戰不旋踵而死。今又吮之，安知是子何戰而死，是以哭之矣。”(《說苑·複恩》第二十六章)
前408,408,周威烈王十八年（西元前四〇八年）,20,考案,秦、魏,,,案：秦、魏之間無注水，涇水距河西亦遠，不能成為秦、魏交戰之地，“注”或“涇”疑皆“洛”字之訛。
前408,408,周威烈王十八年（西元前四〇八年）,21,史料,韓、趙、魏、越、中山,,攻、取、拔,魏文侯借道于趙而攻中山，趙侯將不許（《韓非子·說林上》“趙侯”誤作“趙肅侯”）。趙刻曰（《韓非子》“刻”作“利”)：“過矣！（《韓非子》“過”上有“君”字）魏攻中山而不能取，則魏必罷，罷則趙重（《韓非子》作“罷則魏輕，魏輕則趙重”）。魏拔中山，必不能越趙而有中山也。是用兵者魏也，而得地者趙也。君不如許之，許之大勸（《韓非子》“勸”誤作“歡”）。彼將知君利之也，必輟（《韓非子》作“必將輟行”），君不如借之道而示不得已。”（《趙策一》第五章，《韓非子·說林上》同。）
前408,408,周威烈王十八年（西元前四〇八年）,22,考案,趙、魏、中山,,伐、滅,案：據此可知，魏文侯伐滅中山，乃借道于趙，趙不得已而借之。
前408,408,周威烈王十八年（西元前四〇八年）,23,史料,趙、魏、中山,趙襄子,立,魏文侯欲殘中山，常莊談謂趙襄子曰：“魏並中山，必無趙矣。公何不請公子傾以為正妻，因封之中山，是中山複立也。”（《中山策》第一章）
前408,408,周威烈王十八年（西元前四〇八年）,24,考案,趙、魏、中山,趙襄子,伐,案：鮑彪改趙襄子為趙桓子。金正煒雲：“常莊談謂趙襄子，《太平寰宇記》引作張孟談謂趙襄子。《史記·六國年表》，趙烈侯元年魏使太子伐中山，則此策襄子當為烈侯之誤，鮑改桓子亦非。”常莊談請趙君“請公子傾以為正妻，因封之中山。”高注：“公子傾魏女。”春秋戰國之世，“公子”為男女通稱，《左傳》桓公三年，“凡公子嫁于敵國，姊妹則上卿送之，以禮於先君，公子則下卿送之於大國，雖公子亦上卿送之。”此在魏文侯欲伐中山之前，常莊談請趙烈侯，請求魏文侯以其女公子傾嫁于中山國君以為正妻，並因而以中山作為魏分封之國。此策未用。
前408,408,周威烈王十八年（西元前四〇八年）,25,史料,魏,,,魏文侯築館洛陽。（《水經·河水注》）
前408,408,周威烈王十八年（西元前四〇八年）,26,考案,魏,,,案：《水經·河水注》雲：“洛水自獵山枝分東流，東南注於河，昔魏文侯築館洛陰，指謂是水也。”魏文侯築館，疑與是年築洛陰城同時。
前407,407,周威烈王十九年（西元前四〇七年）,1,史料,秦、齊、楚、燕、韓、趙、魏、晉,,,秦簡公八年，晉烈公九年，魏文侯三十九年，韓景侯二年，趙烈侯二年，齊宣公四十九年，楚聲王元年，燕簡公八年。
前407,407,周威烈王十九年（西元前四〇七年）,2,史料,齊、衛、鄭,,伐、取、會,[齊宣公四十九年]宣公與鄭人會西城。伐衛，取毌丘（《田世家》，《六國表》同。惟“毋丘”作“毋”）
前407,407,周威烈王十九年（西元前四〇七年）,3,史料,韓、鄭,,伐,[鄭縉公]十六年鄭伐韓，敗韓兵於負黍。（《鄭世家》，《韓世家》：景侯二年“鄭敗我負黍”。《六國表》同）
前407,407,周威烈王十九年（西元前四〇七年）,4,史料,韓、魏、中山,,攻,樂羊為魏將而攻中山，其子在中山，中山之君烹其子而遺之羹。樂羊坐於幕下而啜之，盡一杯。文侯謂堵師贊曰：“樂羊以我故而食其子之肉。”答曰：“其子而食之，且誰不食。”樂羊罷中山，文侯賞其功而疑其心。（《韓非子·說林上》，《魏策一》第三章同，“堵師贊”作“睹師贊”。《淮南子·人間訓》《說苑·貴德》第二十八章、《中山策》第九章略同）
前407,407,周威烈王十九年（西元前四〇七年）,5,考案,魏、中山,,攻,案：《淮南子·人間訓》雲：“魏將樂羊攻中山，其子執在城中，城中懸其子以示樂羊。樂羊曰：君臣之義不得以子為私。攻之愈急，中山因烹其子而遺之鼎簋與其首。樂羊循而泣之曰：是吾子。已為使者跪而啜三杯。使者歸報中山曰：是伏約死節者也，不可忍也。遂降之，為魏文侯大開地有功。”《說苑·貴德》第二十八章亦雲：“中山見其誠也，不忍與其戰，果下之。遂為文侯開地。文侯賞其功而疑其心。”謂中山因此“不可忍”而“降之”，《說苑》謂中山因此“不忍與其戰，果下之”，恐皆出後人增飾。
前407,407,周威烈王十九年（西元前四〇七年）,6,史料,秦、齊、楚、燕、韓、趙、魏、晉,,,秦簡公九年，晉烈公十年，魏文侯四十年，韓景侯三年，趙烈侯三年，齊宣公五十年，楚聲王二年，燕簡公九年。
前407,407,周威烈王十九年（西元前四〇七年）,7,史料,秦、魏、中山,,攻、拔,魏文侯令樂羊將，攻中山，三年而拔之，樂羊反而語功(《甘茂列傳》作“返而論功”)，文侯示之謗書一篋。樂羊再拜稽首曰：“此非臣之功，主君之力也。”(《秦策二》第六章甘茂謂秦武王，《甘茂列傳》、《新序·雜事三》第三章同)
前407,407,周威烈王十九年（西元前四〇七年）,8,史料,魏、中山,,攻,魏攻中山，樂羊將，已得中山，還反報文侯，有貴功之色。文侯知之（《說苑·複恩》第八章無“知之”二字，“文侯”連下讀），命主書曰：“群臣賓客所獻書者操以進之（《說苑》無“者”“之”二字）。”主書舉兩篋以進，令將軍視之，書盡難中山之事也。將軍還走，北面再拜曰：“中山之舉，非臣之力，君之功也。”（《呂氏春秋·樂成》，《說苑·複恩》第八章同）
前407,407,周威烈王十九年（西元前四〇七年）,9,史料,魏、中山,樂毅,伐、取,樂羊為魏文侯將，伐取中山，魏文侯封樂羊以靈壽。樂羊死，其後子孫因家焉。（《樂毅列傳》）
前407,407,周威烈王十九年（西元前四〇七年）,10,考案,韓、趙、魏、中山,,伐、拔,案：《魏世家》雲：“[魏文侯]十七年伐中山，使子擊守之，趙倉唐傅之。”蓋誤。《魏世家》載翟璜謂李克曰：“中山已拔，無以守之，臣進先生，君之子無傅，臣進屈侯鮒。”《韓詩外傳》卷三第六章屈侯鮒作“趙蒼唐”。太子擊蓋封于中山，趙倉唐或屈侯鮒之為太子傅，當在子擊封于中山之時。
前407,407,周威烈王十九年（西元前四〇七年）,11,史料,韓、魏、吳、中山,,,魏武侯之居中山也，問于李克曰（《淮南子·道應訓》作“魏武侯問于李克”，《新序·雜事五》第十五章、《韓詩外傳》卷十第二十三章皆作魏文侯問于李克》：“吳之所以亡者何也？”李克對曰：“驟戰而驟勝。”（《淮南子》、《新序》、《韓詩外傳》“驟”皆作“數”，下同）武侯曰：“驟戰而驟勝，國家之福也（《淮南子》、《新序》、《韓詩外傳》皆無“家”字），其獨以亡，何故？”對曰：“驟戰則民罷（《新序》、《韓詩外傳》“罷”作“疲”，“罷”通“疲”），驟勝則主驕。以驕主使罷民，然而國不亡者，天下少矣（《淮南子》“少”作“鮮”）。驕則恣，恣則極物，罷則怨，怨則極慮。上下俱極，吳之亡猶晚，此夫差所以自歿於幹隧也。”（歿，《淮南子》作“剄”，《韓詩外傳》作“喪”）（《呂氏春秋·適威》，《淮南子·道應訓》同，《新序·雜事五》第十五章、《韓詩外傳》卷十第二十三章略同）
前407,407,周威烈王十九年（西元前四〇七年）,12,史料,魏,,,《李克》七篇，班固自注：“子夏弟子，為魏文侯相”，列儒家。（《漢書·藝文志》）
前407,407,周威烈王十九年（西元前四〇七年）,13,考案,韓、魏、中山,,伐、拔,案：《呂氏春秋》高誘注：“武侯，文侯之子也。樂羊伐中山得中山，故武侯居之也。”蓋武侯時為太子而分封于中山，《魏世家》所謂“使子擊守之”也。《魏世家》載翟璜謂李克曰：“中山已拔，無以守之，臣進先生。”蓋李克為太子擊分封之中山之相。錢穆《魏文侯禮賢考》雲：“李克為中山守，見《魏世家》。《水經注》引李克書，魏文侯時，克為中山相。中山為魏別封，克為之相，相即守也。”其說是。《淮南子·道應訓》高注：“李克，武侯之相。”錢氏以為“克殆繼相兩君耶？”其說非是。《淮南子·道應訓》所載魏武侯與李克問答之辭，本于《呂氏春秋》。《呂氏春秋》明載其為居中山時之問答，《淮南子》高注所謂武侯之相，乃武侯封于中山時之相，此時魏文侯既令太子擊居於中山，為別封之君，又命李克為相而治之，《漢書·藝文志》謂李克為魏文侯相，文侯當為武侯之誤。《韓非子·外儲說左下》謂翟黃謂田子方曰：“得中山，憂欲治之，臣薦李克而中山治。”《韓非子·難二》又記“李克治中山，苦陘令上計而入多”。上計乃對縣令年終考核之制度，常由國君或相國考核。可見李克確曾為中山之相。
前407,407,周威烈王十九年（西元前四〇七年）,14,史料,韓、魏、中山,,,李克治中山，苦陘令上計而入多，李克曰：“語言辨，聽之說，不度於義，謂之窕言；無山林澤穀之利而入多者，謂之窕貨。君子不聽窕言，不受窕貨，子姑免矣。”(《韓非子·難二》，“李克”舊作“李兌”，從日本蒲阪圓據《魏都賦》劉逵注引《李克書》校正)
前407,407,周威烈王十九年（西元前四〇七年）,15,考案,韓、魏,,,案：《文選·魏都賦》劉逵注引《李克書》亦雲：“言語辯聰之說而不度於義，謂之膠言。”《太平御覽》一六一引《史記》，亦以此為李克事。《韓非子》此章，蓋即據《李克書》，即《漢書·藝文志》儒家《李克》七篇之佚文。
前407,407,周威烈王十九年（西元前四〇七年）,16,史料,魏、吳,,,[魏]文侯以吳起善用兵，廉平，盡能得士心，乃以為西河守。（《吳起列傳》）
前407,407,周威烈王十九年（西元前四〇七年）,17,史料,吳,,立,吳起治西河，欲諭其信於民，夜日置表于南門之外，令於邑中曰：“明日有人能僨南門之外表者仕長大夫。”明日晏矣，莫有能僨表者，民相謂曰：“此必不信。”有一人曰：“試往僨表，不得賞而已，何傷？”往憤表來謁，吳起自見而出，仕之長大夫。夜日又複立表，又令邑中人如前，邑人守門爭表，表加植，不得所賞。自是之後，民信吳起之賞罰。（《呂氏春秋·慎小》）
前407,407,周威烈王十九年（西元前四〇七年）,18,考案,秦、韓、魏、吳,,攻、拔,案：《韓非子·內儲說上》雲：“吳起為魏武侯西河之守，秦有小亭臨境，吳起欲攻之，不去則甚害田者，去之則不足以征甲兵。於是乃倚一車轅於北門之外，而令之曰：“有能徙此南門之外者，賜之上田上宅。”人莫之徙也。及有徙之者，遂賜之如令。俄又置一石赤菽於東門之外，而令之曰：“有能徙此於西門之外者，賜之如初。”人爭徙之，乃下令曰：“明日且攻亭，有能先登者，仕之國大夫，賜之上田上宅。”人爭趨之，於是攻亭，一朝而拔之。”此與《呂氏春秋·慎小》乃一事兩傳。
前407,407,周威烈王十九年（西元前四〇七年）,19,考案,韓、魏、吳,,立,又案：《韓詩外傳》卷九第十一章：“魏文侯問于解狐曰：‘寡人將立西河之守，誰可用者？’解狐對曰：‘荊伯柳者賢人，殆可。’文侯曰：‘是非子之仇也？’對曰：‘君問可，非問仇也。’於是將以荊伯柳為西河守。荊伯柳問左右：‘誰言我於吾君？’左右皆曰：‘解狐。’荊伯柳往見解狐而謝之曰：‘子乃寬臣之過也，言於君，謹再拜謝。’解狐曰：‘言子者公也，怨子者私也，公事已行，怨子如故。’張弓射之，走十步而沒，可謂勇矣。”此一故事不可信。此時魏之西河守，必須善用兵如吳起者。
前407,407,周威烈王十九年（西元前四〇七年）,20,史料,魏、吳,,,西門豹為鄴令，而辭乎魏文侯。文侯曰：“子往矣（吳師道雲：一本作“子往，子往矣”），必就子之功而成子之名。”西門豹曰：“敢問就功成名亦有術乎？”文侯曰：“有之。夫鄉邑老者而先受坐之士（“夫”，鮑本作“矣”，屬上句），子入而問其賢良之士而師事之，求其好掩人之美而揚人之醜者而參驗之（姚注：“曾、劉無者字”）。夫物多相類而非也，幽莠之幼也似禾，驪牛之黃也似虎（鮑本“驪”作“黧”，雲：“黑黃色也”），白骨疑象，武夫類玉（吳師道雲：“武夫即武砆。”吳曾祺曰：“武夫即砆砆，石之似玉者”)，此皆似之而非者也。”（《魏策一》第四章）
前407,407,周威烈王十九年（西元前四〇七年）,21,史料,魏,,,魏文侯使西門豹往治於鄴，告之曰：“必全功、成名、布義。”豹曰：“敢問全功、成名、布義，為之奈何？”文侯曰：“子往矣，是無邑不有賢豪、辯博者也，無邑不有好揚人之惡、蔽人之善者也。往必問豪賢者，因而親之；其辯博者，因而師之；問其好揚人之惡、蔽人之善者，因而察之。不可以特聞從事，夫耳聞之，不如目見之；目見之，不如足踐之；足踐之，不如手辨之，人始入官，如入晦室，久而愈明，明乃治，治乃行。”(《說苑·政理》第二十四章)
前407,407,周威烈王十九年（西元前四〇七年）,22,考案,韓、魏、吳、中山,,伐,案：以上兩則，大體相同。《魏世家》與《韓詩外傳》卷三第六章記翟璜曰：“西河之守，臣之所進也；君內以鄴為憂，臣進西門豹；君謀欲伐中山，臣進樂羊。”據此西門豹為鄴令，誤與吳起為西河守相先後。
前407,407,周威烈王十九年（西元前四〇七年）,23,史料,韓、周,,,西門豹為鄴令，清克潔愨秋毫之端無私利也，而甚簡左右，左右因相與比周而惡之。居期年，上計，君收其璽。豹自請曰：“臣昔者不知其所以治鄴，今臣得矣。願請璽，複以治鄴。不當，請伏斧鑕之罪。”文侯不忍而複與之，豹固重斂百姓，急事左右，期年上計，文侯迎而拜之，豹對曰：“往年臣為君治鄴，而君奪臣璽，今臣為左右治鄴，而君拜臣，臣不能治矣。”遂納璽而去，文侯不受，曰：“寡人曩不知子，今知矣，願子勉為寡人治之。”遂不受。（《韓非子·外儲說左上》）
前407,407,周威烈王十九年（西元前四〇七年）,24,史料,韓,,,西門豹為鄴令佯亡其車轄，令吏求之。不能得，使人求之而得之家人屋間。（《韓非子·內儲說上》）
前407,407,周威烈王十九年（西元前四〇七年）,25,史料,魏,,,西門豹引漳水溉鄴，以富魏之河內。（《河渠書》）
前407,407,周威烈王十九年（西元前四〇七年）,26,考案,魏,,,案：褚少孫所補《史記·滑稽列傳》雲：“西門豹即發民鑿十二渠，引河水灌民田，田皆溉。”惟《呂氏春秋·樂成》又記：“史起對魏襄王曰：‘魏之行田也以百畝，鄴獨二百畝，是田惡也。漳水在其旁而西門豹弗知用，是其愚也。’襄王因使史起為鄴令，決漳水灌鄴。”《漢書·溝渠志》同。《論衡·率性》又雲：“魏之行田百畝，鄴獨二百，西門豹灌以漳水，成為膏腴，則畝收一鐘。”《水經·濁漳水注》則雲：“昔西門豹為鄴令也，引漳水以溉鄴，民賴其用。其後至魏襄王，以史起為鄴令，又堰漳水以灌鄴田，咸成沃壤，百姓歌之。”左思《魏都賦》亦雲：“西門豹溉其前，史起灌其後，墱流十二，同源異口，畜為屯雲，泄為行雨。”此一灌溉工程，自西門豹開鑿後，曾長期修建使用。《後漢書·安帝紀》載初元二年修理西門豹所分漳水為支渠，以溉民田。《水經注》又載：魏武王又竭漳水，作十二墱，一源分為十二流，皆懸水門，故左思《魏都賦》謂墱流十二，同源異口者也。
前407,407,周威烈王十九年（西元前四〇七年）,27,史料,燕、魏,,立、會,西門豹治鄴，廩無積粟，府無儲錢，庫無甲兵，官無計會，人數言其過於文侯。文侯身行其縣，果若人言。文侯曰：“翟璜任子治鄴而大亂，子能道則可，不能，將加誅於子。”西門豹曰：“臣聞王主富民，霸主富武，亡國富庫，今王欲為霸王也，臣故稽積於民，君以為不然，請升城鼓之，甲兵粟米，可立具也。”於是乃升城而鼓之。一鼓，民被甲括矢，操兵弩而出；再鼓，負輦粟而至。文侯曰：“罷之。”西門豹曰：“與民約信，非一日之積也，一舉而欺之，後不可複用也。燕常侵魏入城，臣請北擊之，以複侵地，遂舉兵擊燕，複地而後反。（《淮南子·人間訓》）
前407,407,周威烈王十九年（西元前四〇七年）,28,考案,燕、趙、魏,,,案：此一掌故，不能全信。魏不與燕接境，燕不可能侵魏。“燕”或“趙”之誤。
前407,407,周威烈王十九年（西元前四〇七年）,29,史料,魏,,卒、立、取、會,魏文侯時，西門豹為鄴令。豹往到鄴，會長老，問之民所疾苦。長老曰：“苦為河伯娶婦，以故貧。”豹問其故，對曰：“鄴三老、廷掾常歲賦，斂百姓，收取其錢，得數百萬，用其二三十萬，為河伯娶婦，與祝巫共分其餘錢持歸。當其時，巫行視小家女好者，雲是當為河伯婦，即娉取，洗沐之，為治新增綺縠衣，閒居齋戒，為治齋宮河上，張緹絳帷，女居其中，為具牛酒飯食，十餘日。共粉飾之，如嫁女床席，令女居其上，浮之河中。始浮，行數十裡，乃沒。其人家有好女者，恐大巫祝為河伯取之，以故多持女遠逃亡，以故城中益空無人，又困貧，所從來久遠矣。民人俗語曰：即不為河伯娶婦，水來漂沒，溺其人民雲。”西門豹曰：“至為河伯娶婦時，願三老、巫祝、父老送女河上，幸來告語之，吾亦往送女。”皆曰：“諾。”至其時，西門豹往會之河上，三老、官屬、豪長者、裡父老皆會，以人民往觀之者三二千人。其巫，老女子也，已年七十，從弟子女十人所，皆衣繒單衣，立大巫後。西門豹曰：“呼河伯婦來，視其好醜。”即將女出帷中，來至前，豹視之，顧謂三老、巫祝、父老曰：“是女子不好，煩大巫嫗為入報河伯，得更求好女，後日送之。”即使吏卒共抱大巫嫗投之河中。有頃，曰：“巫嫗何久也。弟子趣之。”複以弟子一人投河中。有頃，曰：“弟子何久也？複使一人趣之。”複投一弟子河中。凡投三弟子。西門豹曰：“巫嫗弟子，是女子也，不能白事，煩三老為入白之。”複投三老河中。西門豹簪筆磬折，向河立待良久。長老、吏傍觀者皆驚恐。西門豹顧曰：“巫嫗、三老不來還，奈之何？”欲複使廷掾與豪長者一人入趣之。皆叩頭，叩頭且破額，血流地，色如死灰。西門豹曰：“諾，且留待之須臾。”須臾，豹曰：“廷掾起矣！狀河伯留客之久，若皆罷去歸矣。”鄴吏民大驚恐，從是以後，不敢複言為河伯娶婦。西門豹即發民鑿十二渠，引河水灌民田，田皆溉。當其時，民治渠少煩苦，不欲也。豹曰：“民可以樂成，不可與慮始。今父老子弟，雖患苦我，然百歲後，期令父老子孫思我言。”（《滑稽列傳》褚少孫補）
前407,407,周威烈王十九年（西元前四〇七年）,30,考案,,,取、聘,案：《水經·濁漳水注》記：“漳水又北祭陌西，戰國之世，俗巫為河伯取婦，祭於此陌。”並有相同較略之敘述：“巫覡行裡中，有好女者，祝當為河伯婦，以錢三萬聘女，沐浴脂粉如嫁狀。”
前407,407,周威烈王十九年（西元前四〇七年）,31,史料,齊、韓、魏、中山,,伐、拔,田子方從齊之魏，望翟黃乘軒騎駕出，方以為文侯也，移車異路而避之，則徒翟黃也。方問曰：“子奚乘是車也？”曰：“君謀欲伐中山，臣薦翟角而謀得果；且伐之，臣薦樂羊而中山拔；得中山，憂欲治之，臣薦李克而中山治。是以君賜此車。”方曰：“寵之稱功尚薄。”（《韓非子·外儲說左下》）
前407,407,周威烈王十九年（西元前四〇七年）,32,史料,燕、魏、中山,,,魏文侯燕飲，皆令諸大夫論己，或言君仁，或言君義（兩句原脫。從《太平御覽》六二二引校增），或言君之智也。至於任座，任座曰：“君，不肖君也，得中山不以封君之弟而以封君之子。是以知君之不肖也。”文侯不說，知於顏色。任座趨而出，次及翟黃，翟黃曰：“君，賢君也，臣聞其主賢者，其臣之言直，今者任座之言直，是以知君之賢也。”文侯喜曰：“可反歟？”翟黃對曰：“奚為不可！臣聞忠臣畢其忠，而不敢遠其死。座殆尚在於門。”翟黃往視之，任座在於門，以君令召之。任座入，文侯下階而迎之，終座以為上客。（《呂氏春秋·自知》）
前407,407,周威烈王十九年（西元前四〇七年）,33,考案,韓、魏、晉,,攻,案：《韓非子·內儲說下》雲：“翟璜，魏王之臣也，而善於韓，乃召韓兵，令之攻魏，因請為魏王構之以自重也。”考此時韓尚貧弱，魏為三晉之魁首，韓何敢攻魏？翟璜亦非縱橫家者流，何得有令他國攻自國而以自重也？此說蓋後世策士臆造。
前407,407,周威烈王十九年（西元前四〇七年）,34,史料,秦,,卒、立,[秦]簡公九年卒，次敬公立，十二年卒，乃立惠公。（《秦本紀·索隱》引《紀年》）
前407,407,周威烈王十九年（西元前四〇七年）,35,史料,秦,,立,[秦]簡公後次敬公，敬公立十三年，乃至惠公。（《秦始皇本紀·索隱》引《紀年》）
前407,407,周威烈王十九年（西元前四〇七年）,36,考案,秦、晉,,卒、立,案：此與《秦本紀》謂“簡公十六年卒，子惠公立”不同。《六國表》記簡公在位十五年。《秦始皇本紀》引《秦記》亦雲：“簡公從晉來，享國十五年，葬僖公西，生惠公。”《史記》記秦事依據《秦記》，《索隱》引《紀年》後雲：“辭即難憑，時參異說。”
前407,407,周威烈王十九年（西元前四〇七年）,37,史料,秦、齊、楚、燕、韓、趙、魏、晉、周,,,周威烈王二十一年（西元前四〇五年）秦簡公十年，晉烈公十一年，魏文侯四十一年，韓景侯四年，趙烈侯四年，齊宣公五十一年，楚聲王三年，燕簡公十年。
前407,407,周威烈王十九年（西元前四〇七年）,38,史料,韓、趙、晉,,圍、救、卒、會、殺,晉烈公十一年田悼子卒，田布殺其大夫公孫孫，公孫會以廩丘叛于趙。田布圍廩丘，翟角、趙孔屑、韓師救廩丘，及田布戰于龍澤，田布敗逋。（《水經·瓠子水注》引《紀年》）
前407,407,周威烈王十九年（西元前四〇七年）,39,史料,趙、周,,卒、會,《紀年》宣公五十一年公孫會以廩丘叛于趙。十二月宣公薨，于周正為明年二月。（《田世家》“宣公五十一年卒，田會自廩丘反”下《索隱》雲。“十二月”上當脫“五十年”三字，考辨見案語）
前407,407,周威烈王十九年（西元前四〇七年）,40,史料,齊,,會,齊宣公五十一年田會以廩丘反。（《六國表》）
前407,407,周威烈王十九年（西元前四〇七年）,41,史料,齊,,卒、立、會,[齊]宣公五十一年卒，子康公貸立。田會反廩丘。（《齊世家》）
前407,407,周威烈王十九年（西元前四〇七年）,42,史料,齊,,卒、立、會,[齊]宣公五十一年卒，田會自廩丘反。宣公卒，子康公貸立。（《田世家》）
前407,407,周威烈王十九年（西元前四〇七年）,43,考案,秦、齊、趙、魏、晉、周,,卒、立、會、殺,案：田會即公孫會，田其姓，公孫其氏。錢穆《田和始立在齊宣公五十一年非四十五年辨》雲：“《索隱》此條，實因《史記》本文而誤衍一‘一’字，蓋《紀年》魏史用夏正，宣公卒在十二月，以魏史言，尚在宣公之五十年，而以周正計之，則已為五十一年，《索隱》故特著‘于周正為明年二月’之語，以見《紀年》之五十與《史記》五十一年雖異而實同。”（《先秦諸子系年》第一七〇頁）惟《水經注》引《紀年》雲：“晉烈公十一年田悼子卒，田布殺其大夫公孫孫，公孫會以麋丘叛于趙。”晉烈公十一年已是齊宣公五十一年。《齊世家》與《田世家》皆謂田會反麋丘在齊宣公卒後，《田世家·索隱》因《紀年》記齊宣公薨于晉烈公十年十二月，與兩《世家》所稱齊宣公卒于宣公五十一年不合，故雲：“五十年十二月宣公薨，于周正為明年二月。”今本“十二月”上脫“五十年”三字。
前407,407,周威烈王十九年（西元前四〇七年）,44,史料,齊、趙、越,,攻、救、取,齊攻廩丘，趙使孔青將死士救之，與齊人戰，大敗之。齊將死。得車二千，得屍三萬，以為二京。甯越謂孔青曰：“惜矣！不如歸屍以內攻之。越聞之，古善戰者，莎隨賁服，卻舍延屍，車甲盡于戰，府庫盡於葬，此之謂內攻之。”孔青曰：“敵齊不屍則如何？(“敵”讀作“適”，適猶若也)”寧越曰：“戰而不勝，其罪一。與人出而不與人入，其罪二。與之屍而弗取，其罪三。民以此三者怨上，上無以使下，下無以事上，是之謂重攻之。”甯越可謂知用文武矣。(《呂氏春秋·不廣》)
前407,407,周威烈王十九年（西元前四〇七年）,45,考案,齊、韓、趙、魏、周、越、代,,攻、圍、會,案：《孔叢子·論勢》篇大體相同，惟以歸屍云云，作為子順語。蘇時學雲：“《孔叢子》本之《呂氏春秋》。今以《紀年》考之，此事在魏文侯時。甯越為周威公師，正其時人也。若子順乃安釐王世，相去百餘年矣。”蓋《孔叢子》作偽者，依據《呂氏春秋》，以寧越之言妄改作子順之語。《孔叢子》雲：“齊攻趙，圍麇丘，趙使孔青帥師五萬擊之，克齊軍，獲屍三萬。”所謂“孔青帥師五萬”，不知何據，並不足信。孔青當即《紀年》之孔屑，“青”“屑”形近，未知孰是。此一戰役，趙將孔屑會同魏將翟角以及韓師，以步兵大敗齊之車兵，“得車二千，得屍三萬”，從此步騎兵之野戰、包圍戰代替車陣作戰，已成大勢所趨。
前407,407,周威烈王十九年（西元前四〇七年）,46,史料,,,卒、立,[田]悼子卒，乃次立田和。（《田世家·索隱》引《紀年》）
前407,407,周威烈王十九年（西元前四〇七年）,47,考案,齊、晉、代,,卒、立,案：《田世家》載齊宣公四十五年“莊子卒，子太公和立”。中間脫去悼子一代。據古本《紀年》，田悼子卒于晉烈公十一年，即齊宣公五十一年。田和之“和”，金文作“禾”，田和即子禾子釜銘文中之子禾子。史籍又稱為和子。
前407,407,周威烈王十九年（西元前四〇七年）,48,史料,齊、魏、越,,,繒恃齊以悍越，齊和子亂，而越人亡繒。（《魏策四》第二章有人謂魏王語）
前407,407,周威烈王十九年（西元前四〇七年）,49,考案,齊、魯、越,,立、滅、殺,案：繒或作鄫，姒姓，在今山東棗莊市東，蒼山縣西稍北。《春秋》載魯襄公六年（西元前五六七年）“莒人滅鄫”。當是莒衰落時，依恃齊而複國。所謂“和子亂”，即指田悼子死後，和子初立時，田氏發生之內亂，因田布殺其大夫公孫孫而引起，越乃乘機滅亡繒國。
前407,407,周威烈王十九年（西元前四〇七年）,50,史料,趙、周、中山,,立,[周]威公又見屠黍而問焉，曰：“孰次之？”對曰：“中山次之。”威公問其故，對曰：“天生民而令有別。有別，人之義也，所以異於禽獸麋鹿也，臣君上下之所以立也。中山之俗，以晝為夜，以夜繼日，男女切倚，固無休息，康樂歌謠好悲，其主弗知惡，此亡國之風也。臣故曰：中山次之。”居二年，中山果亡。威公又見屠黍而問焉，曰：“孰次之？”屠黍不對，威公固問焉，對曰：“君次之。”威公乃懼，求國之長者，得義蒔田邑而禮之，得史驥趙駢以為諫臣，去苛令三十九物，以告屠黍，對曰：“其尚終君之身乎！”曰：“臣聞之，國之興也，天遺之賢人與極言之士，國之亡也，天遺之亂人與善諛之士。”(《呂氏春秋·先識》，《說苑·權謀》第六章同，惟“屠黍”作“屠餘”，“義蒔”作“錡疇”，“史驥”作“史理”，“趙駢”作“趙巽”。)
前407,407,周威烈王十九年（西元前四〇七年）,51,考案,趙、魏、晉、周、中山,趙武靈王,滅、拔、遷,案：《太平御覽》卷一百六十一引《十三州志》：“中山武公本周之同姓，其後桓公不恤國政，晉太史餘見周王，王問之：諸侯孰先亡，對曰：中山之俗以晝為夜，以臣觀之，中山其先亡乎？其後魏樂羊為文侯將，拔中山，封之靈壽。”《水經·滱水注》亦雲：“唐亦中山城也，為武公之國，周同姓。……其後桓公，不恤國政，周王問太史餘曰：今之諸侯孰先亡乎？對曰：天生民而令有別，所以異禽獸也。今中山昏淫康樂，逞欲無度，其先亡矣。後二年果滅。魏文侯以封太子擊也。”此說有誤。中山武公為魏文侯所滅，中山桓公乃複國之君。《呂氏春秋·當染》曰：“中山尚染于魏義、樑長。”《墨子·所染》“樑”作“偃”，孫詒讓《墨子間詁》據《水經注》及《太平御覽》所引《十三州志》，謂中山桓公為魏所滅，雲：“尚或即桓公。”以尚為魏所滅之中山之君，更屬錯誤。尚為趙武靈王所滅中山之君。《太平寰宇記》卷六十一引《史記》雲：“趙武靈王以惠文王三年滅中山，遷其君尚膚施。”當有所據。
前407,407,周威烈王十九年（西元前四〇七年）,52,史料,魏,,,《李子》三十二篇，班固自注：“名悝，相魏文侯，富國強兵。”（《漢書·藝文志》列于法家之首）
前407,407,周威烈王十九年（西元前四〇七年）,53,考案,魏、周、中山,,攻,案：李悝為魏文侯之相，當在翟璜為相之後。上年魏攻克中山，謀臣翟角、主將樂羊以及中山之相李克皆由翟璜推薦，可知主其事者為翟璜。李悝為相當在攻克中山之後。呂祖謙《大事記》系李悝為地力之教于周威王二十年，正當魏攻克中山之年。《六國表》系“卜相，李克翟璜爭”，在周威烈王二十一年，正當攻克中山之後，進一步謀求“富國強兵”之時。李悝為相當在此時。
前407,407,周威烈王十九年（西元前四〇七年）,54,史料,魏,,,李悝為魏文侯作盡地力之教，以為地方百里，提封九萬頃，除山澤邑居參分去一，為田六百萬畝。治田勤謹，則畝益三升，不勤則損亦如之。地方百里之增減，輒為粟百八十萬石矣。（《漢書·食貨志》）
前407,407,周威烈王十九年（西元前四〇七年）,55,考案,,,,案：“畝益三升”，顏師古注：“臣瓚曰：當言三鬥。謂治田勤，則畝加三鬥也。計數而言，字當為鬥，瓚說是也。”“治田勤謹”，王先謙補注：“唐寫本作‘勸謹’，下作‘不勸’”。
前407,407,周威烈王十九年（西元前四〇七年）,56,史料,魏,,,魏文侯使李悝作盡地力之教，以為地方百里，提封九萬頃，除山澤邑居三分去一，為田六百萬畝。理田勤謹，則畝益三升，不勤則損亦如之。地方百里之增減，輒為粟百八十萬石。種穀必雜五種，以備災害。田中不得有樹，用妨五穀。力耕數耘，收穫如寇盜之至（謂促遽之甚，恐為風雨損也）。還（環）廬樹桑，榮茹有畦，瓜瓠果蔬，殖於疆埸。（《通典·食貨二》水利田，《太平御覽》八二一引《史記》同）
前407,407,周威烈王十九年（西元前四〇七年）,57,考案,,,,案：《通典》此節上段乃據《漢書·食貨志》“種穀必雜五種”以下，當別有所據。《太平御覽》八二一引《史記》當出一史料來源。此乃“盡地力之教”之具體措施。
前407,407,周威烈王十九年（西元前四〇七年）,58,考案,韓、魏、吳、中山,商鞅,遷,又案：《孟子荀卿列傳》亦雲：“魏有李悝盡地力之教。”而《貨殖列傳》又雲：“李克務盡地力。”《平準書》又雲：“魏用李克盡地力。”以前注釋者均謂《貨殖列傳》、《平準書》有誤。李悝與李克並非一人。《漢書·藝文志》列《李克》七篇在儒家，列《李子》（悝）三十二篇在法家，《漢書·古今人表》列李悝三等，李克四等。惟崔適《史記探源》則謂“悝、克一聲之轉，古書通用，非誤也。”錢穆《魏文侯禮賢考》從其說，並證之雲：“如顏讎由之為顏濁鄒，申棖之為申党，古多其例。《漢書·藝文志》有《李子》三十二篇而別出《李克》七篇者，如法家有《商君》二十九篇，而兵家複有《公孫鞅》二十七篇之類。分部別出，一篇中亦屢見其例，未足為二人之證。或至班固始誤分為二人也。《古今人表》李悝在三等，李克在四等，此如公季成、魏成子亦為二人，司馬遷已不能辨老聃、太史儋、老萊子，宜班固不能知李悝、李克矣。且魏文時賢臣，已盡見於《蔔相》一文，苟別有李悝，何獨不見稱引？”其辨非是。《漢書·藝文志》分列李悝著作于法家、李克著作於儒家，與其列《商君》于法家、又列《公孫鞅》於兵家不同。法家固然可以兼兵家，不僅商鞅如此，吳起亦如此，但未見有法家而兼儒家者。李悝著有《法經》，確為法家之首創者，李悝亦曾統兵作戰。李悝初為上地守，李克則為中山相，《韓非子》中區別明顯。李克治中山，苦陘令上計而入多，李克曰：“無山林澤穀之利而入多者，謂之窕貨。”韓非駁斥李克之說為“無術之言”，謂“人事”“天功”二者皆能使“入多”。李悝作盡地力之教，正主張以“人事”謀求“入多”者。若李克即是李悝，韓非不能如此評論。法家李悝與儒家李克，本為兩人，非班固始誤分為兩人也。
前407,407,周威烈王十九年（西元前四〇七年）,59,史料,魏,,取,[李悝]又曰：“糴甚貴傷民，甚賤傷農，民傷則離散，農傷則國貧。故甚貴與甚賤，其傷一也。善為國者，使民無傷而農益勸。今一夫挾五口，治田百畝，歲收畝一石半，為粟百五十石，除十一之稅十五石，餘百三十五石。食，人月一石半，五人終歲為粟九十石，餘有四十五石。石三十，為錢千三百五十。除社閭、嘗新、春秋之祠，用錢三百，餘千五十。衣，人率用錢三百，五人終歲用千五百，不足四百五十。不幸疾病死喪之費，及上賦斂，又未與此。此農夫所以常困，有不勸耕之心，而令糴至於甚貴者也。故善平糴者必謹觀歲有上、中、下熟，上熟其收自四，余四百石；中熟自三，余三百石；下熟自倍，余百石。小饑則收百石，中饑七十石，大饑三十石，故大熟則上糴三而舍一，中熟則糴二，下熟則糴一，使民適足，賈平而止。小饑則發小熟之所斂，中饑則發中熟之所斂，大饑則發大熟之所斂。故雖欲饑饉、水旱，糴不貴而民不散，取之有以補不足也。”行之魏國，國以富強。（《漢書·食貨志》）
前407,407,周威烈王十九年（西元前四〇七年）,60,史料,秦、魏、晉、越,,,秦、漢舊律，其文起自魏文侯師李悝。悝撰次諸國法，著《法經》，以為王者之政，莫急於盜賊，故其律始於《盜》、《賊》，盜賊須劾捕，故著《囚》、《捕》二篇（“囚”原誤作“網”，今改正）。其輕狡越城、博戲、假借不廉、淫侈逾制，以為《雜律》一篇。又以其律具其加減，是故所著六篇而已，然皆罪名之制也。商君受之以相秦。（《晉書·刑法志》）
前407,407,周威烈王十九年（西元前四〇七年）,61,史料,魏、周,,,周衰刑重，戰國異制。魏文侯師于李悝，集諸國刑典，造《法經》六篇：一《盜法》，二《賊法》，三《囚法》，四《捕法》，五《雜法》，六《具法》。（唐·長孫無忌《唐律疏議·名例一》）
前407,407,周威烈王十九年（西元前四〇七年）,62,考案,秦、趙、魏、晉、鄭、代,商鞅,變法、取、殺,案：李悝《法經》具有承前啟後之重大作用。春秋晚期鄭、晉等國公佈成文法典。西元前五三六年鄭子產鑄《刑書》（《左傳》昭公六年），其後二十三年晉趙鞅、荀寅賦晉國一鼓鐵，以鑄刑鼎，著范宣子所為《刑書》焉（《左傳》昭公二十九年）。鄭、晉二國先後鑄《刑書》於鼎上，字數當不多。其後又十二年鄭駟歂殺鄧析而用其《竹刑》（《左傳》定公九年），此以《刑書》著於竹簡，內容又當加詳。至戰國初期，李悝撰次諸國法，著《法經》，魏文侯以為師，蓋以此為變法改革之基礎。其後商鞅又受之入秦為相，更以為在秦變法之基礎，此後秦律即由此而擴展加詳。李悝《法經》首先著重囚捕盜賊，亦沿用諸國之成法。所謂“盜”指竊劫財貨；所謂“賊”指殺人傷人。即《荀子·修身》所雲：“害良曰賊”，“竊貨曰盜”。《荀子·儒效》所謂“人無師無法而知，則必為盜；勇，則必為賊”。囚捕盜賊目的，即在除暴安良而維護“王者之政”。《左傳》昭公十五年載晉叔向曰：“己惡而掠美為昏，貪以敗官為墨，殺人不忌為賊。《夏書》曰：昏、墨、賊，殺（杜預注：《逸書》，三者皆死刑）。臯陶之刑也。”蓋判殺人犯處死刑，由來已久。一九七六年湖北雲夢睡虎地秦篡出土《秦律》竹簡，其中《法律答問》乃刑律之解說，包括對民間以及官府各種刑事案件之處理，處罰最重者，即非法取得財物之“盜”與殺傷別人之“賊”。所謂“盜”，不僅指竊取錢幣、珠玉、家畜、衣服、祭品之人，亦指偷采別人桑葉、價值不及一錢者，徙移封畔而私占田地者。其次所處罰者，乃逃亡之人與誣告別人之人。此與李悝《法經》首重懲罰“盜”“賊”而加以“捕”“囚”，性質相同。此即《商君書·畫策》所謂“國皆有禁奸邪、盜賊之法”。據《魏律·序》，秦、漢舊律，《盜律》有劫略、恐猖和賣買人。《賊律》有欺謾、詐偽、逾制、矯制以及賊樹木等。魏將《具律》改稱《刑名》，並列為首篇，以為“刑名所以經略罪法之輕重，正加減之等差，明發眾篇之多義，補其章條之不足，較舉上下綱領”。《具律》相當於現代刑法總則。李悝《法經》為秦、漢以後法典之所本，因而李悝成為法家之始祖。
前407,407,周威烈王十九年（西元前四〇七年）,63,考案,秦、魏、晉、代,,,又案：謝冠生《歷代刑法書存亡考》雲：“李悝書自《隋書·經籍志》以下，諸家目錄皆不著，惟《漢書·藝文志》有《李子》三十二篇，列法家之首，原注以為即李悝，但無《法經》名字。《晉書》述魏陳群等撰《新律十八篇序》，引秦《法經》六篇而不言李悝。今考書之篇數既非《漢書》之舊，文體亦不類戰國時人作，其出於依託，蓋無疑也。”此說不確。李悝《法經》，當即包容于《李子》之中。今以秦、漢法典源流，可以推定確有李悝《法經》如《晉書·刑法志》所言者。
前407,407,周威烈王十九年（西元前四〇七年）,64,史料,,,,《李子》曰：“非狗則不得兔，兔化而狗，則不為兔。人君而好為人官，有似於此。其臣蔽之，人時禁之；君自蔽則莫之敢禁。夫自為人官，自蔽之精者也。祓篲日用而不藏於篋，故用則衰，動則暗，作則倦。衰、暗、倦三者，非君道也。”(《呂氏春秋·勿躬》)
前407,407,周威烈王十九年（西元前四〇七年）,65,考案,,,,案：范耕研《呂氏春秋補注》（江蘇《國學圖書館年刊》第六期，一九三三年出版），謂《李子》即出於《漢書·藝文志·法家》三十二篇，乃李悝所著。此說可從。《勿躬》即法家言，主旨謂人君勿躬親為人官（即人臣）之事，若為人官之事，則必自蔽。自蔽則衰、暗、倦，非為君之道。此乃法家所講究統治之“術”，蓋李悝已開其端。
前407,407,周威烈王十九年（西元前四〇七年）,66,史料,秦、魏、越、衛、蔡,,卒、立、滅、遷、殺,桓譚《新書》：“魏文侯師李悝著《法經》，以為王者之政，莫急於盜賊，故其律始於《盜》、《賊》。盜賊須劾捕，故著《囚》、《捕》二篇。其輕狡越城、博戲、假借不廉、淫侈逾制，為《雜律》一篇。又以《具律》具其加減，所著六篇而已。衛鞅受之入相于秦，是以秦、魏二國深文峻法相近。”《正律》略曰：“殺人者誅，籍其家，及其妻氏，殺二人，及其母氏。大盜戍為守卒，重則誅。窺宮者臏，拾遺者刖，曰為盜心焉。”其《雜律》略曰：“夫有一妻二妾，其刑臧。夫有二妻則誅，妻有外夫則宮，曰淫禁。盜符者誅，籍其家。盜璽者誅。議國法令者誅（一作法禁），籍其家，及其妻氏，曰狡禁。越城一人則誅，自十人以上夷其鄉及族，曰城禁。博戲，罰金三市（今案“市”疑“尋”字之誤），太子博戲則笞，不止則特笞，不止則更立，曰嬉禁。群相居，一日以上則問，三日、四日、五日則誅，曰徒禁。丞相受金，左右伏誅。犀首以下受金則誅。金自鎰以下，罰，不誅也，曰金禁。大夫之家有侯物，自一以上者族。”其《減律》略曰：“罪人年十五以下，罪高三減，罪卑一減。年六十以上，小罪情減，大罪理減。”武侯以下，守為法矣。[董說《七國考》卷十二“魏刑法”，“法經”條。此下有十三條解說：（一）淫禁、狡禁、城禁、嬉禁、徒禁、金禁，詳見《法經》。（二）囚捕：自囚捕至及母氏，並詳《法經》。（三）誅，左右伏誅：餘按：左右伏誅者，刑不上丞相，故誅左右。蔡邕所謂秦、漢以前有恥辱之刑是也。又受金罪薄，故僅用辱刑耳。（四）臏：應劭曰：“臏，截足也。”（五）刖：應劭曰：“刖斬趾也。”（六）臧：古無臧刑，疑即腐刑也。又按斷耳曰臧，耳月相近，或傳寫之誤。世俗寄豭者，事露，即割其耳，豈亦魏法之遺乎？（七）宮：《尚書刑德考》曰：“宮者，女子執置宮中，不得出也。……”（八）戍：應劭曰：“屯戍，古之遷刑也。”（九）笞，特笞：特笞不可解，疑重笞也。（十）罰金：秦亦有罰甲、罰賦之法，即籍家。（十一）族：滅宗也。又《國策》雲：“魏王與龍陽君共舟而釣，龍陽君得十餘魚而涕下，於是魏王命令於四境之內，有敢言美人者族。”（十二）夷鄉：夷鄉之法，他國無有，果行，魏酷于秦矣。（十三）及妻氏、及母氏：妻氏、母氏猶妻族母族也。以上載《法經》]
前407,407,周威烈王十九年（西元前四〇七年）,67,考案,趙、晉、宋、代,,卒,案：捷克鮑格洛於一九五九年發表《李悝法經之雙重偽造問題》一文（《東方文獻》第二十七期），認為《晉書·刑法志》所述李悝《法經》內容既出於偽託，董說《七國考》所載桓譚《新論》所引《法經》條文，更出於依據《晉書·刑法志》而偽造。桓譚《新論》明清之際早已失傳。鮑格洛在此文發表前，曾將文稿寄來，徵求意見。余嘗覆信，認為《晉書·刑法志》所述《法經》，應有所據，非出偽託。董說所引桓譚《新論》，南宋已散佚，而所引《法經》條文，不見於宋代類書引用，亦不見於嚴可均《新論》輯本，無從查考，實不足信。一九六五年日本守屋美都雄發表《關於李悝法經之一問題》一文（收入《中國古代研究》第二輯），反駁鮑格洛。以為桓譚《新論》至明末尚存，董說可能引用。全祖望雲：“常熟錢尚書（按指錢謙益)謂《新論》明季尚有完書，惜無從得一見之。”(《鮚琦亭集外編》卷四十《揚子雲生卒考》)清代孫從添《上善堂宋元板精鈔舊鈔書目》載有桓子《新論》十七卷，趙清常校宋本。趙清明末常熟人，與錢謙益同時，又為同鄉，又均為藏書家。董說之父董斯張及董說本人亦為藏書家，因而董說可能見到《新論》而引用。但上引上善堂書目所載趙清常校宋本《新論》，不見他書著錄，此一推斷尚無確證。
前407,407,周威烈王十九年（西元前四〇七年）,68,考案,秦、韓、趙、魏、晉、越、衛、宋、鄭、代,張儀、商鞅、魏惠王,伐、變法、取,又案：今就《七國考》所引《法經》條文內容考核，可知其必為董說所偽造。《七國考》偽託引用桓譚《新論》（誤作“《新書》”），首段襲自《晉書·刑法志》，後段引用所謂《法經》之《正律》、《雜律》與《減律》條文，前後矛盾不合，與《晉書·刑法志》、《唐律疏議》所言《法經》分《盜》、《賊》、《囚》、《捕》、《雜》、《具》六篇不同。《秦策一》第一章稱“商君治秦，法令至行，公平無私，罰不諱強大”，“期年之後，道不拾遺，民不妄取，兵革大強”。此謂“道不拾遺”乃商君厲行法治之結果。《商君列傳》亦雲：“商鞅下變法令，行之十年，秦民大說，道不拾遺，山無盜賊，家給人足。”而《七國考》所引《正律》則雲：“窺宮者臏，拾遺者刖，曰為盜心焉。”似若商鞅所用秦律依據李悝《法經》。“道不拾遺”乃因秦律有“拾遺者刖”之結果，殊不可信。《七國考》所引所謂《雜律》，分為淫禁、狡禁、城禁、嬉禁、徒禁、金禁，亦與《晉書·刑法志》所謂“其輕狡越城、博戲、假借不廉、淫侈逾制，為《雜律》一篇”有出入。《七國考》稱：“群相居，一日以上則問，三日、四日、五日則誅，曰徒禁。”如此嚴禁“群相居”，試問魏、秦之官吏將如何執行？《七國考》又稱“金禁”乃“丞相受金，左右伏誅，犀首以下受金則誅。”並為之解說：“刑不上丞相，故誅左右。”所謂“刑不上丞相”乃沿用舊貴族“刑不上大夫”之法制，此與法家“罰不諱強大”不合。據《左傳》昭公十五年叔向所引《夏書》，“貪以敗官為墨”，墨處死刑。由來已久，何以“罰不諱強大”之法家，所用《法經》反而放縱丞相“貪以敗官”乎？且所謂丞相、犀首，魏文侯時尚無此官制。秦武王二年初置丞相，始有丞相之官名，後乃為相邦之通稱。魏文侯雖已設相位，並無丞相之官名，《七國考》魏職官中有“丞相”條，引《魏世家》蘇代謂張儀等三人“欲得丞相璽”為證，此已是魏襄王時之事，所謂丞相已是相邦之通稱。《七國考》魏職官中又有“犀首”條，引《春秋後語》、劉向《別錄》以為公孫衍在魏嘗為是官，其實非是。《孟子·滕文公下》趙岐注、《呂氏春秋·開春》高誘注，以及《秦策二》高誘注皆謂“公孫衍號為犀首”。戰國文獻中，常以犀首為公孫衍之專稱，見於《韓非子·外儲說右上》及《張儀列傳》所附《犀首傳》。《戰國策》中，除《宋衛策》第三章“犀首伐黃”云云，此一犀首為春秋末年人外，所有述及犀首者，皆為公孫衍之專稱。《漢書·古今人表》列犀首在第五等，亦作為公孫衍之專稱。《秦本紀》載惠文君五年“陰晉人犀首為大良造”，犀首亦為公孫衍專稱。公孫衍先為秦之大良造，大良造為當時秦之最高官職與爵位。若犀首為魏官名，《秦本紀》豈能如此記載？《趙策三》記公子魏牟謂趙王曰：“且王之先帝（指魏惠文王），駕犀首而驂馬服，以與強秦角逐。”即指趙惠文王用趙奢為將，大勝秦于闕與，因而封號為馬服君。此以“駕犀首”作為“驂馬服”陪襯之形容詞，可知犀首必與馬服同為武將之稱號而非官名。公孫衍與魏惠王同時，魏文侯時未見有將軍稱犀首者。丞相與犀首，原非魏之官名，董說《七國考》誤以為魏之官名，而所引《法經》條文中有此官名，即此一端，可知《七國考》所引《法經》條文，偽稱引自桓譚《新論》者，當即出於董說之偽造。董說偽造《法經》條文，偽託引自桓譚之說，並作注解而故弄玄虛，不少人受其蒙蔽。錢穆論《法經》，謂《晉書·刑法志》，“其說本于桓譚，桓譚當西漢晚世，博學與揚子雲、劉子駿並稱，必有所見”(《先秦諸子系年》第一三三頁)。尚不免為董說所蒙蔽。余在初版《戰國史》一書中，亦嘗引用《七國考》以論《法經》。當時余已懷疑《七國考》所引，但因有些歷史教科書上在引用，為鄭重起見，寫信給郭沫若提出疑問，後接得顧頡剛奉郭沫若命而所作之答覆，斷言《七國考》可信。因而在《戰國史》中引用，並加上注解，稱“我們看內容可信”。直到一九五八年七月捷克鮑格洛寄來辨偽文稿徵求意見，我才修訂《戰國史》，並在一九九八年新版《戰國史·後記》中作較詳之論證。
前407,407,周威烈王十九年（西元前四〇七年）,69,史料,秦、齊、楚、燕、韓、趙、魏、晉,,,秦簡公十一年，晉烈公十二年，魏文侯四十二年，韓景侯五年，趙烈侯五年，齊康西元年，田和子元年，楚聲王四年，燕簡公十一年。
前407,407,周威烈王十九年（西元前四〇七年）,70,史料,齊、韓、趙、晉,,伐,晉烈公十二年王命韓景子、趙烈子、翟員伐齊入長城。（《水經·汶水注》引《紀年》）
前407,407,周威烈王十九年（西元前四〇七年）,71,史料,齊、魏,,,魏文侯可謂好禮士矣。好禮士，故南勝荊于連堤，東勝齊于長城，虜齊侯獻諸天子，天子賞文侯以上聞。（《呂氏春秋·下賢》“上聞”原作“上卿”，此從畢沅據《史記》、《漢書》之《樊噲傳》如淳注所引校正）
前407,407,周威烈王十九年（西元前四〇七年）,72,考案,秦、齊、楚、韓、晉,,伐、會,案：畢沅引梁伯子雲：“《國策》、《史記》皆不見文侯勝荊、齊之事。上聞，舊本作上卿，訛。案《史》、《漢》之《樊噲傳》上聞爵，如淳注引此語作上聞，張晏曰：得徑上聞也。晉灼曰：名通于天子也。今《史記》多訛為上間，惟《索隱》本是上聞及引此作上間，雲間音中間，恐訛也。”所謂上聞者，不僅“名通于天子”，並接受王命也。故《紀年》稱是年王命伐齊。唯廿又再祀，厲羌乍（作）戕（戎），氒（厥）辟韓宗敺，逹（率）征秦逖（迮）齊，入蜋（長）城，先會于平險（陰），武侄寺力，嘉（嘉）寇（奪）楚京，賞于韓宗，令（命）于晉公，邵（昭）于天子，用明則之于銘，武文鹹剌（烈），永枼（世）母（毋）忘。（厲羌鐘銘文）
前407,407,周威烈王十九年（西元前四〇七年）,73,考案,秦、齊、楚、韓、趙、魏、晉、周、吳、鄭、中山、代,,伐、攻、圍、取、盟、會、殺,案：編鐘共十四枚，二十世紀三十年代出土于河南洛陽金村太倉墓中。除第五、第十四兩鐘藏加拿大皇家安大略博物館以外，其他均藏日本泉屋博物館。先後考釋銘文者有六家，即劉節、唐蘭、徐中舒、吳其昌、郭沫若與溫廷敬。其中以溫廷敬著《麈羌鐘銘釋》（中山大學文科研究所《史學專刊》一卷一期），斷為周威烈王二十二事，最為正確。溫氏謂此即《水經注》所引《紀年》伐齊入長城之事。並雲：“征秦必是年以前之事，此並言之。《六國年表》威烈王十三年、秦簡公二年與晉戰鄭下，十六年、十七年魏兩伐秦，《魏世家》於十七年亦雲攻秦至鄭而還。度麈羌亦必從韓與其役，否則韓自有伐秦之事而史不記也。伐齊之事，僅見于《紀年》甚略，賴有入長城三字，知為是役。”其說甚是。《紀年》列此役于晉烈公十二年，正當周威烈王二十二年，即鐘銘所謂“廿又再祀”。魏史《紀年》稱此役出於“王命”，《呂氏春秋》則稱魏文侯“東勝齊于長城，虜齊侯獻諸天子，天子賞文侯以上聞”。鐘銘又言韓將麞羌“迮齊，入長城……賞于韓宗，命于晉公，昭于天子”，皆相符合。是時三晉合作，同謀合力，魏文侯儼然為盟主。前于此，魏伐秦取西河，韓、趙亦嘗發兵助戰，韓將麞羌嘗參與，故鐘銘以“征秦迮齊”連言。《秦本紀》載孝西元年下令國中，曰：“會往者厲、躁、簡公、出子之不寧，國家內憂，未遑外事，三晉攻奪我先君河西地”，足為明證。後於此，三晉又合兵伐楚，周安王二年三晉伐楚至乘丘，周安王十一年三晉敗楚于大樑榆關，《呂氏春秋》又稱魏文侯南勝荊于連堤是也。三國伐齊，圍平陸（“平陸”當為“平陰”之誤）。括子以報于牛子曰：“三國之地，不接於我，逾鄰國而圍平陸，利不足貪也。然則求名於我也，請以齊侯往。”牛子以為善。括子出，無害子入，牛子以括子言告無害子。無害子曰：“異乎臣之所聞。”牛子曰：“國危而不安，患結而不解，何謂貴知？”無害子曰：“臣聞之，有裂壤土以安社稷者，聞殺身破家以存其國者，不聞出其君以為封疆者。”牛子不聽無害子之言，而用括子之計，三國之兵罷，而平陸之地存。自此之後，括子日以疏，無害子日以進。（《淮南子·人間訓》）
前407,407,周威烈王十九年（西元前四〇七年）,74,考案,齊、韓、趙、魏、晉,,伐、攻、圍、卒、立、即位、取、會,案：高誘注雲：“三國，韓、魏、趙也。”“括子、牛子齊臣。”“無害子亦齊臣。”蘇時學《爻山筆話》雲：“據《淮南子》所言，正虜齊侯之事實也。注言三國為韓、魏、趙，則與《紀年》同。其言求名於我，亦與未為侯時合。蓋三家所以命為侯者，以勝齊之功也，即此書所謂賞以上聞者也。上聞者，言始列為侯而名上聞于天子也。然此時之齊，已在宣、康之世，方制于田氏而不能自存，王乃命三家以攻討者歟？”其說至確。是時齊侯正受制于田氏。田悼子卒，田氏內亂，田會自廩丘叛于趙，田布圍廩丘，三晉合兵大敗田布，繼而三晉攻至平陰而入齊長城。平陰為齊長城西端之門戶，古城在今山東平陰縣東北，西元前五五五年晉聯合各國伐齊，即會戰于平陰（《左傳》襄公十八年）。魏羌鐘銘稱是役“入長城，先會于平陰”。蓋攻入長城，必先攻克平陰。《淮南子》稱是役“圍平陸”，“陸”當為“陰”字之誤。蓋“陰”古作“險”，與“陸”形近而論。括子、牛子、無害子皆為掌權之田氏大夫，牛子稱三晉逾鄰國而會攻齊國，其目的不在奪取城邑，而是“求名於我也，請以齊侯往”。蓋欲迫使齊侯會同三晉而往朝見天子，由天子命三晉為諸侯。此即《呂氏春秋》所謂“虜齊侯獻諸天子”，“天子賞文侯以上聞”。《紀年》又稱是役為“王命”。無害子疑即和子，“和”與“無害”音近通假。田悼子卒後，田氏爭權而發生內亂，和子在內亂中得勝而即位。此後，至齊康公十八年，田和子會見魏文侯，請魏文侯言于天子而立為諸侯。蓋沿用三晉請齊侯言于天子而立為諸侯之例。《淮南子》稱“無害子日以進”，或即指此而言。
前407,407,周威烈王十九年（西元前四〇七年）,75,史料,宋,,卒、立,[宋]昭公卒，子悼公購由立。（《宋世家》）
前407,407,周威烈王十九年（西元前四〇七年）,76,考案,秦、韓、周、魯、宋,,伐、卒,案：《左傳》宋景公卒于魯哀公二十六年，凡四十八年卒，而《宋世家》作六十四年，梁玉繩《史記志疑》將此後宋君之年元均以次移前十八年，定宋昭西元在周定王元年，悼西元在周威烈王五年，休西元在周威烈王十三年。而孫詒讓《墨子年表》據《左傳》定昭西元在周定王元年，而昭公卒年仍從《六國表》書于周威烈王二十二年，將昭公增多十八年，未將此後諸君年元遞前。錢穆《先秦諸子系年》因《史記》宋昭公為四十七年，《紀年》宋悼公為十八年，多《史記》十年，又定昭公卒于周威烈王四年，宋悼公卒于周威烈王二十二年。當以孫說為是。《世家》謂昭公四十七年，今本《六國表》同，而《集解》雲：“《年表》雲四十九年。”《世家》謂景公六十四年，《六國表》作六十六年。余疑宋景公本在位四十九年，以逾年改元計則四十八年，《六國表》誤以景公年數為昭公年數，昭公年數為景公年數耳。《韓世家》雲：“文侯二年伐宋到彭城，執宋君。”《六國表》列悼西元于周威烈王二十三年，韓景子六年，韓文侯二年即宋悼公十九年，蓋悼公被執以去，休公未逾年改元，故《紀年》稱悼公為十八年也。悼公之所以諡，即以被執去之故歟？
前403,403,周威烈王二十三年（西元前四〇三年）,1,史料,秦、齊、楚、燕、韓、趙、魏、晉、周,,,秦簡公十二年，晉烈公十三年，魏文侯四十三年，韓景侯六年，趙烈侯六年，齊康公二年，楚聲王五年，燕簡公十二年。[周]威烈王二十三年九鼎震，命韓、趙、魏為諸侯。（《周本紀》，《六國表》同）
前403,403,周威烈王二十三年（西元前四〇三年）,2,史料,韓、趙、魏,,,〔魏文侯〕二十二年魏、趙、韓列為諸侯。（《魏世家》）
前403,403,周威烈王二十三年（西元前四〇三年）,3,史料,韓、趙、魏,,,[韓景侯]六年與趙、魏俱得列為諸侯。（《韓世家》）
前403,403,周威烈王二十三年（西元前四〇三年）,4,史料,韓、趙、魏,,立,[趙烈侯]六年魏、韓、趙皆相立為諸侯，追尊獻子為獻侯。（《趙世家》）
前403,403,周威烈王二十三年（西元前四〇三年）,5,史料,燕、晉,,立,[燕]簡公立十三年而三晉命邑為諸侯。（《燕世家·索隱》引《紀年》）
前403,403,周威烈王二十三年（西元前四〇三年）,6,考案,齊、楚、燕、韓、趙、魏、晉、周、鄭,,立,案：《齊世家》稱“康公二年韓、魏、趙始列為諸侯”。《六國表》雲：“楚聲王五年魏文侯、韓武子、趙桓子始列為諸侯”。《鄭世家》言：“繕公二十年韓、趙、魏列為諸侯。”皆與《周本紀》及三晉世家相合。惟《晉世家》稱：“烈公十九年周威烈王賜趙、韓、魏皆命為諸侯”，則誤後六年。據《燕世家·索隱》所引《紀年》推算，燕簡公十二年當周威烈王二十三年，《紀年》謂“燕簡公立十三年而三晉命邑為諸侯”，亦與《史記》相合。
前403,403,周威烈王二十三年（西元前四〇三年）,7,考案,齊、韓、趙、魏、晉、周、越、鄭、代,,伐、立、會,又案：此年王命三晉列為諸侯，實為上年三晉伐齊入長城，迫使齊侯會同三晉之君前往朝見周威烈王而所得之結果。《水經·汶水注》引《紀年》雲：“晉烈公十二年王命韓景子、趙烈子、翟員伐齊入長城。”所記韓、趙尚稱為“子”而不稱“侯”，蓋魏已自稱為“侯”。《淮南子·人間訓》稱“三國伐齊”，田括子謂是“求名於我也，請以齊侯往”。所謂“往”即往見天子，所謂“求名”即求王命為諸侯。《呂氏春秋·下賢》稱魏文侯“東勝齊于長城，虜齊侯獻諸天子，天子賞文侯以上聞”。所謂“虜齊侯獻諸天子”，亦即迫使齊侯會同朝見天子。所謂（賞以）“上聞”亦指“王命”為諸侯。《趙世家》稱“魏、韓、趙皆相立為諸侯”。蓋三晉先相互自立為諸侯，繼由“王命”列為諸侯也。[趙]烈侯好音，謂相國公仲連曰：“寡人有愛，可以貴之乎？”公仲曰：“富之可，貴之則否。”烈侯曰：“然。夫鄭歌者槍、石二人，吾賜之田，人萬畝。”公仲曰：“諾。”不與。居一月，烈侯從代來，問歌者田。公仲曰：“求，未有可者。”有頃，烈侯複問，公仲終不與，乃稱疾不朝。番吾君自代來，謂公仲曰：“君實好善，而未知所持，今公仲相趙（“今”“仲”二字疑衍），於今四年，亦有進士乎？”公仲曰：“未也。”番吾君曰：“牛畜、荀欣、徐越皆可。”公仲乃進三人。及朝，烈侯複問：“歌者田何如？”公仲曰：“方使擇其善者。”牛畜侍烈侯以仁義，約以王道，烈侯逌然。明日，荀欣侍，以選練舉賢，任官使能。明日，徐越侍，以節財儉用，察度功德，所與無不充。君說。烈侯使使謂相國曰：“歌者之田且止，官牛畜為師，荀欣為中尉，徐越為內史。”賜相國衣二襲。（《趙世家》列于趙烈侯六年，《六國表》作“趙烈侯七年，烈侯好音，欲賜歌者田，徐越侍以仁義，乃止”）
前403,403,周威烈王二十三年（西元前四〇三年）,8,考案,趙、越,,拔,案：此為趙之重要改革。在講究“仁義”與“王道”同時，推行“任官使能”、“節財儉用”政策。“師”為掌教化之官，牛畜侍以仁義，約以王道，因而官以為師。“尉”是掌選拔人才之官，《禮記·月令》謂太尉“贊傑俊，遂賢良，舉長大”。荀欣侍以選練舉賢，任官使能，因而官以為中尉。“內史”主管全國田租之收入與開支，乃掌管財政之官。徐越侍以節財儉用，察度功德，所與無不充，因而官以為內史。《六國表》作“徐越侍以仁義”，“徐越”乃“牛畜”之誤。
前403,403,周威烈王二十三年（西元前四〇三年）,9,考案,趙、周,,,又案：《大事記》據番吾君謂公仲相趙四年之語，以為此事在趙烈侯四年即周威烈王二十一年。梁玉繩從之。此說不確。公仲連為趙相未必始于趙烈侯元年。
前403,403,周威烈王二十三年（西元前四〇三年）,10,史料,燕、趙、魏、中山,,,魏文侯封太子擊于中山，三年使不往來，舍人趙倉唐進稱曰：“為人子三年不聞父問，不可謂孝，為人父三年不問子，不可謂慈。君何不遣人使大國乎？”太子曰：“願之久矣，未得可使者。”倉唐曰：“臣願奉使，侯何嗜好？”太子曰：“侯嗜晨鳧，好北犬。”於是乃遣倉唐繼北犬、奉晨鳧獻于文侯。倉唐至，上謁曰：“孽子擊之使者，不敢當大夫之朝，請以燕間，奉晨鳧，敬獻庖廚，繼北犬，敬上涓人。”文侯悅，曰：“擊愛我，知吾所嗜，知吾所好。”召倉唐而見之曰：“擊無恙乎？”倉唐曰：“唯，唯。”如是者三，乃曰：“君出太子而封之國，君名之，非禮也。”文侯怵然為之變容，問曰：“子之君無恙乎？”倉唐曰：“臣來時，拜送書於庭。”文侯顧指左右曰：“子之君長大孰與是？”倉唐曰：“禮擬人必於其倫，諸侯毋偶，無所擬之。”曰：“長大孰與寡人？”倉唐曰：“君賜之外府之裘，則能勝之，賜之斥帶，則不更其造。”文侯曰：“子之君何業？”倉唐曰：“業《詩》。”文侯曰：“于《詩》何好？”倉唐曰：“好《晨風》、《黍離》。”文侯自讀《晨風》曰：“歍彼晨風，郁彼北林，未見君子，憂心欽欽，如何如何，忘我實多。”文侯曰：“子之君以我忘之乎？”倉唐曰：“不敢，時思耳。”文侯複讀《黍離》曰：“彼黍離離，彼稷之苗，行邁靡靡，中心搖搖。知我者謂我心憂，不知我者謂我何求，悠悠蒼天，此何人哉！”文侯曰：“子之君怨乎？”倉唐曰：“不敢，時思耳。”文侯於是遣倉唐賜太子衣一襲，教倉唐以雞鳴時至，太子迎拜受賜，發篋視衣盡顛倒。太子曰：“趣具駕，君侯召擊也。”倉唐曰：“臣來時不受命。”太子曰：“君侯賜擊衣，不以為寒也。欲召擊，無誰與謀，故敕子以雞鳴時至。《詩》曰：“東方未明，顛倒衣裳，顛之倒之，自公召之。”遂西至謁文侯，文侯大喜（“文侯”兩字原不重，從《群書拾補》補），乃置酒而稱曰：“夫遠賢而近所愛，非社稷之長策也。”乃出少子摯，封中山，而複太子擊。（《說苑·奉使》第六章）
前403,403,周威烈王二十三年（西元前四〇三年）,11,史料,韓、趙、魏、周、中山,,立,魏文侯有子曰擊，次曰訴（許多版本“訴”作“訴”。趙懷玉雲：“疑是訴。”但《文選·四子講德論》亦引作“訴”）。訴少而立之以為嗣。封擊於中山，三年莫往來，其傅趙蒼唐曰（趙本“蒼”作“倉”，“唐”下有“諫”字，《文選注》及《太平御覽》七百七十九引俱作“倉”。《古今人表》作“趙倉堂》：“父忘子，子不可忘父，何不遣使乎？”擊曰：“願之，而未有所使也。”蒼唐曰：“臣請使。”擊曰：“諾。”於是乃問君之所好與嗜。曰：“君好北犬，嗜晨雁。”（《文選注》所引同，《太平御覽》“雁”作“鳧”，與《說苑》同）遂求北犬、晨雁資行。蒼唐至，曰：“北蕃中山之君，有北犬、晨雁，使蒼唐再拜獻之。”文侯曰：“擊知吾好北犬（“擊”上，《文選注》引有“嘻”字，與《說苑》同），嗜晨雁也。”則見使者。文侯曰：“擊無恙乎？”蒼唐唯唯而不對。三問而三不對。文侯曰：“不對何也？”蒼唐曰：“臣聞諸侯不名君，既已賜弊邑，使得小諸侯，君問以名，不敢對也。”文侯曰：“中山之君無恙乎？”蒼唐曰：“今者臣之來，拜送於郊。”文侯曰：“中山之君長短若何矣？”蒼唐曰：“問諸侯，比諸侯。諸侯之朝，則側者皆人臣（周廷案雲：“側當為侍”。趙懷玉雲：“則下當有在字”），無所比之。然則所賜衣裘幾能勝之矣。”文侯曰：“中山之君亦有好乎？”對曰：“好《詩》。”文侯曰：“于《詩》何好？”曰：“好《黍離》與《晨風》。”文侯曰：“《黍離》何哉？”對曰：“彼黍離離，彼稷之苗。行邁靡靡，中心搖搖。知我者謂我心憂，不知我者謂我何求？悠悠蒼天，此何人哉！”文侯曰：“怨乎？”曰：“非敢怨也，時思也。”文侯曰：“《晨風》謂何？”對曰：“歟彼晨風（趙本“歟”作“鷸”，《文選注》引亦作“鷸”）郁彼北林，未見君子，憂心欽欽，如何如何，忘我實多，此自以忘我者也。”（末句今本皆脫，元本作“此忘我者”，《文選注》與《太平御覽》所引作“此自以忘我者也”，今據補）於是文侯大悅，曰：“欲知其子視其母，欲知其君視其所使。中山君不賢，惡能得賢？”（《太平御覽》引作“中山君若不賢，惡能使其使賢”。《文選注》引句末有“傅”字），遂廢太子訴，召中山君以為嗣。（《韓詩外傳》卷八第九章）
前403,403,周威烈王二十三年（西元前四〇三年）,12,考案,韓、趙、魏、中山,,伐、立、拔,案：以上兩則大體相同，而字句頗有出入。《說苑》“少子摯”，《韓詩外傳》作“少子訴”，“摯”、“訴”聲近通轉。《說苑》稱趙倉唐，為舍人，而《韓詩外傳》稱“其傅”。《魏世家》亦稱魏文侯“伐中山，使子擊守之，趙倉唐傅之”。《韓詩外傳》卷三第六章記翟黃謂李克曰：“中山既拔，無守之者，吾進先生。君欲置太子傅，臣進趙蒼唐。”是作“傅”為是。《說苑》謂經趙倉唐為太子擊出使見魏文侯之後，“乃出少子摯，封中山，而複太子擊。”而《韓詩外傳》則謂文侯已立少子訴為嗣，而封擊於中山，經趙倉唐見文侯之後，“遂廢太子訴，召中山君以為嗣。”總之，魏文侯別封太子擊于中山，三年後召回太子擊為嗣而改封少子於中山，當為事實。
前403,403,周威烈王二十三年（西元前四〇三年）,13,史料,韓、趙、魏,,伐、攻,韓、趙相與為難，韓索兵于魏曰（“韓”下原衍“子”字，從王先慎據《趙策一》刪）：“願借師以伐趙。”魏文侯曰：“寡人與趙兄弟，不可以從。”趙又索兵以攻韓，文侯曰：“寡人與韓為兄弟，不敢從。”二國不得兵，怒而反。已乃知文侯以構於己（《魏策一》構）作“講”），乃皆朝魏。（《韓非子·說林下》，《魏策一》第二章同）
前403,403,周威烈王二十三年（西元前四〇三年）,14,考案,魏、晉,,盟,案：據此可知，是時魏為三晉之盟主。《資治通鑒》列此事之後，加結語雲：“魏於是始大於三晉，諸侯莫能與之爭。”
前403,403,周威烈王二十三年（西元前四〇三年）,15,史料,魏,,取,魏文侯出遊，見路人反裘而負芻。文侯曰：“胡為反裘而負芻。”對曰：“臣愛其毛。”文侯曰：“若不知其裡盡，而毛無所恃耶？”明年，東陽上計錢布十倍，大夫畢賀。文侯曰：“此非所以賀我也。譬無異夫路人反裘而負芻也，將愛其毛，不知其裡盡，毛無所恃也。今吾田不加廣，士民不加眾，而錢十倍，必取之士大夫也。吾聞之下不安者，上不可居也。此非所以賀我也。”（《新序·雜事五》第十五章）
前403,403,周威烈王二十三年（西元前四〇三年）,16,史料,魏,,伐,解扁為東封，上計而入三倍，有司請賞之。文侯曰：“吾土地非益廣也，人民非益眾也，入何以三倍？”對曰：“以冬伐木而積之，於春浮之河而鬻之。”文侯曰：“民春以力耕，暑以強耘，秋以收斂，冬間無事，以伐林而積之，負軛而浮之河，是用民不得休息也，民以敝矣。雖有三倍之入，將焉用之？”（《淮南子·人間訓》）案：以上二則，可知魏文侯已推行“上計”制度，以考核臣下對農民之收入是否適當。
前403,403,周威烈王二十三年（西元前四〇三年）,17,史料,魏,,,魏文侯問李克曰：“為國如何？”對曰：“臣聞為國之道，食有勞而祿有功，使有能而賞必行，罰必當。”文侯曰：“吾賞罰皆當而民不與，何也？”對曰：“國其有淫民乎？臣聞之曰：奪淫民之祿，以來四方之士，其父有功而祿，其子無功而食之。出則乘車馬，衣美裘，以為榮華；入則修竽瑟鐘石之聲，而安其子女之樂，以亂鄉曲之教。如此者奪其祿，以來四方之士，謂奪淫民也。”（《說苑·政理》第三十五章）
前403,403,周威烈王二十三年（西元前四〇三年）,18,史料,魏,,,魏文侯問李克曰：“刑罰之源安生？”李克曰：“生於奸邪淫泆之行。凡奸邪之心，饑寒而起，淫泆者久饑之詭也。雕文刻鏤，害農事者也；錦繡纂組，傷女工者也。農事害，則饑之本也；女工傷，則寒之源也。饑寒並至，而能不為奸邪者，未之有也。男女飾美以相矜，而能無淫泆者，未嘗有也。故上不禁技巧，則國貧民侈；國貧民侈則貧窮者為奸邪（“貧民侈則”四字原脫，從劉師培《說苑斠補》補），而富足者為淫泆，則驅民為邪也。民以為邪，因以法隨，誅之不赦其罪，則是為民設陷也。刑罰之起有原，人主不塞其本而替其末（“替”《群書治要》引作“督”），傷國之道乎！”文侯曰：“善。”以為法服也。（《說苑·反質》第八章）
前403,403,周威烈王二十三年（西元前四〇三年）,19,史料,韓、魏,,,魏文侯問李克曰：“人有惡乎！”李克曰：“有。夫貴者則賤者惡之，富者則貧者惡之，智者則愚者惡之。”文侯曰：“善。行此三者，使人勿惡，亦可乎？”李克曰：“可。臣聞貴而下賤，則眾弗惡也。富而分貧，則窮士弗惡也。智而教愚，則童蒙者弗惡也。”文侯曰：“善者言乎！堯、舜其猶病諸。寡人雖不敏，請守斯語矣。”《詩》曰：不遑啟處。（《韓詩外傳》卷八第三十四章）
前403,403,周威烈王二十三年（西元前四〇三年）,20,考案,,,,案：以上三則，當采自《李克》七篇。《漢書·藝文志》雖列李克於儒家，但觀其“為國之道”，主張“食有勞而祿有功，使有能而賞必行，罰必當”，“奪淫民之祿，以來四方之士”，已是法家所推行之政策。李克又重視“刑罰之源”，主張禁止“淫泆”“技巧”，防止“國貧民侈”，“驅民為邪”，以免刑法“為民設陷”。此則與法家著重以“法令”治理者不同。##### 卷四
前402,402,周威烈王二十四年（西元前四〇二年）,1,史料,秦、齊、楚、燕、韓、趙、魏,,,秦簡公十三年，魏文侯四十四年，韓景侯七年，趙烈侯七年，齊康公三年，楚聲王六年，燕簡公十三年。
前402,402,周威烈王二十四年（西元前四〇二年）,2,史料,楚、周,,立、殺,[周威烈王]二十四年崩，子安王驕立。是歲盜殺楚聲王。（《周本紀》）
前402,402,周威烈王二十四年（西元前四〇二年）,3,史料,周,,,周元安王驄。（《漢書·古今人表》注雲：“威烈王子”）
前402,402,周威烈王二十四年（西元前四〇二年）,4,史料,,,立,威烈王崩，子猶立，是為元安王。（《太平御覽》八十五引《帝王世紀》）
前402,402,周威烈王二十四年（西元前四〇二年）,5,考案,周、宋,,,案：安王有元、安兩諡。梁玉繩《古今人表考》雲：“驕疑驍之誤。”餘謂“躭”亦“驍”之誤。《周本紀·集解》引宋衷曰：“威烈王葬洛陽城中東北隅也。”
前402,402,周威烈王二十四年（西元前四〇二年）,6,史料,楚,,立、殺,[楚]聲王六年盜殺聲王，子悼王熊疑立。（《楚世家》）
前402,402,周威烈王二十四年（西元前四〇二年）,7,史料,楚,,,楚悼王類。（《六國表》）
前402,402,周威烈王二十四年（西元前四〇二年）,8,考案,楚,,立、殺,案：《楚世家》謂悼王名疑，而《六國表》謂名類，“疑”、“類”二字形近，“疑”或“類”之誤。《資治通鑒》作“盜殺楚聲王，國人立其子悼王”。
前402,402,周威烈王二十四年（西元前四〇二年）,9,附編,,,,【附編】
前402,402,周威烈王二十四年（西元前四〇二年）,10,史料,楚、宋,,圍,聲王圍宋十月，楚三圍宋矣而不能亡。（《呂氏春秋·慎勢》）
前402,402,周威烈王二十四年（西元前四〇二年）,11,考案,楚、宋,,攻、圍,案：楚聲王圍攻宋都，不見其他記載，不知在何年，今附編於此。
前401,401,周安王元年（西元前四0一年）,1,史料,秦、齊、楚、燕、韓、趙、魏,,,秦簡公十四年，魏文侯四十五年，韓景侯八年，趙烈侯八年，齊康公四年，楚悼王元年，燕簡公十四年。
前401,401,周安王元年（西元前四0一年）,2,史料,秦、魏,,伐,秦簡公十四年伐魏至陽狐。（《六國表》）
前401,401,周安王元年（西元前四0一年）,3,史料,秦、魏,,伐,[魏文侯]二十四年(當作四十五年)秦伐我至陽狐。(《魏世家》，《六國表》同)
前401,401,周安王元年（西元前四0一年）,4,考案,秦、魏、越,,攻,案：《資治通鑒》“陽狐”作“陽孤”。《魏世家·正義》引《括地志》曰：“陽狐郭在魏州元城縣東北三十裡。”《資治通鑒》胡三省注：“此時西河之外皆為魏地，若秦兵至元城，則是越魏都安邑而東矣。《水經注》：河東垣縣有陽壺城，《九域志》：絳州有陽壺城。識之以廣異聞，以俟知者。”陽狐地望不詳，此時秦亦不能攻至河東。
前400,400,周安王二年（西元前四00年）,1,史料,秦、齊、楚、燕、韓、趙、魏,,,秦簡公十五年，魏文侯四十六年，韓景侯九年，趙烈侯九年，齊康公五年，楚悼王二年，燕簡公十五年。
前400,400,周安王二年（西元前四00年）,2,史料,魏,,,[魏文侯]二十五年子擊生子萇。（《魏世家》，《六國表》作“太子萇生”）
前400,400,周安王二年（西元前四00年）,3,考案,秦、趙、魏、周、中山,,伐、攻、圍、卒、立、即位、滅,案：閻若璩《孟子生卒年月考》雲：“《六國表》《魏世家》並雲子蔤生於文侯二十五年辛巳，三十八年文侯卒，武侯立，凡十六年而後惠王立。是年已三十。若如《紀年》，文侯五十年卒，武侯二十六年卒，以生辛巳計之，惠王元年已五十三，立三十六年已八十八，更以襄王十六年為改元後之年，不一百四歲乎？《紀年》不可信如此。”其說殊非。徐文靖《紀年統箋》據今本《紀年》駁之，謂惠王共九十四歲，亦無當。而錢穆《先秦諸子系年》，論之曰：“《紀年》與《史記》抵牾，閻氏以《史記》說繩《紀年》，宜其不可通也。余考魏滅中山，在文侯四十一年，其時子擊尚年少。故文侯見中山使者趙倉唐而曰中山君長短若何也？疑《史記》書二十五年子擊生子蒆者，是年實子擊生。史公既博采雜說，誤謂伐中山在十七年，而子擊之生轉在其後，顯屬舛乖，故乃謂子擊又生子蒆也。其實擊生於文侯二十五年，至四十一年滅中山，擊年十七，始守中山，後三年倉唐為使，則擊年二十左右，其少子當十五六以下，正舐犢愛厚時矣。……據此武侯年二十六始立，立二十六年，五十二歲而卒。至惠王年歲無可考，惟武侯之卒，猶未立嫡。惠王與公子緩爭立，在位又五十二年，則其即位在壯歲可知，此不得謂《紀年》之誤。”（第一四八頁）余考錢氏所疑，亦殊無據。《魏世家》謂文侯十三年“使子擊圍繁陽，出其民”，其後六年乃使子擊守中山。若子擊始封中山時，年方十七，豈其十一歲即能將兵攻秦乎？《史記》記魏文侯武侯事，雖誤其年，實未誤其時。《史記》特誤以文侯稱侯改元之年為魏文侯元年，此雲魏文侯二十五年亦指稱侯改元後之年。《六國表》列于周安王二年，實不誤。當即文侯在位之四十六年，文侯在位五十年卒，武侯在位二十六年卒，是惠王立時年方三十一。計惠王在位五十一年，是享年八十有二。閻氏以《史記》繩《紀年》固未是，錢氏據《紀年》以疑《史記》，亦無當也。
前400,400,周安王二年（西元前四00年）,4,史料,韓、鄭,,圍,[鄭縉公]二十三年鄭圍韓之陽翟。（《鄭世家》）
前400,400,周安王二年（西元前四00年）,5,史料,韓、鄭,,圍、卒、立、取,[韓景侯]九年鄭圍我陽翟。景侯卒，子列侯取立。（《韓世家》、《鄭世家》、《六國表》俱謂是年“鄭圍陽翟”）
前400,400,周安王二年（西元前四00年）,6,考案,,,,案：列侯《索隱》雲：“《世本》作‘武侯’也。”
前400,400,周安王二年（西元前四00年）,7,史料,楚、晉,,伐,楚悼王二年三晉來伐我，至桑丘。（《六國表》）
前400,400,周安王二年（西元前四00年）,8,史料,楚、晉,,伐,[楚]悼王二年三晉來伐楚，至乘丘而還。（《楚世家》）
前400,400,周安王二年（西元前四00年）,9,考案,楚、韓、趙、魏、晉、蔡,,伐,案：《資治通鑒》作“魏、韓、趙伐楚至桑丘”。《楚世家·正義》雲：“《年表》雲：三晉公子伐我至乘丘，誤也，已解在《年表》中，《地理志》雲：乘丘故城在兗州瑕丘縣西北三十五裡是也。”“地理志”當是“括地志”之誤。乘丘在今山東巨野縣西南，並非楚地。桑丘，《資治通鑒》胡三省注引《水經·汝水注》：“澺水自葛陂東南至新蔡縣故城東，而東南注於汝。汝水東南徑下桑裡。”
前400,400,周安王二年（西元前四00年）,10,史料,齊,,,齊康公五年田侯午生。（《田世家·索隱》引《紀年》）
前400,400,周安王二年（西元前四00年）,11,考案,魏、晉,,,案：王國維《古本竹書紀年輯校》列于晉烈公十六年，即魏文侯四十六年。
前400,400,周安王二年（西元前四00年）,12,史料,秦,,卒、立,[秦簡公]十六年卒，子惠公立。（《秦本紀》）
前400,400,周安王二年（西元前四00年）,13,史料,秦,,,[秦簡公]享國十五年葬僖公西。生惠公。（《秦始皇本紀》引《秦記》）
前400,400,周安王二年（西元前四00年）,14,考案,秦、代,,卒、立、即位,案：《秦始皇本紀·索隱》引《紀年》雲：“簡公九年卒，次敬公立十二年卒，乃立惠公。”又《索隱》引王劭說轉引《紀年》作“敬公立十三年乃至惠公”。雷學淇《紀年義證》雲：“蓋《索隱》自改元後起數，王氏以立之年起數。”又雲：“敬公在簡惠之間，其或簡之弟歟？”考史公據《秦記》以表六國時事，即有脫誤，不應《秦本紀》、《秦始皇本紀》、《六國表》同誤。《紀年》多敬公一代，似不足信。惟《秦始皇本紀》既言簡公享國十五年，而《秦本紀》又謂簡公十六年，兩者又相差一年。錢穆《先秦諸子系年》雲：“簡公前承靈公，靈公卒，子獻公不得立，簡公乃靈公季父、懷公之子。靈公既承懷公之弑自立，不逾年改元，今簡公亦篡獻公之統，上溯其父懷公之緒，則亦不俟逾年而改元矣。《年表》、《秦始皇本紀》十五年仍依逾年改元之常則計之也。《秦記》作十六年，本當不逾年而改元之變例計之也。”余意《秦始皇本紀》後敘秦先君享國之年，皆直錄《秦記》。就其享國之年數計之，初即位之年不在數內，而《秦本紀》則就其紀元言之，故每奉不逾年改元之國君，《秦本紀》必較多一年也。
前400,400,周安王二年（西元前四00年）,15,史料,趙、周,,卒、立,[趙烈侯]九年烈侯卒，弟武公立。（《趙世家》，《六國表》列趙武西元年于周安王三年）
前400,400,周安王二年（西元前四00年）,16,考案,趙、魏、周、中山,魏惠王,卒、立、稱王、滅、遷,案：《趙世家》謂烈侯九年卒，弟武公立，武公十三年卒，趙複立烈侯太子章，是為敬侯。《六國表》亦列趙武西元年于周安王三年，以烈侯敬侯之間有武公一世。但《趙世家·索隱》雲：“譙周雲：《世本》及說《趙語》者並無其事，蓋別有所據。”《世本》及說《趙語》者既然並無其事，究何所據耶？此可疑者一也。《魏世家·索隱》引《紀年》雲：“魏武侯元年當趙烈侯十四年。”則烈侯非九年即卒，此可疑者二也。《趙世家》記曆世趙君，稱王以前皆稱侯，無有稱公者，武公前為烈侯，後為敬侯，何以武公獨稱為公，此可疑者三也。《趙世家》詳記曆世趙君之名，惟武公不能道其名，此可疑者四也。余謂《趙世家》蓋誤多武公一世，亦猶《魏世家》之誤多哀王一世。《魏世家》謂惠王三十六年卒，子襄王立，襄王十六年卒，子哀王立，哀王二十三年卒。但據《紀年》，惠王三十六年未卒，改元又十六年卒。據《世本》，惠王生襄王，襄王生昭王，其間並無哀王一世。《史記》于哀王亦不能道其名。蓋《史記》誤分魏惠王之世以為惠王、襄王之年數，又誤分襄王、哀王為兩王，因而誤多哀王一世。《趙世家》蓋亦誤；趙烈侯之世以為烈侯、武公之年數而誤多武公一世。余疑《趙世家》乃牽合中山武公之記載而誤多武公者。當司馬遷著《史記》時，趙之記載猶有存者。中山為趙之鄰國，並為趙所滅，因而中山之事常附見於趙之記載中。此《趙世家》所以特載有中山武公初立于趙獻侯十年。余疑當時趙之記述，又有誤記中山武公立于趙烈侯之十年者，因而誤以武公為趙君，因而于《趙世家》雲：“烈侯九年卒，弟武公立。”又于《六國表》列趙武西元年相當於趙烈侯十年。周安王三年（西元前三九九年）
前400,400,周安王二年（西元前四00年）,17,史料,秦、齊、楚、燕、韓、趙、魏,,,秦惠西元年，魏文侯四十七年，韓烈侯元年，趙烈侯十年，齊康公六年，楚悼王三年，燕簡公十六年。
前400,400,周安王二年（西元前四00年）,18,史料,楚、鄭,,,楚悼王三年歸榆關於鄭。（《六國表》）
前400,400,周安王二年（西元前四00年）,19,考案,楚、魏、周、鄭,,,案：榆關在新鄭與大樑之間，原為鄭地，為出入中原之重要門戶，成為此後魏與楚爭奪之地。詳見周安王十一年案語。
前400,400,周安王二年（西元前四00年）,20,史料,晉、周,,奔,周安王三年王子定奔晉。（《六國表》）
前400,400,周安王二年（西元前四00年）,21,史料,魏,,,魏文侯二十六年(當作四十七年)虢山崩、壅河。(《六國表》，《魏世家》同。)
前400,400,周安王二年（西元前四00年）,22,史料,魏,,,河南即陝城也。……東城即虢邑之上陽也。虢仲之所都。……戴延之雲：城南倚山原，北臨黃河，懸水百餘仞，臨之者鹹悚惕矣。西北帶河，水湧起方數十丈，有物居水中，父老雲銅翁仲所沒處。……餘以為鴻河巨瀆，故應不為細梗躓湍；長津碩浪、無宜以微物屯流。斯水之所以濤波者，蓋《史記》所雲魏文侯二十六年虢山崩、壅河所致耳。（《水經·河水注》）
前398,398,周安王四年（西元前三九八年）,1,史料,秦、齊、楚、燕、韓、趙、魏,,,秦惠公二年，魏文侯四十八年，韓烈侯二年，趙烈侯十一年，齊康公七年，楚悼王四年，燕簡公十七年。
前398,398,周安王四年（西元前三九八年）,2,史料,楚、鄭,,圍、殺,楚悼王四年敗鄭師，圍鄭。鄭人殺子陽。（《六國表》）
前398,398,周安王四年（西元前三九八年）,3,考案,楚、周、鄭,,伐、殺,案：《楚世家》雲是年“楚伐周，鄭殺子陽”。“周”乃“鄭”之誤。
前398,398,周安王四年（西元前三九八年）,4,史料,鄭,,殺,[鄭縉公]二十五年，鄭殺其相駟子陽。（《六國表》，《鄭世家》作“鄭”君殺其相子陽）
前398,398,周安王四年（西元前三九八年）,5,史料,齊、鄭,,殺,鄭子陽之難，猘狗潰之；齊高國之難，失牛潰之；眾因之以殺子陽、高國。（《呂氏春秋·首時》）
前398,398,周安王四年（西元前三九八年）,6,史料,,,,子陽極也好嚴，有過而折弓者恐必死，遂應猘狗而弑子陽。（《呂氏春秋·適威》）
前398,398,周安王四年（西元前三九八年）,7,史料,鄭,,殺,鄭子陽剛毅而好罰。其於罰也，執而無舍。舍人有折弓者，畏罪而恐誅，則因猘狗之驚以殺子陽。此剛猛之所致也。（《淮南子·氾論訓》）
前398,398,周安王四年（西元前三九八年）,8,史料,,,,子陽以猛劫。（《淮南子·繆稱訓》，高誘注“尚刑而劫死”）
前398,398,周安王四年（西元前三九八年）,9,史料,韓、周、鄭,,殺,若夫周滑之、鄭王孫申……皆思小利而忘法義，進則掩蔽賢良以陰暗其主，退則撓亂百官而為禍難。皆輔其君，共其欲，苟得一說於主，雖破國殺眾，不難為也。……有臣如此者，皆身死國亡，為天下笑。故周威公身殺，國分為二；鄭子陽身殺，國分為三。……故曰諂諛之臣，唯聖王知之，而亂主近之，故至身死國亡。（《韓非子·說疑》）
前398,398,周安王四年（西元前三九八年）,10,史料,鄭,,卒、殺,子列子窮，容貌有饑色，客有言之于鄭子陽者曰：“列禦寇，蓋有道之士也，居君之國而窮，君無乃為不好士乎？”鄭子陽令官遺之粟數十秉。子列子出見使者，再拜而辭。使者去，子列子入，其妻望而拊心，曰：“聞為有道者妻子，皆得逸樂，今妻子有饑色，君過而遺先生食，先生又勿受也，豈非命也哉？”子列子笑而謂之曰：“君非自知我也，以人之言而遺我粟也，至其罪也（原作“至已而罪我也”，從《新序·節士》、《莊子·讓王》、《列子·說符》改正），有且以人言（“有”下原衍“罪”字，今從《新序》、《莊子》、《列子》刪。“有”，《新序》、《莊子》、《列子》皆作“又”，“有”與“又”通）。此吾所以不受也。”（《新序》下有“且受人之養，不死其難，不義也；死其難，是死無道之人，豈義哉”）其卒，民果作難，殺子陽。（《呂氏春秋·觀世》，《新序·節士》第十八章、《莊子·讓王》、《列子·說符》同。《呂氏春秋》“殺子陽”下有“受人之養，而不死其難則不義，死其難則死無道也。死無道，逆也。”可能是錯簡，應在“此吾所以不受也”下）
前398,398,周安王四年（西元前三九八年）,11,考案,韓、周、魯、鄭,,殺,案：《韓非子·說疑》王孫申，王先慎《集解》雲：鄭無王孫，王當為公之誤。公孫申當為子陽之臣，韓非稱之為諂諛之臣，思小利而忘法義，掩蔽賢良，撓亂百官，皆輔其君而供其欲，以致君主身死國亡。駟子陽當為鄭相，且為別封之君。《呂氏春秋·適威》高注雲：“子陽，鄭君，一曰鄭相。”《首時》高注又雲：“子陽鄭相，或曰鄭君。”其證一。《呂氏春秋·觀世》子陽遺子列子粟，其妻曰：“君過而遺先生食。”列子曰：“君非自知我也。”其證二。《韓非子·說疑》雲：“周威公身殺，國分為二；鄭子陽身殺，國分為三。”以周威公與鄭子陽相提並論，其證三。子陽既為一別封之君，子陽雖見弑，而其黨之勢固甚強，因而割據以相抗，國分為三。其後三年“子陽之黨”終至“共弑繕公”（見《鄭世家》、《六國表》）而後已。《墨子·魯問》載魯陽文君曰：“鄭人三世殺其父，天加誅焉，使三年不全，我將助天誅也。”蘇時學《墨子刊誤》雲：“父當為君。”是時鄭君被殺者，有哀公繕公，至幽公則為韓所殺，非鄭人所弑。魯陽文君言鄭人三世殺其君者，並子陽數之也。子陽於是年見殺，其後三年繕公又見弑，其分裂內亂首尾正三年，此魯陽文君所以謂之“三年不全”歟？
前397,397,周安王五年（西元前三九七年）,1,史料,秦、齊、楚、燕、韓、趙、魏,,,秦惠公三年，魏文侯四十九年，韓烈侯三年，趙烈侯十二年，齊康公八年，楚悼王五年，燕簡公十八年。
前397,397,周安王五年（西元前三九七年）,2,史料,韓,,殺,[韓]烈侯三年聶政殺韓相俠累。（《韓世家》）
前397,397,周安王五年（西元前三九七年）,3,史料,韓,,殺,韓烈侯三年三月盜殺韓相俠累。（《六國表》）
前397,397,周安王五年（西元前三九七年）,4,史料,齊、韓、周、衛,,救、卒、取、拔、會、殺,韓傀相韓，嚴遂重於君，二人相害也。嚴遂政議直指，舉韓傀之過，韓傀以之叱之於朝（《史記·刺客列傳·索隱》，《太平御覽》四七三所引無“以之”二字）。嚴遂遂拔劍趨之，以救解，於是嚴遂懼誅，亡去遊，求人可以報韓傀者。至齊，齊人或言軹深井裡聶政勇敢士也，避仇隱于屠者之間（《太平御覽》所引“者”作“肆”）。嚴遂陰交于聶政，以意厚之。聶政問曰（鮑本“問”下有“之”字)：“子欲安用我乎？”嚴遂曰：“吾得為役之日淺，事今薄，奚敢有請？”於是嚴遂乃具酒，觴聶政母前（鮑本“觴”上有“自”字，《史記》“自觴”作“自暢”，《集解》徐廣曰：“一作賜”，《索隱》雲：“《戰國策》作觴，近為得也”）。仲子奉黃金百鎰，前為聶政母壽（《索隱》引高誘曰：“嚴遂字仲子。”今本無）。聶政驚，愈怪其厚，固謝嚴仲子（鮑本“固”作“因”，《史記》亦作“固”），仲子固進，而聶政謝曰：“臣有老母家貧，客游以為狗屠，可旦夕得甘脆以養親，親供養備，義不敢當仲子之賜。”嚴仲子辟人，因為聶政語曰：“臣有仇而行游諸侯眾矣，然至齊聞足下義甚高，故直進百金者，特以為夫人粗糲之費（“夫”，鮑本作“丈”，《史記》作“大”，黃丕烈雲：“丈字當是。”金正煒雲：“作大人義勝”）。以交足下之驥，豈敢以有求耶？”聶政曰：“臣所以降志辱身居市中者（鮑本“者”上有“屠”字，與《史記》同），徒幸而養老母。老母在，政身未敢以許人也。”嚴仲子固讓，聶政竟不肯受，然仲子卒備賓主之禮而去。久之，聶政母死，既葬，除服，聶政曰：“嗟乎！政乃市井之人，鼓刀以屠，而嚴仲子乃諸侯之卿相也，不遠千里，枉車騎而交臣，臣之所以待之，至淺鮮矣（鮑本無“鮮”字，《史記》有），未有大功可以稱者。而嚴仲子舉百金為親壽，我雖不受（鮑本“雖”作“義”，《史記》作“雖”），然是深知政也。夫賢者以感忿睚眥之意，而親信窮僻之人，而政獨安可嘿然而止乎？（《史記》“可”作“得”，“止”作“已”）且前日要政，政徒以老母，老母今以天年終，政將為知己者用。”遂西至濮陽，見嚴仲子曰：“前所以不許仲子者，徒以親在，今親不幸（鮑本“幸”下有“而死”二字，《史記》作“今不幸而得以天年終”），仲子所欲報仇者為誰？”（鮑本“者”下無“為誰”二字，有“請得從事焉”五字，《史記》亦有此五字）嚴仲子具告曰：“臣之仇韓相傀（《史記》“傀”作“俠累”，下同），傀又韓君之季父也，宗族盛（《史記》“盛”下有“多”字），兵衛設（《史記》作“居處兵衛甚設”，鮑本同《史記》）。臣使人刺之（《史記》“臣”下有“欲”字），終莫能就。今足下幸而不棄，請益具車騎壯士以為羽翼。”（《史記》作“請益其車騎壯士，可以為足輔翼者”)政曰：“韓與衛中間不遠（鮑本“衛”下有“相去”二字，《史記》亦有，並在“不”下有“甚”字），今殺人之相，相又國君之親，此其勢不可以多人。多人不能無生得失，生得失則語泄（《史記·索隱》雲：“無生得，《戰國策》作無生情，言所將人多，或生異情，故語泄。此雲生得，言將多人往殺俠累後，又被生擒而事泄，亦兩俱通也。”黃丕烈雲：“是《史記》原作生得，《策》文原作“生情”，今本皆誤。”“失”字蓋誤衍）。語泄則韓舉國而與仲子為仇也（《史記·集解》徐廣曰：“一作難”，《索隱》雲：徐注雲：“一作難，《戰國策》、譙周亦同”）。豈不殆哉！”遂謝車騎人徒，辭獨行（《史記》“辭”上有“聶政乃”三字），仗劍至韓。韓適有東孟之會，韓王及相皆在焉（以上兩句，《史記》作“韓相俠累方坐府上”），持兵戟而衛者甚眾（鮑本“衛”下有“侍”字，《史記》亦有）。聶政直入，上階刺韓傀，韓傀走而抱哀侯。聶政刺之，兼中哀侯（以上四句，《史記》作“上階刺殺俠累”）。左右大亂，聶政大呼，所殺者數十人（《史記》“所”下有“擊”字）。因自皮面抉眼（《史記》“抉”作“決”），自屠出腸，遂以死。韓取聶政屍于市（鮑本“屍”下有“暴”字，《史記》亦有），縣購之千金，久之莫知誹子（《史記》作“購問莫知誹子。於是韓縣購之，有能言殺相俠累者予千金，久之莫知也”）。（《韓策二》第二十一章，《史記·刺客列傳》大體相同）
前397,397,周安王五年（西元前三九七年）,5,史料,齊、韓、衛,,取、殺,聶政者，軹深井裡人也。殺人避仇，與母、姊如齊，以屠為事。久之，濮陽嚴仲子事韓哀侯，與韓相俠累有卻。嚴仲子恐誅，亡去，遊求可以報俠累。至齊，齊人或言聶政勇敢士也，避仇隱于屠者之間。嚴仲子至門請，數反，然後具酒自暢聶政母前。酒酣，嚴仲子奉黃金百溢，前為聶政母壽。（此下敘述嚴仲子請聶政刺俠累之經過，與《韓策二》第二十一章大體相同）聶政乃辭獨行，仗劍至韓，韓相俠累方坐府上，持兵戟而衛侍者甚眾。聶政直入，上階刺殺俠累，左右大亂，聶政大呼，所擊殺者數十人。因自皮面決眼，自屠出腸，遂以死。韓取聶政屍暴於市，購問莫知誰子。於是韓縣購之，有能言殺相俠累者予千金，久之莫知也。（《史記·刺客列傳》）
前397,397,周安王五年（西元前三九七年）,6,史料,韓,,滅、殺,政姊聞之（鮑本“姊”下有“荌”字，《史記》作“榮”），曰：“弟至賢（鮑本“弟”上有“吾”字），不可愛妾之軀，滅吾弟之名，非弟意也。”乃之韓。視之曰：“勇哉！氣矜之隆，是其軼賁、育而高成荊矣。今死而無名，父母歿矣，兄弟無有，此為我故也。夫愛身而不揚弟之名，吾不忍也。乃抱屍而哭之曰：“此吾弟軹深井裡聶政也。”亦自殺於屍下。（《韓策二》第二十一章）
前397,397,周安王五年（西元前三九七年）,7,史料,韓,,卒、立、滅、殺,政姊榮聞人有刺殺韓相者，賊不得，國不知其名姓，暴其屍而縣之千金，乃于邑曰：“是其吾弟與？嗟乎，嚴仲子知吾弟。”立起，如韓之市，而死者果政也，伏屍哭極哀，曰：“是軹深井裡所謂聶政者也。”市行者諸眾人皆曰：“此人暴虐吾國相，王縣購其名姓千金，夫人不聞與？何敢來識之也？”榮應之曰：“聞之。然政所以蒙污辱自棄於市販之間者，為老母幸無恙，妾未嫁也。親既以天年下世，妾已嫁夫，嚴仲子乃察舉吾弟困汙之中而交之，澤厚矣，可奈何！士固為知己者死，今乃以妾尚在之故，重自刑以絕從。妾其奈何畏歿身之誅，終滅賢弟之名！”大驚韓市人。乃大呼天者三，卒於邑悲哀而死政之旁。（《史記·刺客列傳》）
前397,397,周安王五年（西元前三九七年）,8,考案,韓、魏、鄭,,卒、立、即位、會、殺,案：《韓策二》謂聶政刺韓傀，兼中哀侯，不確。《刺客列傳》無此情節，當是也。《韓策三》第五章述及東孟之會雲：“東孟之會，聶政、陽堅，刺相兼君，許異蹴哀侯而殪之，立以為鄭君，韓氏之眾無不聽令者，則許異為之先也。是故哀侯為君，而許異終身相焉。而韓氏之尊許異也，猶其尊哀侯也。”《韓非子·內儲說下》亦雲：“韓魏相韓哀侯，嚴遂重於君，二人甚相害也。嚴遂乃令人刺韓魏于朝，韓魏走君而抱之，遂刺韓魏而兼哀侯。”此皆誤以聶政刺韓魏與韓嚴刺哀侯混為一談，不足信也。《論衡·書虛》篇論之曰：“傳書言：聶政為嚴翁仲刺殺韓王，此虛也。夫聶政之時，韓列侯也。列侯之三年，聶政刺韓相俠累。十三年列侯卒，與聶政殺俠累相去十七年。而言聶政刺殺韓王，短書小傳，竟虛不可信也。”《大事記·解題》又論之曰：“考之《世家》哀侯既殺，其子懿侯即位，許異將誰相哉？俠累既死，列侯猶在位十年，謂之終身相之可也。然則東孟之會，聶政刺相兼中其君，乃列侯三年之事。但《戰國策》誤以為哀侯耳。”說皆甚是。梁玉繩《史記志疑》雲：“許異蹙列侯而殪之，使之佯死也。《論衡·書虛》篇謂政刺殺列侯不可信，蓋誤認列侯直死耳。”
前397,397,周安王五年（西元前三九七年）,9,考案,韓、吳,,,又案：嚴遂《刺客列傳》作嚴仲子，《索隱》引高誘曰：“嚴遂字仲子。”韓傀《刺客列傳》作俠累，《索隱》雲：“《戰國策》俠累名傀也。”《戰國策》吳師道注：“《史》作韓相俠累，《索隱》引高誘曰：韓傀，俠累也。今注本無。”《韓非子·內儲說下》又作韓魔。《藝文類聚》三十三、《太平御覽》四百七十三引作韓僄。累、傀、魔、僄，俱一聲之轉。俠累或稱傀或魔，古人有簡稱一名之例。猶重耳之或稱重也。或稱韓傀、韓魔，韓本其氏，《韓策》謂“傀又韓君之季父也”，可證。
前397,397,周安王五年（西元前三九七年）,10,考案,韓、魏、周、鄭,,即位、滅,又案：《刺客列傳·索隱》引戰國策高誘注：“東孟，地名也。”今本無。不詳何處。《水經·濟水注》於酸棗下雲：“城北韓之市地也。聶政為濮陽嚴仲子刺韓相俠累，遂皮面而死，其姊哭之于此。”酸棗又有韓王聽訟觀台。《元和郡縣圖志》滑州酸棗縣下又雲：“酸棗故城在縣西南一十五裡，六國時韓王所理處，舊址猶存。”程恩澤《國策地名考》又雲：“案《元和郡縣圖志》雲：《韓世家》哀侯即位滅鄭，遂都酸棗，舊宮餘址猶存。”程氏因而斷言，東孟即酸棗，今為延津縣。今考酸棗為魏邑，在今延津西南，正當大樑之西北，韓不能建都於此。又案：《韓非子·說林上》雲：“嚴遂不善周君，患之，馮沮曰：“嚴遂相而韓傀賁於君，不如行賊于韓傀，則君必以為嚴氏也。”此以嚴遂為相，而行刺韓傀者乃為周君，由於馮沮之謀，當不可信。據《韓策》，是時韓傀為相，非嚴遂為相。
前397,397,周安王五年（西元前三九七年）,11,史料,韓、周,,,嚴氏為賊，而陽豎與焉（姚注：“豎”作“堅”）。道周，周君留之十四日，載以乘車駟馬而遣之。韓使人讓周，周君患之。客謂周君曰：“正語之曰：寡人知嚴氏之為賊，而陽豎與之，故留之十四日以待命也。小國不足以容賊，君之使又不至，是以遣之也。”（《東周策》第二十八章）
前397,397,周安王五年（西元前三九七年）,12,考案,秦、韓,,會,案：《韓策三》第五章雲：“東孟之會，聶政、陽堅刺相兼君。”鮑注：“堅，政之副，猶秦武陽。”但《韓策二》載聶政之刺韓傀，固獨行仗劍入韓，未見有副。陽堅或嘗為嚴氏策劃行刺者。
前397,397,周安王五年（西元前三九七年）,13,史料,秦,,,秦惠公三年日蝕。（《六國表》）
前397,397,周安王五年（西元前三九七年）,14,考案,秦、代,,,案：是年西元前三九七年四月二十一日九時四十九點三分日有環食。見朱文鑫《歷代日食考》卷三《戰國及秦日食表》。合當時曆法，為五月初一。
前397,397,周安王五年（西元前三九七年）,15,史料,趙、魏,,,師經鼓琴，魏文侯起舞，賦曰：“使我言而無見違。”師經援琴而撞文侯，不中，中旒潰之。文侯顧左右曰（“顧”字原脫，從趙萬里《說苑斠補》補》：“為人臣而撞其君，其罪如何？”左右曰：“罪當烹。”提師經下堂一等。師經曰：“臣可得一言而死乎？”(“得”字原脫，從趙萬里補)文侯曰：“可。”師經曰：“昔堯、舜之為君也，惟恐言而人不違；桀、紂之為君也，唯恐言而人違之。臣撞桀、紂，非撞吾君也。”文侯曰：“釋之，是寡人之過也。懸琴於城門，以為寡人符，不補旒，以為寡人戒。”(《說苑·君道》第三十八章)
前397,397,周安王五年（西元前三九七年）,16,考案,魏,,,案：《水經·澮水注》于安邑縣下雲：“春秋時魏絳自魏徙此，昔文侯懸師經之琴於其門，以為言戒也。”此事不知在何時，現附于魏文侯末年。
前397,397,周安王五年（西元前三九七年）,17,史料,魏,,,魏文侯觴諸大夫于曲陽，飲酒酣，文侯喟然歎曰：“吾獨無豫讓以為臣乎？”蹇重舉酒而進之，曰：“請浮君。”君曰：“何也？”對曰：“臣聞之，有命之父母，不知孝子；有道之君，不知忠臣。夫豫讓之君，亦何如哉！文侯受觴而飲醽不獻，曰：“無管仲、鮑叔以為臣，故有豫讓之功。”（《淮南子·道應訓》，《說苑·尊賢》第三十四章同。“受觴而飲醽不獻，作“受浮而飲之，醽而不讓”）
前396,396,周安王六年（西元前三九六年）,1,史料,秦、齊、楚、燕、韓、趙、魏,,,秦惠公四年，魏文侯五十年，韓烈侯四年，趙烈侯十三年，齊康公九年，楚悼王六年，燕簡公十九年。
前396,396,周安王六年（西元前三九六年）,2,史料,魏,,卒,〔魏文侯〕五十年卒。（《魏世家·索隱》引《紀年》）
前396,396,周安王六年（西元前三九六年）,3,史料,魏,,卒、立,[魏]文侯卒，子擊立，是為武侯。（《魏世家》）
前396,396,周安王六年（西元前三九六年）,4,考案,秦、韓、趙、魏、周、鄭,魏惠王,卒、立、即位、徙都、滅,案：《魏世家·索隱》引《紀年》雲：“魏文侯五十年卒，魏武侯二十六年卒。”雷學淇《竹書紀年義證》、王國維《古本竹書紀年輯校》、錢穆《先秦諸子系年》俱據《史記》武侯卒年，就《紀年》以上推文侯武侯之年。因定文侯元年在周定王二十三年，武侯元年在周安王六年，以為《史記》既誤以文侯稱侯之元為始立之元，誤後二十二年；又下割武侯十年為文侯之年，故《史記》以文侯三十八年、武侯十六年。其說似矣，然猶未審。吾人苟據雷氏、錢氏之推移，以《史記》與《紀年》比勘其史事，猶不能密合無間。雷氏、錢氏於此，雖有辯說，亦未能盡當。《魏世家·索隱》引《紀年》：“魏武侯元年當趙烈侯之十四年。”趙烈侯元在周威烈王十八年，其十四年當周安王七年，而錢穆以《史記》武侯之年移前十年，當周安王六年，則猶差一年也。《魏世家》雲：“武侯二年城安邑王垣。《索隱》引《紀年》雲：“武侯十一年，城洛陽及安邑王垣。”如錢說，《史記》武侯之年誤後十年，則《魏世家》武侯二年即武侯十二年，而《紀年》乃作十一年，亦猶相差一年也。《韓世家》雲：“哀侯二年滅鄭，因徙都鄭。”《索隱》引《紀年》雲：“魏武侯二十一年韓滅鄭，哀侯入于鄭。”《史記》韓哀侯二年，當魏武侯十二年，若《史記》武侯誤後十年，則當為二十二年，而《紀年》乃作二十一年，亦猶差一年也。錢氏雲：“《索隱》稱武侯元當趙烈侯十四年者，《紀年》魏史，以魏紀年，故他國僅書即位，不計年數。《索隱》此說，乃自烈侯初立之歲數之。今以即位翌年改元，故為十三年也。”其說固辨，然何解於《史記》與《紀年》之史事俱差一年乎？據上三事，可證《紀年》武侯元年必在周安王七年，非六年。武侯二十六年卒而惠王立，則惠王元年當在周威烈王七年。《史記》誤以惠王元年在周烈王六年，早《紀年》一年，故吾人比勘惠王時史事，《史記》與《紀年》之事蹟，又皆相差一年也。杜預《左傳後序》雲：“《紀年》魏惠王三十六年改元從一年始，至十六年而稱惠王卒。”惠王既於三十六年即改元從一年始，則惠王未改元前固僅三十五年。史公既誤分惠王之世以為二王之年，誤以惠王改元後之世為襄王之年。又誤惠王三十六年改元為三十六年卒，於是將惠王之年移前一年，于武侯文侯之年又以次移前。此所以《紀年》與《史記》之史事皆參差不合。《史記》雖誤，固亦有其所以誤之故焉。
前396,396,周安王六年（西元前三九六年）,5,史料,魏,,,魏縣，魏武侯別都。（《漢書·地理志》魏縣注引應劭說）
前396,396,周安王六年（西元前三九六年）,6,考案,魏,,,案：《水經·淇水注》雲：“魏縣故城，應劭曰：魏武侯之別都也。城內有武侯台。”魏縣在今河北大名縣西南。
前396,396,周安王六年（西元前三九六年）,7,史料,魏,,,元城，魏武侯公子元食邑於此，因而遂氏焉。（《漢書·地理志》魏郡元城縣注引應劭說）
前396,396,周安王六年（西元前三九六年）,8,考案,魏,,遷,案：《水經·河水注》於元城縣引《史記》曰：“魏武侯公子元食邑於此故縣氏焉。”《史記》當是應劭《地理風俗記》之誤。是時魏仍建都安邑，另設別都于魏縣。其公子元又食邑於元城。元城在今河北大名縣東，正與別都魏密邇。蓋其政治中心正謀向中原遷移。
前396,396,周安王六年（西元前三九六年）,9,史料,吳,,,吳起為商文曰：“事君果有命矣夫！”商文曰：“何謂也？”吳起曰：“治四境之內，成訓教，變習俗，使君臣有義，父子有序，子與我孰賢？”商文曰：“吾不若子。”曰：“今日置質為臣，其主安重？今日擇璽辭官，其主安輕？子與我孰賢？”商文曰：“吾不若子。”曰：“士馬成列，馬與人敵，人在馬前，援桴一鼓，使三軍之士，樂死若生，子與我孰賢？”商文曰：“吾不若子。”吳起曰：“三者子之言不若吾也，位則在吾上，命也夫事君！”商文曰：“善！子問我，我亦問子，世變主少，群臣相疑，黔首不定，屬之子乎？屬之我乎？”吳起默然不對，少選曰：“與子。”商文曰：“是吾所以加於子之上已。”（《呂氏春秋·執一》）
前396,396,周安王六年（西元前三九六年）,10,史料,秦、韓、趙、魏、吳,,卒,魏置相，相田文，吳起不悅，謂田文曰：“請與子論功，可乎？”田文曰：“可。”起曰：“將三軍，使士卒樂死，敵國不敢謀，子孰與起？”文曰：“不如子。”起曰：“治百官，親萬民，實府庫，子孰與起？”文曰：“不如子。”起曰：“守西河而秦兵不敢東鄉，韓、趙賓從，子孰與起？”文曰：“不如子。”起曰：“此子三者，皆出吾下，而位加吾上，何也？”文曰：“主少國疑，大臣未附，百姓不信，方是之時，屬之於子乎？屬之於我乎？”起默然良久，曰：“屬之子矣。”文曰：“此乃吾所以居子之上也。”吳起乃自知弗如田文。（《吳起列傳》）
前396,396,周安王六年（西元前三九六年）,11,考案,魏、吳,,即位,案：以上兩則，為同一事。一作田文，一作商文，未知孰是。高誘注：“商文，蓋魏臣也。”據《吳起列傳》，田文為相。田文自謂“主少國疑，大臣未附，百姓不信”。商文亦自謂：“世變主少，群臣相疑，黔首不定。”其為相當在魏武侯初即位之時，是時文侯功臣先後謝世，吳起仍為西河守，功高而不得居相位，因而與新任相國有論功之舉。
前396,396,周安王六年（西元前三九六年）,12,史料,魏、晉、吳,,伐,魏武侯與諸大夫浮于西河，稱曰：“河山之險，豈不亦信固哉？”王錯侍坐（“錯”原作“鐘”，從姚注引一本改。“坐”原作“王”，從鮑本改）。曰：“此晉國之所以強也。若善修之，則霸王之業具矣。”吳起對曰：“吾君之言，危國之道也，而子又附之，是危也。”（鮑本“是”下有“重”字）武侯忿然曰：“子之言有說乎？”吳起對曰：“河山之險，信不足保也，是伯王之業，不從此也。昔者三苗之居，左彭蠡之波，右洞庭之水，文山在其南，而衡山在其北，恃此險也，為政不善，而禹放逐之。夫夏桀之國，左天門之陰，而右天溪之陽，廬、睪在其北，伊、洛出其南，有此險也，然為政不善，而湯伐之。殷紂之國，左孟門而右漳、釜，前帶河，後被山，有此險也，然為政不善，而武王伐之。且君親從臣而勝降城，城非不高也，人民非不眾也，然而可得並者，政惡故也。從是觀之，地形險阻，奚足以霸王矣。”武侯曰：“善。吾乃今日聞聖人之言也，西河之政，專委之子矣。”（《魏策一》第七章，《史記·吳起列傳》與《說苑·貴德》所載較此為略）
前396,396,周安王六年（西元前三九六年）,13,史料,魏、吳,,伐、滅、殺,武侯浮西河而下，中流，顧而謂吳起曰：“美哉乎！山河之固，此魏國之寶也。”起對曰：“在德不在險。昔三苗左洞庭，右彭蠡，德義不修，禹滅之。夏桀之居，左河、濟，右泰、華（《說苑·貴德》第五章“泰”作“太”），伊闕在其南，羊腸在其北，修政不仁，湯放之。殷紂之國，左孟門，右太行，常山在其北，大河經其南，修政不德，武王殺之（《說苑》“殺”作“伐”）。由此觀之，在德不在險。若君不修德，舟中之人盡為敵國也。”武侯曰：“善。”（《吳起列傳》，《說苑·貴德》第五章同）
前396,396,周安王六年（西元前三九六年）,14,考案,韓、魏、吳,魏惠王,卒、立、即位,案：《魏策一》“王錯侍坐”，王錯原作王鐘，姚注：“鐘一作錯。”作“錯”為是，今改正。《呂氏春秋·長見》雲：“吳起治西河之外，王錯譖之于魏武侯。”《呂氏春秋·執一》又雲：“吳起勝於西河而困于王錯。”王錯乃武侯寵倖之大臣而掌有權勢者。《魏世家》載武侯卒，子荌與公中(仲)緩爭立，公孫頎謂韓懿侯曰：“今魏荌得王錯，挾上黨，固半國也。”魏荌爭立得勝即位，即魏惠王，可知王錯為當時重臣，挾有上党半國之權勢。《魏世家·集解》引徐廣曰：“《汲塚紀年》惠王
前396,396,周安王六年（西元前三九六年）,15,史料,韓、魏,,奔,二年魏大夫王錯出奔韓也。”不知何故出奔。
前396,396,周安王六年（西元前三九六年）,16,史料,楚、魏,,伐、立、取,魏武侯謀事而當，攘臂疾言於庭，曰：“大夫之慮莫如寡人矣！”立有間，再三言，李悝趨進曰：“昔者楚莊王謀事而當，有大功，退朝而有憂色。左右曰：王有大功，退朝而有憂色，敢問其說？王曰：仲虺有言，不穀說之，曰：諸侯之德，能自為取師者王，能自取友者存，其所擇而莫如己者亡。今以不穀之不肖也。群臣之謀又莫吾及也，我其亡乎？曰，此霸王之所憂也，而君獨伐之，其可乎？”武侯曰：“善。”人主之患也，不在於自少，而在於自多。自多則辭受，辭受則原竭。李悝可謂能諫其君矣，壹稱而令武侯益知君人之道。（《呂氏春秋·驕恣》）
前396,396,周安王六年（西元前三九六年）,17,史料,楚、魏、吳,,,魏武侯謀事而當，群臣莫能逮，退朝而有喜色。吳起進曰：“亦嘗有以楚莊王之語，聞於左右者乎？”武侯曰：“楚莊王之語何如？”吳起對曰：“楚莊王謀而當，群臣莫逮，退朝而有憂色，申公巫臣進問曰：‘王朝而有憂色，何也？’莊王曰：‘不穀謀事而當，群臣莫能逮，是以憂也。其在中茝之言也。曰：諸侯自為得師者王，得友者霸，得疑者存，自為謀而莫己若者亡。今以不穀之不肖，而群臣莫吾逮。吾國幾於亡乎！是以憂也。’楚莊王以憂而君以意。”武侯逡巡再拜曰：“天使夫子振寡人之過也。”(《荀子·堯問》，《新序·雜事一》第七章大體相同)
前396,396,周安王六年（西元前三九六年）,18,考案,魏、吳,,即位,案：以上兩則，乃一事之兩傳。蓋魏武侯初即位時，大臣未附，群臣相疑，自以為群臣莫能逮而有驕色。故而老臣進諫，或則傳為李悝進諫，或則傳為吳起進諫。
前396,396,周安王六年（西元前三九六年）,19,史料,鄭,,立、殺,[鄭繻公]二十七年子陽之黨共弑繻公駘而立幽公弟乙為君，是為鄭君。（《鄭世家》，《六國表》作“鄭相子陽之徒殺其君繻公”）
前396,396,周安王六年（西元前三九六年）,20,考案,齊、韓、宋、鄭,,立、滅,案：《鄭世家·集解》雲：“徐廣雲：一本雲：立幽公弟乙陽為君，是為康公。《六國年表》雲：立幽公子駘，又以鄭君陽為鄭康公乙，班固雲：鄭康公乙為韓所滅。”《六國表》記鄭康西元年於次年。康公蓋滅國後，滅之者與之諡，猶齊康公、宋康王也。
前395,395,周安王七年（西元前三九五年）,1,史料,秦、齊、楚、燕、韓、趙、魏,,,秦惠公五年，魏武侯元年，韓烈侯五年，趙烈侯十四年，齊康公十年，楚悼王七年，燕簡公二十年。
前395,395,周安王七年（西元前三九五年）,2,史料,秦,,伐,秦惠公五年伐諸繇。（《六國表》）
前395,395,周安王七年（西元前三九五年）,3,考案,秦,,伐、滅、賂,案：諸繇當是緜諸之誤。《六國表》載秦厲共公六年，“義渠來賂，繇諸乞援”。“繇諸”乃“緜諸”之誤。《六國表》又載厲共公二十年“公將師與緜諸戰”。此年又伐緜諸。緜諸乃西戎之一支，在今甘肅天水縣，漢置緜諸道，屬天水郡，此後即不見有緜諸之記載。當為秦滅亡於此時。
前395,395,周安王七年（西元前三九五年）,4,史料,魏,,,[魏]武侯元年封公子緩。（《魏世家·索隱》引《紀年》）
前395,395,周安王七年（西元前三九五年）,5,考案,魏,,立,案：公子緩即公仲緩，武侯之子，惠王之弟，即武侯死後與惠王爭立者。應劭謂魏武侯公子元食邑於元城。“元”“緩”音近，疑即一人。
前394,394,周安王八年（西元前三九四年）,1,史料,秦、齊、楚、燕、韓、趙、魏,,,秦惠公六年，魏武侯二年，韓烈侯六年，趙烈侯十五年，齊康公十一年，楚悼王八年，燕簡公二十一年。
前394,394,周安王八年（西元前三九四年）,2,史料,齊、魯,,伐、取,齊康公十一年伐魯取最。（《六國表》，《田世家·集解》引徐廣說同）
前394,394,周安王八年（西元前三九四年）,3,史料,韓、魯、鄭,,救,韓烈侯六年救魯，鄭負黍反。（《六國表》）
前394,394,周安王八年（西元前三九四年）,4,史料,韓、鄭,,立,鄭君乙立二年，鄭負黍反，複歸韓。（《鄭世家》）
前394,394,周安王八年（西元前三九四年）,5,史料,齊、韓、晉、魯,,伐、救,晉烈公二十二年國大風，晝昏，自旦至中。（《太平御覽》八百七十九引《史記》）案：《韓世家·集解》徐廣曰：“六年救魯也。”蓋齊伐魯而韓救之。
前394,394,周安王八年（西元前三九四年）,6,史料,齊、韓、晉、魯、越,,救、滅、取,魯穆公使眾公子或宦于晉，或宦于荊。犁鉬（一作黎且）曰：“假人於越而救溺子，越人雖善遊，子必不生矣。失火而取水於海，海水雖多，火必不滅矣，遠水不救近火也。今晉與荊雖強，而齊近，魯患其不救乎？”(《韓非子·說林上》)
前393,393,周安王九年（西元前三九三年）,1,史料,秦、齊、楚、燕、韓、趙、魏,,,秦惠公七年，魏武侯三年，韓烈侯七年，趙烈侯十六年，齊康公十二年，楚悼王九年，燕簡公二十二年。
前393,393,周安王九年（西元前三九三年）,2,史料,秦、魏、鄭,,伐,[魏文侯]三十二年(當作魏武侯三年)伐鄭，城酸棗。敗秦於注。（《魏世家》，“注”當為“汪”之誤）
前393,393,周安王九年（西元前三九三年）,3,考案,秦、晉,,伐、取,案：《集解》引司馬彪曰：“河南梁縣有注城也。”《正義》引《括地志》雲：“注城在汝州梁縣西十五裡。”注城非秦地，“注”當是“汪”字之誤。《左傳》文公二年晉伐秦，“取汪及彭衙而還”。《晉世家》雲：“秦果使孟明伐晉，報殽之敗，取晉汪以歸。”《索隱》雲：“又其年冬，晉先且居等伐秦，取汪、彭衙而還，則汪是秦邑，止可晉伐秦取之，豈得秦伐晉而取汪也。”又雲：“彭衙在郃陽北，汪不知所在。”《讀史方輿紀要》謂同州白水縣有汪城，一曰汪在澄城縣境。
前393,393,周安王九年（西元前三九三年）,4,史料,楚、韓,,伐、取,楚悼王九年伐韓取負黍。（《六國表》，《楚世家》同）
前393,393,周安王九年（西元前三九三年）,5,史料,晉,,奔,[晉烈公二十三年]太子喜出奔。(《太平御覽》八百七十九引《史記》)
前392,392,周安王十年（西元前三九二年）,1,史料,秦、齊、楚、燕、韓、趙、魏,,,秦惠公八年，魏武侯四年，韓烈侯八年，趙烈侯十七年，齊康公十三年，楚悼王十年，燕簡公二十三年。昔者齊康公興樂萬，萬人不可以衣短褐，不可食糠糟，曰：“飲食不美，面目顏色，不足視也，衣服不美，身體從容，醜羸不足觀也，是以食必粱肉，衣必文繡。”(《墨子·非樂上》)
前392,392,周安王十年（西元前三九二年）,2,史料,齊,,立、遷,[齊康公]貸立十四年，淫於酒、婦人，不聽政。太公乃遷康公於海上，食一城，以奉其先祀。（《田世家》）
前392,392,周安王十年（西元前三九二年）,3,考案,,,卒、遷,案：萬為舞名，“萬人”謂萬舞之人。孫詒讓《墨子間詁》雲：“康公衰弱，屬於田氏，卒為所遷廢，恐未必能興樂如此之盛。”
前391,391,周安王十一年（西元前三九一年）,1,史料,秦、齊、楚、燕、韓、趙、魏,,,秦惠公九年，魏武侯五年，韓烈侯九年，趙烈侯十八年，齊康公十四年，楚悼王十一年，燕簡公二十四年。
前391,391,周安王十一年（西元前三九一年）,2,史料,秦、韓,,伐、取,秦惠公九年伐韓宜陽，取六邑。（《六國表》，《韓世家》同）
前391,391,周安王十一年（西元前三九一年）,3,考案,秦、周,商鞅,變法,案：《資治通鑒》胡三省注：“此邑即《周禮》四井為邑之邑。”六邑乃宜陽附近之六個較大村落。商鞅在秦變法時，曾合鄉、邑、聚為縣。聚為小村落，邑乃較大村落。
前391,391,周安王十一年（西元前三九一年）,4,史料,秦、楚、晉,,伐、賂,[楚悼王]十一年三晉伐楚，敗我大樑、榆關。楚厚賂秦，與之平。（《楚世家》）
前391,391,周安王十一年（西元前三九一年）,5,考案,楚、韓、趙、魏、晉、鄭,魏惠王,伐、攻、救、滅、取、會、遷,案：《史記會注考證》引《正義》佚文雲：“《年表》雲：悼王三年歸榆關於鄭。按榆關當鄭之南，大樑之西也。榆關在大樑之境。此時屬楚，故雲敗我大樑榆關也。”（見南化、楓、梅、贄異本）此說甚是。呂祖謙《大事記》雲：“大樑魏地，不知楚追三晉之師至於是歟？或者楚伐魏而韓、趙救之，《世家》誤以為三晉伐楚歟？”此說不確。榆關在大樑之西南，介於今新鄭與開封之間，原為鄭地，為楚所攻佔。楚悼王三年楚曾一度以榆關歸還于鄭，但不久仍為楚佔有。榆關為出入中原之重要門戶，因而成為三晉與楚爭奪之地。此年三晉合兵敗楚于大樑、榆關，從此大樑為魏所佔有，但榆關仍為楚所有。魏惠王欲遷都大樑，榆關勢在必得，《魏策四》第二章載有人謂魏王曰：“鄭恃魏以輕韓，伐榆關而韓氏亡鄭。”《韓非子·飾邪》雲：“鄭恃魏而不聽韓，魏攻荊而韓滅鄭。”當魏全力攻取楚之榆關時，韓即乘機滅鄭。魏取得榆關之後，於是遷都大樑。
前390,390,周安王十二年（西元前三九0年）,1,史料,秦、齊、楚、燕、韓、趙、魏,,,秦惠公十年，魏武侯六年，韓烈侯十年，趙烈侯十九年，齊康公十五年，楚悼王十二年，燕簡公二十五年。
前390,390,周安王十二年（西元前三九0年）,2,史料,秦、晉,,,秦惠公十年與晉戰武城。縣陝。（《六國表》）
前390,390,周安王十二年（西元前三九0年）,3,考案,秦、魏、鄭,,,案：《魏世家·正義》引《括地志》雲：“故武城一名武平城，在華州鄭縣東十三裡。”在今陝西華縣東。陝在今河南三門峽市西，正當函谷關之東北，秦此時在陝設縣，圖謀向中原擴展。
前390,390,周安王十二年（西元前三九0年）,4,史料,齊、魏,,伐、取,[魏文侯]三十五年(當作魏武侯六年)齊伐取我襄陵。(《魏世家》，《六國表》同)
前390,390,周安王十二年（西元前三九0年）,5,史料,齊、魯,,,齊康公十五年魯敗我平陸。（《六國表》，《田世家》作“魯敗齊平陸”）
前390,390,周安王十二年（西元前三九0年）,6,史料,秦、韓、魏、吳,,取,吳起治西河之外，王錯譖之魏武侯，武侯使人召之。吳起至於岸門，止車而休，望西河（《呂氏春秋·長見》無“休”字），泣數行而下。其僕謂之曰：“竊觀公之志（《長見》“志”作“意”），視舍天下若舍屣（《長見》作“視釋天下若釋跼”），今去西河而泣何也？”吳起雪泣而應之曰（《長見》“雪”作“抿”)：“子弗識也。君誠知我而使我畢能，秦必可亡，而西河可以王（《長見》無“秦必可亡而”五字，疑有脫誤）。今君聽讒人之議而不知我，西河之為秦也不久矣（《長見》“秦”下有“取”字），魏從此削矣。”吳起果去魏入荊，而西河畢入秦（《長見》“而”作“有間”），魏日以削，秦日益大，此吳起之所以先見而泣也。（《呂氏春秋·觀表》，《長見》大體相同。《韓非子·難言》亦雲：“吳起收泣於岸門，痛西河之為秦”）
前390,390,周安王十二年（西元前三九0年）,7,史料,秦、楚、魏、吳,,,田文既死，公叔為相，尚魏公主而害吳起。公叔之僕曰：“起易去也。”公叔曰：“奈何？”其僕曰：“吳起為人，節廉而自喜名也。君因先與武侯言曰：‘夫吳起賢人也，而侯之國小，又與強秦壤界，臣竊恐起之無留心也。’武侯即曰：‘奈何？’君因謂武侯曰：‘試延以公主，起有留心，則必受之，無留心，則必辭矣，以此蔔之。’君因召吳起而與歸，即令公主怒而輕君，吳起見公主之賤君也，則必辭。”於是吳起見公主之賤魏相，果辭魏武侯，武侯疑之而弗信也。吳起懼得罪，遂去，即之楚。（《吳起列傳》）
前390,390,周安王十二年（西元前三九0年）,8,考案,秦、齊、楚、魏、晉、周、吳,魏惠王,伐、奔,案：《呂氏春秋》謂吳起去魏，有間而西河畢入秦，並非事實，僅魏在河西受秦侵，或為秦所敗而已，西河地仍未失也。魏失西河上郡已是魏惠王後期。周安王十三年秦侵魏陰晉，此為魏在河西受秦侵之始。十五年秦敗魏于武城下，此又魏在河西首次被敗，蓋吳起已于周安王十二年左右去魏矣。《魏世家》謂武侯九年（當作二十年）“使吳起伐齊至靈丘”，據《六國表》，此年已是周安王二十四年，當楚肅王三年，吳起已於前三年死于楚矣。可知此年魏伐齊至靈丘，並非吳起為將，呂祖謙《大事記》、梁玉繩《史記志疑》皆以為《魏世家》有誤，是也。錢穆依據《古本竹書紀年》，考定魏武侯在位年世，《史記》誤後十年，魏武侯元年乃周安王六年而非十六年。其《吳起去魏相楚考》以及《先秦諸子系年·通表》將“伐齊至靈丘吳起將”移前十年，定在周安王十四年，而定吳起奔楚在十八年（《先秦諸子系年》第五四一頁）。其實，《史記》雖誤後魏武侯在位年世十年，但所有史事之系年實不誤，不能移前十年也。
前390,390,周安王十二年（西元前三九0年）,9,考案,楚、韓、趙、魏、吳,魏惠王,,又案：《呂氏春秋》謂吳起去魏入楚，由於“王錯諧于魏武侯”，而《吳起列傳》又謂出於“公叔為相，尚魏公主而害吳起”。此乃傳聞異辭。公叔不知何名，《魏策一》有公叔痤為將，于魏惠王時與韓、趙戰澮北，擒樂祚，得賞田百萬，歸功於吳起之餘教，因索吳起之後賜之田二十萬。公叔痤當非害吳起者。王錯為武侯之侍臣而掌有權勢者，吳起嘗對之曰：“吾君之言，危國之道也，而子又附之，是危也。”吳起與王錯有隙已非一日。林春溥《戰國紀年》雲：“吳起去魏，《呂氏春秋》以為王錯譖之魏文侯，非痤也。百家傳記往往有以證史之誤者，此類是也。”
前390,390,周安王十二年（西元前三九0年）,10,史料,吳,,,吳起為苑守，行縣，適息，問屈宜曰：“王不知起之不肖，以為苑守，先生將何以教之？”屈公不對。（《說苑·指武》第四章）
前390,390,周安王十二年（西元前三九0年）,11,考案,秦、楚、韓、魏、吳,,攻,案：苑即宛，聲同通假。楚之宛郡，相當於此後秦之南陽郡。南陽郡治宛，在今河南南陽市，為重要之冶鐵手工業城市。是時各國於邊地設郡，以利攻守。宛為楚北邊主要之郡。吳起原在魏為西河郡守，戰績與政績卓著，因而去魏入楚，楚任以為宛守。“行縣”謂巡行屬縣，訪問視察。息為大縣，在今河南息縣西南，可見宛郡轄境甚大。屈宜白，《淮南子·道應訓》作屈宜若，當以屈宜若為是。《韓世家》載韓昭侯二十五年旱，作高門，屈宜白曰：“昭侯不出門。”《集解》引許慎曰：“屈宜白，楚大夫，在魏也。”此事距吳起為宛守已有五十年，屈宜白不能與吳起同時。
前389,389,周安王十三年（西元前三八九年）,1,史料,秦、齊、楚、燕、韓、趙、魏,,,秦惠公十一年，魏武侯七年，韓烈侯十一年，趙烈侯二十年，齊康公十六年，楚悼王十三年，燕簡公二十六年。
前389,389,周安王十三年（西元前三八九年）,2,史料,秦、魏、晉,,,[魏文侯]三十六年(當作魏武侯七年)秦侵我陰晉。(《魏世家》，《六國表》作“秦侵陰晉”)
前389,389,周安王十三年（西元前三八九年）,3,考案,秦、楚、魏、晉、吳,,取,案：黃式三雲：“《年表》雲：秦侵晉，《通鑒》同。”蓋《六國表》有脫“陰”字而誤作“秦侵晉”之版本，《通鑒》因而同誤。陰晉後來為秦取得後改名華陰，在今陝西華陰縣東南，是時吳起當已去魏入楚矣。
前389,389,周安王十三年（西元前三八九年）,4,史料,秦,,,秦惠公十一年太子生。（《六國表》）
前389,389,周安王十三年（西元前三八九年）,5,史料,齊、晉、衛,,會,齊康公十六年與晉、衛會濁澤。（《六國表》）
前389,389,周安王十三年（西元前三八九年）,6,史料,齊、魏、周,,立、會,[齊康公十六年]太公與魏文侯(當作魏武侯)會濁澤，求為諸侯。魏文侯乃使使言周天子及諸侯，請立齊相田和為諸侯，周天子許之。（《田世家》）
前389,389,周安王十三年（西元前三八九年）,7,史料,齊、楚、魏、周、衛,,會,周安王十三年齊田和會魏文侯(當作魏武侯)、楚人、衛人於濁澤，求為諸侯，魏文侯為之請于王及諸侯，王許之。（《資治通鑒》）
前389,389,周安王十三年（西元前三八九年）,8,考案,楚,,會,案：濁澤之會，《資治通鑒》謂有楚人參與，不見《史記》，當別有所據。
前389,389,周安王十三年（西元前三八九年）,9,史料,晉,,卒、立,[晉烈公]二十七年烈公卒，子孝公質立。（《晉世家》）
前389,389,周安王十三年（西元前三八九年）,10,考案,韓、趙、魏、晉,,卒、遷,案：《索隱》雲：“《世本》雲孝公傾，《紀年》以孝公為桓公，故《韓子》有晉桓侯。”考《晉世家·索隱》雲：“《紀年》雲魏武侯以桓公十九年卒”，又雲：“《紀年》雲桓公二十年趙成侯、韓共侯遷桓公於屯留。”《水經·漳水注》引《紀年》又作梁惠成王元年，則晉烈公之卒，必在是年，而晉桓公之元在次年。
前389,389,周安王十三年（西元前三八九年）,11,史料,秦、齊、楚、魏、魯、吳,,,吳起為楚令尹，適魏（“魏”當為“息”字之誤），問屈宜若曰：“王不知起之不肖，而以為令尹，先生試觀起之為人也。”屈子曰：“將奈何？”吳起曰：“將衰楚國之爵，而平其制祿，損其有餘而綏其不足，砥礪甲兵，時爭利於天下。”屈子曰：“宜若聞之，昔善治國家者，不變其故，不易其常。今子將衰楚國之爵，而平其制祿，損其有餘而綏其不足，是變其故，易其常也。行之若不利。宜若聞之曰：'怒者逆德也，兵者兇器也，爭者人之所本也。'今子陰謀逆德，好用兇器，始人之所本，逆之至也。且子用魯兵，不宜得志于齊而得志焉。子用魏兵，不宜得志于秦而得志焉。宜若聞之，非禍人不能成禍，吾固惑吾王之數逆天道，戾人理，至今無禍，差須夫子也。”吳起惕然曰：“尚可更乎？”屈子曰：“成形之徒，不可更也，子不若敦愛而篤行之。”(《淮南子·道應訓》，《說苑·指武》第四章大體相同)
前389,389,周安王十三年（西元前三八九年）,12,考案,魏、吳,,,案：《說苑·指武》謂吳起先為苑守，居一年，王以為令尹。先後二次適息，問屈宜臼（當作屈宜若）。《淮南子》“適魏”當為“適息”之誤。
前389,389,周安王十三年（西元前三八九年）,13,史料,秦、齊、楚、魏、魯、吳,,,吳起為苑守，行縣，適息……居一年，王以為令尹，行縣，適息。問屈宜曰：“起問先生，先生不教。今王不知起之不肖，以為令尹，先生試觀起為之也。”屈公曰：“子將奈何？”吳起曰：“將均楚國之爵而平其祿，損有餘而繼其不足，厲甲兵以時爭於天下。”屈公曰：“吾聞昔善治國家者，不變故，不易常。今子將均楚國之爵而平其祿，損其有餘而繼其不足，是變其故而易其常也。且吾聞兵者兇器也，爭者逆德也。今子陰謀逆德，好用兇器，殆人所棄，逆之至也，淫泆之事也，行者不利。且子用魯兵，不宜得志于齊而得志焉；子用魏兵，不宜得志于秦而得志焉。吾聞之曰：非禍人不能成禍，吾固怪吾王之數逆天道，至今無禍。嘻！且待夫子也。”吳起惕然曰：“尚可更乎？”（此下原衍“屈公曰不可，吳起曰起之為人謀”十三字，從朱駿聲校刪）屈公曰：“成刑之徒，不可更已。子不如敦愛而篤行之。”（此下原衍“楚國無貴於舉賢”七字。《說苑·指武》第四章）
前389,389,周安王十三年（西元前三八九年）,14,考案,楚、韓、吳,,,案：《說苑》“將均楚國之爵”，《淮南子》“均”作“衰”。“均”當為“衰”字之誤。吳起所謂“衰楚國之爵，而平其制祿”，即《韓非子·和氏》稱吳起主張“三世而收爵祿，才減百吏之祿秩”。
前389,389,周安王十三年（西元前三八九年）,15,史料,楚、吳,,,楚悼王素聞起賢，至則相楚。明法審令，捐不急之官，廢公族疏遠者，以撫養戰鬥之士，要在強兵，破馳說之言縱橫者。（《吳起列傳》）
前389,389,周安王十三年（西元前三八九年）,16,考案,楚、吳,,,案：戰國時楚沿舊制仍以令尹為最高官職。令尹相當於別國之相。《淮南子》、《說苑》謂吳起為令尹，是也。
前389,389,周安王十三年（西元前三八九年）,17,考案,楚、魏、周、吳,,立,又案：《資治通鑒》據《六國表》系“魏文侯薨太子擊立，是為武侯”于周安王十五年，因而列吳起去魏入楚而為相之事在同年，並無確據。
前389,389,周安王十三年（西元前三八九年）,18,史料,秦、吳、蔡,,取,吳起之事悼王也，使私不得害公，讒不得蔽忠，言不取苟合，行不取苟容，不為危易行，行義不辟難，然為霸主強國，不辭禍凶。（《蔡澤列傳》記應侯語，《秦策三》第十八章作“吳起事悼王，使私不害公，讒不蔽忠，言不取苟合，行義不固，毀譽必有，伯主強國，不辭禍凶”）
前389,389,周安王十三年（西元前三八九年）,19,史料,秦、楚、越、吳、蔡,,攻、卒、立,吳起為楚悼王立法，卑減大臣之威重，罷無能，廢無用，損不急之官，塞私門之請，一楚國之俗，禁遊客之民，精耕戰之士，南收楊越，北並陳、蔡，破橫散從，使馳說之士無所開其口，禁朋黨以勵百姓，定楚國之政，兵震天下，威服諸侯。功已成矣，而卒枝解。（《蔡澤列傳》記蔡澤語，《秦策三》第十八章作：“吳起為楚悼罷無能，廢無用，損不急之官，塞私門之請，壹楚國之俗，南收楊越（“收”原作“攻”，從王念孫據《南越傳·索隱》所引改正），北並陳、蔡，破橫散從，使馳說之士無所開其口。功已成矣，卒支解。”）
前389,389,周安王十三年（西元前三八九年）,20,史料,楚、韓、吳,,滅,吳起教楚悼王以楚國之俗曰：“大臣太重，封君太眾，若此則上逼主而下虐民，此貧困弱兵之道也。不如使封君之子孫，三世而收爵祿，絕滅（顧廣圻雲：當作才減，才裁同字）百吏之祿秩，以奉選練之士。”(《韓非子·和氏》)
前389,389,周安王十三年（西元前三八九年）,21,史料,吳,,卒,吳起謂荊王曰：“荊所餘者地也，所不足者民也，今君王以所不足，益所有餘，臣不得而為也。”於是令貴人往實廣虛之地，皆甚苦之。（《呂氏春秋·貴卒》）
前389,389,周安王十三年（西元前三八九年）,22,史料,吳,,,郢人以兩版垣也，吳起變之而見惡。（《呂氏春秋·義賞》）
前389,389,周安王十三年（西元前三八九年）,23,考案,楚、韓、吳、蔡,,卒、殺,案：《韓非子·和氏》雲：“悼王行之期年而薨矣，吳起枝解于楚。”吳起入楚約在悼王十二年左右，其政績、戰績頗有成功，蔡澤因謂吳起“功已成矣，而卒枝解”，不似治一年即被殺者。
前388,388,周安王十四年（西元前三八八年）,1,史料,秦、齊、楚、燕、韓、趙、魏,,,秦惠公十二年，魏武侯八年，韓烈侯十二年，趙烈侯二十一年，齊康公十七年，楚悼王十四年，燕簡公二十七年。
前388,388,周安王十四年（西元前三八八年）,2,史料,秦,,,[秦]惠公十二年子出子生。（《秦本紀》，《六國表》作“太子生”，系於十一年，早一年）
前387,387,周安王十五年（西元前三八七年）,1,史料,秦、齊、楚、燕、韓、趙、魏,,,秦惠公十三年，魏武侯九年，韓烈侯十三年，趙烈侯二十二年，齊康公十八年，楚悼王十五年，燕簡公二十八年。
前387,387,周安王十五年（西元前三八七年）,2,史料,秦、鄭,,伐、卒、立、取,[秦惠公]十三年伐蜀，取南鄭，惠公卒，出子立。（《秦本紀》）秦惠公十三年蜀取我南鄭。（《六國表》）
前387,387,周安王十五年（西元前三八七年）,3,考案,秦、周、鄭,,伐、取、會,案：《資治通鑒》作“秦伐蜀，取南鄭”。黃式三《周季編略》作“蜀取秦南鄭，秦伐蜀複取南鄭”。《史記會注考證》雲：“《紀》《表》前此書秦城南鄭及南鄭反矣，則南鄭非蜀土也。程一枝曰：《史·表》蜀取我南鄭，當從《史·表》為是。”南鄭在今陝西漢中市。《六國表》厲共公二十六年左庶長城南鄭，《秦本紀》《六國表》躁公二年南鄭反。是時南鄭既非蜀土，亦非秦地。蓋蜀取南鄭，秦又伐蜀而取南鄭耳。
前387,387,周安王十五年（西元前三八七年）,4,史料,秦,,,[秦]惠公享國十三年，葬陵圉，生出公。（《秦始皇本紀》引《秦記》）
前387,387,周安王十五年（西元前三八七年）,5,史料,趙、魏,,卒、立,[趙烈侯]九年烈侯卒，弟武公立，武公十三年卒，趙複立烈侯太子章，是為敬侯。（《趙世家》，《魏世家·索隱》引《世本》亦雲：“敬侯名章。”）
前387,387,周安王十五年（西元前三八七年）,6,考案,趙、代,,,案：趙烈侯、敬侯間，《史記》誤多武公一代，說見前。
前387,387,周安王十五年（西元前三八七年）,7,史料,韓、趙,,殺,趙之先君敬侯，不修德行，而好縱欲，適身體之所安，耳目之所樂，冬日罼弋，夏浮淫，為長夜，數日不廢禦觴。不能飲者，以簡灌其口，進退不肅，應對不恭者斬於前。故居處飲食如此其不節也，制刑殺戮如此其無度也，然敬侯享國數十年（當作十數年），兵不頓於敵國，地不虧於四鄰，內無群臣、百官之亂（“群”原作“君”，從松皋圓改正），外無諸侯、鄰國之患，明于所以任臣也。（《韓非子·說疑》）
前387,387,周安王十五年（西元前三八七年）,8,考案,秦、齊、韓、晉,,立、即位、取、會,案：《索隱》雲：“《紀年》無文侯，《世本》無列侯。”考列侯前為景侯，《六國表》及《索隱》引《世本》、《紀年》皆言景侯名虔，《韓世家》又言列侯名取，而《索隱》雲：《世本》又作武侯。”錢穆《三晉始侯考》論之曰：“其時韓君實止兩人，一名虔，即景子，一名取，則《史記》之所謂列侯與文侯，亦即《世本》之所謂武侯也。……實即《紀年》之列侯一人也。今《史·表》分作兩人者，蓋亦由其稱侯改元而誤。然則今表列侯元年，乃其君即位稱元之年，文侯元年乃其君稱侯改元之年，是年正齊田和始立為侯之歲。前一年，田和會諸侯于濁澤，蓋韓人亦於此會後與田齊同時稱侯也。”（《先秦諸子系年》第一四四頁）今案《索隱》引《世本》明雲“無列侯”，而“作武侯”，不雲《世本》與《紀年》同無文侯，則《世本》列侯作武侯，未必無文侯。錢氏以《史記》文侯之元，乃其君稱侯改元之年，無的證也。
前387,387,周安王十五年（西元前三八七年）,9,史料,秦、魏,,伐,[魏文侯]三十八年(當作魏武侯九年)伐秦，敗我武下，得其將識。（《魏世家》）
前387,387,周安王十五年（西元前三八七年）,10,考案,秦、周,,,案：黃式三《周季編略》雲：“既獲秦將，又言敗我，疑有訛脫。”“得其將識”句，當有脫誤。
前387,387,周安王十五年（西元前三八七年）,11,史料,秦、齊、楚、燕、韓、趙、魏、周,,立,秦出子元年，魏武侯十年，韓文侯元年，趙敬侯元年，齊康公十九年，田和元年，楚悼王十六年，燕簡公二十九年。[齊]康公之十九年田和立為齊侯，列于周室，紀元年。（《田世家》）
前387,387,周安王十五年（西元前三八七年）,12,史料,齊,,遷,齊康公十九年田常曾孫田和始列為諸侯，遷康公海上，食一城。（《六國表》，《齊世家》作“田常曾孫田和始為諸侯，遷康公海濱”）
前387,387,周安王十五年（西元前三八七年）,13,史料,趙、魏,,奔,趙敬侯元年公子朝作亂，不克，出奔魏。趙始都邯鄲。（《趙世家》“公子”上原衍“武”字，今刪。《六國表》作“武公子朝作亂，奔魏”，亦衍“武”字）
前387,387,周安王十五年（西元前三八七年）,14,史料,趙、魏,,立、奔,趙敬侯初立，公子朔為亂，不勝，奔魏，與魏襲邯鄲，魏敗而去。（《魏世家》，《六國表》作“襲邯鄲，敗焉”）
前387,387,周安王十五年（西元前三八七年）,15,考案,趙、魏,,,案：《趙世家》于敬侯前誤多“武公”一世，公子朝又誤作“武公子朝”。《魏世家》作“公子朔”，“朔”當為“朝”字之誤。
前387,387,周安王十五年（西元前三八七年）,16,考案,秦、齊、楚、燕、趙、魏、周,魏惠王,伐、攻、圍、救、徙都、拔、盟、殺,又案：《資治通鑒》只記公子朝作亂與魏襲邯鄲，而不載是年趙始都邯鄲。蓋不信此一記載。《資治通鑒》周威烈王二十三年胡三省注辨之曰：“趙成侯二十二年魏克邯鄲，是年顯王之十六年也，二十四年魏歸邯鄲。若敬侯已都邯鄲，魏克其國都而趙不亡，何也？至顯王二十二年公子范襲邯鄲，不勝而死，是年肅侯之三年也。意此時趙方都邯鄲，蓋肅侯徙都，非敬侯也。”程恩澤《國策地名考》從之。其實不然。公子朝之襲邯鄲，與公子范之襲邯鄲，皆以邯鄲為趙都之故。魏惠王圍趙邯鄲三年而拔之，但趙不屈，時齊、楚相繼救趙，齊大敗魏于桂陵，而秦又克魏之舊都安邑。於是魏歸邯鄲于趙，而盟于漳水之上。《戰國縱橫家書》第十五章，當秦攻魏都大樑時，須賈說穰侯曰：“初時者，惠王伐趙，戰勝三梁，拔邯鄲，趙氏不割而邯鄲複歸。齊人攻燕，拔故國，殺子之，燕人不割而故國複反（返）。燕、趙之所以國大兵強而地兼諸侯者，以其能忍難而重出地也。”《魏策三》第三章同。須賈當秦圍攻大樑時，以趙邯鄲之被拔而複歸，與燕“故國”之被拔而複返，相提並論，即因邯鄲與大樑同為國都。所謂燕之“故國”，亦指國都而言。趙、燕確如須賈所言，由於忍難不屈，國都得以失而複歸。梁玉繩信敬侯始都邯鄲之記載，但又不信魏惠王圍趙邯鄲拔而複歸之記載，以為趙守邯鄲三年，不降不拔。其實，不僅趙、魏、田等《世家》於此事有明確記載，所有當時之議論亦極明顯，無可疑者。
前387,387,周安王十五年（西元前三八七年）,17,考案,趙、代,,,又案：趙都邯鄲故城遺址今尚保存，宮城由三小城組成“品”字形，位於大郭之西南。大郭之建築較宮城為早。大郭內東北部有一宮殿遺址，稱為叢台，因若干高臺基組成而得名，在今邯鄲市中華路西側人民公園內。高達二十六米，當為趙早期宮殿之所在。參看拙作《中國古代都城制度史研究》上編第七章第五節。
前385,385,周安王十七年（西元前三八五年）,1,史料,秦、齊、楚、燕、韓、趙、魏,,,秦出子二年，魏武侯十一年，韓文侯二年，趙敬侯二年，齊康公二十年，田和二年，楚悼王十七年，燕簡公三十年。
前385,385,周安王十七年（西元前三八五年）,2,史料,秦、晉,,立、殺,[秦]出子二年庶長改迎靈公之子獻公於河西而立之。殺出子及其母，沈之淵旁。秦以往者數易君，君臣乖亂，故晉複強，奪秦河西地。（《秦本紀》）
前385,385,周安王十七年（西元前三八五年）,3,史料,秦,,立,秦出公二年庶長改迎靈公太子，立為獻公，誅出公。（《六國表》）
前385,385,周安王十七年（西元前三八五年）,4,史料,秦,,殺,[秦]出公享國二年，出公自殺，葬雍。（《秦始皇本紀》引《秦記》）
前385,385,周安王十七年（西元前三八五年）,5,史料,秦、魏、鄭,,圍、卒、立、殺,秦小主夫人用奄變，群賢不說，自匿，百姓郁怨非上。公子連亡在魏，聞之，欲入，因群臣與民，從鄭所之塞，右主然守塞，弗入。曰：“臣有義，不兩主，公子勉去矣。”公子連去，入翟，從焉氏塞，菌改入之。夫人聞之，大駭，令吏與卒，奉命曰：“寇在邊，卒與吏，其始發也，皆曰：“往擊寇。”中道因變曰：“非擊寇也，迎主君也。”公子連因與卒俱來，至雍，圍夫人，夫人自殺。公子連立，是為獻公。怨右主然而將重罪之，德菌改而欲厚賞之。監突爭之曰：“不可！秦公子在外者眾，若此則人臣爭入亡公子矣，此不便主。”獻公以為然，故複右主然之罪，而賜菌改，官大夫，賜守塞者人米二十石。（《呂氏春秋·當賞》）
前385,385,周安王十七年（西元前三八五年）,6,考案,秦、魏、晉、鄭,,圍、卒、立、即位、變法、殺、奔,案：《秦本紀》明言：“庶長改迎靈公之子獻公於河西而立之。”而《正義》曰：“西者，秦州西縣，秦之舊地，時獻公在西縣，故迎立之。”王念孫因雲：“如《正義》西上本無河字，蓋涉下文而衍。”此一校勘不確。《通鑒》胡三省注雲：“此言河西，非西縣也。靈公之卒，獻公不得立，出居河西。河西者黃河之西，蓋漢涼州之地。”今以《呂氏春秋》比勘，當作河西為是。河西原為秦地，是時為魏所奪而佔有，故《呂氏春秋》雲：“公子連亡在魏。”若為隴西郡之西縣，原為秦之西陲，在今甘肅天水市西南，在秦之西境，則不得謂“亡在魏”也。在此以前，秦長期內亂，由若干庶長掌權，常改易國君，因而秦公子常出亡至魏。新立國君常為自魏歸來秦公子。如躁公死後，弟懷公從晉來；靈公死後，簡公亦從晉來。此時公子連由魏來，亦其儔也。公子連先欲從鄭所之塞入，當即設于鄭附近之塞，在今陝西華縣東，此乃由河西進入秦之主要通道。秦因而建有關塞，駐有守兵。公子連原欲由此入秦，為守塞之右主然所拒，因而奔向西北戎、翟之區，改由焉氏塞入秦。焉氏即烏氏之音轉，為烏氏戎所在之地，在今甘肅平涼縣西北，距鄭有六百里之遙，為菌改所迎入。《呂氏春秋》之菌改，即《史記》之庶長改。《呂氏春秋》謂“夫人聞之大駭，令吏與卒”，夫人即秦出子之母。“卒與吏”奉命至邊境“擊寇”，中道反叛，改為“迎君主”，於是公子連率倒戈之“卒與吏”至雍，“圍夫人，夫人自殺”。《呂氏春秋》稱“秦小主夫人用奄變，群賢不說，自匿，百姓郁怨非上”。蓋出子之母用宦官專權，為群賢與百姓所反對。公子連即獻公，據《六國表》，為秦靈西元年（西元前四二四年）所生。此時年已四十，靈公十一年卒，獻公不得立而出居河西，亦已有三十年，嘗目睹魏變法圖強之經歷。此時獻公入秦即位，蓋得力於群賢與百姓之輔佐。此後秦獻公、孝公相繼變法圖強，即建基於此。出子亦稱出公，見於《秦始皇本紀》所引《秦記》，又稱少主，見於《索隱》所引《世本》。《呂氏春秋》又稱為小主。出子生於惠公十一年或十二年，時僅二三歲，故由其母執政，《呂氏春秋》所謂“秦小主夫人用奄變”，《秦記》稱“出公享國二年。出公自殺，葬雍”。小主年幼不知自殺，《秦本紀》稱“殺出子及其母，沈之淵旁”，是也。《秦記》蓋諱言被殺。監突，《漢書·古今人表》作大監突，列於中中等，監與大監為宦官名。獻公既入，怨右主然而將重罰之，德菌改而欲厚賞之，因監突進諫，免除右主然之罪，而賜菌改為官大夫。《秦本紀》、《六國表》稱庶長改。左庶長為第十級爵，官大夫為第六級爵，蓋降其爵秩。故《呂氏春秋》下文雲：“獻公可謂能用賞罰矣。……所歸善，雖惡之賞；所歸不善，雖愛之罰；此先王之所以治亂安危也。”《呂氏春秋》為秦之著作，所言秦事當可信。從此秦庶長擅權廢立之事絕跡，變法圖強由此開始。
前385,385,周安王十七年（西元前三八五年）,7,考案,秦、越,,,又案：《呂氏春秋》稱獻公名連，高誘注雲：“公子連一名元。”《史記·索隱》雲“名師隰”，畢沅以為“殆據《世本》”。梁玉繩雲：“秦獻公亦諡元，故《史記·索隱》作元獻公，《越絕書》稱元王，非別名元也。”今案：連或即師隰之合音。
前385,385,周安王十七年（西元前三八五年）,8,史料,魏,,,[魏武侯]十一年城洛陽及安邑、王垣。（《魏世家·索隱》引《紀年》，“洛陽”當為“洛陽”之誤）
前385,385,周安王十七年（西元前三八五年）,9,史料,魏,,,[魏武侯]二年(當作十一年)城安邑、王垣。(《魏世家》，《六國表》同)
前385,385,周安王十七年（西元前三八五年）,10,考案,秦、魏、鄭,,攻、取,案：朱右曾《存真》雲：“洛陽當作洛陰，《史記》文侯攻秦，還築洛陰是也。”此說甚確。魏無地名洛陽者，洛陽在今陝西大荔縣東南。魏文侯攻取秦河西地，至鄭而還，築洛陽、合陽。《水經·澮水注》雲：“武侯二年又城安邑，蓋增廣之。”是年武侯于洛陽、安邑、王垣三處加築城垣，為加強河西、河東以及河北之防守。王垣即首垣，在今山西長垣縣東北。
前385,385,周安王十七年（西元前三八五年）,11,史料,宋,,卒、立,[宋]悼公八年卒，子休公田立。（《宋世家·索隱》雲：“按《紀年》為十八年。”）
前385,385,周安王十七年（西元前三八五年）,12,考案,韓、周、宋,,卒,案：《六國表》定宋悼西元年當周威烈王二十三年，宋休西元年當周安王七年，《索隱》謂《紀年》悼公為十八年，是《史記》宋悼公短少十年，悼公當卒于周安王十七年。是年悼公為韓所執而卒，休公當未逾年而改元。
前385,385,周安王十七年（西元前三八五年）,13,史料,韓、宋、鄭,,伐、取,韓文侯二年伐鄭，取陽城，伐宋，到彭城，執宋君。（《六國表》，《韓世家》同）
前385,385,周安王十七年（西元前三八五年）,14,考案,秦、楚、韓、魏、周、吳、宋,秦昭王,伐、卒,案：是年韓伐宋到彭城，所執宋君當即宋悼公，悼公即卒於是年。此悼公之所以諡為悼歟？當時諡為悼之君主，非短壽即不得善終者。秦武王，《秦記》作秦悼武王，在位僅四年，舉鼎折黥而死。秦悼太子在秦昭王四十年，因質于魏而死。韓悼襄王因為秦大敗，“不得意而死”(《韓非子·飾邪》)。楚悼王雖非慘死，但死後，因群臣射刺吳起而兼中王屍。《周季編略》作“韓伐宋至彭城，執宋君，既而釋之”，出於臆造。
前385,385,周安王十七年（西元前三八五年）,15,考案,秦、齊、楚、韓、魏、周、魯、衛、宋、鄭、蔡,張儀,伐、攻、圍、遷,又案：是年韓伐宋到彭城執宋君，蓋宋已由睢陽遷都彭城。錢穆有《戰國時宋都彭城證》，列舉證據十五條，此中最主要之直接證據，即此年韓伐宋到彭城執宋君，與相傳周顯王三十三年或四十二年，“宋太丘社亡而鼎沒于泗水彭城下”，見於《史記·封禪書》與《漢書·郊祀志》。宋列諸泗上十二諸侯之列。《楚策》張儀為秦連衡，說楚王曰：“破宋而東指，則泗上十二諸侯盡王之有。”《齊策》亦雲：“今大王之所從十二諸侯，非宋、衛，則鄒、魯、陳、蔡。”又曰：“舉五千乘之勁宋而包十二諸侯。”宋列泗上，與鄒、魯、滕、薛、莒、費、鄭同稱，則其都東遷不留睢陽之證。“又《秦策》或人之說秦王曰：秦、楚之兵構而不離，魏氏將出兵而攻留、方與、銍、胡陵、碭、蕭、相，故宋必盡。則所謂故宋者，北及濟甯，南至蕭、宿，中包沛、碭，襟帶徐、彭為之藩翼，而獨不及睢陽。睢陽豁在西陲，縱列版圖，未可甯居，此宋都東遷不在睢陽之證。”（《先秦諸子系年》第三二二至三二六頁）考《呂氏春秋·慎勢》雲：“聲王圍宋十月，楚三圍宋矣而不能亡。”其時魏、楚正爭奪今河南東部鄭、宋之間地。宋之遷都彭城，列于泗水十二諸侯，疑即在此時，欲以避魏、楚爭奪之鋒也。
前385,385,周安王十七年（西元前三八五年）,16,史料,韓、鄭,,伐、取,（鄭君乙）十一年韓伐鄭，取陽城。（《鄭世家》）
前385,385,周安王十七年（西元前三八五年）,17,史料,齊、魯,,伐,齊康公二十年伐魯破之。（《六國表》）
前385,385,周安王十七年（西元前三八五年）,18,史料,齊、趙,,,[趙敬侯]二年敗齊於靈丘。（《趙世家》）
前385,385,周安王十七年（西元前三八五年）,19,史料,秦,,,秦獻西元年，止從死。（《秦本紀》）
前385,385,周安王十七年（西元前三八五年）,20,考案,秦,,卒、立、殺,案：據《六國表》，秦獻西元年在次年。考《秦始皇本紀》引《秦記》作“獻公享國二十三年”，而《秦本紀》雲：“二十四年獻公卒。”錢穆《先秦諸子系年·自序》雲：“蓋獻公實弑君自立，故未逾年而改元。出子之末即獻公之初，元丙申，卒己未，得二十四年。”此說可信。秦武公二十年卒，初以人從死，是年出子被殺，秦獻公止從死，故《秦本紀》雲然。《秦始皇本紀》引《秦記》雲：“出公自殺，葬雍。”蓋諱言被殺。
前385,385,周安王十七年（西元前三八五年）,21,史料,齊,,卒、立,齊康公二十年田和卒，二十一年田和子桓公午立。（《六國表》）
前385,385,周安王十七年（西元前三八五年）,22,史料,齊,,卒、立,齊侯太公和立二年，和卒。子桓公午立。（《田世家》）
前385,385,周安王十七年（西元前三八五年）,23,史料,齊,,立,[齊康公]二十二年（當作二十年）田侯剡立，後十年齊田午弑其君及孺子喜而為公。（《田世家·索隱》引《紀年》）
前385,385,周安王十七年（西元前三八五年）,24,考案,秦、齊、魏,,卒、立、即位,案：《史記》于田和、桓公之間，脫失侯剡一世。田和卒于齊康公二十年，侯剡繼立當即在是年。《紀年》稱康公二十二年田侯剡立，二十二年當是二十年之誤。錢穆論之曰：“田和以齊康公二十年卒，田剡即以是年立。《年表》書之隔歲，依人君即位翌年稱元之例也。《索隱》引《紀年》作齊康公二十二年田剡立，誤衍一‘二’字。知者，《魏世家·索隱》謂桓公立十九年，當梁惠王之十三年，則桓公弑君自立在魏武侯二十一年。自此逆溯而上十年，正為齊康公之二十年。知《史記》於此誤其世系而未誤其年也。”(《先秦諸子系年》第一八九頁)其說甚是。雷學淇《考訂竹書紀年》依據“康公二十二年田侯剡立”，以為“後十年”實侯剡改元之九年，即魏武侯二十二年，因而斷言“齊桓實以此年弑其君，且即以此年為己之元年”。其說不確。
前385,385,周安王十七年（西元前三八五年）,25,史料,秦、齊、楚、燕、韓、趙、魏,,,秦獻西元年，魏武侯十二年，韓文侯三年，趙敬侯三年，齊康公二十一年，田侯剡元年，楚悼王十八年，燕簡公三十一年。
前385,385,周安王十七年（西元前三八五年）,26,史料,齊、趙、魏,,救,[趙敬侯]三年救魏於廩丘，大敗齊人。（《趙世家》）
前385,385,周安王十七年（西元前三八五年）,27,考案,齊、趙、魏、晉,,攻、圍、救、卒、會,案：徐文靖《紀年統箋》雲：“即敗齊田布事，救廩丘者乃烈侯，《世家》雲敬侯誤。”錢穆亦雲：“余考晉烈公十一年適當趙烈侯之三年，然則史公所雲敬侯三年敗齊廩丘者，實系烈侯三年之誤也。”此說不確。廩丘原為齊地，田悼子卒，田氏內亂，田會以廩丘叛于趙，田布圍廩丘，三晉大敗齊師于龍澤，於是廩丘為魏佔有。是年齊攻魏於廩丘，趙救魏，又大敗齊人。明為先後兩事，不得混為一談。
前385,385,周安王十七年（西元前三八五年）,28,史料,秦、齊、楚、燕、韓、趙、魏,,,秦獻公二年，魏武侯十三年，韓文侯四年，趙敬侯四年，齊康公二十二年，田侯剡二年，楚悼王十九年，燕簡公三十二年。秦獻公二年城櫟陽。（《六國表》，《秦本紀》同）
前385,385,周安王十七年（西元前三八五年）,29,史料,秦,秦孝公,伐、即位,秦獻公即位，鎮撫邊境，徙治櫟陽，且欲東伐，複穆公之故地，修穆公之政令。（《秦本紀》秦孝公下令國中雲）
前385,385,周安王十七年（西元前三八五年）,30,考案,秦,秦孝公,即位、徙都,案：《秦本紀》“城櫟陽”，《集解》引徐廣曰：“徙都之，今萬年是也。”《水經·渭水注》亦雲：“《史記》秦獻公二年城櫟陽，自雍徙居之。”《太平御覽》一百五十五引《帝王世紀》雲：“德西元年初居雍，今扶風雍是也。至獻公即位，徙治櫟陽，今馮翊萬年是也。孝公自櫟陽徙咸陽。”考秦惠文王四年相邦樛游戈，為“櫟陽工”所造。秦孝公、惠公、昭王時之相邦戈，鑄造地不外雍、櫟陽、咸陽、西四地，皆為秦曾建都之地。
前385,385,周安王十七年（西元前三八五年）,31,史料,魯,,卒、立,[魯]穆公三十三年卒，子奮立，是為共公。（《魯世家》）
前385,385,周安王十七年（西元前三八五年）,32,史料,魯,,,公儀休相魯，魯君死，左右請閉門。公儀休曰：“止！池淵吾不稅，蒙山吾不賦，苛令吾不布，吾閉於門哉？”(《說苑·政理》第二十一章)
前385,385,周安王十七年（西元前三八五年）,33,考案,魯,商鞅,,案：公儀休為魯穆公之相，直至穆公去世，自稱不征山澤之賦稅，不布苛令，與商鞅“收山澤之稅”不同。
前385,385,周安王十七年（西元前三八五年）,34,史料,衛,,卒、立,[衛]慎公四十二年(當作三十二年)卒，子聲公訓立。(《衛世家》)
前385,385,周安王十七年（西元前三八五年）,35,史料,,,,聖公馳。（《索隱》引《世本》，“馳”當作“馴”）
前385,385,周安王十七年（西元前三八五年）,36,考案,秦、魏、周、魯、衛、宋、鄭,魏惠王,卒,案：《六國表》系衛聲西元在周烈王四年，系衛成西元在周顯王八年。考《衛世家》雲：“成侯十一年公孫鞅入秦”，時正周顯王八年。可知《六國表》成侯元實誤後十年。《衛世家》又雲：“成侯十六年衛更貶號曰侯。”周顯王八年既是衛成侯十一年，則成侯十六年，即周顯王十三年，亦即魏惠王十四年，《魏世家·索隱》引《紀年》，謂是年“魯恭侯、宋桓侯、衛成侯、鄭麓侯來朝”，殆衛以是年朝魏而貶號為侯歟？此亦衛成侯元在周烈王五年，不在周顯王八年之證也。今《六國表》衛成侯元既誤後十年，當在周烈王五年，則衛慎公必于周安王十九年卒，聲西元在周安王二十年也。
前385,385,周安王十七年（西元前三八五年）,37,史料,周、鄭,,,案《索隱》雲：“訓亦作馴，休運反，《世本》作聖公馳。”錢大昕曰：“《廣韻》引《風俗通》雲：‘聖者聲也’，《周禮·地官》土訓，鄭司農讀為馴，《五帝紀》五品不訓，《後漢書·鄧禹、周舉傳》俱作不馴，皆古通用之字。‘馳’蓋‘馴’之訛。”李笠曰：“聲聖音近字通。左氏文十七年《傳》聲薑《公羊傳》作聖薑。”
前385,385,周安王十七年（西元前三八五年）,38,史料,趙、魏、衛,,,[趙敬侯]四年魏敗我兔台。築剛平以侵衛。（《趙世家》）
前382,382,周安王二十年（西元前三八二年）,1,史料,秦、齊、楚、燕、韓、趙、魏,,,秦獻公三年，魏武侯十四年，韓文侯五年，趙敬侯五年，齊康公二十三年，田侯剡三年，楚悼王二十年，燕簡公三十三年。
前382,382,周安王二十年（西元前三八二年）,2,史料,秦,,,秦獻公三年日蝕晝晦。（《六國表》）
前382,382,周安王二十年（西元前三八二年）,3,考案,秦、代,,,案：此年西曆七月三日九時十二分日有全食。見朱文鑫《歷代日食考》卷三《戰國及秦日食表》。合當時曆法為八月初一。
前382,382,周安王二十年（西元前三八二年）,4,史料,齊、趙、魏、衛,,攻、取,[趙敬侯]五年齊、魏為衛攻趙，取我剛平。（《趙世家》）
前382,382,周安王二十年（西元前三八二年）,5,史料,齊、趙、魏、衛、代,,,趙氏襲衛，車不舍，人不休，傅衛國，城剛平，衛八門土而二門墮矣，此亡國之形也。衛君跣行告遡于魏，魏王身被甲砥劍，挑趙索戰，邯鄲之中騖，河、山之間亂。衛得是藉也，亦收餘甲而北面殘剛平，墮中牟之郭。衛非強于趙也，譬之衛矢而魏弦機也，藉力于魏而有河東之地。（《齊策五》第一章，蘇代說齊閔王）
前382,382,周安王二十年（西元前三八二年）,6,考案,秦、齊、趙、魏、衛,,攻、圍、卒、取,案：“車不舍，人不休，傅衛國，城剛平”，“車”下“不”字原脫，“傅”原誤作“傳”，“剛”原誤作“割”，今從王念孫《讀書雜誌》改正。“傅”乃使士卒緣登城牆而進攻，亦稱為蟻傅或城傅。“傅衛國”，謂趙攻衛都濮陽，採用緣登城牆而圍攻之戰術。故下文雲：“衛八門土而二門墮矣”。“城剛平”，謂趙在剛平築城作為進攻之基地。《秦策四》第十一章或人為六國說秦王曰：“（趙）築剛平，衛無東野，芻牧薪采，莫敢窺東門。當是時衛危於累卵。”剛平正當濮陽之北，《趙世家》謂趙敬侯四年，“築剛平以侵衛”，即此所謂“傅衛國，城剛平”。由於衛得魏之助，魏“挑趙索戰”，衛得以收餘甲而北向反攻，取得“殘剛平，墮中牟之郭”之勝利。《趙世家》雲：趙敬侯五年“齊、魏為衛攻趙，取我剛平”。與此相合。可知助衛者不僅是魏，而且有齊。因而衛得大勝，不僅“殘剛平”，而且得“墮中牟之郭”。中牟為趙之舊都，在今河南鶴壁市西。
前382,382,周安王二十年（西元前三八二年）,7,史料,秦、齊、楚、燕、韓、趙、魏,,,秦獻公四年，魏武侯十五年，韓文侯六年，趙敬侯六年，齊康公二十四年，田侯剡四年，楚悼王二十一年，燕簡公三十四年。
前382,382,周安王二十年（西元前三八二年）,8,史料,楚、趙、魏,,伐、取,[趙敬侯]六年借兵于楚伐魏，取棘蒲。（《趙世家》）
前382,382,周安王二十年（西元前三八二年）,9,史料,齊、楚、趙、魏、衛、代,,伐、救,衛非強于趙也……藉力于魏而有河東地。趙氏懼。楚人救趙而伐魏，戰於州西，出梁門，軍舍林中，馬飲于大河。趙得是藉也，亦襲魏之河北，燒棘蒲，墜黃城。（《齊策五》第一章蘇代說齊閔王）
前382,382,周安王二十年（西元前三八二年）,10,考案,秦、齊、楚、趙、魏、晉、周、越、吳、衛、蔡、代,,伐、攻、圍、救、卒、滅、取、拔,案：是年楚救趙伐魏，深入魏地。州在魏之河內，在今河南武陟西南，黃河以北。梁門當為大樑西北之關塞，林中在梁門之北（參見周赧王三十二年案語之考釋）。是時楚軍前鋒已越黃河而與魏軍戰於州西，隨後大軍已出梁門，駐屯于林中，而戰馬飲水于黃河邊。由此切斷魏之河內與河東國都安邑之聯繫，造成魏十分危急之局勢，於是趙借助于楚之攻勢，進伐魏之河北，火攻棘蒲，取得大勝，並南下攻克魏之黃城。棘蒲在今河北魏縣南，黃城在今河南內黃西。《趙世家》所謂“借兵于楚伐魏”，非借用楚之兵力伐魏，蓋借助于楚伐魏之攻勢也。此一戰役，接連有三年之久。即《趙世家》所言敬侯六年伐魏取棘蒲、八年拔魏黃城。八年當為七年之誤。楚之出師攻魏以救趙，必在楚悼王未卒以前。若在悼王卒後，內亂爆發，政局未定，豈能大舉攻魏而如此深入魏地？楚之大舉攻魏，既在楚悼王未卒以前，時吳起正為令尹，則主其軍而指揮作戰者，必為吳起無疑。《吳起列傳》稱：吳起相楚“南平百越，北並陳、蔡，卻三晉，西伐秦”。考陳、蔡早為楚所滅。滅陳在楚惠王十一年，滅蔡在楚惠王四十二年，所謂“北並陳、蔡”，當是鞏固統治陳、蔡舊地。所謂“卻三晉”，即指此攻魏救趙之大戰。趙敬侯四年趙築剛平，圍攻衛國，衛借助于齊、魏之攻趙，於次年攻克趙之剛平，並“墮中牟之郭”。再次年，趙又借助于楚之攻魏，火攻魏棘蒲得勝，至趙敬侯七年拔魏黃城。此乃戰國初期中原地區，魏、齊、衛與趙、楚之間連續四年之混戰，趙、魏兩國皆受巨大之創傷。蘇代說齊閔王曰：“故剛平之殘也，中牟之墮也，黃城之墜也，棘蒲之燒也，此皆非趙、魏之欲也。”
前382,382,周安王二十年（西元前三八二年）,11,史料,越、吳,,,及吳起相悼王，南並蠻越，遂有洞庭、蒼梧。（《後漢書·南蠻傳》）
前382,382,周安王二十年（西元前三八二年）,12,考案,秦、楚、越、吳、蔡,商鞅,,案：《吳起列傳》謂吳起“南平百越”。蔡澤謂吳起“南收楊越”，見《秦策三》與《蔡澤列傳》。《後漢書》又謂吳起“南並蠻越”。可知吳起為楚令尹時，曾向南方百越地區開拓。《呂氏春秋·恃君》雲：“楊、漢之南，百越之際，敝、凱諸、夫風、餘靡之地，縛婁、陽禺、驩兜之國，多無君。”吳起所開拓，主要為洞庭至蒼梧一帶。蒼梧在今湖南、廣西間。蔣伯超《南漘楛語》卷五《吳起非商鞅比》條雲：“按今南贛諸郡及楚、粵毗連等處，皆吳起相楚悼王時所開。”其說甚是。
前382,382,周安王二十年（西元前三八二年）,13,史料,楚,,卒、立,[楚悼王]二十一年悼王卒，子肅王臧立。（《楚世家》）
前382,382,周安王二十年（西元前三八二年）,14,史料,吳,,卒、拔,吳起……令貴人往實廣虛之地，皆甚苦之。荊王死，貴人皆來，屍在堂上，貴人相與射吳起。吳起號呼曰：“吾示子吾用兵也。”拔矢而走，伏屍插矢而疾言曰：“群臣亂王。”吳起死矣。且荊國之法，麗兵于王屍者盡加重罪，逮三族。吳起之智，可謂捷矣。（《呂氏春秋·貴卒》）
前382,382,周安王二十年（西元前三八二年）,15,史料,楚、吳,,攻、立,楚之貴戚盡欲害吳起。及悼王死，宗室大臣作亂而攻吳起，吳起走之王屍而伏之。擊起之徒，因射刺吳起，並中悼王。悼王既葬，太子立，乃使令尹盡誅射吳起而並中王屍者。坐射起而夷宗死者七十余家。（《吳起列傳》）
前382,382,周安王二十年（西元前三八二年）,16,史料,秦、楚、韓、吳,,卒,吳起枝解于楚。（《韓非子·和氏》，《韓非子·難言》亦雲：“吳起……卒枝解于楚。”《韓非子·問田》亦雲：“吳起支解。”《墨子·親士》又雲：“吳起之裂其事也。”《秦策三》亦雲：“吳起……功已成矣，卒支解。”《淮南子·繆稱訓》又雲：“吳起刻削而車裂。”《淮南子·主術訓》亦雲：“吳起……車裂支解。”《韓詩外傳》一及《呂氏春秋·執一》高誘注亦雲然。《史記》失載吳起車裂事》
前382,382,周安王二十年（西元前三八二年）,17,史料,吳、宋,,攻,墨者钜子孟勝，善荊之陽城君。陽城君令守于國，毀璜以為符，約曰：“符合聽之。”荊王薨，群臣攻吳起，兵於喪所，陽城君與焉，荊罪之。陽城君走，荊收其國。孟勝曰：“受人之國，與之有符，今不見符，而力不能禁，不能死，不可。”其弟子徐弱諫孟勝曰：“死而有益陽城君，死之可矣。無益也，而絕墨者於世，不可。”孟勝曰：“不然。吾于陽城君也，非師則友也，非友則臣也。不死，自今以來，求嚴師，必不於墨者矣；求賢友，必不於墨者矣；求良臣，必不於墨者矣。死之，所以行墨者之義而繼其業者也。我將屬钜子于宋之田襄子。田襄子賢者也，何患墨者之絕世也。”徐弱曰：“若夫子之言，弱請先死以除路。”還，歿頭于前（“于前”原誤作“前於”，今改正）。孟勝因使二人傳钜子于田襄子，弟子死者百八十。二人致令于田襄子（“二人”原誤作“三人”，今據上文改正）。欲反死孟勝於荊，田襄子止之曰：“孟子已傳钜子於我矣，當聽。”遂反死之。（“遂”上當脫“不聽”二字，《呂氏春秋·上德》）
前382,382,周安王二十年（西元前三八二年）,18,考案,周、吳、衛,,取,案：孫詒讓《墨學傳授考》雲：“吳起之死，在周安王二十一年，時墨子當尚存，則孟勝、田襄子，或親受業於墨子，亦未可知。其為钜子，豈即墨子所命，為南方墨者之大師者邪？孟勝之死也，必屬钜子于田襄子，明以傳學為重，亦若儒者之有師承宗派，佛氏之有傳授衣缽矣。”又雲：“案：田襄子言行無考，《說苑·尊賢》有衛君問田讓。疑即田襄子，附識以備考。”考《莊子·天下》雲：“以鉅子為聖人，皆願為之屍，冀得為其後世。”钜子即鉅子，當為墨者之領袖人物，所從墨者有服從行動之紀律，钜子之職位採取傳授之制度。此種制度為墨子所創，其時墨子當已去世。
前382,382,周安王二十年（西元前三八二年）,19,史料,秦,,,[秦獻公]四年正月庚寅孝公生。（《秦本紀》，《六國表》作“孝公生”）
前382,382,周安王二十年（西元前三八二年）,20,考案,秦、魯,,,案：據張培瑜《中國先秦史曆表》，西元前三八一年含冬至之正月，實朔為壬午。魯曆與殷曆同。董作賓《中國年曆總譜》亦同。正月壬午朔，則庚寅為初九。##### 卷五
前380,380,周安王二十二年（西元前三八〇年）,1,史料,秦、齊、楚、燕、韓、趙、魏,,,秦獻公五年，魏武侯十六年，韓文侯七年，趙敬侯七年，齊康公二十五年，田侯剡五年，楚肅王元年，燕簡公三十五年。
前380,380,周安王二十二年（西元前三八〇年）,2,史料,齊、燕,,伐、取,齊康公二十五年伐燕取桑丘。（《六國表》）
前380,380,周安王二十二年（西元前三八〇年）,3,史料,齊、燕,,取,桓公午五年……齊因起兵襲燕國，取桑丘。（《田世家》）
前380,380,周安王二十二年（西元前三八〇年）,4,史料,齊、燕、趙、魏,,伐、救、拔,[趙敬侯]八年(當作七年)拔魏黃城。九年(兩字誤衍)伐齊[至桑丘]。齊伐燕趙救燕。(《趙世家》，“至桑丘”三字，據《田世家·正義》所引補)
前380,380,周安王二十二年（西元前三八〇年）,5,史料,齊、趙,,伐,趙敬侯七年伐齊至桑丘。（《六國表》）
前380,380,周安王二十二年（西元前三八〇年）,6,史料,齊、魏,,伐,[魏武侯]七年(當作十六年)伐齊至桑丘。(《魏世家》，《六國表》同)
前380,380,周安王二十二年（西元前三八〇年）,7,史料,齊、韓,,伐,[韓文侯]七年伐齊至桑丘。（《韓世家》，《六國表》同）
前380,380,周安王二十二年（西元前三八〇年）,8,考案,齊、燕、韓、趙、魏、晉、代,,伐、救、取、拔,案：《田世家·正義》雲：“爾時齊伐燕桑丘，魏、趙來救之”，魏、趙《世家》皆雲：“伐齊至桑丘，皆在易州。”今本《趙世家》失載“伐齊至桑丘”。後兩年，《田世家》載“三晉因齊喪來伐我靈丘”。《正義》雲：“靈丘此時屬齊，三晉因喪伐之。韓、魏、趙《世家》雲：伐齊至靈丘，皆是蔚州。”今本《趙世家》于敬侯九年則雲：“伐齊，齊伐燕，趙救燕。”梁玉繩《史記志疑》辨之曰：“趙敬侯七年，齊伐燕取桑丘，三晉救燕，伐齊至桑丘，《六國表》及田完、魏、韓《世家》可證。若敬侯九年，雖有伐齊之事，乃因齊有喪，三晉共伐至靈丘，與燕無涉也。《田完世家·正義》兩引《趙世家》，一雲伐齊至桑丘，一雲伐齊至靈丘，而今本皆無之，故知傳寫脫誤耳。是當移書於八年以前而補之曰：七年齊伐燕，趙救燕，伐齊至桑丘。於九年則補書曰：伐齊至靈丘。庶幾得之。”今按所辨甚是。今本《趙世家》于敬侯八年、九年兩年記載，年代有誤，當作“趙敬侯七年拔魏黃城。伐齊至桑丘。齊伐燕，趙救燕”。據《齊策五》第一章，趙襲魏之河北，燒棘蒲，墜黃城，是同一戰役，不可能“取棘蒲”在趙敬侯六年，而“拔黃城”在八年。間隔一年，當是此一戰役由六年連續到七年，“八年”該是“七年”之誤。據韓、魏《世家》與《六國表》，齊伐燕，三晉救燕，伐齊至桑丘，亦當在趙敬侯七年。是年趙先拔魏黃城，後因齊伐燕，趙欲救燕伐齊，因而與魏重新修好，聯合三晉共同伐齊至桑丘。若如今本《趙世家》，“取棘蒲”在敬侯六年，“拔黃城”在八年，則此一戰役將連續三年之久。同時三晉救燕伐齊在七年，魏不可能一面在河北與趙作戰，一面又與趙、韓合兵伐齊至桑丘。
前380,380,周安王二十二年（西元前三八〇年）,9,考案,秦、齊、楚、燕、韓、趙、魏、周、吳,張儀、齊威王,伐、攻、圍、救、取、奔,又案：《田世家》載：桓公午五年，秦魏攻韓，韓求救于齊。齊桓公召大臣而謀曰：“蚤救之孰與晚救之？”鄒忌曰：“不若勿救。”段幹朋曰：“不救，則韓且折而入于魏，不若救之。”田臣思曰：“過矣，君之謀也！秦、魏攻韓，楚、趙必救之，是天以燕予齊也。”桓公曰：“善。”乃陰告韓使者而遣之。韓自以為得齊之救，因與秦、魏戰。楚、趙聞之，果起兵而救之。齊因起兵襲燕國，取桑丘。《齊策二》第一章有類同之記述，惟雲“張儀以秦、魏伐韓”。田臣思謂“子噲與子之國，百姓不戴”。結果“齊因起兵攻燕，三十日而舉燕國”。此與周顯王十五年魏圍趙邯鄲，趙求救于齊，齊威王召大臣而謀之情節類似。同樣是鄒忌主張不救，而段幹朋主張救之。吳師道《補正》曰：“按威王二十一年鄒忌始相，上距桓公取桑丘之歲二十餘年，忌豈得為大臣？《史》誤以《邯鄲》一章剿入之，明矣。田臣思即田忌，宣王二年戰馬陵，後出奔，至二十九年之、噲之役，凡二十七年，不應複見，使忌果在齊，則王安得棄之而將章子？”又雲：“考之桓公時，秦、魏攻韓事無見。《年表》魏、韓、趙伐齊至桑丘，齊伐燕至桑丘。意者齊取桑丘，而韓、魏、趙伐之。韓且與趙、魏攻齊，則與求救于齊之文戾。”吳氏之辨甚為分明，《田世家》此段記載全不可信。
前380,380,周安王二十二年（西元前三八〇年）,10,史料,韓、晉、鄭,,,韓文侯七年鄭敗晉。（《六國表》，《韓世家》作“鄭反晉”）
前380,380,周安王二十二年（西元前三八〇年）,11,考案,韓、晉、周、鄭,,伐,案：《周季編略》雲：“《韓表》雲：‘鄭敗晉’，敗疑叛之論。《韓世家》雲：‘鄭反晉’，言鄭不服晉而來伐也。”因而書“鄭伐韓”。今案：“敗”字未必誤，謂鄭打敗韓也。
前379,379,周安王二十三年（西元前三七九年）,1,史料,秦、齊、楚、燕、韓、趙、魏,,,秦獻公六年，魏武侯十七年，韓文侯八年，趙敬侯八年，齊康公二十六年，田侯剡六年，楚肅王二年，燕簡公三十六年。
前379,379,周安王二十三年（西元前三七九年）,2,史料,秦,,,秦獻公六年初縣蒲、藍田、善明氏。（《六國表》）
前379,379,周安王二十三年（西元前三七九年）,3,史料,趙、衛,,,趙敬侯八年襲衛不克。（《六國表》）
前379,379,周安王二十三年（西元前三七九年）,4,史料,齊、衛,,救、卒、立,[田桓公]六年(當作田侯剡六年)救衛。桓公卒，子威王因齊立。是歲故齊康公卒，絕無後，奉邑皆入田氏。（《田世家》）
前379,379,周安王二十三年（西元前三七九年）,5,史料,齊,,卒,[齊康公]二十六年康公卒，呂氏遂絕其祀。田氏卒有齊國。（《齊世家》）
前379,379,周安王二十三年（西元前三七九年）,6,考案,齊、周、代,,卒、立,案：據《古本竹書紀年》，《史記》在田和與田桓公之間脫漏田侯刻一代，桓公非六年卒，立十九年而卒。《史記》總共短少田侯刻十年，田桓公十二年。田侯刻立于齊康公二十年，是年當為田侯刻六年。周安王二十四年（西元前三七八年）
前379,379,周安王二十三年（西元前三七九年）,7,史料,秦、楚、燕、韓、趙、魏,,,秦獻公七年，魏武侯十八年，韓文侯九年，趙敬侯九年，田侯剡七年，楚肅王三年，燕簡公三十七年。
前379,379,周安王二十三年（西元前三七九年）,8,史料,魏,,,[魏武侯]九年(當作十八年)翟敗我於澮。(《魏世家》，《六國表》同)
前379,379,周安王二十三年（西元前三七九年）,9,史料,中山,樂毅,,中山複國。（《樂毅列傳》）
前379,379,周安王二十三年（西元前三七九年）,10,史料,趙、中山,,,[中山]桓公徙靈壽。（《趙世家·索隱》引《世本》）
前379,379,周安王二十三年（西元前三七九年）,11,考案,趙、魏、周、中山,樂毅、趙武靈王,伐、攻、立、滅、取、會,案：《樂毅列傳》雲：“樂羊為魏文侯將，伐取中山，魏文侯封樂羊以靈壽。樂羊死，葬于靈壽，其後子孫因家焉。中山複國，至趙武靈王時覆滅中山。”不言中山複國在何時。呂祖謙《大事記·解題》卷一周威烈王十八年下，雲：“及文侯子武侯之世，《趙世家》書與中山戰于房子，是時蓋已複國。”王應麟《通鑒地理通釋》亦有相同之見解。《趙世家·索隱》引《世本》雲：“中山武公居顧，桓公徙靈壽，為趙武靈王所滅。”《趙世家》載獻侯十年中山武公初立。顧在今河北定縣，武公為被魏所攻滅之中山國君，蓋武公立九年而被魏滅。桓公為複國之君。桓公徙靈壽，靈壽即複國以後之國都，在今河北平山縣三汲鄉。一九七八年此地發現中山王墓，出土中山王謇方壺銘文雲：“隹（唯）朕皇祖文、武，桓（桓）祖成考”自稱其曾祖文公、武公，祖父桓公，父成公。文公、武公乃中山被魏滅亡前之國君，桓公、成公以及謇、盜乃複國以後之中山國君。《世本》雲：“桓公徙靈壽，為趙武靈王所滅。”乃謂桓公所複之中山為趙武靈王所滅，非謂桓公本人為趙所滅。《水經·滱水注》謂：中山“為武公之國”，“其後桓公不恤國政，周王問太史餘……後五年果滅。魏文侯以封太子擊也”。此謂桓公為魏文侯所滅而以封太子擊，出於誤會，不符合事實。
前379,379,周安王二十三年（西元前三七九年）,12,考案,秦、楚、趙、魏、周、越、中山,,伐、攻、救、滅,又案：蒙文通《魏滅中山與中山複國》雲：“《魏世家》武侯九年一見翟敗我於澮，此之謂翟，當即中山。敗魏於澮之年，為趙敬侯之九年。《趙世家》敬侯十年趙與中山戰于房子，十一年趙伐中山，又戰于中人。自翟敗魏而次年中山即複見於史，則敗魏即中山複國事也。”又雲：“中山之滅，於此已三十年而後複國。”(《周秦少數民族研究》第八七頁)余考敗魏于澮之翟，當為澮水附近之翟，並非中山。中山距澮水在七百里以外，中山與魏之間尚間隔有趙國，中山之軍決不可能越趙國，長途跋涉攻至澮水。余謂中山之複國當在周安王二十一年至二十四年間。周安王二十一年楚軍救趙伐魏，深入魏地，切斷魏之河內與河東之聯繫，造成魏十分危急之局面，於是趙進攻魏之河北，燒棘蒲，墜黃城。從此趙、魏失和，魏之國力不能越趙國而控制中山，原來統治中山之白狄貴族得附近狄族之助，得以恢復其武力，驅逐魏之統治者而謀求複國。此年澮水附近之翟，敗魏於澮，只是當時群狄乘魏之危難而打擊之餘波。
前379,379,周安王二十三年（西元前三七九年）,13,史料,秦,,立,[秦]獻公立七年初行為市。（《秦始皇本紀》引《秦記》）
前379,379,周安王二十三年（西元前三七九年）,14,考案,秦、魏,商鞅,即位、變法,案：秦獻公即位後，推行一系列之改革，元年止從死，二年徙治櫟陽，六年初縣蒲、藍田、善明氏，七年初行為市，十年為戶籍相伍。蓋仿效魏之法制而有所改革，開此後商鞅變法之先路。
前379,379,周安王二十三年（西元前三七九年）,15,史料,齊、楚、魏、吳,,伐,魏武侯九年伐齊至靈丘。（《六國表》，《魏世家》同，惟“伐齊”上誤衍“使吳起”三字，時吳起早已離魏入楚，並已去世三年，《大事記》已指出其誤）
前379,379,周安王二十三年（西元前三七九年）,16,史料,齊、趙,,伐,趙敬侯九年伐齊至靈丘。（《六國表》）
前379,379,周安王二十三年（西元前三七九年）,17,史料,齊、燕、趙,,伐、救,[趙敬侯]九年伐齊。齊伐燕，趙救燕。（《趙世家》）
前379,379,周安王二十三年（西元前三七九年）,18,史料,齊、韓,,伐,韓文侯九年伐齊至靈丘。（《六國表》，《韓世家》同）
前379,379,周安王二十三年（西元前三七九年）,19,考案,齊、晉、越、吳,齊威王,伐、遷,案：《田世家》雲：“齊威王元年三晉因齊喪來伐我靈丘。”考是年實為田侯剡之七年，三晉伐齊，非因齊喪也。[於粵子]翳三十三年遷于吳。（《越世家·索隱》引《紀年》）
前379,379,周安王二十三年（西元前三七九年）,20,考案,魏、周、吳,,立、遷,案：據《索隱》所引《紀年》推算，翳立于周威烈王十五年，即魏文侯三十五年。遷于吳當在周安王二十四年，即魏武侯十八年。
前379,379,周安王二十三年（西元前三七九年）,21,史料,秦、楚、燕、韓、趙、魏,,,秦獻公八年，魏武侯十九年，韓文侯十年，趙敬侯十年，田侯剡八年，楚肅王四年，燕簡公三十八年。
前379,379,周安王二十三年（西元前三七九年）,22,史料,趙、中山,,,[趙敬侯]十年與中山戰于房子。（《趙世家》）
前379,379,周安王二十三年（西元前三七九年）,23,史料,楚,,伐、取,[楚]肅王四年蜀伐楚，取茲方，於是楚為扞關以距之。（《楚世家》，《六國表》作“蜀伐我茲方”）
前379,379,周安王二十三年（西元前三七九年）,24,考案,楚,,伐、取,案：《正義》引《古今地名》雲：“荊州松滋縣古鳩茲地，即楚茲方是也。”此說不確。《資治通鑒》胡三省注：“據《史記》，蜀伐楚，取茲方，楚為扞關以拒之，則茲方之地在扞關之西。劉昭《志》：巴郡魚複縣有扞關。”扞關在今四川奉節縣東。茲方在其西。
前379,379,周安王二十三年（西元前三七九年）,25,史料,韓,,卒、立,[韓文侯]十年文侯卒，子哀侯立。（《韓世家》）
前379,379,周安王二十三年（西元前三七九年）,26,史料,秦、楚、燕、韓、趙、魏,,,秦獻公九年，魏武侯二十年，韓哀侯元年，趙敬侯十一年，田侯剡九年，楚肅王五年，燕簡公三十九年。
前379,379,周安王二十三年（西元前三七九年）,27,史料,趙、中山,,伐,[趙敬侯]十一年伐中山，又戰于中人。（《趙世家》）
前379,379,周安王二十三年（西元前三七九年）,28,史料,周,,立,[周]安王立二十六年崩，子烈王喜立。（《周本紀》）
前379,379,周安王二十三年（西元前三七九年）,29,史料,周,,,周夷烈王喜，注“元安王子”。（《漢書·古今人表》）
前379,379,周安王二十三年（西元前三七九年）,30,考案,周,,,案：周烈王有夷、烈兩諡。
前379,379,周安王二十三年（西元前三七九年）,31,史料,韓、趙、魏、晉,,滅、遷,[晉]靜公二年魏武侯、韓哀侯、趙敬侯滅晉後而三分其地。靜公遷為家人，晉絕不祀。（《晉世家》）
前379,379,周安王二十三年（西元前三七九年）,32,史料,韓、趙、魏、晉,,滅,[魏武侯]十一年（當作二十年）與韓、趙三分晉地滅其後。（《魏世家》，《六國表》作“魏、韓、趙滅晉，絕無後”）
前379,379,周安王二十三年（西元前三七九年）,33,史料,韓、趙、魏、晉,,滅,[趙敬侯]十一年魏、韓、趙共滅晉，分其地。（《趙世家》，《六國表》作“分晉國”）
前379,379,周安王二十三年（西元前三七九年）,34,史料,韓、趙、魏、晉,,,[韓]哀侯元年與趙、魏分晉國。（《韓世家》，《六國表》作“分晉國”）
前379,379,周安王二十三年（西元前三七九年）,35,考案,韓、趙、魏、晉、周、鄭,魏惠王,卒、立、徙都、滅、遷,案：《資治通鑒》亦書此年，“魏、韓、趙共廢晉靖公為家人而分其地。”《大事記》雲：“周安王二十六年所分者絳與曲沃之地也。”又雲：“靜公雖食一城，韓徙都于鄭，尚假靜公之命，則史書晉滅，誤矣。”據《晉世家》，孝公十七年卒，子靜公俱酒立，靜公二年魏、韓、趙分晉地而滅之。據《索隱》，《紀年》以孝公為桓公，“桓公二十年趙成侯、韓共侯遷桓公於屯留。已後更無晉事”。《趙世家》又載成侯十六年“與韓、魏分晉，封晉君以端氏”。肅侯元年“奪晉君端氏，徙處屯留”。可知晉君之地一再被奪而遷移，至魏惠王、韓昭侯、趙肅侯時，尚未全滅而食於一邑。
前375,375,周烈王元年（西元前三七五年）,1,史料,秦、楚、燕、韓、趙、魏,,,秦獻公十年，魏武侯二十一年，韓哀侯二年，趙敬侯十二年，田侯剡十年，楚肅王六年，燕簡公四十年。
前375,375,周烈王元年（西元前三七五年）,2,史料,韓、魏、鄭,,滅,魏武侯二十一年韓滅鄭，哀侯入于鄭。（《韓世家·索隱》引《紀年》）
前375,375,周烈王元年（西元前三七五年）,3,史料,韓、魏、鄭,,攻、滅,鄭恃魏而不聽韓，魏攻荊而韓滅鄭。（《韓非子·飾邪》）
前375,375,周烈王元年（西元前三七五年）,4,史料,韓、魏、鄭,,伐,鄭恃魏以輕韓，伐榆關而韓氏亡鄭。（《魏策四》第二章）
前375,375,周烈王元年（西元前三七五年）,5,考案,楚、韓、魏、周、鄭、蔡,,伐、攻、滅、取、遷,案：《西周策》第十四章宮他謂周君曰：“鄭恃魏而輕韓，魏攻蔡而鄭亡。”金正煒《戰國策補釋》雲：“蔡當為楚……惟哀侯滅鄭，蔡已先並于楚，則言攻蔡，猶攻楚也。”余謂“蔡”當為“荊”字之誤，金氏曲為辨護，非是。是時魏大舉進克楚佔有之榆關，榆關在大樑之西南，魏圖謀遷都大樑，榆關勢在必得。韓即乘魏大舉伐取榆關之際，攻滅鄭國。史文失載是年魏伐取楚榆關之事。
前375,375,周烈王元年（西元前三七五年）,6,史料,韓、鄭,,徙都、滅,[韓哀侯]二年滅鄭，因徙都鄭。（《韓世家》）
前375,375,周烈王元年（西元前三七五年）,7,史料,韓、鄭,,滅,[鄭君乙]二十一年韓哀侯滅鄭，並其國。（《鄭世家》，《六國表》作“滅鄭。康公二十年滅無後”）
前375,375,周烈王元年（西元前三七五年）,8,考案,韓、周、鄭、代,,圍、徙都、滅,案：是年韓滅鄭，由翟陽徙都鄭，亦稱新鄭，從此韓亦或稱鄭。新鄭故城遺址，至今保存于河南新鄭縣周圍。新鄭故城東南靠洧水（今名雙洎河），西北靠黃水，位於兩水交接之三角地帶，呈不規則之方形。中間有一道南北向隔牆，分成西“城”與東“郭”兩部分。宮殿建於西城之中北部。東郭在春秋時已存在，郭內有大道稱“逵”，並設有“逵市”。原本郭以河流堤防作為屏障，郭城乃春秋晚期或戰國初期建成。詳拙作《中國古代都城制度史研究》上編第七章第二節。
前375,375,周烈王元年（西元前三七五年）,9,史料,齊,,立,後十年（指齊康公二十年“田侯剡立”之後），齊田午弑其君及孺子喜而為公。（《田世家·索隱》引《紀年》）
前375,375,周烈王元年（西元前三七五年）,10,史料,齊,,,田午弑田侯及其孺子喜而兼齊，是為桓侯。（《田世家·索隱》引《春秋後傳》）
前375,375,周烈王元年（西元前三七五年）,11,考案,齊、韓、趙、魏、晉、代,,卒、立、會、殺,案：朱右曾《汲塚紀年存真》列于魏武侯二十二年，王國維《古本竹書紀年輯校》列于魏武侯二十一年，並雲：“據《索隱》引《紀年》齊宣公薨與公孫會之叛同年，而據《水經·瓠水注》引，則公孫會之叛在晉烈公十一年。宣公於是年卒，則康西元年當為晉烈公十二年，二十八年當為魏武侯十八年。此事又後十年，當為梁惠王二年。然《索隱》又引梁惠王十三年，當齊桓公十八年，後威王始見，而桓公十八年當惠成王十三年，其自立當在是年矣。年代參錯，未知孰是。”《輯校》以康西元年當晉烈公十二年，不誤，但誤從今本《紀年》，以晉敬公在位二十二年，誤多四年，以此下推，遂誤以齊康公二十二年當魏武侯十八年，此後十年為梁惠王二年。其實，田侯剡立當在齊康公二十年(今本《索隱》引《紀年》誤作二十二年)，即魏武侯十一年，其後十年，確為魏武侯二十一年，亦即田侯剡十年。是年桓公午殺侯剡而自立，逾年改元。從此下推，至惠王十三年，正為桓公十八年，其間年代並無參錯。雷學淇《考訂竹書紀年》據今本《索隱》所引《紀年》“齊康公二十二年田侯剡立”推算，以為“後十年”，實侯剡改元之九年，即魏武侯二十二年。再據《晉世家·索隱》引《紀年》“梁惠王十三年當齊桓公十八年”，向上推算，定田桓立于魏武侯二十二年，以為“齊桓實以此年弑其君，且即以此年為己之元年”。其實不確。魏武侯二十二年即晉桓公十五年。《晉世家·索隱》引《紀年》雲：“韓哀侯、趙敬侯並以桓公十五年卒。”而不言田侯剡亦於是卒，可為明證。
前375,375,周烈王元年（西元前三七五年）,12,史料,趙,,卒、立,[趙敬侯]十二年敬侯卒，子成侯種立。（《趙世家》）
前375,375,周烈王元年（西元前三七五年）,13,史料,越、吳,,立、殺,[越王翳]三十六年七月太子諸咎弑其君翳，十月粵殺諸咎，粵滑，吳人立孚錯枝為君。（《越世家·索隱》引《紀年》）
前375,375,周烈王元年（西元前三七五年）,14,考案,周、越,,,案：“滑”通“汩”，亂也。或以諸咎粵滑連讀作為君名，非是。越王大子矛銘(上海博物館藏)雲：“於戊(越)□王弋郾之大子勾壽自作元用矛”。馬承源謂弋郾即翳，“勺”即“匊”之簡化，匊壽即諸咎之對音，諸匊為音變，壽咎同幽部。(《商周青銅器銘文選》卷四第三七九頁)
前375,375,周烈王元年（西元前三七五年）,15,史料,秦,,,秦獻公十年日蝕。（《六國表》）
前375,375,周烈王元年（西元前三七五年）,16,考案,秦、代,,,案：此年西曆二月十八日十時六點七分，日有全食。見朱文鑫《歷代日食考》卷三《戰國及秦日食表》。合於當時曆法，乃三月初一。
前374,374,周烈王二年（西元前三七四年）,1,史料,秦、楚、燕、韓、趙、魏、代,,,秦獻公十一年，魏武侯二十二年，韓懿侯元年，趙成侯元年，田桓西元年，楚肅王七年，燕簡公四十一年。秦獻公十一年縣櫟陽。（《六國表》，《魏世家》亦雲：“魏武侯十三年（當作二十二年）秦獻公縣櫟陽。”年代相同）
前374,374,周烈王二年（西元前三七四年）,2,史料,秦、周,,,[周]烈王二年周太史儋見秦獻公曰：“始周與秦國合而別，別五百載複合，合十七歲而霸王者出焉。”（《周本紀》，《秦本紀》獻公十一年同，“始周”作“周故”，“十七歲”作“七十七歲”）
前374,374,周烈王二年（西元前三七四年）,3,史料,秦、周,孔子,,自孔子死之後一百二十九年，而《史記》周太史儋見秦獻公曰：“始秦與周合，合五百歲而離，離七十歲而霸王者出焉。”(《老子列傳》，《封禪書》作“後四十八年（指秦靈公作上下畤之後）周太史儋見秦獻公曰：‘秦始與周合，合而離，五百歲當複合，合十七年而霸王出焉’”)
前374,374,周烈王二年（西元前三七四年）,4,史料,韓、趙、晉,,卒,韓哀侯、趙敬侯並以桓公十五年卒。（《晉世家·索隱》引《紀年》）
前374,374,周烈王二年（西元前三七四年）,5,史料,趙,,卒、立,趙敬侯十二年（當作十三年）敬侯卒，子成侯種立。成侯元年公子勝與成侯爭立為亂。（《趙世家》）
前374,374,周烈王二年（西元前三七四年）,6,考案,趙、晉,,卒、立,案：《紀年》以趙敬侯卒于晉桓公十五年，則敬侯共有十三年也，成侯初立而公子勝爭立，亦猶敬侯初立，公子朝爭立；肅侯初立公子繅爭立也。趙成侯蓋未逾年改元，即在立年改元。
前374,374,周烈王二年（西元前三七四年）,7,史料,韓、魏、晉、鄭,,立,[魏武侯]二十二年晉桓公邑哀侯于鄭。韓山堅賊其君哀侯而立韓若山。（《韓世家·索隱》引《紀年》）
前374,374,周烈王二年（西元前三七四年）,8,史料,韓、趙、晉,,卒,韓哀侯，趙敬侯並以[晉]桓公十五年卒。（《晉世家·索隱》引《紀年》）
前374,374,周烈王二年（西元前三七四年）,9,史料,韓,,立、殺,[哀侯]六年韓嚴弑其君哀侯而子懿侯立。（《韓世家》，《六國表》亦作“哀侯六年韓嚴殺其君”）
前374,374,周烈王二年（西元前三七四年）,10,考案,韓、魏、晉、周、鄭,,卒、立、殺,案：《韓世家·索隱》既引《紀年》雲：“魏武侯二十二年晉桓公邑哀侯于鄭”，又引《紀年》雲：“晉桓公邑哀侯于鄭，韓山堅賊其君哀侯而立韓若山。”則韓山堅殺哀侯在周烈王二年。《晉世家·索隱》引《紀年》又謂哀侯卒于晉桓公十五年，亦正周烈王二年，可知《史記》謂韓嚴弑其君在哀侯六年，即周烈王五年，蓋誤後三年。
前374,374,周烈王二年（西元前三七四年）,11,考案,韓、趙、晉、周,,伐、立、殺,又案：《資治通鑒》于周烈王五年書“韓嚴遂弑哀侯，國人立其子懿侯。初，哀侯以韓麾為相而愛嚴遂，二人甚相害也。嚴遂令人刺韓麾於朝，麾走哀侯，哀侯抱之，人刺韓麾，兼及哀侯”。此乃混嚴遂使聶政刺殺韓列侯之相韓麾，與韓嚴刺殺哀侯為一事。至於聶政刺韓麾，因麾走而抱哀侯，兼中哀侯，本出誤傳，辨已見周安王五年案語中。《資治通鑒》竟將嚴遂與韓嚴誤合為一，稱“韓嚴遂弑哀侯”，失之遠矣。韓嚴與嚴遂決非一人，《韓世家·索隱》引《紀年》之記載，斷言：“若山即懿侯也，則韓嚴為韓山堅也。”甚是。嚴其名，山堅其字也。《水經·沁水注》引《紀年》曰：“梁惠成王元年趙成侯偃、韓懿侯若伐我葵。”可知若確為韓懿侯之名。雷學淇《竹書紀年義證》論之曰：“《水經·沁水注》引《紀年》有韓懿侯若，與此《紀》與《世家》皆相應，則若山即懿侯可知。此雲若山，後雲若者，猶紂名受德，或曰受，晉公子名重耳或曰重矣。”其說至是。
前373,373,周烈王三年（西元前三七三年）,1,史料,秦、楚、燕、韓、趙、魏,,,秦獻公十二年，魏武侯二十三年，韓懿侯二年，趙成侯二年，田桓公二年，楚肅王八年，燕簡公四十二年。
前373,373,周烈王三年（西元前三七三年）,2,史料,齊、燕,,伐,[燕]釐公三十年(當作燕簡公四十二年)伐敗齊于林營。(《燕世家·索隱》本無“伐”字)
前373,373,周烈王三年（西元前三七三年）,3,史料,齊、燕,,,燕釐公三十年（當作燕簡公四十二年），敗齊林孤。（《六國表》）
前373,373,周烈王三年（西元前三七三年）,4,考案,齊、燕,,,案：《資治通鑒》作“燕敗齊師于林狐”。疑《燕世家》之“林營”乃“林壺”之誤；“壺”、“狐”、“孤”，音同通假。
前373,373,周烈王三年（西元前三七三年）,5,史料,齊、晉、魯,齊威王,伐,[齊威王]六年（當作田桓公二年）魯伐我入陽關，晉伐我至博陵。（《田世家》）
前373,373,周烈王三年（西元前三七三年）,6,史料,齊、晉、魯,齊威王,伐,齊威王六年(當作田桓公二年)魯伐入陽關，晉伐到鮓陵。(《六國表》)
前373,373,周烈王三年（西元前三七三年）,7,考案,魏、晉,,,案：《資治通鑒》“晉”作“魏”。《六國表》“鮳陵”，《索隱》雲：“鮳，音屬沈反，又音專。”《資治通鑒》亦作“博陵”，《田世家·正義》曰：“博陵在濟州西界。”疑《六國表》“鮳”乃“鱒”之誤。
前373,373,周烈王三年（西元前三七三年）,8,史料,趙,,,趙成侯二年六月雨雪。（《趙世家》）
前373,373,周烈王三年（西元前三七三年）,9,史料,燕、周,,卒、立,[燕]釐公三十年釐公卒，桓公立。（《燕世家》，《六國表》列桓西元年于周烈王四年）
前373,373,周烈王三年（西元前三七三年）,10,史料,燕,,卒,《紀年》作“[燕]簡公四十五年卒”。（《燕世家·索隱》）
前373,373,周烈王三年（西元前三七三年）,11,考案,燕、晉、周,,卒、立、即位,案：《燕世家·索隱》引《紀年》，簡公立十三年而三晉命邑為諸侯。其元年為周威烈王十二年，則四十五年卒，當在周烈王六年。錢穆《王氏古本竹書紀年輯校補正》雲：“考桓公以下燕君年數，《索隱》不復引《紀年》為說，知《史記》與《紀年》相同。桓西元在周威烈王四年，自周威烈王十二年燕簡公立，下數至周烈王三年卒，得四十三年，是年桓公立，翌年改稱元年也，然則簡公四十五年乃四十三年之誤。若以即位翌年改元之例，則簡公得四十二年。《索隱》數其始立，至於卒歲，故雲四十三年耳。”此說以《紀年》比勘《史記》，甚是。今從之。
前373,373,周烈王三年（西元前三七三年）,12,史料,越,,立,明年，大夫寺區定粵亂，立初無餘之。（《越世家·索隱》引《紀年》）
前373,373,周烈王三年（西元前三七三年）,13,考案,越、宋,,卒、立、殺,案：金陵局刻本《史記·索隱》引《紀年》無“初”字，宋耿秉本、黃善夫本，元彭寅本《史記》皆有“初”字，《路史》卷十三注所引《紀年》作“初無餘”，當以有“初”字為是。《索隱》引《莊子》“越人三弑其君，子搜患之”，雲：“樂資雲：‘號曰無顓’，蓋無顓後乃次無彊也，則王之侯即初無餘之也。”《索隱》引樂資謂子搜號曰無顓，當出《春秋後傳》，其說可信。《索隱》因此謂“無顓後乃次無彊”，當可信。但所謂“王之侯即初無餘之”，則未必可信。王之侯即王子搜，“侯”“搜”音近通假，亦即無顓。《越世家》雲：“王翳卒，子王之侯立。”蓋諱言三世弑其君，而略去被殺之君。
前373,373,周烈王三年（西元前三七三年）,14,考案,周、越、吳,,立、殺,又案：《路史》卷十三注引《紀年》作“諸枝立，是為乎錯枝，一年其大夫寺區定亂，立初無餘。”蓋《索隱》引《紀年》，所謂“明年”，當指乎錯枝既立以後之一年。《紀年》謂翳三十六年十月粵殺諸咎，粵滑，吳人立乎錯枝為君。所謂“粵滑”即“粵亂”，“滑”通“汩”，《國語·周語下》韋昭注“滑，亂也”。乎錯枝是在亂中為吳人所立者，一年之後，越大夫寺區平定粵亂，乃立初無餘之為君。乎錯枝既立于周烈王元年之冬，初無餘之之為寺區所擁立，當已在周烈王三年。
前373,373,周烈王三年（西元前三七三年）,15,史料,秦、楚、燕、韓、趙、魏,,,秦獻公十三年，魏武侯二十四年，韓懿侯三年，趙成侯三年，田桓公三年，楚肅王九年，燕桓西元年。
前373,373,周烈王三年（西元前三七三年）,16,史料,趙、衛,,伐、取,[趙成侯]三年大戊午為相，伐衛取鄉邑七十三。（《趙世家》）趙成侯三年伐衛取都鄙七十三。（《六國表》）
前373,373,周烈王三年（西元前三七三年）,17,考案,韓、趙,,,案：《趙世家·集解》引徐廣曰：“戊一作成。”《漢書·古今人表》列大成午於中中等，與趙肅侯同時。梁玉繩雲：“戊乃成之訛。”《韓策一》第二章載大成午從趙謂申不害于韓云云。《韓非子·內儲說下》同，惟作“大成牛”，王先慎《集解》曰：“牛乃午之誤。”
前373,373,周烈王三年（西元前三七三年）,18,考案,趙、周、衛,,伐、取,又案：趙世家謂“伐衛取鄉邑七十三”，《六國表》作“取都鄙七十三”。當以“鄉邑”為是。《資治通鑒》亦作“都鄙”。胡三省注雲：“此時衛國褊小，若都鄙七十三，以成周之制率之，其地廣矣，盡衛之提封，未必能及此數也。”張文虎《校史記劄記》雲：“《表》鄉邑作都鄙，前範魁下《正義》引同，此疑誤。”不確。
前373,373,周烈王三年（西元前三七三年）,19,史料,趙、魏,,,[魏武侯]十五年(當作二十四年)敗趙北藺。(《魏世家》，《六國表》同)
前373,373,周烈王三年（西元前三七三年）,20,史料,趙、魏,,,[趙成侯]三年魏敗我藺。（《趙世家》，《六國表》同）
前373,373,周烈王三年（西元前三七三年）,21,考案,趙、魏,,,案：北藺即藺。《魏世家·正義》雲：“在石州，趙之西北，屬趙，故雲趙北藺也。”
前373,373,周烈王三年（西元前三七三年）,22,史料,齊、衛,齊威王,伐、取,[齊威王]七年（當作田桓公三年）衛伐我，取薛陵。（《田世家》）
前371,371,周烈王五年（西元前三七一年）,1,史料,秦、楚、燕、韓、趙、魏,,,秦獻公十四年，魏武侯二十五年，韓懿侯四年，趙成侯四年，田桓公四年，楚肅王十年，燕桓公二年。
前371,371,周烈王五年（西元前三七一年）,2,史料,秦、趙,,,[趙成侯]四年與秦戰高安，敗之。（《趙世家》）
前371,371,周烈王五年（西元前三七一年）,3,史料,楚、魏、魯,,伐、取,[魏武侯]十六年(當作二十五年)伐楚，取魯陽。(《魏世家》，《六國表》同)
前371,371,周烈王五年（西元前三七一年）,4,史料,楚、魏、魯,,取,〔楚肅王]十年魏取我魯陽。（《楚世家》，《六國表》同）
前371,371,周烈王五年（西元前三七一年）,5,史料,衛,,卒、立,[衛]聲公十一年卒，子成侯遬立。（《衛世家》）
前371,371,周烈王五年（西元前三七一年）,6,考案,周、衛,,,案：衛成侯元年，《六國表》誤後十年，已說明在周安王十九年案語中。《索隱》雲：“逖”《世本》作“不逝”，當以《世本》為是。
前370,370,周烈王六年（西元前三七〇年）,1,史料,秦、楚、燕、韓、趙、魏,,,秦獻公十五年，魏武侯二十六年，韓懿侯五年，趙成侯五年，田桓公五年，楚肅王十一年，燕桓公三年。
前370,370,周烈王六年（西元前三七〇年）,2,史料,齊、趙、魏,,伐,[趙成侯]五年伐齊于鄄，魏敗我懷。（《趙世家》，《六國表》同，“鄄”作“甄”）
前370,370,周烈王六年（西元前三七〇年）,3,史料,齊、趙,齊威王,伐、取,[齊威王]九年（當作田桓公五年）趙伐我，取甄。（《田世家》，《六國表》同）
前370,370,周烈王六年（西元前三七〇年）,4,史料,魏、晉,,卒,魏武侯以晉桓公十九年卒。（《晉世家·索隱》引《紀年》雲）
前370,370,周烈王六年（西元前三七〇年）,5,史料,魏,,卒、立,[魏武侯]十六年(當作二十六年)武侯卒，子萇立，是為惠王。（《魏世家》）
前370,370,周烈王六年（西元前三七〇年）,6,史料,魏,,卒,魏武侯二十六年卒。（《魏世家·索隱》引《紀年》）
前370,370,周烈王六年（西元前三七〇年）,7,史料,魏、周,,立,魏武侯薨，不立太子，子萇與公中緩爭立，國內亂。（《資治通鑒》書此于周烈王五年）
前370,370,周烈王六年（西元前三七〇年）,8,考案,韓、趙、魏、宋,,圍、卒、立、取,案：《魏世家》記“魏武侯卒，子茁立”，不確。《魏世家》于惠王元年載：“初武侯卒也，子茁與公中緩爭為太子。”又記公孫頎自宋經趙入韓，謂韓懿侯曰：“魏茁與公中緩爭為太子，君亦聞之乎？”當時趙、韓兩國乘魏內亂而入侵，魏茁大敗被圍。因趙、韓不和，韓退兵，魏茁得勝。《魏世家》記此而有評論曰：“惠王之所以身不死，國不分者，二家謀不和也。若從一家之謀，則魏必分矣。故曰：‘君終無適子，其國可破也。’”《資治通鑒》據此而不取《魏世家》“武侯卒，子茁立”之說，而作“不立太子，子茁與公仲緩爭立，國內亂”，甚是。司馬光《稽古錄》同，“不立太子”作“無適子”。
前370,370,周烈王六年（西元前三七〇年）,9,史料,楚,,卒、立,楚肅王十一年肅王卒，無子，立其弟熊良夫，是為宣王。（《楚世家》）
前369,369,周烈王七年（西元前三六九年）,1,史料,秦、楚、燕、韓、趙、魏,魏惠王,,秦獻公十六年，魏惠王元年，韓懿侯六年，趙成侯六年，田桓公六年，楚宣王元年，燕桓公四年。
前369,369,周烈王七年（西元前三六九年）,2,史料,韓、趙、魏、衛、宋,,伐、圍、卒、立、殺,[魏]惠王元年，初武侯卒也，子茞與公中緩爭為太子，公孫頎自宋入趙，自趙入韓，謂韓懿侯曰：“魏茞與公中緩爭為太子，君亦聞之乎？今魏茞得王錯，挾上黨，固半國也，因而除之，破魏必矣，不可失也。”懿侯說，乃與趙成侯合軍並兵以伐魏，戰於濁澤，魏氏大敗。魏君圍。趙謂韓曰：“除魏君，立公中緩，割地而退，我且利。”韓曰：“不可。殺魏君，人必曰暴，割地而退，人必曰貪，不如兩分之。魏分為兩，不強于宋、衛，則我終無魏之患矣。”趙不聽。韓不說，以其少卒夜去。惠王之所以身不死，國不分者，二家謀不和也。若從一家之謀，則魏必分矣。故曰：“君終無適子，其國可破也。”(《魏世家》)
前369,369,周烈王七年（西元前三六九年）,3,史料,趙、魏、中山,魏惠王,伐、圍,[趙成侯]六年，中山築長城。伐魏，敗潦澤，圍魏惠王。（《趙世家》)趙成侯六年，敗魏涿澤，圍魏惠王。（《六國表》）
前369,369,周烈王七年（西元前三六九年）,4,考案,趙、魏,,,案：《趙世家》滌澤，《正義》雲：“滌音濁。”《六國表》作涿澤，淩本《史記》于《趙世家》亦作涿澤，張文虎《校史記劄記》謂《趙世家》“魏敗”疑倒。
前369,369,周烈王七年（西元前三六九年）,5,史料,韓、趙、魏、周、衛、宋,魏惠王,伐、圍、立、取、殺、奔,魏大夫王錯出奔韓。公孫頎謂韓懿侯曰：“魏亂，可取也。”懿侯乃與趙成侯合兵伐魏，戰於濁澤，大破之，遂圍魏。成侯曰：“殺茞，立公中緩，割地而退，我二國之利也。”懿侯曰：“不可。殺魏君，暴也。割地而退，貪也。不如兩分之。魏分為兩，不強于宋、衛，則我終無魏患矣。”趙人不聽。懿侯不悅，以其兵夜去。趙成侯亦去。茞遂殺公中緩而立，是為惠王。太史公曰：“魏惠王所以身不死，國不分者，二國之謀不和也。若從一家之謀，魏必分矣。故曰：君終，無適子，其國可破也。”（《資治通鑒》卷一周烈王七年）
前369,369,周烈王七年（西元前三六九年）,6,考案,韓、魏,魏惠王,奔,案：據《魏世家·集解》引《紀年》王錯奔韓乃魏惠王二年事。
前369,369,周烈王七年（西元前三六九年）,7,史料,韓、趙,,伐,梁惠成王元年趙成侯偃(“偃”乃“種”字之誤)韓懿侯若伐我葵。(《水經·沁水注》引《紀年》，《路史·國名紀己》引《紀年》同，惟“葵”作“郤”)
前369,369,周烈王七年（西元前三六九年）,8,史料,韓、趙、魏、蔡,,伐、圍、取,趙侯種、韓懿侯伐我取葵（“葵”原誤作“蔡”，今據《水經·沁水注》引《紀年》改正），而惠成王伐趙，圍濁澤（“澤”原誤作“陽”，今據日本南化本、伊佐早謙藏本所據古鈔校記改正）。七月（原誤作“七年”，從雷學淇改正），公子緩如邯鄲以作難。（《魏世家·索《隱》引《紀年》
前369,369,周烈王七年（西元前三六九年）,9,考案,韓、趙、魏、周,魏惠王,立,案：《紀年》公子緩，即《魏世家》之公中緩，乃魏武侯之子，魏惠王之弟，嘗于武侯元年受封，此時與惠王爭立，在趙、韓兩國支援下，到邯鄲以作難。雷學淇《考訂竹書紀年》，與《竹書紀年義證》改“七年”為“七月”，列此事于梁惠成王元年，甚是。陳逢衡《竹書紀年集證》系于周烈王六年非是。當為周烈王七年。
前369,369,周烈王七年（西元前三六九年）,10,史料,,,,梁惠成王元年鄴師敗邯鄲師於平陽。（《水經·濁漳水注》引《紀年》）
前369,369,周烈王七年（西元前三六九年）,11,史料,,,,梁惠成王敗邯鄲之師於平陽。（《太平寰宇記》五十五相州臨漳縣下引《紀年》）
前369,369,周烈王七年（西元前三六九年）,12,考案,秦、韓、趙、魏,,立、殺,案：是時魏菑與公仲緩爭為太子而繼立，公仲緩至邯鄲以發難，魏菑則據鄴以爭勝。《竹書紀年》所謂鄴師，當即魏菑之主力軍，鄴與上黨相近，故公孫頎曰：“今魏菑得王錯，挾上黨，固半國也。”疑王錯時為上黨守。魏菑初為趙、韓大敗，因趙、韓不和，韓先退兵，趙又戰敗，於是魏菑得戰勝公仲緩而自立。魏菑既自立為君，因而未逾年改元。是年即為惠王元年。《資治通鑒》稱魏菑遂殺公仲緩而立，未見現存先秦史料。蓋別有所據。
前369,369,周烈王七年（西元前三六九年）,13,史料,韓、趙、魏,魏惠王,,[魏惠王]二年魏敗韓于馬陵，敗趙於懷。（《魏世家》，《六國表》作“敗韓馬陵”）
前369,369,周烈王七年（西元前三六九年）,14,史料,韓、魏,,,[韓]懿侯二年（當作六年）魏敗我馬陵。（《韓世家》，《六國表》同）
前369,369,周烈王七年（西元前三六九年）,15,考案,趙、魏,,,案：《趙世家》及《六國表》又系“魏敗趙于懷”于上年。
前369,369,周烈王七年（西元前三六九年）,16,考案,韓、趙、魏、周,魏惠王,伐、攻、圍,又案：考《史記》魏惠王未改元前本誤多一年，《魏世家》以韓、趙伐魏戰濁漳，在惠王元年，即周烈王六年，而《趙世家》，《六國表》載在趙成侯六年，即周烈王七年，較《魏世家》遲一年。于《六國表》已是魏惠王二年，考《紀年》韓、趙伐魏亦在梁惠成王元年。蓋史公于惠王既誤多一年，于《魏世家》以濁澤之圍移前一年，列為惠王元年事，而于《趙世家》、《六國表》仍從舊史未移前，故自相參差也。魏敗趙於懷，《趙世家》、《六國表》在趙成侯五年即周烈王六年，魏敗韓于馬陵，《六國表》、《韓世家》在韓懿侯二年，即周烈王七年，而《魏世家》則以二事俱在魏惠王二年，即周烈王七年。蓋此本皆惠王元年事，史公于惠王既誤多一年，乃于《六國表》及趙、韓兩《世家》分載於二年中，趙、韓攻魏與魏敗趙、韓，本皆惠王元年事，蓋亦史公于惠王誤多一年，乃于《魏世家》分載於二年中。其所以紛錯不一者，無非因史公于魏惠王誤多一年有以誤之也。
前369,369,周烈王七年（西元前三六九年）,17,考案,齊、韓、趙、魏、衛,齊威王,伐、圍,又案：《田世家》謂齊威王在封即墨大夫與熹阿大夫之後，“遂起兵西擊趙、衛，敗魏於濁澤，而圍惠王。惠王請獻觀以和解，趙人歸我長城。”梁玉繩《史記志疑》據此雲：“是必齊威王與趙合兵伐魏……凡言韓者皆齊之誤也。《大事記》謂齊不與濁澤事，蓋失檢耳。”此說不確。綜合《史記》與《紀年》之記載，伐魏圍濁澤者確為韓、趙，齊固不與也。齊遣將圍魏之觀，迫使觀降，乃次年事，與濁澤之役無關。《田世家》誤為牽合也。
前369,369,周烈王七年（西元前三六九年）,18,史料,韓、趙、晉,,遷,梁惠成王元年韓共侯、趙成侯遷晉桓公於屯留。（《水經·濁漳水注》引《紀年》）
前369,369,周烈王七年（西元前三六九年）,19,史料,韓、趙、晉,,遷,[晉]桓公二十年趙成侯、韓共侯遷桓公於屯留。已後更無晉事。（《晉世家·索隱》引《紀年》）
前369,369,周烈王七年（西元前三六九年）,20,考案,韓、晉,,遷,案：晉桓公二十年即梁惠成王元年。韓共侯即韓懿侯。“已後更無晉事”，蓋《索隱》概括之言，非《紀年》原文。其實此後《紀年》尚記有晉遷都之事。
前369,369,周烈王七年（西元前三六九年）,21,史料,韓、趙、鄭,,攻,[趙成侯]五年攻鄭敗之，以與韓，韓與我長子。（《趙世家》）
前369,369,周烈王七年（西元前三六九年）,22,考案,韓、趙、魏、晉、周、鄭,,攻、滅、遷,案：《大事記》改作“韓分鄭地，長子與趙”。《解題》曰：“鄭滅六年矣，安得複攻鄭？意者韓滅鄭之時，趙與有勞焉，至是韓始以地酬其功與？”梁玉繩《史記志疑》駁之曰：“硬改史文，既屬武斷，更為臆談。而長子亦非鄭地也，豈足述乎？”顧觀光《七國地理考》卷六“長子”條雲：“屯留長子漢《志》並屬上黨，三卿分晉，惟此二邑，尚為晉有。梁惠成王元年韓、趙遷晉桓公於屯留而長子歸趙，故趙成侯五年韓與我長子，蓋趙成侯五年正當梁惠王元年也。”黃式三《周季編略》改“攻鄭敗之”為“攻鄭得之”，並引《大事記》為《解題》解說“攻鄭敗之”四字當有脫誤。蓋是時趙、韓乘魏亂而攻魏，又乘魏亂而遷晉君於屯留，趙以某地與韓，而韓以長子與趙。
前369,369,周烈王七年（西元前三六九年）,23,考案,秦、韓、魏、晉,,卒、立、殺,又案：韓懿侯《六國表》作韓莊侯，而《魏世家·索隱》、《水經·沁水注》引《紀年》于梁惠成王元年有韓懿侯，《晉世家·索隱》、《水經·濁漳水注》引《紀年》于晉桓公二十年、梁惠成王元年有韓共侯。雷學淇《紀年義證》雲：“然則懿侯兼諡為共，別諡為莊。”梁玉繩《史記志疑》則雲：“序共侯懿侯於一年之內，而《史》無共侯，疑共侯即莊侯，韓山堅《史》所雲韓嚴也。山堅殺哀自立，未及一年便卒，懿侯嗣位，憫先君之被害，恨篡臣之未誅，遂削其年不數而以為已改元之年。”錢穆《先秦諸子系年》辨之曰：“不悟山堅弑君，遠在六年前，且《紀年》明雲山堅弑君而若立非山堅自立，《索隱》又明謂懿侯即莊侯；豈得又謂懿侯嗣莊侯哉？今共侯之名，既不他見，疑《水經注》所引‘共侯’本‘莊’字之誤，而偽《紀年》依之，遂滋後世之疑。否則懿侯共侯莊侯蓋一侯而三諡。”考《水經注》所引“共侯”，當非誤字，《晉世家·索隱》引《紀年》亦作共侯，可證。
前369,369,周烈王七年（西元前三六九年）,24,史料,周,,立,[周烈王]十年烈王崩，弟扁立，是為顯王。（《周本紀》）
前369,369,周烈王七年（西元前三六九年）,25,史料,周,,,周顯聲王扁，注：夷烈王子。（《漢書·古今人表》列於下中等）案：顯王有顯、聲兩諡。
前369,369,周烈王七年（西元前三六九年）,26,史料,秦,,,[秦獻公]十六年桃冬花。（《秦本紀》）
前369,369,周烈王七年（西元前三六九年）,27,史料,秦,,,秦獻公十六年民大疫，日蝕。（《六國表》）
前369,369,周烈王七年（西元前三六九年）,28,史料,,,,梁惠成王元年晝晦。（《開元占經》一百一引《紀年》）
前369,369,周烈王七年（西元前三六九年）,29,考案,秦、魏、周、代,魏惠王,,案：《紀年》謂是年晝晦，即日蝕也，《六國表》謂“秦厲共公三十四年日蝕晝晦”，“秦獻公三年日蝕晝晦”，可證。西元前三六九年四月十一日十三時九分，日有環食。見朱文鑫《歷代日食考》卷三《戰國及秦日食表》，合於當時曆法，乃五月初一。據此可知，魏惠王元年確在周烈王七年。《六國表》記秦獻公十六年日食，當依據《秦記》。而《紀年》記梁惠成王元年晝晦，乃魏史。但依據《六國表》，此年已是魏惠王二年，蓋《史記》記魏惠王年世，未改元前，誤多一年也。
前369,369,周烈王七年（西元前三六九年）,30,考案,秦、齊、楚、韓、趙、魏、周、魯、吳、衛、宋、鄭,商鞅、秦孝公、齊威王、魏惠王,伐、圍、救、拔、會,又案：余考魏惠王未改元前，《史記》誤多一年，魏惠王元年在周烈王七年，非六年。今以《史記》與《紀年》惠王史事比勘，《史記》惠王年數皆誤多一年，可證也。《魏世家》雲：“惠王三年齊敗我觀”，而《水經·河水注》引《紀年》雲：“惠成王二年齊田壽伐我圍觀，觀降。”此其證一。雷學淇《紀年義證》雲：“必是年仲冬季冬之事，故言者互異。”此曲說耳。《魏世家》《六國表》雲：“惠王十五年魯、衛、宋、鄭君來朝。”而《索隱》引《紀年》雲：“魯恭侯、宋桓侯、衛成侯、鄭釐侯來朝皆在十四年。”此其證二。雷氏又雲：“蓋朝在仲冬以後，故夏正周正異也。”然《紀年》與《史記》差一年者不止此二事。豈其事皆在仲冬後，何得俱以夏正周正之異說之？《魏世家》《六國表》雲：“惠王十八年拔邯鄲，趙請救于齊，齊使田忌、孫臏敗魏桂陵。”《田世家》《趙世家》系桂陵之役在齊威王二十六年、趙成侯二十二年，皆正當魏惠王十八年，而《孫子吳起列傳·索隱》王劭案語引《紀年》“惠成王十七年齊田忌敗我桂陵”。此其證三。《魏世家·索隱》曰：“《紀年》雲二十八年與齊田盼戰于馬陵，又上二年魏敗韓馬陵，十八年趙又敗魏桂陵，桂陵與馬陵異處。”《索隱》引《紀年》二十八年戰于馬陵，蓋《魏世家》在三十年，以志其異。“趙”當作“齊”，其“又上二年”、“十八年”云云，即據《魏世家》用以說“桂陵與馬陵異處”耳。所謂“上”即指《魏世家》上文也。今本《紀年》周顯王二十四年“魏敗韓馬陵”，陳逢衡《紀年集證》雲：“顯王二十四年當魏惠二十六年，《魏世家》此年無韓、魏戰馬陵事，而于惠王二年有魏敗韓于馬陵，敗趙於懷之語……《魏世家·索隱》所謂“又上二年者，蓋指惠成王之二年而言，非謂戰馬陵上二年也。輯《紀年》者似誤會此語。”其證至確。王國維《輯校》亦與今本《紀年》同誤。又今本《紀年》周顯王十六年“邯鄲之師敗我師于桂陵”。周顯王十六年正當《史記》魏惠王十八年。蓋輯校今本《紀年》者亦據《索隱》誤以“十八年趙敗魏桂陵”亦《紀年》文也。王國維《輯校》、錢穆《先秦諸子系年》亦同誤。前人誤以《索隱》“上二年”、“十八年”云云為《紀年》文，遂若桂陵之役《史記》、《紀年》同在惠王十八年，非其實也。《魏世家》雲：“惠王十九年諸侯圍我襄陵”，而《水經·淮水注》引《紀年》雲：“惠成王十七年宋景敬衛公孫倉會齊師圍我襄陵，十八年王以韓師敗諸侯師于襄陵。”蓋《紀年》以襄陵之役起十七年而決於十八年，而《魏世家》在十九年，亦差一年。此其證四。《魏世家》雲：“惠王三十年……太子果與齊人戰，敗于馬陵。”而《孫子吳起列傳·索隱》王劭案語引《紀年》“梁惠成王二十七年十二月齊田盼敗梁馬陵”。《魏世家》《孟嘗君列傳》《索隱》引《紀年》又作“二十八年與齊田盼戰于馬陵”。是馬陵之役起于夏正二十七年尾，而實在二十八年，此與《史記》惠王記年差二年者，蓋此役嘗連綿首尾二年，《紀年》記其相戰之年而《史記》錄其勝負之年，實仍相差一年。此其證五。錢穆雲：“今《史記》誤在三十年，蓋是年為周顯王二十八年，史公誤以梁惠王為周顯王耳。”非是也。史公據《秦記》以表六國事，《秦本紀》系此事于秦孝公二十一年，即周顯王二十八年。史公特于魏惠王改元前之紀年誤多一年，實未嘗誤其時也。《魏世家》雲：“惠王三十一年秦趙齊共伐我。”《索隱》引《紀年》雲：“二十九年五月齊田盼伐我東鄙，九月秦衛鞅伐我西鄙，十月邯鄲伐我北鄙。”此《史記》與《紀年》亦差二年者，疑與上條同例。此戰事亦首尾二年也，實仍相差一年。此其證六。《魏世家》雲：“惠王三十一年……秦用商君。”而《水經·濁水注》引《紀年》雲：“惠成王三十年秦封衛鞅于鄔，改名曰商。”《商君列傳·索隱》引《紀年》亦作惠王三十年。考《秦本紀》雲：“孝公二十二年……封鞅為列侯，號商君。”《楚世家》雲：“宣王三十年秦封衛鞅于商。”秦孝公二十二年、楚宣王三十年皆正當《史記》魏惠王三十一年，與《紀年》亦差一年。此其證七。錢穆于《先秦諸子系年·商鞅考》謂孝公二十二年鞅封于商，乃於《通表》系於孝公二十一年下，自相乖離。實則《秦本紀》本于《秦記》，不容有誤，《紀年》乃魏史，亦不誤。特史公于魏惠王未改元前誤多一年耳。若據《史記》魏惠王紀年以表《紀年》所載史事，宜其乖離不合矣。（以上比勘《史記》、《紀年》，惠王史事其差一年者五事，差二年者凡二事，而此二事皆戰爭，蓋嘗首尾連二年。）然則魏惠王元年端在周烈王七年，非六年可知也。考《六國表》謂秦獻公十六年日食，當本《秦記》，《開元占經》引《紀年》謂魏惠王元年晝晦。晝晦即指日蝕。此以天文證之。足見魏惠王元年的在秦獻公十六年，即周烈王七年。
前368,368,周顯王元年（西元前三六八年）,1,史料,秦、楚、燕、韓、趙、魏,魏惠王,,秦獻公十七年，魏惠王二年，韓懿侯七年，趙成侯七年，田桓公七年，楚宣王二年，燕桓公五年。
前368,368,周顯王元年（西元前三六八年）,2,史料,齊、韓、趙、周,,攻,[趙成侯]七年侵齊，至長城。與韓攻周。（《趙世家》，《六國表》作“侵齊，至長城”）
前368,368,周顯王元年（西元前三六八年）,3,史料,齊、趙、魏,齊威王,伐、取,齊威王十一年(當作田桓公七年)伐魏取觀。趙侵我長城。(《六國表》)
前368,368,周顯王元年（西元前三六八年）,4,史料,趙、魏,,,[魏]惠王請獻觀以和解，趙人歸我長城。（《田世家》敘在封即墨大夫萬家與烹阿大夫之後）
前368,368,周顯王元年（西元前三六八年）,5,史料,齊、魏,魏惠王,伐,[魏惠王]三年（當作二年）齊敗我觀。（《魏世家》，《六國表》作“齊伐我觀”）
前368,368,周顯王元年（西元前三六八年）,6,史料,齊,,伐、圍,梁惠成王二年齊田壽率師伐我，圍觀，觀降。（《水經·河水注》引《紀年》）
前368,368,周顯王元年（西元前三六八年）,7,考案,齊、韓、趙、魏、周,魏惠王,伐、攻、圍、立、即位,案：《永樂大典》本、朱謀諱本《水經注》引《紀年》作“伐趙圍觀”，《路史·國名紀丁》注引《紀年》同。趙一清、戴震校本《水經注》引《紀年》作“伐我圍觀”。“伐我圍觀”與《史記》相合，觀即觀澤，在今河南清豐南，為魏與趙、齊兩國交界。是時趙與韓聯合，上年曾合兵攻魏，支持公仲緩與魏惠爭立，此年又合兵攻周。時趙勢方強，此年侵齊至長城。而魏內亂初平，魏惠王初即位，入侵之趙、韓兩軍亦撤退不久，齊乘機伐魏圍觀，魏不得已獻觀求和，即所謂“觀降”。按當時形勢，若觀為趙地，齊不可能包圍而迫使投降。《永樂大典》本《水經注》等作“伐趙圍觀，觀降”，“趙”當是“我”字之誤。今本《紀年》作“我”，蓋輯今本《紀年》者所見《水經注》作“我”，與《魏世家》“齊敗我觀”相合。
前368,368,周顯王元年（西元前三六八年）,8,史料,韓、魏,,奔,[魏]惠王二年魏大夫王錯出奔韓也。（《魏世家·集解》徐廣引《紀年》）
前368,368,周顯王元年（西元前三六八年）,9,史料,秦,,,秦獻公十七年櫟陽雨金四月至八月。（《六國表》）
前368,368,周顯王元年（西元前三六八年）,10,史料,秦、周,,滅,[秦獻公]十八年雨金櫟陽。（《秦本紀》，《水經·渭水注》引《史記》，亦雲：“十八年雨金於是處也。”）櫟陽雨金，秦獻公自以為得金瑞，故作畦畤櫟陽而祀白帝。其後百二十歲而秦滅周。（《史記·封禪書》）
前368,368,周顯王元年（西元前三六八年）,11,考案,秦、周、吳,,立、滅,案：《周季編略》雲：“自秦滅東周推之，距此適百二十歲，則《年表》可從也。”秦人信仰五色之上帝。《秦本紀》謂秦襄公“祠上帝西畤”，《十二諸侯年表》：“襄公八年初立西畤，祠白帝。”是白帝乃白色之上帝。《封禪書》謂秦文公夢黃蛇自天下屬地，其口止於鄜衍。史敦曰：“此上帝之征”，於是作鄜畤，郊祭白帝焉。《秦本紀》雲：“文公十年初為鄜畤。”其後宣公四年又作密畤于渭南，祭青帝。靈公三年作吳陽上畤祭黃帝，作下畤祭炎帝。此年獻公又以為得金瑞而作畦畤櫟陽而祀白帝。是秦君於四百年間，先後設置七畤，白帝三而青、黃、炎帝各一。凡此四色帝，皆秦之上帝也。按五色上帝之信仰，以四方、五色相配，五行學說又以四方、五色與五行相配。秦獻公自以為得金瑞而祀白帝，明受五行學說之影響矣。
前367,367,周顯王二年（西元前三六七年）,1,史料,秦、楚、燕、韓、趙、魏,魏惠王,,秦獻公十八年，魏惠王三年，韓懿侯八年，趙成侯八年，田桓公八年，楚宣王三年，燕桓公六年。
前367,367,周顯王二年（西元前三六七年）,2,史料,韓、趙、周,,,[趙成侯]八年與韓分周以為兩。（《趙世家》）
前367,367,周顯王二年（西元前三六七年）,3,史料,韓、周,,,公子朝，周太子也。弟公子根甚有寵於君，君死，遂以東周叛，分為兩國。（《韓非子·內儲說下》）
前367,367,周顯王二年（西元前三六七年）,4,史料,韓、周,,,公子宰，周太子也。公子根有寵，遂以東周反（“周”原誤作“州”，今據《內儲說下》改正），分而為兩國。（《韓非子·難三》）
前367,367,周顯王二年（西元前三六七年）,5,史料,周,,,周威公薨，建，九月不得葬，周乃分為二。（《呂氏春秋·先識》）
前367,367,周顯王二年（西元前三六七年）,6,史料,韓、周,,殺,若夫周滑之……此十二人者之為其臣也，皆思小利而忘法義，進則掩蔽賢良，以陰闔其主，退則撓亂百官而為禍難，皆輔其君，共其欲苟得一說於主，雖破國殺眾，不難為也。有臣如此，雖當聖王尚恐奪之，而況昏亂之君，其能無失乎？有臣如此，故身死國亡，為天下笑。故周威公身殺，國分為二。（《韓非子·說疑》）
前367,367,周顯王二年（西元前三六七年）,7,史料,周、代,,卒、立,[周]威公卒，子惠公代立，乃封其少子于鞏以奉王，號東周惠公。（《周本紀》）
前367,367,周顯王二年（西元前三六七年）,8,史料,周,,,東周惠公名班，居洛陽。（《周本紀·索隱》引《世本》）
前367,367,周顯王二年（西元前三六七年）,9,史料,韓、趙、周,,攻,[周]顯王元年趙成侯、韓哀侯(當作韓懿侯)來攻周。二年西周威公之嗣曰惠公，王始封惠公子班于鞏，以奉王，是為東周惠公，周於是分為東西。王室微弱，政在西周。(《太平御覽》卷八十五引《帝王世紀》)
前367,367,周顯王二年（西元前三六七年）,10,史料,秦、趙、周,,滅,周顯王二年西周惠公封少子班于鞏，以奉王室，為東周惠公也，子武公為秦所滅。（《周本紀·正義》引郭緣生《述征記》轉引“史記”。《趙世家·正義》引《括地志》轉引“史記”相同。惟“為東周惠公”作“為東周”）
前367,367,周顯王二年（西元前三六七年）,11,考案,韓、趙、魏、周、代,魏惠王,攻、卒、立,案：《太平御覽》卷八十五引《帝王世紀》，《周本紀·正義》引郭緣生《述征記》轉引“史記”，《趙世家·正義》引《括地志》轉引“史記”，皆謂周顯王二年西周惠公封少子班于鞏，以奉王室，與《周本紀》無紀年者不同。周顯王二年正當趙成侯八年。《趙世家》載成侯八年與韓分周為兩，上年“與韓攻周”。可知是年周之封國分裂為東周、西周兩小國，非出分封，乃因公子爭立，並由趙、韓出兵干預之結果。趙、韓兩國嘗乘魏武侯之死、公仲緩與魏惠王爭立，合兵深入魏地干預，因兩國不和而作罷。是年又乘周威公死、公子根與太子爭立，以武力助公子根自立，分割以為東周。《周本紀》所謂“周威公卒，子惠公代立”，即《韓非子》所謂周太子公子朝（或宰）。《周本紀》所謂“乃封其少子于鞏以奉王，號東周惠公”，即《韓非子》所謂“弟公子根甚有寵於君……以東周叛”。所謂“封”乃隱諱之詞。《索隱》引《世本》曰：“西周桓公名揭，居河南，東周惠公名班，居洛陽”。“班”疑“根”字之誤。《正義》所引《史記》作“西周惠公封少子班于鞏，為東周惠王”有誤。東周惠公，為西周惠公之弟，非西周惠公之子，《索隱》雲：“（威公）卒，子惠公立。長子曰西周公，又封其少子于鞏，仍襲父號曰東周惠公”，亦誤以東周惠公為西周惠公之子。《漢書·古今人表》于東周惠公，注雲：“威公子”，是也。《六國表》周顯王九年《集解》徐廣曰：“《紀年》東周惠公傑薨。”傑為昭文君名，疑當作“東周惠公薨，子傑立”。
前367,367,周顯王二年（西元前三六七年）,12,考案,魏、周、代,,立、遷,又案：《索隱》引《世本》謂“西周桓公名揭，居河南；東周惠公名班，居洛陽”。高誘注《戰國策》亦雲：“西周，王城，今河南；東周，成周，今洛陽。”《漢書·地理志》亦謂河南是為王城；洛陽，周公遷殷民，是為成周。皆謂西周建都于漢之河南，即西周之王城，東周建都於漢之洛陽，即西周之成周。兩邑相距約四十裡，王城在今洛陽市王城公園一帶。洛陽即今洛陽以東四十裡之漢魏故城。《漢書·地理志》以王城與成周為相距四十裡之兩邑，以洛陽即西周之成周，皆與《尚書》之記載不合。考《康誥》、《召誥》、《洛誥》、《多士》、《多方》等篇，言周公作“新大邑于東國洛”，或稱新邑、新邑洛、洛邑，皆作一邑，初無二邑。《書序》言：“成王在豐，欲宅洛邑，使召公先相宅，作《召誥》。”“召公既相宅，周公往營成周，使來告蔔，作《洛誥》。”“成周既成，遷殷頑民，周公以王命誥，作《多士》。”所謂成周即是洛邑。《逸周書·作雒篇》言周公“乃作大邑成周於土中，立城方千七百二十丈，郭方七十裡，南系于洛水，北因於郟山。”作大邑成周即《尚書》“作新大邑于東國洛”。王城乃成周之宮城，城外有方七十裡之大郭。《洛誥》記周公曰：“我乃卜澗水東，瀍水西，惟洛食；我又卜瀍水東，亦惟洛食。”王城即在澗水附近，大郭當即在王城之東，橫跨瀍水東西兩岸。三十年來考古發掘，在瀍河下游東西兩岸，北起邙山，東至馬坡、塔東、塔西，西至洛陽老城西關，發現許多西周墓地與遺址，其中以北窯、龐家溝墓地最為集中。墓地以南又發現大面積之西周早中期鑄銅遺址。由此可見，成周大郭確在瀍水兩岸，詳見拙作《中國古代都城制度史研究》上編第五章。據此可知，《漢書·地理志》以洛陽為成周之說不確。《帝王世紀》等書以為周敬王東遷成周即洛陽之說，亦不確。《周本紀》亦未有敬王遷都之記載。童書業《春秋王都辨疑》（收入《中國古代地理考證論文集》）斷言春秋時周室未遷都，成周之誤以為即洛陽，“蓋由戰國時周王與東周君居洛陽之誤。”其說甚是。洛陽乃春秋戰國之際新興城市，東周惠公“以奉王室”，建都于洛陽，周顯王因而與東周君同居洛陽，至王赧又徙至西周。
前367,367,周顯王二年（西元前三六七年）,13,史料,秦,,,梁惠成王三年秦子向命為藍君。（《水經·渭水注》引《紀年》，《路史·國名紀己》引《紀年》同。《太平寰宇記》二六雍州藍田縣下引《紀年》誤作“惠王命秦子向為藍田君”。《長安志》一六藍田縣下引《紀年》，誤作“梁惠成王命太子向為藍田君”）
前367,367,周顯王二年（西元前三六七年）,14,考案,秦,,,案：《紀年》：“秦子向命為藍君”，謂秦之公子向封為藍君。藍田為秦邑，梁惠王不得命秦子向為藍田君，更不得命太子向為藍田君。《太平寰宇記》與《長安志》所引《紀年》有誤。
前367,367,周顯王二年（西元前三六七年）,15,史料,鄭,,,梁惠成王三年鄭城邢丘。（《水經·濟水注》引《紀年》）
前366,366,周顯王三年（西元前三六六年）,1,史料,秦、楚、燕、韓、趙、魏,魏惠王,,秦獻公十九年，魏惠王四年，韓懿侯九年，趙成侯九年，田桓公九年，楚宣王四年，燕桓公七年。
前366,366,周顯王三年（西元前三六六年）,2,史料,秦、韓、魏,魏惠王,會,[魏惠王]五年(當作四年)與韓會宅陽。城武堵，為秦所敗。(《魏世家》，《六國表》同，惟“武堵”作“武都”，無“為秦所敗”四字)韓懿侯五年(當作九年)與魏惠王會宅陽。(《韓世家》，《六國表》同)
前366,366,周顯王三年（西元前三六六年）,3,史料,秦、韓、魏,,,秦獻公十九年敗韓、魏洛陽。（《六國表》，《魏世家·集解》徐廣引《年表》同）
前366,366,周顯王三年（西元前三六六年）,4,考案,秦、韓、魏、周,,,案：《資治通鑒》於此年作“秦敗魏師、韓師於洛陽”。胡三省注以成周之洛陽釋之，大誤。是時秦師不可能到達洛陽。洛陽地處北洛水之南，在今陝西大荔東南。武都即武城，在今陝西華縣以東，與洛陽鄰近。《魏世家》所謂“城武堵，為秦所敗”，與《六國表》所謂“敗韓、魏洛陽”，蓋一時事。《資治通鑒》分之為二事，既誤；“洛陽”之作“洛陽”則誤之又誤矣。
前366,366,周顯王三年（西元前三六六年）,5,史料,齊、趙,,會,[趙成侯]九年與齊戰阿下。（《趙世家·集解》徐廣曰：“戰一作會也。”）
前366,366,周顯王三年（西元前三六六年）,6,考案,齊,,會,案：呂祖謙《大事記》從別本，改“戰”為“會”，雲：“《世家》稱齊烹阿大夫之後，諸侯莫敢加兵二十餘年，此只五年中耳，當從別本。”考此年為田桓公九年。呂氏之說並無確據。
前366,366,周顯王三年（西元前三六六年）,7,史料,,,,梁惠成王四年河水赤于龍門三日。（《水經·河水注》引《紀年》）
前365,365,周顯王四年（西元前三六五年）,1,史料,秦、楚、燕、韓、趙、魏,魏惠王,,秦獻公二十年，魏惠王五年，韓懿侯十年，趙成侯十年，田桓公十年，楚宣王五年，燕桓公八年。
前365,365,周顯王四年（西元前三六五年）,2,史料,魏、宋,魏惠王,伐、取,魏惠王六年(當作五年)伐宋取儀台。(《六國表》，《魏世家》同，《索隱》雲：“《表》亦作義台。”)
前365,365,周顯王四年（西元前三六五年）,3,史料,趙、衛,,攻、取,[趙成侯]十年攻衛取甄。（《趙世家》）
前365,365,周顯王四年（西元前三六五年）,4,考案,韓、鄭,,伐,案：《水經·濟水注》引《竹書紀年》雲：“梁惠成王五年，公子景賈率師伐鄭，韓明戰于陽，我師敗逋澤。”雷學淇《竹書紀年義證》謂韓明疑即韓朋之誤，即公仲朋，韓宣王之相。范祥雍《古本竹書紀年輯校訂補》雲：“《濟水注》又引‘今王七年韓明率師伐襄邱，當韓宣惠王之二十一年’，與《史記》、《國策》相合，距此五十四年。《韓世家》襄王十二年公仲尚在，則距此又六十六年，恐無此長壽。疑此惠王五年，或是後五年之誤。”其說甚是。
前365,365,周顯王四年（西元前三六五年）,5,史料,齊,,,隹（唯）十年墮（陳）侯午淖（朝）群邦者（諸）侯于齊。者（諸）侯台（以）吉金，用作平壽造器璽（敦），台（以）髯（烝）台（以）嘗，保有齊邦，永荳（世）母（毋）忘。（《十年陳侯午敦銘文》）
前365,365,周顯王四年（西元前三六五年）,6,考案,齊,,聘,案：據此可知，此年諸侯聘齊，由田侯午主其事，午以諸侯所獻青銅造此祭器，“以烝以嘗，保有齊邦。”
前364,364,周顯王五年（西元前三六四年）,1,史料,秦、楚、燕、韓、趙、魏,魏惠王,,秦獻公二十一年，魏惠王六年，韓懿侯十一年，趙成侯十一年，田桓公十一年，楚宣王六年，燕桓公九年。
前364,364,周顯王五年（西元前三六四年）,2,史料,秦、晉,,,[秦獻公]二十一年，與晉戰于石門，斬首六萬，天子賀以黼黻。（《秦本紀》）
前364,364,周顯王五年（西元前三六四年）,3,史料,秦、晉,,,秦獻公二十一年，章蚜與晉戰石門，斬首六萬，天子賀。（《六國表》，章蚜，《集解》徐廣曰：“一雲車騎。”石門，《集解》徐廣曰：“一作阿。”）
前364,364,周顯王五年（西元前三六四年）,4,史料,秦、趙、魏,,攻、救,[趙成侯]十一年秦攻魏，趙救之石阿。（《趙世家》）
前364,364,周顯王五年（西元前三六四年）,5,史料,秦、晉、周,,,周顯王五年秦獻公敗三晉之師于石門，斬首六萬，王賜以黼黻之服。（《資治通鑒》）
前364,364,周顯王五年（西元前三六四年）,6,考案,秦、趙、魏、晉、周,,攻、救,案：《秦本紀·正義》引《括地志》：“堯門山，俗名石門，在雍州三原縣西北三十三裡。上有路，其狀若門。故老雲堯鑿石為門，因名之。武德年中于此山南置石門縣，貞觀中改為雲陽縣。”《資治通鑒》胡三省注引《水經注》：馮翊雲陽縣有石門山，梁玉繩《史記志疑》據此雲：“阿字訛寫。”《趙世家》雲：“秦攻魏，趙救之石阿。”而《資治通鑒》謂“秦獻公敗三晉之師于石門”。石門山在今山西運城之西南。是役秦軍攻入河東，于石門大勝，乃秦首次大勝，因而周顯王加以祝賀。
前364,364,周顯王五年（西元前三六四年）,7,史料,秦、楚、周,,,[周]顯王五年賀秦獻公，獻公稱伯。（《周本紀》，《楚世家》亦雲：“宣王六年周天子賀秦獻公。”）
前364,364,周顯王五年（西元前三六四年）,8,史料,齊,,,齊桓公十一年弑其君母。（《田世家·索隱》王劭引《紀年》）
前364,364,周顯王五年（西元前三六四年）,9,考案,秦、齊,,卒、立、遷,案：錢穆雲：“黃氏《逸書考》雲：桓公十年弑齊康公及其子，絕薑姓之祀，至是又弑康公之夫人，故曰弑其君母。今按黃氏此條，蓋誤讀《索隱》田剡立後十年田午弑君及孺子喜之文而誤。康公於十九年遷海上，至二十六年而卒，其時乃田侯剡六年，其後三年田午弑君，乃指田剡，非康公矣。然則君母者，殆指田剡之後，否則尚為田剡之母也。”(《先秦諸子系年》第二一九至二二〇頁)
前363,363,周顯王六年（西元前三六三年）,1,史料,秦、楚、燕、韓、趙、魏,魏惠王,,秦獻公二十二年，魏惠王七年，韓懿侯十二年，趙成侯十二年，田桓公十二年，楚宣王七年，燕桓公十年。
前363,363,周顯王六年（西元前三六三年）,2,史料,秦、趙、魏,,攻、救,[趙成侯]十二年秦攻魏少梁，趙救之。（《趙世家》）
前363,363,周顯王六年（西元前三六三年）,3,史料,越,,立,[越初無餘之]十二年寺區弟思弑其君莽安，次無顓立。（《越世家·索隱》引《紀年》，《路史·後紀》十三下注引《紀年》同，惟“莽安”作“莽”）
前363,363,周顯王六年（西元前三六三年）,4,史料,宋,,卒、立,[宋]休公田二十三年卒，子辟公辟兵立。（《宋世家》）
前363,363,周顯王六年（西元前三六三年）,5,史料,宋,,,[宋]桓侯璧兵。（《宋世家·索隱》引《紀年》）
前363,363,周顯王六年（西元前三六三年）,6,考案,周、宋、蔡,,卒、立,案：《宋世家》謂宋悼公八年卒，而《索隱》引《紀年》悼公為十八年。是《史記》悼公短少十年。因此休公、桓侯之元，皆應移後十年。說已見前。《六國表》系辟西元在周烈王四年，今改定桓侯立于周顯王六年，《宋世家·索隱》雲：“《紀年》作桓侯璧兵，則璧兵諡桓也。”又《莊子》雲：桓侯行，未出城門，其前驅呼辟，蒙人止之，後為狂也。司馬彪雲：呼辟，使人避道，蒙人以桓侯名辟，而前驅呼辟，故為狂也。”《太平御覽》七三九引《莊子》亦雲：“宋桓侯行，未出城門，其前驅呼辟，至於家，家人正之，以為狂也。”今本佚。“家人”當是“蒙人”之誤。《太平御覽》四八八引《莊子》又曰：“宋桓侯築蘇宮，使蔡謳，觀者數百，無有憂色，君乃賞蔡。”此亦足證宋有桓侯。《史記》作辟公，蓋涉其名而誤。《漢書·古今人表》亦同誤。
前363,363,周顯王六年（西元前三六三年）,7,史料,韓,,卒、立,[韓懿侯]十二年懿侯卒，子昭侯立。（《韓世家》）
前363,363,周顯王六年（西元前三六三年）,8,考案,韓、周、鄭,,,案：《六國表》記韓昭侯元年在周顯王十一年，蓋誤後四年。說詳次年案語。據《韓世家·索隱》引《紀年》昭侯名武。鄭昭侯武。（《韓世家·索隱》引《紀年》）
前363,363,周顯王六年（西元前三六三年）,9,史料,,,,[梁]惠成王七年雨碧於郢。（《太平御覽》八〇九、《廣韻》卷五、《路史·發揮二》注引《紀年》）
前363,363,周顯王六年（西元前三六三年）,10,史料,,,,[梁]惠成王七年地忽長十丈有餘，高尺半。（《太平御覽》八八○引《紀年》）
前362,362,周顯王七年（西元前三六二年）,1,史料,秦、楚、燕、韓、趙、魏,魏惠王,,秦獻公二十三年，魏惠王八年，韓昭侯元年，趙成侯十三年，田桓公十三年，楚宣王八年，燕桓公十一年。
前362,362,周顯王七年（西元前三六二年）,2,史料,秦、魏、晉,,,[秦獻公]二十三年與魏、晉戰少梁，虜其將公孫痤。（《秦本紀》）
前362,362,周顯王七年（西元前三六二年）,3,考案,魏、晉,,會,案：王念孫雲：“魏字後人所加，晉即魏也。”王說是。《會注考證》引古鈔、南本無“魏”字。
前362,362,周顯王七年（西元前三六二年）,4,史料,秦、韓、趙、魏,,伐、取,[趙成侯]十三年秦獻公使庶長國伐魏少梁，虜其太子痤。魏敗我澮，取皮牢。成侯與韓昭侯遇上黨。（《趙世家》）
前362,362,周顯王七年（西元前三六二年）,5,史料,秦、韓、趙、魏,魏惠王,伐、取,[魏惠王]九年(當作八年)伐敗韓於澮。與秦戰少梁，虜我將公孫痤，取龐。（《魏世家》“伐取趙皮牢”。《魏世家》及《六國表》記在次年）
前362,362,周顯王七年（西元前三六二年）,6,史料,秦、魏,,,秦獻公二十三年，與魏戰少梁，虜其太子。（《六國表》）
前362,362,周顯王七年（西元前三六二年）,7,史料,秦、魏,魏惠王,,魏惠王九年（當作八年）與秦戰少梁，虜我太子。（《六國表》）
前362,362,周顯王七年（西元前三六二年）,8,史料,韓、魏,,,韓莊侯九年(當作昭侯元年)魏敗我於澮。大雨三月。(《六國表》)
前362,362,周顯王七年（西元前三六二年）,9,史料,趙、魏,,,趙成侯十三年魏敗我於澮。（《六國表》）
前362,362,周顯王七年（西元前三六二年）,10,史料,韓、趙、魏、吳,,卒,魏公叔痤為魏將，而與韓、趙戰澮北，禽樂祚（“禽”同“擒”）。魏王說，郊迎（原作“迎郊”，從鮑本改正），以賞田百萬祿之。公叔痤反走，再拜辭曰：“夫使士卒不崩，直而不倚，撓而不避者（“撓”下原有“揀”字，鮑本作“揀撓”，注雲：“撓，折也”，“揀”字蓋誤衍，今刪），此吳起之餘教也，臣不能為也。前脈形地之險（形地原作“地形”，從鮑本改正），阻決利害之備（金正煒雲：“阻”疑本作“陰”），使三軍之士不迷惑者，巴寧、爨襄之力也。縣賞罰於前，使民昭然信之于後者，王之明法也。見敵之可擊（“擊”原作“也”，從鮑本改正），鼓之不敢怠倦者，臣也。王特為臣之右手不倦賞臣何也。若以臣之有功，臣何力之有乎？”王曰：“善。”於是索吳起之後，賜之田二十萬，巴寧、爨襄田各十萬。王曰：“公叔豈非長者哉！既為寡人勝強敵矣，又不遺賢者之後，不揜能士之跡，公叔何可無益乎？”故又與田四十萬，加之百萬之上，使百四十萬。故《老子》曰：“聖人無積，盡以為人，己愈有；既以與人，己愈多。”公叔當之矣。（《魏策一》第八章）
前362,362,周顯王七年（西元前三六二年）,11,考案,秦、韓、趙、魏、周、衛,魏惠王,卒,案：是年魏在少梁為秦所敗。《秦本紀》、《魏世家》皆謂秦虜魏將公孫痤，而《趙世家》作秦虜魏太子痤，《六國表》亦謂秦虜其太子。同年魏又在澮戰勝韓、趙，見於魏、趙、韓《世家》與《六國表》。而《魏策一》又謂魏將公叔痤戰勝韓、趙於澮北而擒樂祚。據《呂氏春秋·長見》、《魏策一》與《商君列傳》，魏相公叔座病甚，魏惠王以社稷為問，而公叔願王以國事聽公孫鞅，王不聽。公叔死後鞅入秦，時在秦孝西元年，即魏惠王九年。呂祖謙《大事記》書周顯王八年公孫痤卒，《解題》雲：“痤去年為魏所獲，尋歸之而終於相位也。今年衛鞅自魏適秦，則痤死必在今年。”蓋以公叔座與公孫痤為一人。梁玉繩《史記志疑》亦以公叔座即公孫痤，謂“公孫”乃“公叔”之誤，公叔既有病而薦鞅，當未嘗為秦虜，但又謂“豈秦虜之而複歸之歟？”其實，於澮北之公叔座，不可能即是同年戰敗于少梁而為秦所虜之公孫痤。公孫痤當為魏之公族，誤傳以為魏太子。是時魏惠王之太子名申而非痤也。公叔座為魏相，《呂氏春秋·長見》與《商君列傳》皆作“座”而不作“痤”。畢沅校《呂氏春秋》雲：“座舊作痤，與《魏策》同。據《太平御覽》四百四十四，又六百三十二兩引皆作座，與《史記·商君列傳》合，今從之。”孫人和《呂氏春秋舉正》駁畢沅之校，以為“今本《史記》作痤最是”。按《史記》各本皆作“座”，惟殿本作“痤”。孫說不可從。
前362,362,周顯王七年（西元前三六二年）,12,考案,韓、趙、魏、晉、周、鄭,,圍、卒、立、滅、會,又案：《史記·六國表》以是年為韓莊侯（即懿侯）九年，與《古本竹書紀年》不合。《水經·濟水注》引《紀年》雲：“梁惠成王九年王會鄭釐侯于巫沙。”鄭釐侯即韓昭侯，亦稱昭釐侯或昭僖侯。雷學淇《竹書紀年義證》曰：“昭侯即《國策》之昭釐侯也，名武，《年表》謂昭侯元年當梁惠王十三年，似此時昭侯尚未立者，然《趙世家》謂是年成侯與昭侯遇上黨。證以此紀，是昭已立矣。《竹書》以梁惠王八年為韓懿侯之十二年，則此為昭侯之元年甚明。十二年之說與《世家》亦合，然則《史記》誤將懿、昭之立移後四年，又減去昭侯在位之年數耳。”其說是也。考《韓世家》記哀侯六年韓嚴弑其君哀侯而立懿侯，古本《紀年》作“韓山堅賊其君哀侯而立韓若山”。韓山堅即韓嚴，韓若山即懿侯，時在韓滅鄭之次年，當晉桓公十五年，即周烈王二年，韓哀侯三年。《史記》蓋誤後三年。若懿侯因弑君而立，未嘗逾年改元，則懿侯元年即在周烈王二年。懿侯十二年卒而昭侯立，昭侯元年即在周顯王七年。是年昭侯與趙成侯遇於上黨。《韓世家》載：昭侯八年申不害相韓，而《韓策一》謂“魏之圍邯鄲也，申不害始合于韓王……微視王之所以言于王，王大說之”。考魏圍邯鄲在周顯王十五年。若所謂“申不害始合于韓王”，即指申不害初相韓時，則韓昭侯八年當周顯王十五年，韓昭侯元年當為周顯王八年。如此則懿侯元年，當在周烈王三年，懿侯雖弑君而立，仍逾年改元。今無以詳定。今從雷學淇之說，定韓昭侯元年在周烈王二年。
前362,362,周顯王七年（西元前三六二年）,13,史料,,,伐、取,梁惠成王八年惠成王伐邯鄲，取列人。伐邯鄲取肥。（《水經·濁漳水注》引《紀年》）
前362,362,周顯王七年（西元前三六二年）,14,史料,燕,,卒、立,[燕]桓公十一年卒，文公立。（《燕世家》）
前362,362,周顯王七年（西元前三六二年）,15,史料,秦,,,[秦]獻公享國二十三年葬囂圉，生孝公。（《秦始皇本紀》引《秦記》）
前362,362,周顯王七年（西元前三六二年）,16,史料,秦,,立,元獻公立二十三年。（《秦始皇本紀·索隱》引《世本》，原作“《世本》稱元獻公立二十二年，表同，紀二十四年”。既稱“表同”，則“二十二年”明為“二十三年”之誤，今改正）
前362,362,周顯王七年（西元前三六二年）,17,史料,秦,,卒、立,二十四年獻公卒，子孝公立，年已二十一歲矣。（《秦本紀》，《集解》徐廣曰：“表雲二十三年”，《索隱》雲：“名渠梁。”）
前362,362,周顯王七年（西元前三六二年）,18,考案,秦、韓、魏、晉,魏惠王,伐、卒、立、取、殺,案：《秦本紀》原作“[獻公]二十三年與魏晉戰少梁，虜其將公孫痤。二十四年獻公卒，子孝公立，年已二十一歲矣”。此以秦、魏戰少梁與“獻公卒，孝公立”為前後二年事，不確。《魏世家》雲：“[惠王]九年伐敗韓於澮，與秦戰少梁，虜我將公孫痤，取龐。秦獻公卒，子孝公立。”以為戰少梁與秦獻公卒，同在魏惠王九年，亦即同在秦獻公二十三年，當以《魏世家》為是。考《秦本紀》記事之年，按秦獻公逾年改元之年計算，與《六國表》相同。《六國表》載獻公三年、十年、十六年日蝕，皆與天文相合。《秦本紀》載獻公四年正月庚寅孝公生，亦與曆法相合。孝公生於獻公四年，至二十三年獻公卒而繼立，年正二十一歲，即《秦本紀》所謂“年已二十一歲矣”。可知“獻公卒，孝公立”確在獻公逾年改元之二十三年。但獻公乃殺秦出子而繼立，當未逾年改元，因而其卒年當為二十四年。《秦本紀》既按“逾年改元”之例記事，又按“立年改元”之例記其卒，因而誤差一年。
前362,362,周顯王七年（西元前三六二年）,19,史料,,,,梁惠成王八年雨黍。（《太平御覽》八百四十二引《紀年》）
前362,362,周顯王七年（西元前三六二年）,20,考案,齊,,,案：《太平御覽》八百七十七引《史記》雲：“惠成王八年雨黍于齊。”《路史·發揮二》注雲：“梁惠成王八年雨骨於赤鞞，後國饑兵役。”皆出於訛誤。##### 卷 六
前361,361,周顯王八年（西元前三六一年）,1,史料,秦、楚、燕、韓、趙、魏,魏惠王,,秦孝西元年，魏惠王九年，韓昭侯二年，趙成侯十四年，田桓公十四年，楚宣王九年，燕文西元年。
前361,361,周顯王八年（西元前三六一年）,2,史料,秦、齊、楚、燕、韓、趙、魏、晉、周、衛、鄭,,伐、攻、圍、即位、盟、會,[秦]孝西元年，河山以東強國六，與齊威、楚宣、魏惠、燕悼、韓哀、趙成侯並。淮、泗之間小國十餘。楚、魏與秦接界。魏築長城，自鄭濱洛以北，有上郡。楚自漢中，南有巴、黔中。周室微，諸侯力政，爭相並。秦僻在雍州，不與中國諸侯之會盟，夷翟遇之。孝公於是布惠，振孤寡，招戰士，明功賞。下令國中曰：“昔我繆公自岐、雍之間，修德行武，東平晉亂，以河為界，西霸戎翟，廣地千里，天子致伯，諸侯畢賀，為後世開業，甚光美。會往者厲、躁、簡公、出子之不寧，國家內憂，未遑外事。三晉攻奪我先君河西地，諸侯卑秦，醜莫大焉。獻公即位，鎮撫邊境，徙治櫟陽，且欲東伐，複繆公之故地，修繆公之政令。寡人思念先君之意，常痛於心。賓客群臣有能出奇計強秦者，吾且尊官，與之分土。”於是出兵東圍陝城，西斬戎之獂王。衛鞅聞是令下，西入秦，因景監求見孝公。（《秦本紀》）
前361,361,周顯王八年（西元前三六一年）,3,史料,秦、魏,秦孝公,,魏公叔座疾(“座”原作“痤”，從畢沅據《太平御覽》四百四十四、六百三十二兩引改正。《魏策一》第九章亦作“痤”，“疾”作“病”)，惠王往問之曰：“公叔之病甚矣(《魏策》“甚矣”作“即不可諱”)，將奈社稷何？”公叔對曰：“臣之禦庶子鞅（《魏策》作“座有禦庶子公孫鞅”），願王以國聽之也（《魏策》“國”作“國事”），為不能聽，勿使出境。”王不應，出謂左右曰：“豈不悲哉，以公叔之賢，而今謂寡人以國聽鞅（《魏策》作“而謂寡人必以國事聽鞅”），悖也夫！”（《魏策》作“不亦悖乎”）公叔死，公孫鞅西游秦，秦孝公聽之，秦果用強，魏果用弱。（《呂氏春秋·長見》，《魏策》第九章同，末節作“公叔痤死，公孫鞅聞之，已葬，西之秦，秦孝公受而用之，秦果日以強，魏日以削，此非公叔之悖也，惠王之悖也，悖者之患，固以不悖者為悖。”）
前361,361,周顯王八年（西元前三六一年）,4,史料,秦、魏、衛,秦孝公、魏惠王,卒、會、殺,商君者，衛之諸庶孽公子也。名鞅，姓公孫氏，其祖本姬姓也。鞅少好刑名之學，事魏相公叔座，為中庶子。公叔座知其賢，未及進。會座病，魏惠王親往問病，曰：“公叔病，有如不可諱，將奈社稷何？”公叔曰：“座之中庶子公孫鞅，年雖少，有奇才，願王舉國而聽之。”王嘿然。王且去，座屏人言曰：“王即不聽用鞅，必殺之，無令出境。”王許諾而去。公叔座召鞅謝曰：“今者王問可以為相者，我言若，王色不許我。我方先君後臣，因謂王即弗用鞅，當殺之。王許我。汝可疾去矣，且見禽。”鞅曰：“彼王不能用君之言任臣，又安能用君之言殺臣乎？”卒不去。惠王既去，而謂左右曰：“公叔病甚，悲乎！欲令寡人以國聽公孫鞅也，豈不悖哉！”公叔既死，公孫鞅聞秦孝公下令國中求賢者，將修繆公之業，東複侵地，乃遂西入秦，因孝公寵臣景監以求見孝公。（《商君列傳》）
前361,361,周顯王八年（西元前三六一年）,5,考案,韓、衛、宋、代,,取,案：《呂氏春秋》、《韓非子》、《戰國策》俱稱商君為衛鞅或公孫鞅。《呂氏春秋》高誘注：“衛之公孫也，故曰公孫鞅或曰衛鞅。”公孫氏當是衛宗族中分出之一大支。《宋衛策》第十三章：衛嗣君病，富術曰：“自今以往者，公孫氏必不血食矣。”高誘注：“公孫氏謂嗣君也，衛髽之孫，故雲公孫氏。”衛嗣君乃衛平侯之子，平侯即子南勁，取代衛成侯者。子南勁取代衛成侯之後，衛君不稱姬姓而稱公孫氏。衛鞅亦出於公孫氏之一支也。《資治通鑒》胡三省注雲：“公孫非姓氏”，非是。
前361,361,周顯王八年（西元前三六一年）,6,考案,秦、韓、魏,,,又案：《呂氏春秋》、《魏策》俱謂鞅為公叔痤之禦庶子，而《史記》作中庶子，考戰國時君侯卿相之家臣有禦庶子、中庶子、少庶子等。《呂氏春秋·長見》高誘注：“禦庶子，爵也。”《商君列傳·索隱》雲：“中庶子，官名也。”《秦策五》第六章“少庶子甘羅”高誘注：“少庶子，官名。甘羅，文信家臣也。”庶子乃隨從侍候聽使喚之家臣稱呼，非官爵之名。如《韓非子·內儲說上》記商太宰使少庶子之市。卜皮為縣令，使少庶子佯愛禦史。《內儲說下》記濟陽君有少庶子不見知。
前361,361,周顯王八年（西元前三六一年）,7,史料,周、衛、代,,,孝公既見衛鞅，語事良久，孝公時時睡，弗聽。罷而孝公怒責景監曰：“子之客妄人耳，安足用邪？”景監以讓衛鞅。衛鞅曰：“吾說公以帝道，其志不開悟矣。”後五日，複求見鞅。鞅複見孝公，益愈，然而不中旨。罷而孝公複讓景監，景監亦讓鞅。鞅曰：“吾說公以王道而未入也。請複見鞅。”鞅複見孝公，孝公善之而未用也。罷而去。孝公謂景監曰：“汝客善，可與語矣。”鞅曰：“吾說公以霸道，其意欲用之矣。誠複見我，我知之矣。”衛鞅複見孝公，公與語，不自知膝之前于席也。語數日不厭。景監曰：“子何以中吾君？吾君之歡甚也。”鞅曰：“吾說君以帝王之道比三代，而君曰：久遠，吾不能待。且賢君者，各及其身顯名天下，安能邑邑待數十百年以成帝王乎？”故吾以強國之術說君，君大說之耳。然亦難以比德于殷周矣。”（《商君列傳》）
前361,361,周顯王八年（西元前三六一年）,8,考案,秦、齊、魏、衛,秦孝公、秦昭王、齊宣王、齊湣王、魏惠王,立、變法、稱王,案：此衛鞅遊說秦孝公之故事，疑出於後人增飾。是時魏惠王尚未稱王。其後孟子見魏惠王、齊宣王始暢論“王道”與“霸道”，尚未有“帝道”之說。至秦昭王中年，始有與齊湣王並稱東西帝之舉。至戰國晚期衛鞅學派所著《商君書》，其政治目標為謀求“治”、“富”、“強”、“王”。“王”即指完成統一而創建統一王朝，亦未見有“帝道”之說。是時衛鞅遊說秦孝公，說帝道不可能，說創立統一之王業亦不合時宜，惟有“以強國之術說君”耳。衛鞅攜李悝《法經》入秦，所說無非魏國已行之有效之“富國強兵”之術。當秦獻公時，已進行改革，元年止從死，七年初行為市，十年為戶籍相伍，並推行縣制，已為秦孝公任用衛鞅變法奠定基礎。
前361,361,周顯王八年（西元前三六一年）,9,史料,秦、魏、晉,商鞅,,秦、漢舊律，其文起自魏文侯師李悝，悝撰次諸國法，著《法經》……商鞅受之以相秦。（《晉書·刑法志》，《唐律疏議》亦雲：“商鞅傳授，改法為律。”）
前361,361,周顯王八年（西元前三六一年）,10,史料,秦、韓、趙,,攻,〔趙成侯〕十四年與韓攻秦。（《趙世家》）
前361,361,周顯王八年（西元前三六一年）,11,史料,,,,梁惠成王九年與邯鄲榆次、陽邑。（《水經·洞過水注》引《紀年》）
前361,361,周顯王八年（西元前三六一年）,12,史料,趙、魏,魏惠王,伐、取,[魏惠王]十年(當作九年)伐取趙皮牢，彗星見。(《魏世家》，《六國表》亦記是年“取趙皮牢”)
前361,361,周顯王八年（西元前三六一年）,13,史料,秦,,,秦孝西元年彗星見西方。（《六國表》）
前361,361,周顯王八年（西元前三六一年）,14,考案,秦、魏,,,案：是年秦、魏國都俱見彗星，故秦、魏史官分別有記載。
前361,361,周顯王八年（西元前三六一年）,15,考案,韓、趙、魏,,取,又案：《魏策一》第八章載魏將公叔痤敗韓、趙於澮北，禽樂祚。《魏世家》、《韓世家》皆載敗澮于上年。《趙世家》載上年“魏敗我澮，取皮牢”。而《魏世家》、《六國表》又載“取趙皮牢”於是年。蓋是役連續有二年。皮牢在今山西翼城縣東北，正當澮水東北。
前361,361,周顯王八年（西元前三六一年）,16,史料,鄭,,會,梁惠成王九年王會鄭釐侯于巫沙。（《水經·濟水注》引《紀年》）
前361,361,周顯王八年（西元前三六一年）,17,考案,韓、鄭,,,案：鄭釐侯即韓昭侯，蓋有昭、釐兩諡。或稱韓昭釐侯、昭僖侯。
前361,361,周顯王八年（西元前三六一年）,18,史料,魏,魏惠王,徙都、遷,梁惠成王九年四月甲寅徙都大樑也。（《魏世家·集解》引《紀年》，《魏世家·索隱》引《紀年》亦“以為魏惠王九年”。《孟子·梁惠王上·正義》引《紀年》同。《水經·渠水注》引作“六年四月甲寅徙邦于大樑”。《漢書·高帝紀》注臣瓚引《紀年》作“六年自安邑遷于大樑”)
前361,361,周顯王八年（西元前三六一年）,19,考案,秦、齊、楚、韓、趙、魏、周、衛,魏惠王,伐、圍、救、徙都、滅、取、拔、會、遷,案：《魏世家》雲：惠王“三十一年秦、趙、齊共伐我，秦將商君詐我將軍公子卬而襲奪其軍，破之。秦用商君，東地至河，而齊、趙數破我，安邑近秦，於是徙治大樑”。《商君列傳》亦雲：“魏惠王兵數破于齊秦，國內空，日以削，恐，乃使使割河西之地……而魏遂去安邑，徙都大樑。”朱右曾《竹書紀年存真》雲：“惠王之徙都，非畏秦也，欲與韓、趙、齊、楚爭強也。安邑迫於中條、太行之險，不如大樑平坦，四方所走集，車騎便利，易與諸侯爭衡。《東周策》：秦興師臨周而求九鼎，齊王大發師以救之，秦兵罷，齊將求九鼎。顧率曰：夫梁之君臣，欲得九鼎，謀之暉台之下，沙海之上久矣。鼎入梁，必不出。暉台沙海，皆大樑地，是時為東周惠公。惠公薨于梁惠王十一年，則梁之徙都在前，彰彰明矣。”雷學淇《竹書紀年義證》雲：“魏之遷都，不必因秦虜太子東地至河近安邑始遷也。《世家》謂襄王五年始予秦河西之地，七年始盡入上郡于秦。是惠王三十一年前，秦地未嘗東至河矣。若謂遷都之歲秦實虜我太子，則《年表》有九年戰少梁虜太子之說。《史記》與《紀年》本合，特誤將遷都系於三十一年耳。考《竹書》惠王十年入河水于圃田，又為大溝而引圃水。……馬陵之戰，《孫子列傳》謂齊使田忌將而直走大樑，魏將龐涓聞之，去韓而歸，齊軍已過而西矣。此皆惠王九年遷都之證。”錢穆《魏徙大樑乃惠成王九年非三十一年辨》雲：“《秦記》孝公十年衛鞅為大良造，將兵圍魏安邑降之”。《年表》、《商君列傳》均載此事，而獨不見於《魏世家》。蓋安邑魏都，其在焉，豈得圍而便降？而徙都猶在十二年後；殆史公亦自知其不可安而滅去之者。《史記志疑》覺其不可通，而謂“安邑乃‘固陽’字誤。則亦曲為彌縫，而不悟其破綻之不止於此也。又《秦策》魏伐邯鄲，因退為逢澤之會。……逢澤近大樑，《秦策》所雲退為逢澤之遇者，足證其時魏已都大樑也。否則渡河而南，遠至逢澤，何雲退？故知《史記》三十一年徙都大樑之說必誤，不得據以疑《紀年》也。”（《先秦諸子系年》第一四八至一四九頁）說皆甚是。《楚策一》江乙惡昭奚恤，謂楚王曰：“邯鄲之難，楚進兵，大樑拔矣。昭奚恤取魏之寶器，以臣居魏知之。”是惠王十六年魏圍趙而楚進兵時，魏已徙都大樑，此更魏于惠王九年徙都大樑之明證矣。
前361,361,周顯王八年（西元前三六一年）,20,考案,秦、韓、趙、魏、晉,魏惠王,攻、救、取、會、遷,又案：古籍引《紀年》，魏徙大樑，有梁惠成王六年或九年之不同。以當時形勢而言，當以九年之記載為是。據張培瑜《中國先秦史曆表》西元前三六一年夏曆四月壬子朔，四月甲寅為初三。魏惠王八年魏與韓、趙交戰于澮，得勝，取趙皮牢，魏又攻趙取得列人與肥。魏惠王九年魏與韓、趙修好，魏惠王會韓昭侯于巫沙，又以榆次、陽邑與趙，易取趙之泫氏。蓋魏已遷都大樑，企圖以友好合作方式，調整魏與趙、韓之間交錯之城邑，從而使魏在中原之大片土地連成一塊，造成建都大樑之有利形勢。趙以突入魏境之舊都中牟（今河南鶴壁市西）交換魏之繁陽（今河南內黃西北）以及浮水一帶，亦在此時。《趙世家》載：“成侯十一年秦攻魏，趙救之于石阿（“阿”乃“門”字之誤）。十二年秦攻魏少梁，趙救之。”趙成侯十一年正當魏惠王六年，是年秦攻魏石門，石門在今山西運城西南，在安邑西南八十裡，因而趙派兵往救。秦在此大敗三晉之師，斬首六萬。但由於趙之救援，秦即退兵，未敢深入。次年秦又攻魏河西之少梁，趙又救之。此時魏尚建都于安邑，並佔有河西地。大樑故城遺址在今河南開封城西北。李長傅《開封歷史地理》雲：“大樑城有十二門，今可考只夷門、高門……考今鐵塔在夷山上，夷門當在鐵塔附近，即大樑城東壁抵現在鐵塔。固子門是開封外城西門，今名固子村，在城西三裡餘。高門又在其西二裡。則大樑城西壁在今城西五裡余，南壁假定到故汴河北岸，今相國寺南，北壁推算在今城北五裡。則大樑城面積比今開封稍大。”
前361,361,周顯王八年（西元前三六一年）,21,史料,趙、魏,,,昔魏徙大樑，趙以中牟易魏，故《志》曰：趙南至浮水繁陽。（《水經·河水注》）
前361,361,周顯王八年（西元前三六一年）,22,史料,趙、魏,,,自魏徙大樑，趙以中牟易魏，故趙之南界，極於浮水，匪直專漳也。（《水經·渠水注》）
前361,361,周顯王八年（西元前三六一年）,23,史料,韓、魏、宋,,取,韓昭侯二年宋取我黃池。魏取我朱。（《六國表》，《韓世家》同）
前361,361,周顯王八年（西元前三六一年）,24,考案,韓、魏、宋、鄭,,取,案：黃池在今河南封丘縣南。正當韓給予魏之平丘西南，其地亦不與韓之國都新鄭相連屬，因而為宋所取。朱之地望不詳，疑亦在其附近。
前361,361,周顯王八年（西元前三六一年）,25,史料,趙、魏,魏惠王,會,[魏惠王]十四年(當作十三年)與趙會鄗。(《魏世家》，《六國表》同)
前361,361,周顯王八年（西元前三六一年）,26,史料,越,,立,[初無餘之]十二年寺區弟忠弑其君莽安，次無顓立。（《越世家·索隱》引《紀年》）
前361,361,周顯王八年（西元前三六一年）,27,史料,越,,,越人三世弑其君，王子搜患之，逃乎丹穴，而越國無君，求王子搜，從之丹穴，王子搜不肯出，越人熏之以艾，乘之以王輿，王子搜援緩登車，仰天而呼曰：“君乎！獨不可以舍我乎？”(《莊子·讓王》，《呂氏春秋·貴生》同)
前361,361,周顯王八年（西元前三六一年）,28,史料,越,,圍、殺,越王搜有子四人。越王之弟曰豫，欲盡殺之而為之後。惡其三人而殺之矣，國人不說，大非上。又惡其一人而欲殺之，越王未之聽。其子恐必死，因國人之欲逐豫，圍王宮。越王太息曰：“餘不聽豫之言，以罹此難也。”(《呂氏春秋·審己》)
前361,361,周顯王八年（西元前三六一年）,29,考案,越,,圍、卒、立、殺,案：《淮南子·原道訓》雲：“越王翳逃山穴，越人熏而出之，遂不得已。”《呂氏春秋》高誘注：“王子搜，《淮南子》雲‘越王翳也’。《越世家·索隱》謂王子搜，樂資雲‘號曰無顓’。當出樂資《春秋後傳》，當有所據。《呂氏春秋》畢沅注亦雲：據《竹書紀年》翳為子所殺，越人殺其子，立無餘，又見殺，立無顓。是無顓方可雲三世殺其君。洪頤煊《讀書叢錄》以為即王之侯，雲：‘搜、授、侯三字皆相近。’《越世家》謂‘王翳卒，子王之侯立，王之侯卒，子王無疆立’。《索隱》又雲：‘蓋無顓後乃次無疆’，則王之侯固為無顓。《越世家》諱言三世殺其君之事，因而不載諸咎、初無餘之等見殺之君。”雷學淇《竹書紀年義證》謂：“是王本名翳，因逃乎丹穴，搜而出之，故以為名。授又搜之別字也，弟豫即孚錯枝，其子逐豫圍王宮，即太子諸咎殺其君翳之事。”出於推想，未有確據。馬敘倫《莊子義證》謂：搜即孚錯枝，“侯”“搜”皆由“孚”字而來，孚音亦幽類也。但憑字音推測，亦不可信。
前361,361,周顯王八年（西元前三六一年）,30,史料,齊,,,佳（唯）十又四年墮（陳）侯午台（以）群者（諸）侯獻金作皇妣孝大妃禕鉞錼（敦），台（以）髯（烝）台（以）嘗，保又（有）齊邦，永莖（世）毋忘。（《十四年陳侯午敦銘文》）
前361,361,周顯王八年（西元前三六一年）,31,考案,齊,,卒,案：《史記》記桓公六年卒，《紀年》則齊桓公十八年而後威王始見。據此銘文，亦可證《紀年》是而《史記》有誤。
前360,360,周顯王九年（西元前三六〇年）,1,史料,秦、楚、燕、韓、趙、魏,秦孝公、魏惠王,,秦孝公二年，魏惠王十年，韓昭侯三年，趙成侯十五年，田桓公十五年，楚宣王十年，燕文公二年。
前360,360,周顯王九年（西元前三六〇年）,2,史料,,,,梁惠成王十年入河水于甫田，又為大溝而引甫水。(《水經·渠水注》引《紀年》，《太平御覽》七十二引《水經注》作“梁惠成王十五年”)
前360,360,周顯王九年（西元前三六〇年）,3,考案,魏、周,,圍、徙都,案：《水經·渠水注》雲：圃田澤“在中牟縣西，西限長城，東極官渡，北佩渠水，東西四十許裡，南北二十許裡……浦水盛則北注，渠溢則南播，故《竹書紀年》：梁惠成王十年入河水于甫田，又為大溝而引甫水也。又有一瀆，自酸棗受河，導自濮瀆，曆酸棗徑陽武縣南出，世謂之十字溝而屬於渠，或謂是瀆為梁惠之所開，而不能詳也”。此為魏徙都大樑之後，在大樑周圍興修水利，先在黃河與圃田澤之間開鑿運河，引黃河之水流入圃田，又從圃田開大溝以利航運與灌溉。此後，梁惠王三十一年又從大樑北郭開大溝，以引圃田水。此乃鴻溝最早開鑿之一段。
前360,360,周顯王九年（西元前三六〇年）,4,史料,秦,,,梁惠成王十年瑕陽人自秦道岷山青衣水來歸。（《水經·青衣水注》引《紀年》）
前360,360,周顯王九年（西元前三六〇年）,5,考案,秦、魏、越,,聘、會,案：瑕陽為魏地，在今山西臨猗縣西。《水經·青衣水注》謂青衣“縣有蒙山，青衣水所發，東徑其縣，與沭水會於越嶲郡之靈關道”。蒙山即岷山，在今四川蘆山縣北。蓋瑕陽之水利專家為蜀所聘，由魏經秦入蜀，為之疏導，此時自秦來歸。
前360,360,周顯王九年（西元前三六〇年）,6,史料,秦、周,秦孝公,,[周顯王]九年致文武胙于秦孝公。（《周本紀》，《秦本紀》系“天子致胙”于秦孝公二年，《六國表》同）
前360,360,周顯王九年（西元前三六〇年）,7,史料,齊、趙、魏,,攻,[趙成侯]十五年助魏攻齊。（《趙世家》）
前360,360,周顯王九年（西元前三六〇年）,8,史料,周,,,東周惠公傑薨。（《六國表》周顯王九年《集解》徐廣引《紀年》）
前360,360,周顯王九年（西元前三六〇年）,9,考案,韓、趙、周,,立,案：梁玉繩《古今人表考》以傑為東周昭文君之名。雲：“昭文君是東周君，則必東周惠公之子，《史記·周本紀·索隱》謂西周武公太子為文公，非也。”今按：東周惠公為周威公之少子，名根。周顯王二年周威公死，根得趙韓兩國之助，與太子爭立，因而另立東周小國。此條《紀年》有誤，疑當作“東周惠公薨，子傑立”。
前360,360,周顯王九年（西元前三六〇年）,10,史料,秦、魏、宋,,,梁惠王發逢忌之藪以賜民。(《漢書·地理志》注引臣瓚轉引《汲郡古文》，《左傳》哀公十四年《正義》、《太平御覽》一百五十八所引相同，惟“發”誤作“廢”。《輿地廣記》卷五東京開封縣下、《路史·國名記甲》注引《紀年》同)案：《漢書·地理志》河南郡開封，“逢池在東北，或曰宋之逢澤也。”注引臣瓚曰：“《汲郡古文》梁惠王發逢忌之藪以賜民，今浚儀有蓬陂、忌澤是也。”《秦本紀·集解》引徐廣曰：“開封東北有逢澤。”《正義》引《括地志》雲：“逢澤亦名逢池，在汴州浚儀縣東南十四裡。”歷來輯《紀年》者，列此事于魏徙大樑之後，今從之。蓋亦魏徙大樑後之開發設施。
前359,359,周顯王十年（西元前三五九年）,1,史料,秦、楚、燕、韓、趙、魏,秦孝公、魏惠王,,秦孝公三年，魏惠王十一年，韓昭侯四年，趙成侯十六年，田桓公十六年，楚宣王十一年，燕文公三年。
前359,359,周顯王十年（西元前三五九年）,2,史料,秦、衛,秦孝公,卒、變法,[秦孝公]三年衛鞅說孝公變法修刑，內務耕稼，外勸戰死之賞罰，孝公善之。甘龍、杜摯等弗然，相與爭之。卒用鞅法，百姓苦之。（《秦本紀》）
前359,359,周顯王十年（西元前三五九年）,3,史料,秦、趙、衛、代,趙武靈王,卒、立、變法、滅,孝公既用衛鞅，鞅欲變法，恐天下議己。衛鞅曰：“疑行無名（《商君書·更法》作“臣聞之，疑行無成”，《長短經·適變》、《太平御覽》四百九十六引《商君書》皆作“無名”，《新序·善謀》第七章亦作“無名”)，疑事無功（《商君書》此句下有“君亟定變法之慮，殆無顧天下之議之也”。《新序》有“君亟定變法之慮，行之無疑，殆無顧天下之議”)，且夫有高人之行者，固見非於世（“見非”，《商君書》作“見負”，《新序》作“負非”），有獨知之慮者，必見敖于民（“敖”，《商君書》作“驁”，《新序》作“警”）。愚者閫於成事（《商君書》、《新序》此句上有“語曰”二字。“闇”，《商君書》作“暗”），知者見於未萌。民不可與慮始，而可與樂成。論至德者不和於俗（《商君書》、《新序》此句上有“郭偃之法曰”五字)，成大功者不謀於眾（《商君書》、《新序》此句下有“法者所以愛民也，禮者所以便事也”兩句)。是以聖人苟可以強國（《新序》“強”作“治”），不法其故；苟可以利民，不循其禮。”孝公曰：“善。”甘龍曰：“不然。聖人不易民而教，知者不變法而治。因民而教，不勞而成功。緣法而治者（《商君書》、《新序》“緣”作“據”），吏習而民安之。”（《商君書》此句下有“今若變法，不循秦國之故，更禮以教民，臣恐天下之議君，願孰察之”。《新序》此句下有“今君變法不循故，更禮以教民，臣恐天下之議君，願君熟慮之”。衛鞅曰：“龍之所言（《商君書》、《新序》“龍”作“子”），世俗之言也（《新序》“言”作“所知”），常人安於故俗（《商君書》作“故習”），《新序》作“所習”），學者溺于所聞，以此兩者居官守法可也（《商君書》、《新序》作“此兩者所以居官而守法”），非所與論於法之外也。三代不同禮而王（《商君書》、《新序》“禮”作“道”），五伯不同法而霸（《商君書》、《新序》“伯”作“霸”），智者作法，愚者制焉；賢者更禮，不肖者拘焉。”（《商君書》此句下有“拘禮之人不足與言事，制法之人不足與論變，君無疑矣”。《新序》同《商君書》，惟“論變”作“論治”)杜摯曰：“利不百不變法，功不十不易器。法古無過，循禮無邪。”（《商君書》、《新序》此句下有“君其圖之”四字)衛鞅曰：“治世不一道，便國不法古。故湯武不循古而王，夏殷不易禮而亡。反古者不可非，而循禮者不足多。”（《商君書》衛鞅所言作“前世不同教，何古之法？帝王不相複，何禮之循？伏羲、神農教而不誅，黃帝、堯、舜誅而不怒，及至文、武，各當時而立法，因事而制禮，禮法以時而定，制令各順其宜。兵甲器備，各便其用。臣故曰：治世不一道，便國不必法古。湯武之王也，不循古而興；殷夏之滅也，不易禮而亡。然則反古者未必可非，循禮者未足多是也，君無疑矣”。《新序》大體同《商君書》孝公曰：“善。”（《商君書》“善”下有“吾聞窮巷多怪，曲學多辨，愚者笑之，智者哀焉，狂夫之樂，賢者喪焉，拘世以議寡人不之疑矣”。《新序》“笑之”作“之笑”，“喪”作“憂”。《太平御覽》一百九十五引《商君書》“怪”作“恡”。錢熙祚、朱師轍皆以為作“恡”是也)以衛鞅為左庶長，卒定變法之令。（《商君列傳》，《商君書·更法》因襲趙武靈王與肥義、趙文、趙造等人辯論胡服之辭，大加增飾，《新序》第七章更因襲《商君書》。《商君書》結句作“於是遂出墾草令”)
前359,359,周顯王十年（西元前三五九年）,4,考案,秦、趙、周、衛,商鞅、秦孝公、趙武靈王,卒、變法,案：上述衛鞅與甘龍、杜摯在秦孝公前辯論變法之辭，當以《商君列傳》較為原始。《商君書》晚出，與《趙策二》第四章、《趙世家》所載趙武靈王與肥義、趙文、趙造等人辯論胡服之辭，頗多因襲而相同。蓋《商君書》作者因襲而增飾者，並不足信。《趙策二》與《趙世家》所載，確是就胡服而辯論。趙武靈王駁趙造，謂三王“法令制度各順其宜，衣服、器械各使其便”，亦就胡服而辯論。而《商君書》公孫鞅駁杜摯，謂文武“制令各順其宜，兵甲器備，各便其用”。此與商鞅變法之主旨不合。《趙策二》、《趙世家》辯論之結果，為“遂胡服招騎射”，與辯論頗為確切。而《商君書》辯論之結果“於是遂出墾草令”，與辯論之主旨亦不合。當以《商君列傳》作“卒定變法之令”為是。《資治通鑒》據《商君列傳》是也。已辨在周赧王八年案語中。
前359,359,周顯王十年（西元前三五九年）,5,考案,秦、韓、衛,秦孝公,卒、變法,又案：《商君列傳》謂經此辯論，孝公“以衛鞅為左庶長，卒定變法之令”。《商君書·更法》謂“於是遂出墾草令”。而《秦本紀》則雲：嗣後“居三年，百姓便之，乃拜鞅為左庶長”。是《秦本紀》以孝公三年已用鞅法，至孝公六年乃拜鞅為左庶長。與《商君列傳》以鞅為左庶長而下變法令者異。余考《秦策一》雲：“商君治秦，法令至行……孝公行之十八年，疾且不起。”《韓非子·和氏》雲：“商君教秦孝公……明法令……孝公行之，主以尊安，國以富強，八年而薨。”王先慎《集解》雲：“疑‘八’上奪‘十’字”，是也。孝公二十四年卒，上推十八年，適為孝公六年，然則鞅於孝公六年為左庶長，下令變法亦端在六年。殆孝公三年鞅雖議變法，以甘龍、杜摯之非難，實未嘗行歟？
前359,359,周顯王十年（西元前三五九年）,6,史料,韓、趙、魏、晉,,,[趙成侯]十六年與韓、魏分晉，封晉君以端氏。（《趙世家》）
前359,359,周顯王十年（西元前三五九年）,7,考案,韓、趙、魏、晉,,取、遷,案：三家分晉，惟上黨之屯留長子等邑尚為晉所有。《紀年》載梁惠王元年韓、趙遷晉君於屯留，取其長子，故《趙世家》載趙成侯五年韓與趙長子。此年韓、趙又遷晉君於端氏，故《紀年》載梁惠王十二年韓取屯留、長子、涅。《趙世家》謂此年趙與韓、魏分晉，魏實不與焉。
前359,359,周顯王十年（西元前三五九年）,8,史料,魏,魏惠王,,魏惠王十二年(當作十一年)星晝墜，有聲。(《六國表》，《魏世家》同)
前359,359,周顯王十年（西元前三五九年）,9,史料,趙、代,趙武靈王,立、變法,孝公平畫，公孫鞅、甘龍、杜摯三大夫禦于君，慮世事之變，討正法之本，求使民之道。君曰：“代立不忘社稷，君之道也；錯法務民主長（今本《商君書》有“長”誤作“張”者），今吾欲變法以治，更禮以教百姓（以上二句《新序·善謀》作“今吾欲更法以教民”），恐天下之議我也。”公孫鞅曰：“臣聞之，疑行無成，疑事無功……”（《商君書·更法》“公孫鞅曰”以下，與《商君列傳》大體相同，而據《趙策二》趙武靈王與肥義等人辯論胡服之辭，大加增飾。已見前引《商君列傳》及附注中。此開首一段，亦因襲《趙策二》而增飾者）
前358,358,周顯王十一年（西元前三五八年）,1,史料,秦、楚、燕、韓、趙、魏,秦孝公、魏惠王,,秦孝公四年，魏惠王十二年，韓昭侯五年，趙成侯十七年，田桓公十七年，楚宣王十二年，燕文公四年。
前358,358,周顯王十一年（西元前三五八年）,2,史料,鄭,,取,梁惠成王十二年，鄭取屯留、尚子、涅。（《水經·濁漳水注》引《紀年》，《太平御覽》一百六十三引作“鄭取屯留、尚子，即長子之地也”。《太平寰宇記》四十五潞州長子縣下引作“鄭取屯留、長子”。《路史·國名記丁》引作“鄭取屯留、尚子”)
前358,358,周顯王十一年（西元前三五八年）,3,考案,韓、晉,,取,案：尚子即長子，《太平御覽》“即長子之地也”，當為解釋之辭。涅在今山西武鄉西北，在屯留之北。亦當為晉君所有之邑。是年原屬晉君之屯留、長子、涅三邑，均為韓所取。梁惠成王十二年龍賈率師築長城於西邊。（《水經·濟水注》引《紀年》
前358,358,周顯王十一年（西元前三五八年）,4,史料,秦、魏,,徙都,秦通崤塞而魏築城也。（《淮南子·說林訓》，高誘注：“魏徙都于大樑，聞秦通治崤關，知欲來東兼之，故築城設守備也。”）
前358,358,周顯王十一年（西元前三五八年）,5,考案,秦、魏,蘇秦,會,案：《水經·陰溝水注》雲：“右瀆東南經陽武城北，東南絕長城；經安亭北，又東北會左瀆，左瀆又東絕長城。”《水經·渠水注》又雲：“圃田澤，在中牟縣西，西限長城。”《續漢書·郡國志》河南郡下：“卷有長城，經陽武到密。”策士所造蘇秦遊說魏襄王之辭，謂魏“西有長城之界”，《蘇秦列傳·集解》徐廣曰：“滎陽卷縣有長城，經陽武到密。”魏此時所築西邊長城，起自黃河邊之卷，在今河南原陽西，東向到陽武，在今原陽東南，折而往西南行，到密；在今河南密縣東北。《淮南子》所謂“秦通崤塞而魏築城”，所築即此長城。
前358,358,周顯王十一年（西元前三五八年）,6,史料,楚,,,梁惠成王十二年楚師出河水，以水長垣之外。（《水經·河水注》引《紀年》）
前358,358,周顯王十一年（西元前三五八年）,7,考案,楚、燕、韓、趙、魏、宋、代,,攻,案：方詩銘、王修齡《古本竹書紀年輯證》雲：“《永樂大典》本作出，朱謀瑋本出作山，《箋》曰：謝兆申雲：宋本作楚師決河。全祖望校本改為決水，趙一清、戴震校本仍作出，此條疑有脫訛。”今按《水經·河水注》雲：“河水舊于白馬縣南泆通濮、濟、黃溝，故蘇代說燕曰：決白馬之口，魏無黃、濟陽。《竹書紀年》：梁惠成王十二年楚師出河水，以水長垣之外者也。金隄既建，故渠水斷，尚謂之白馬瀆。”古黃河白馬口在今河南浚縣東南，楚師不能攻到此地。長垣即首垣，在今河南長垣東北，其地介於濮水、濟水之間。蓋是時，黃河有水災，河水由白馬口南泆通濮、濟，楚師引之以灌韓長垣之外。”
前358,358,周顯王十一年（西元前三五八年）,8,史料,秦、韓,,,[韓]昭侯元年(當作四年)秦敗我西山。(《韓世家》，《六國表》同)
前358,358,周顯王十一年（西元前三五八年）,9,史料,趙、魏、周,魏惠王,,[趙成侯]十七年成侯與魏惠王遇葛孽。（《趙世家》）周顯王十二年（西元前三五七年）
前358,358,周顯王十一年（西元前三五八年）,10,史料,秦、楚、燕、韓、趙、魏,秦孝公、魏惠王,,秦孝公五年，魏惠王十三年，韓昭侯六年，趙成侯十八年，田桓公十八年，楚宣王十三年，燕文公五年。
前358,358,周顯王十一年（西元前三五八年）,11,史料,鄭,,取,梁惠成王十三年鄭釐侯使許息來致地：平丘、戶牖、首垣諸邑。及鄭馳地（“馳”讀作“弛”，弛地謂易地），我取枳道與鄭鹿。（《水經·河水注》引《紀年》）
前358,358,周顯王十一年（西元前三五八年）,12,考案,秦、楚、燕、韓、趙、魏、晉、周、衛、鄭、代,蘇秦、燕昭王,攻、取、遷,案：《永樂大典》本、朱謀坲本作“十三年”，趙一清、戴震校本作“十一年”，朱右曾、王國維輯本從戴校本作“十一年”，而雷學淇引作“十三年”。當以十三年為是。蓋此與十二年“楚師出河水以水長垣之外”有關聯。《永樂大典》本作“馳地”，全祖望、趙一清、戴震改作“馳道”，非是。蓋不理解“馳地”之本義而誤改。考鄭鹿即白馬口所在，在今河南浚縣東南，首垣即長垣，在今河南長垣縣東北，平丘在今河南封丘縣東，戶牖在今河南蘭考縣北。由鄭鹿至首垣、平丘、戶牖，此一狹長地帶，原為韓地而突入于魏國境內。上年楚攻韓之首垣，引白馬口向南“浚通濮、濟、黃溝”之河水，以灌首垣之外，使韓難以防守，因而韓於是年遣使來魏，致送平丘、戶牖、首垣諸邑與魏，以便與魏交換適當之城邑。《水經·河水注》于黎陽城下雲：“余按《竹書紀年》梁惠成王十三年鄭釐侯使許息來致地：平邑、戶牖、首垣諸邑。及鄭馳地，我取枳道與鄭鹿。”鄭鹿即是城也。今城內有故台，尚謂之鳴鹿台，又謂之鳴鹿城，王玄謨自滑台走鹿鳴者也。濟取名焉，故亦曰鹿鳴津，又曰白馬濟。津之東南有白馬城，衛文公東徙，渡河都之，故濟取名焉。”鄭鹿即白馬口之所在。是年韓先遣使來致首垣等三邑，及與韓相互交換城邑時，魏又取得枳道與鄭鹿。蓋枳道為通太行山之要道，白馬口為黃河重要之渡口，並關係魏國之安危。《韓非子·初見秦》雲：“決白馬之口，以沃魏氏，是一舉而三晉亡。”蘇代約燕昭王亦曰：“決白馬之口，魏無黃、濟陽”（見《蘇秦列傳》與《燕策二》第一章）。魏遷都大樑之後，先後與趙、韓交換城邑，使魏在中原之土地連結成一塊，造成十分有利之形勢。王念孫《讀書雜誌》與王引之《經義述聞》皆謂“馳”當讀作“弛”，馳地即弛地，《爾雅·釋詁》雲：“弛，易也。”甚是。弛地即謂交換土地。《紀年》為魏史，僅言魏在交換土地時取得之城邑，未言韓取得之城邑。黃式三《周季編略》編此于周顯王十一年，雲：“韓侯使許息致平丘、戶牖、首垣諸邑及馳道于魏。魏取馳道諸邑，與韓以鹿。”此記大誤。既誤從“馳道”之改字，又誤讀“與鄭鹿”為句，誤以為“與韓以鹿”。其實，鄭鹿為一地名，即白馬口所在，《水經注》論證甚明，不容曲解。
前358,358,周顯王十一年（西元前三五八年）,13,史料,韓、魏、宋,,取,韓昭侯二年宋取我黃池，魏取我朱。（《六國表》，《韓世家》同，惟無“我”字）
前358,358,周顯王十一年（西元前三五八年）,14,考案,韓、魏、宋、鄭,,取,案：黃池在今河南封丘縣南，正當韓給予魏之平丘西南。其地亦不與韓之國都新鄭相連屬，中隔魏地，因而為宋所取。朱之地望不詳，疑亦在其附近。
前358,358,周顯王十一年（西元前三五八年）,15,史料,鄭,,圍、盟,[梁]惠成王十三年王及鄭釐侯盟于巫沙，以釋宅陽之圍，歸釐于鄭。（《水經·濟水注》引《紀年》）
前358,358,周顯王十一年（西元前三五八年）,16,考案,魏,,,案：宅陽又名北宅，在魏西邊魏長城以外，在今河南原陽縣西南，麓又在宅陽西南。
前358,358,周顯王十一年（西元前三五八年）,17,史料,趙、魏,魏惠王,會,魏惠王十四年（當作十三年）與趙會鄗。（《魏世家》，《六國表》同）
前358,358,周顯王十一年（西元前三五八年）,18,考案,韓、趙、魏、宋,,會,案：胡克家刻本《資治通鑒》誤作“魏、韓會於鄗”。宋刊十一行本與孔天胤本同誤，惟宋十二行本“韓”作“趙”，是也。鄗在今河北高邑縣東，為趙之城邑。不可能為魏、韓王相會之地。
前358,358,周顯王十一年（西元前三五八年）,19,史料,齊、趙,,,趙成侯十八年趙孟如齊。（《六國表》）
前358,358,周顯王十一年（西元前三五八年）,20,史料,秦、楚,,會,$ \underset{\cdot}{楚} $宣王十三年君尹黑迎女秦。（《六國表》）案：《會注考證》雲：“君尹疑右尹。”馬非百《秦集史》亦雲：“楚無君尹之官，當是右尹之誤。”
前358,358,周顯王十一年（西元前三五八年）,21,史料,齊,,,梁惠王之十三年當齊桓公十八年，後威王始見。（《田齊世家·索隱》引《紀年》說）
前358,358,周顯王十一年（西元前三五八年）,22,考案,秦、齊、魏、晉、衛,,救、卒、立,案：《魏世家·索隱》雲：“《紀年》齊幽公之十八年而威王立。”雷學淇《義證》雲：“幽公即桓公之訛”，是也。而《田世家》雲：“[桓公]六年救衛，桓公卒，子威王因齊立。”錢穆《先秦諸子系年》雲：“六乃十八二字併合之誤，如《晉世家·索隱》引《紀年》‘敬公十八年魏文侯初立’，十八二字乃六字分離之誤也。”（第一九八頁）其說亦是。田桓公制作有十年與十四年陳侯午敦，則桓公固不止六年，而在十四年以上，亦可證《紀年》之說為是。
前358,358,周顯王十一年（西元前三五八年）,23,考案,秦、齊、魏、周、吳,齊威王,伐、卒、立、即位,又案：《田世家·索隱》據《紀年》雲：“梁惠王之十三年當齊桓公十八年，後威王始見，則桓公立十九年而卒。”雷學淇《竹書紀年義證》雲：“《魏世家·索隱》引《紀年》謂惠王二十八年與齊戰于馬陵，而《田齊世家·索隱》引《紀年》，謂威王十四年與梁戰于馬陵，是威王之元年，當惠王十五年明矣。威之元年在惠王十五年，則齊桓公之卒在惠王十四年明矣。故《索隱》曰桓公十九年而卒。桓既卒于明年，而此雲威王立者，或立為太子，否則桓公退老使威王攝政，至明年桓公卒，而威王始即繼體之位，又明年始改元。猶春秋時齊靈莊之故事矣。”而錢穆《先秦諸子系年》難之曰：“《索隱》既雲齊桓公十八年威王始見，則桓公即以十八年卒也，而又雲立十九年而卒者。人君於即位之翌年稱元，故一稱十八，一稱十九年也。……雷說可解于梁惠王十三年當齊桓公十八年之說，而無以解桓公立十九年卒之說也。……謂威王立乃立太子，否則桓公退老攝政，此皆無證臆測，實不可從。蓋雷氏定威王元在梁惠王十五年，則桓公卒自當在十四年，而又與《索隱》引《紀年》桓公十八年威王立及惠王十三年威王始見兩條不符，故不得不強為之說如是。”（第一九八至一九九頁）又雲：“《孫子吳起列傳·索隱》雲：‘王劭按《紀年》梁惠王……二十七年十二月齊田盼敗梁馬陵……’又《田敬仲世家·索隱》引《紀年》‘齊威王十四年田盼伐梁馬陵’。考《紀年》惠成王十三年齊桓公卒，威王立，威王十四年，正當惠成王二十七年，而《魏世家·索隱》引《紀年》惠王二十八年，與齊田盼戰于馬陵，則又何也？竊疑齊伐魏在惠成王二十七年之冬，而魏敗則在二十八年。”（第二五六至二五七頁）餘考《史記》魏武侯之世誤前一年，而惠王未改前誤多一年，齊桓公弑君自立，在魏武侯二十二年，即周烈王二年，當未逾年改元。其十八年當梁惠王十三年，即周顯王十二年，是年威王立。威王十四年，當梁惠王二十七年，即周顯王二十六年，是年適有馬陵之役。雷氏固強說，而錢氏定威王立于周顯王十一年，亦未為得。
前358,358,周顯王十一年（西元前三五八年）,24,考案,齊、趙、魏、晉、周、魯,齊威王,攻、卒、立、取、殺,又案：《田齊世家》以齊威名因齊，《趙策三》作田嬰齊，《魯仲連列傳》亦作因齊。《陳侯因資鐔銘文》作因資，丁山《由陳侯因資鐔銘黃帝論五帝》（中央研究院歷史語言研究所集刊三本四分冊）謂“資”古或作“齋”，後乃省作“齊，而日人高田忠周《學古發凡》謂因齊之名乃取得齊之義，本字當作“因臍”，“資”乃“臍”之異文。高田氏之說是也。梁玉繩《古今人表考》雲：“威王之名，《年表》、《世家》、《魯仲連傳》作因齊，《趙策》作嬰齊，並傳寫誤。時田嬰用事，決無君臣同名之理，而齊王自不當以齊為名，其一曰因，不但《穰苴傳》可證，《莊子釋文》固雲威王名因，古不避嫌名，故：有嬰子也。其一曰牟，惟見《莊子》。”余考《司馬穰苴列傳》雲：“至常曾孫和，因自立為齊威王”，此本誤文，且“因”為虛辭，何得據以定威王名因耶？《莊子·則陽》雲：“魏瑩與田侯牟約，田侯牟背之，魏瑩怒，將使人刺之，犀首問而恥之，曰：‘……衍請受甲二十萬為君攻之……忌也出走，然後扶其背，折其脊。’……惠子聞之而見戴晉人。”釋文雲：“與田侯一本作“田侯牟”，“司馬雲田侯齊威王也，名牟，桓公子。”俞樾《諸子平議》雲：“桓公名午，與牟字相似，牟或午之訛，然齊桓公午與梁惠王不相值也。”考《紀年》梁惠王十三年齊桓公卒，桓公固與惠王相值，然與公孫衍、田忌、惠施仍不同時。馬敘倫《莊子義證》雲：“《世家》又曰‘威王三十三年殺其大夫牟辛’，《集解》引徐廣曰‘一作夫人’……然則牟豈田侯夫人之名而莊子誤以為田侯名邪？或當從陸本無牟字，一本有牟字，蓋因下句而加也。牟或借為倍……讀者以背釋矣。傳寫誤為牟背，複加牟字于上句田侯之下。”疑馬氏或說近是。《莊子》寓言十九，豈足據為典要？
前356,356,周顯王十三年（西元前三五六年）,1,史料,秦、齊、楚、燕、韓、趙、魏,秦孝公、齊威王、魏惠王,,秦孝公六年，魏惠王十四年，韓昭侯七年，趙成侯十九年，齊威王元年，楚宣王十四年，燕文公六年。
前356,356,周顯王十三年（西元前三五六年）,2,史料,魏、魯、衛、宋、鄭,魏惠王,,[魏惠王]十五年(當作十四年)魯、衛、宋、鄭君來朝。(《魏世家》，《六國表》同，無“朝”字)
前356,356,周顯王十三年（西元前三五六年）,3,史料,魏、魯、衛、宋、鄭,魏惠王,,[魏惠王十四年]魯恭侯、宋桓侯、衛成侯、鄭釐侯來朝。(《魏世家·索隱》引《紀年》雲：“皆在十四年。”《六國表·集解》徐廣引《紀年》作“魯共侯來朝”)
前356,356,周顯王十三年（西元前三五六年）,4,史料,衛,,,[衛成侯]十六年衛更貶號曰侯。（《衛世家》）
前356,356,周顯王十三年（西元前三五六年）,5,考案,魏、周、衛,,,案：余考衛成侯元誤後十年，其十六年適當周顯王十三年，是年以朝魏而貶號曰侯。不然如《六國表》之紀年，貶號為侯在其後十年，何《紀年》已稱之為衛成侯乎？
前356,356,周顯王十三年（西元前三五六年）,6,史料,齊、楚、魏、晉、魯,,盟,梁王魏嬰觴諸侯于范台，酒酣，請魯君舉觴。魯君興，避席擇言曰：“昔者帝女令儀狄作酒而美（姚注：“一本無令字。”王念孫以一本無令字為是。《文選·七啟、七命》注及《太平御覽》一百四十八引皆無令字可證)，進之禹，禹飲而甘之，遂疏儀狄，絕旨酒，曰：‘後世必有以酒亡其國者。’齊桓公夜半不賺，易牙乃煎敖燔炙，和調五味而進之。桓公食之而飽，至旦不覺，曰後世必有以味亡其國者。晉文公得南之威（姚注：“一本無之字。”《文選·與楊德祖書、七啟》注、《太平御覽》三百八十、《初學記》十九引皆無“之”字)，三日不聽朝，遂推南之威而遠之，曰：‘後世必有以色亡其國者。’楚王登強台而望崩山，左江而右湖，以臨彷徨，其樂忘死，遂盟強台而弗登，曰：‘後世必有以高臺陂池亡其國者。’今主君之尊，儀狄之酒也，主君之味，易牙之調也，左白台而右閭須，南威之美也，前夾林而後蘭台，強台之樂也。有一於此，足以亡其國。今主君兼此四者，可無戒歟？”梁王稱善相屬。（《魏策二》第十七章）
前356,356,周顯王十三年（西元前三五六年）,7,考案,魏、周、魯、衛、宋、鄭,魏惠王,稱王,案：鮑彪注：“嬰，史作茝，音相近。此（魏惠）十五年魯、衛、宋、鄭君來朝。”呂祖謙《大事記·解題》雲：“是時魏惠王方強，諸侯相率而朝之也。《索隱》按《紀年》：魯恭侯、宋桓侯、衛成侯、鄭釐侯，桓侯即公剔成，釐侯即昭侯。”今本《竹書紀年》系“魏觴諸侯于范台”于周烈王二年，即魏武侯二十二年。金正煒《戰國策補釋》駁之曰：“武侯不名嬰，亦未稱王。”當以鮑說為是。魯侯當即《紀年》之魯恭侯，一作魯共侯，亦即《魯世家》、《六國表》之魯共公。
前356,356,周顯王十三年（西元前三五六年）,8,史料,齊、燕、趙、宋,,會,[趙成侯]十九年與齊、宋會平陸，與燕會阿。（《趙世家》，《六國表》同）
前356,356,周顯王十三年（西元前三五六年）,9,史料,燕、魏、魯,魏惠王,會,[魏惠王十四年]魯共侯來朝。邯鄲成侯會燕成侯于安邑。（《六國表·集解》徐廣引《紀年》，“於”字或誤作“乎”）
前356,356,周顯王十三年（西元前三五六年）,10,考案,燕,,,案：阿，或作安，又作葛，皆聲轉通用。在今河北徐水縣東南，保定市東。是年據《史記》為燕文公六年，而《紀年》作燕成侯，疑“成”字涉前邯鄲成侯而誤。方詩銘、王修齡《古本竹書紀年輯證》有此疑。今無以考定。陳夢家《六國紀年》以為當作燕成侯，並無確據。
前356,356,周顯王十三年（西元前三五六年）,11,史料,齊、趙,齊威王,會,齊威王二十三年（當作元年）與趙會平陸。（《六國表》，《田世家》同，惟“趙”下誤多“王”字）
前356,356,周顯王十三年（西元前三五六年）,12,史料,秦、衛,秦孝公,變法,[秦孝公六年]乃拜鞅為左庶長。（《秦本紀》，《紀》謂孝公三年衛鞅說孝公變法，居三年“乃拜鞅為左庶長”）
前356,356,周顯王十三年（西元前三五六年）,13,史料,秦、衛,秦孝公,卒、變法,[秦孝公]以衛鞅為左庶長，卒定變法之令：令民為什伍而相牧司連坐（“牧”，各本誤作“收”，從王引之據《索隱》本改正）。不告奸者腰斬，告奸者與斬敵首同賞，匿奸者與降敵同罰。民有二男以上不分異者，倍其賦。有軍功者，各以率，受上爵；為私鬥者，各以輕重被刑大小。僇力本業、耕織致粟帛多者複其身。事末利及怠而貧者，舉以為收孥。宗室非有軍功，論不得為屬籍。明尊卑爵秩等級各以差次，名田宅、臣妾、衣服以家次。有功者顯榮，無功者雖富無所芬華。（《商君列傳》）
前356,356,周顯王十三年（西元前三五六年）,14,史料,,,卒、立,令既具，未布，恐民之不信，已乃立三丈之木于國都市南門，募民有能徙置北門者，予十金。民怪之，莫敢徙。複曰：“能徙者，予五十金。”有一人徙之，輒予五十金，以明不欺。卒下令，令行於民。（《商君列傳》）
前356,356,周顯王十三年（西元前三五六年）,15,考案,秦、魏,商鞅,變法、取,案：商鞅在秦變法，與李悝在魏變法，同為獎勵耕戰，謀求富國強兵，但具體措施大不相同。魏處中原，地多開墾，因而李悝主張“盡地力之教”，獎勵精耕細作，增加產量，防止災害與損失，充分利用空閒土地。秦處邊陲，地廣人稀，荒地甚多，因而商鞅著重開闢與分配耕地，獎勵墾荒。此即孟子所反對之“辟草萊，任土地”(《孟子·離婁上》)，朱熹注雲：“辟，開墾也，任土地謂分土授民，使任耕稼之責，如李悝盡地方、商鞅開阡陌之類也。”《商君書·更法》謂商鞅變法之令，首要即為“墾草令”。但《商君書》之《墾令》，並非獎勵墾荒之命令，而是說明二十種督促獎勵墾荒之辦法。此當出於商鞅之後學所追述，但其內容尚能反映當時所推行之重農抑商政策。例如主張“訾粟而稅，則上壹而民平”，可以使“壯民疾農不變”。所謂“訾粟而稅”，即收取一定數量粟米之地稅制度。又如主張“按食口之數，賦而重使之”（“賦”原誤作“賤”，今從孫詒讓校正），因為“祿厚而稅多，食口眾者，敗農者也”。即用以限止官僚地主養有眾多食客者。再如“重關市之賦”，“以商之口數使商，令之廝與重者必當名”，蓋令商之役人多者必當名應役。更主張推行統一的縣制，“百縣之治一形”，“官屬少，征不煩，民不勞”。“無宿治”（即百官不得稽延公事），則邪官不及為私利於民。並主張“重刑而連其罪（即用重刑而實施連坐法），則褊急之民不圖，很剛之民不訟，怠惰之民不游，賈資之民不作”，“聲服無通於百縣（即聲色服玩不使行於百縣），則民行作不顧，休居不聽”，“貴酒肉之價，重其租，令十倍其樸”。
前356,356,周顯王十三年（西元前三五六年）,16,史料,秦、韓,,,公孫鞅之治秦也，設告坐而責其實，連什伍而同其罪，賞厚而信，刑重而必，是以其民用力勞而不休，逐敵危而不卻，故其國富而兵強。（《韓非子·定法》）
前356,356,周顯王十三年（西元前三五六年）,17,史料,秦、韓,秦孝公,,商君教秦孝公以連什伍設告坐之過，燔詩書而明法令，塞私門之請而遂公家之勞，禁遊宦之民，而顯耕戰之士。（《韓非子和氏》）
前356,356,周顯王十三年（西元前三五六年）,18,史料,韓,,,公孫鞅之法也，重輕罪……公孫鞅曰：“行刑重其輕者，輕者不至，重者不來，是謂以刑去刑也。”（《韓非子·內儲說上》）
前356,356,周顯王十三年（西元前三五六年）,19,考案,秦、衛,,,案：李斯上秦二世書雲：“故商君之法，刑棄灰於道者。夫棄灰，薄罪也，而被刑，重罰也。”見《李斯列傳》。又《商君列傳·集解》引《新序》曰：“今衛鞅內刻刀鋸之刑，外深鐵鉞之誅，步過六尺者有罰，棄灰於道者被刑。”
前356,356,周顯王十三年（西元前三五六年）,20,史料,韓,,遷,商君之法曰：“斬一首者爵一級，欲為官者，為五十石之官；斬二首者，爵二級，欲為官者，為百石之官。”官爵之遷，與斬首之功相稱也。（《韓非子·定法》）
前356,356,周顯王十三年（西元前三五六年）,21,史料,秦,,,商君為法于秦，戰斬一首進爵一級，欲為官者五十石。其爵名：一，公士。二，上造。三，簪裹。四，不更。五，大夫。六，官大夫。七，公大夫。八，公乘。九，五大夫。十，左庶長。十一，右庶長。十二，左更。十三，中更。十四，右更。十五，少上造。十六，大上造。十七，駟車庶長。十八，大庶長。十九，關內侯。二十，徹侯。（《漢書·百官表》）
前356,356,周顯王十三年（西元前三五六年）,22,史料,,,,四境之內，丈夫女子皆有名於上，生者著，死者削（“生”字原脫，從俞樾據崇文本補）。其有爵者乞無爵者以為庶子，級乞一人。其無役事也，其庶子役大夫月六日，其役事也，隨而養之。（《商君書·境內》）
前356,356,周顯王十三年（西元前三五六年）,23,史料,,,卒,軍爵，自一級以下至小夫，命曰校、徒、操、士（“士”原作“出”，從俞樾改正）、公爵，自二級以上至不更，命曰卒。其戰也，五人束薄為伍（“束”原誤作“來”，從孫詒讓改正，“薄”通“簿”），一人死而到四人（“死”原誤作“羽”，“剄”原誤作“輕”，從孫詒讓改正）。能人得一首則複。（《商君書·境內》）
前356,356,周顯王十三年（西元前三五六年）,24,史料,,,,能得甲首一者，當爵一級，益田一頃，益宅九畝，一除庶子一人，乃得入兵官之吏（“入”原誤作“人”，今從朱師轍《商君書解詁》改正）。其獄法，高爵訾下爵級，高爵能，無給有爵人隸僕。爵自二級以上，有刑罪則貶。爵自一級以下，有刑罪則已。（《商君書·境內》）
前356,356,周顯王十三年（西元前三五六年）,25,史料,,,,行間之吏也，故爵公士也，就為上造也。故爵上造，就為簪褒。[故爵簪褒]，就為不更。故爵[不更，就]為大夫爵吏而為縣尉，則賜虜六，加五千六百。爵大夫而為國治，就為[官]大夫。故爵[官]大夫，就為公大夫。[故爵公大夫]，就為公乘。[故爵公乘]，就為五大夫，則稅邑，三百家。爵五大夫，有稅邑六百家者，受客。[故爵五大夫]，就為大庶長，故大庶長就為左更，故四更也，就為大良造。皆有賜邑三百家，稅邑三百家。（《商君書·境內》，[ ]內字，均為依文例增補。末兩句原在“爵五大夫有稅邑六百家者受客”之前，今移後）
前356,356,周顯王十三年（西元前三五六年）,26,考案,秦,商鞅,變法,案：《商君書·境內》所述，當為商鞅變法以後所推行之爵制。據《漢舊儀》公士、上造、簪裹、不更屬於“士”一級，大夫、官大夫、公大夫、公乘、五大夫屬於“大夫”一級，左庶長、右庶長、左更、中更、右更、少上造、大上造、駟車庶長、大庶長屬於“卿”一級。關內侯、徹侯屬於“侯”一級。庶長原為庶民之長，徵調庶民而統率作戰，原為軍職，經商鞅變法而成為爵名，並以斬首作為授爵之依據。“能得甲首一者，賞爵一級”。新出土《秦律·軍爵律》中確有“隸臣斬首為公士”之規定。新出土之《奪首·爰書》，記述參與邢丘戰役之兩名士兵，因爭奪斬首之功而引起之訴訟。商鞅變法並為爵級規定有等級佔有田宅、臣妾、衣服之制度。如《商君書·境內》中所規定者。此在新出土之《秦律》中尚不能證實，但確有“從軍當以勞論及賜”之原則規定。《境內》謂“爵五大夫，有稅邑六百家者，受客”。新出土之《黥妾·爰書》中，五大夫有家吏，與《境內》亦相合。《境內》謂“爵自二級以上，有刑罪則貶，爵自一級以下，有刑罪則已”。新出土之《軍爵律》亦有類似之規定，爵二級可以抵父母中一人為隸臣或隸妾之罪，爵一級可以抵妻子之隸妾罪。
前355,355,周顯王十四年（西元前三五五年）,1,史料,秦、齊、楚、燕、韓、趙、魏,秦孝公、齊威王、魏惠王,,秦孝公七年，魏惠王十五年，韓昭侯八年，趙成侯二十年，齊威王二年，楚宣王十五年，燕文公七年。
前355,355,周顯王十四年（西元前三五五年）,2,史料,齊,,,騶忌子以鼓琴見威王，威王說而舍之石室。須臾，王鼓琴，騶忌子推戶入曰：“善哉鼓琴！”王勃然不說，去琴按劍曰：“夫子見容未察，何以知其善也？”騶忌子曰：“夫大弦濁以春溫者君也，小弦廉折以清者相也，攫之深，酹之愉者，政令也；鈞諧以鳴，大小相益，回邪而不相害者，四時也。吾是以知其善也。”王曰：“善語音。”騶忌子曰：“何獨語音，夫治國家而弭人民，皆在其中。”王又勃然不說曰：“若夫語五音之紀，信未有如夫子者也。若夫治國家而弭人民，又何為乎絲桐之間？”騶忌子曰：“夫大弦濁以春溫者，君也；小弦廉折以清者，相也，攫之深而酹之愉者，政令也；鈞諧以鳴，大小相益，回邪而不相害者，四時也。夫複而不亂者，所以治昌也；連而徑者，所以存亡也；故曰琴音調而天下治。夫治國家而弭人民者，無若乎五音者。”王曰：“善。”騶忌子見三月而受相印，淳於髡見之曰：“善說哉！髡有愚志，願陳諸前。”騶忌子曰：“謹受教。”淳於髡曰：“得全全昌，失全全亡。”騶忌子曰：“謹受令，請謹毋離前。”淳於髡曰：“狶膏棘軸，所以為滑也，然而不能運方穿。”騶忌子曰：“謹受令，請謹事左右。”淳於髡曰：“弓膠昔幹，所以為合也，然而不能傅合疏罅。”騶忌子曰：“謹受令，請謹自附于萬民。”淳於髡曰：“狐裘雖敝，不可補以黃狗之皮。”騶忌子曰：“謹受令，請謹擇君子，毋雜小人其間。”淳於髡曰：“大車不較，不能載其常任；琴瑟不較，不能成其五音。”騶忌子曰：“謹受令，請謹修法律而督奸吏。”淳于髡說畢，趨出，至門而面其僕曰：“是人者，吾語之微言五，其應我若響之應聲，是人必封不久矣。”居期年封以下邳號曰成侯。（《田齊世家》）
前355,355,周顯王十四年（西元前三五五年）,3,史料,齊,齊威王、齊宣王,,昔者鄒忌以鼓琴見齊宣王（當作齊威王），宣王善之。鄒忌曰：“夫琴所以象政也。”遂為王言琴之象政狀及霸王之事。宣王大悅，與語三日，遂拜以為相。齊有稷下先生，喜議政事。鄒忌既為齊相，稷下先生淳于髡之屬七十二人，皆輕忌，以謂設之辭，鄒忌不能對，乃相與俱往見鄒忌。淳於髡之徒禮倨，鄒忌之禮卑。淳於髡等曰：“狐白之裘，補之以弊羊皮，何如？”鄒忌曰：“敬諸請不敢雜賢以不肖。”淳於髡等曰：“方內而員缸，如何？”鄒忌曰：“敬諾，請謹門內，不敢留賓客。”淳於髡等曰：“三人共牧一羊，羊不得食，人亦不得息，何如？”鄒忌曰：“敬諾，減吏省員，使無擾民也。”淳於髡等三稱，鄒忌三知之如應響。淳于髡等辭屈而去。鄒忌之禮倨，淳於髡等之禮卑。（《新序·雜事二》第六章）
前355,355,周顯王十四年（西元前三五五年）,4,考案,齊、趙、魏、周、魯、宋,齊威王、齊宣王、魏惠王,圍、救、立、即位、取、遷,案：以上兩則為一事兩傳。《新序》“齊宣王”當為“齊威王”之誤。《六國表》系“鄒忌以鼓琴見威王”在齊威王二十一年，即周顯王十一年；系“封鄒忌為成侯”在齊威王二十二年，即周顯王十二年。考《史記》于齊威王立年誤前二十二年，周顯王十二年實齊威即位為侯之年，《史記》誤以為鄒忌為侯之年耳。魏惠王圍邯鄲，趙求救于齊，田侯召大臣而謀，鄒子首先進言：“不如勿救。”魏進圍邯鄲，事在周顯王十五年，鄒忌固已為首要之大臣，其為相當即在此年或稍前。錢穆《孟子至宋過薛過鄒考》雲：“《田齊世家》威王封騶忌以下邳號曰成侯”，而《魯世家·索隱》引《紀年》“梁惠王三十一年，下邳遷于薛，改名徐州”。……此下邳遷薛者，實乃騶忌之遷邑，非薛之遷國也。《田齊世家·索隱》引《紀年》有徐州子期，殆即鄒忌，而《索隱》誤以為田忌耳。……騶子史稱成侯，成，春秋國，作郕，《公羊》作盛，《史記》作成，故城在兗北甯陽。又魯有成邑，本孟孫氏邑，齊宣公四十八年田和取之，故城亦在甯陽。騶子稱成侯，是必食封其地。史公謂騶忌封下邳，號曰成侯，疑下邳乃初封，成侯乃晚號。錢氏以鄒忌嘗封成而號成侯，其說或然，以徐州子期即鄒忌，則無的據。王國維謂徐州子期是田忌。田忌于《戰國策》或作田期思，于《紀年》或作田期，未見有稱鄒忌為鄒期者。
前355,355,周顯王十四年（西元前三五五年）,5,考案,秦、齊、韓,商鞅,變法、拔,又案：鄒忌由於淳於髡以“微言”進說，決定對於國君“請謹毋離前”，“請謹事左右”；對於萬民，“請自附于萬民”；對於選拔官吏，“請謹擇君子，毋雜小人其間”；對於國政，“請謹修法律而督奸吏”。此乃鄒忌在齊國進行之政治改革，其與商鞅在秦變法、申不害在韓講究用“術”統治，幾乎同時。
前355,355,周顯王十四年（西元前三五五年）,6,史料,齊、楚、燕、韓、趙、魏,齊威王、齊宣王,取、會,[齊威王]二十四年(當作二年)與魏王會田於郊。魏王問曰：“王亦有寶乎？”威王曰：“無有。”梁王曰：“若寡人國小也，尚有徑寸之珠，照車前後各十二乘者十枚，奈何以萬乘之國而無寶乎？”威王曰：“寡人之所以為寶，與王異。吾臣有檀子者，使守南城，則楚人不敢為寇東取(《韓詩外傳》卷十無“東取”二字，元本《韓詩外傳》“東取”作“北鄉”)。泗上十二諸侯皆來朝。吾臣有盼子者，使守高唐，則趙人不敢東漁於河。吾吏有黔夫者，使守徐州，則燕人祭北門，趙人祭西門，徙而從者七千餘家。吾臣有種首者，使備盜賊，則道不拾遺。將以照千里，豈特十二乘哉！”梁惠王慚，不懌而去。(《田齊世家》，《韓詩外傳》卷第十六章大體相同，惟齊威王誤作齊宣王)
前355,355,周顯王十四年（西元前三五五年）,7,史料,秦、齊、楚、燕、趙,齊威王,,齊威王游於瑤台，成侯卿來奏事，從車羅騎甚眾。王望之，謂左右曰：“來者何為者也？”左右曰：“成侯卿也。”王曰：“國至貧也，何出之盛也！”左右曰：“與人者有以責之也，受人者有以易之也，王試問其說。”成侯卿至，上謁曰：“忌也。”王不應。又曰：“忌也。”王不應。又曰：“忌也。”王曰：“國至貧也，何出之盛也？”成侯卿曰：“赦其死罪，使臣得言其說。”王曰：“諾。”對曰：“忌舉田居子為西河而秦、梁弱；忌舉田解子為南城，而楚人抱羅綺而朝；忌舉黔涿子為冥州，而燕人給牲，趙人給盛；忌舉田種首子為即墨而于齊足究，忌舉北郭刁勃子為大士而九族益親，民益富。舉此數良人者，王枕而臥耳，何患國之貧哉！”（《說苑·臣術》第八章）
前355,355,周顯王十四年（西元前三五五年）,8,考案,齊、楚、燕、韓、趙、鄭,齊威王,取,案：齊威王謂“吾吏有黔夫者，使守徐州，則燕人祭北門，趙人祭西門”，而鄒忌曰：“忌舉黔涿子為冥州，而燕人給牲，趙人給盛”。黔夫當即黔涿子。“黔”“黥”古同音通用。《韓非子·奸劫弑臣》豫讓乃自黔劓，“黔”亦“黥”之通假。《酉陽雜俎》雲：“《尚書刑德考》曰：涿鹿者，鑿人潁也，黥人者馬羈笮人面也。鄭雲：涿鹿黥，世謂之刀墨之民。”齊威王謂吾臣有種首者，而鄒忌雲：“忌舉田種首子”，則種首即田種首子。齊威王謂“吾臣有檀子者使守南城，則楚人不敢為寇東取”，而鄒忌雲：“忌舉田解子為南城，而楚人抱羅綺而朝”。檀子當即田解子。據此可知，齊威王視作“寶”之大臣，皆鄒忌所舉。
前355,355,周顯王十四年（西元前三五五年）,9,考案,秦、齊、楚、韓、趙、晉,,伐、圍、取、奔,又案：鄒忌雲：“忌舉田居子為西河而秦、梁弱”，田居子即田公子居思。《水經·河水注》引《紀年》雲：“晉烈公四年趙城平邑，五年田公子居思伐趙鄙，圍平邑，十年田盼、韓舉戰于平邑，邯鄲之師敗逋，獲韓舉，取平邑。”王國維《古本竹書紀年輯校》雲：“田居思即《戰國策》之田期思，《史記·田敬仲世家》之田臣思（巨思之訛），《水經·濟水注》引《紀年》作田期，《史記·田敬仲世家·索隱》引《紀年》謂之徐州子期，而據《濟水注》齊田期伐我東鄙，在惠成王十七年，距此凡五十三年……疑《河水注》所引晉烈公五年，或有誤字也。”余謂田臣思當從錢大昕改正為田臣思，田臣思與田期、田忌確為一人，田公子居思即田居子，乃別為一人。但《河水注》引《紀年》確有誤字。朱右曾《汲塚紀年存真》雲：“《索隱》雲《紀年》敗韓舉當韓威王（即韓宣惠王）八年，計相距七十八歲，不應有兩田盼、兩韓舉……《水經注》誤惠成王后元年為晉烈公十年。”其說甚是。《河水注》引《紀年》，“五年田公子居思伐趙鄙”上，蓋脫“梁惠成王后元”六字。梁惠王后元十年正當韓宣惠王八年，如此乃與《索隱》所引《紀年》相合。田居子為西河守，平邑在今河北南樂東北，正與西河相近。《說苑·尊賢》第三十三章，載田忌去齊奔楚，楚王問齊常欲相並為之奈何？田忌列舉齊將申孺、田居、田盼三人，以田盼為最強，其次為田居，而申孺最差，並雲：“齊使田居將，則楚發二十萬人使上將軍將之，分別而相去也。”可知田居亦為齊之大將，非即田忌。
前355,355,周顯王十四年（西元前三五五年）,10,考案,秦、齊、韓、魏,,攻、救,又案：《田世家》載桓公午五年秦、魏攻韓，韓求救于齊，桓公召大臣而謀，參與謀者有田臣思。《齊策一》第六章，南梁之難，韓求救于齊，田侯召大臣而謀，參與謀者又有田臣思。《田世家》所載，蓋出於誤傳。《田世家·索隱》雲：“《戰國策》作田期思，《紀年》謂之徐州子期，蓋即田忌也。”錢大昕《廿二史考異》曰：“臣當作臣，音怡，與期音相近。”田忌或作田期，忌、期音近通用，田忌或稱田期思、田臣思，“思”蓋語尾。梁玉繩《古今人表考》雲：“思蓋語辭，猶《春秋》定六年之樂祁之為樂祁犁也。”與田忌同時，另有田居亦為齊之大將，田居或稱田居子，或稱田公子居思，“思”亦為語尾。但田居思與田期思非一人。
前355,355,周顯王十四年（西元前三五五年）,11,史料,齊、魏,,卒、取,[孫]臏生阿、鄄之間，臏亦孫武后世子孫也。孫臏嘗與龐涓俱學兵法，龐涓既事魏，得為惠王將軍，而自以為能不及孫臏，乃陰召孫臏。臏至，龐涓恐其賢於己，疾之，則以法刑斷其兩足而黥之，欲隱勿見。齊使者如梁，孫臏以刑徒陰見，說齊使。齊使以為奇，竊載與之齊。齊將田忌善而客待之。忌數與齊諸公子馳逐重射，孫子見其馬足不甚相遠，馬有上、中、下輩，於是孫子謂田忌曰：“君弟重射，臣能令君勝。”田忌信然之，與王及諸公子逐射千金。及臨質，孫子曰：“今以君之下駟，與彼上駟；取君上駟，與彼中駟；取君中駟，與彼下駟。”既馳三輩畢，而田忌一不勝而再勝，卒得王千金。於是忌進孫子于威王，威王問兵法，遂以為師。（《孫子列傳》）
前355,355,周顯王十四年（西元前三五五年）,12,史料,齊,,,《齊孫子兵法》八十九篇。（《漢書·藝文志》兵家著錄）
前355,355,周顯王十四年（西元前三五五年）,13,考案,齊、燕、韓、趙、魏,,,案：此書久佚。一九七二年山東臨沂銀雀山漢墓出土有《孫臏兵法》竹簡，共十六篇，一萬一千多字，有殘缺。與《孫子兵法》、《尉繚子》等竹簡同時出土。其中有《擒龐涓》、《見威王》、《威王問》、《陳忌問壘》等篇，陳忌即田忌。鄒忌修八尺有餘，身體昳麗(“身體”，鮑本作“形貌”)，朝服衣冠，窺鏡，謂其妻曰：“我孰與城北徐公美？”其妻曰：“君美甚，徐公何能及公也。”城北徐公，齊國之美麗者也。忌不自信，而複問其妾曰：“吾孰與徐公美？”妾曰：“徐公何能及君也。”旦日，客從外來，與坐談，問之客曰：“吾與徐公孰美？”客曰：“徐公不若君之美也。”明日，徐公來，孰視之，自以為不如，窺鏡而自視，又弗如遠甚。暮寢而思之，曰：“吾妻之美我者，私我也；妾之美我者，畏我也；客之美我者，欲有求於我也。”於是入朝，見威王曰：“臣誠知不如徐公美，臣之妻私臣，臣之妾畏臣，臣之客欲有求於臣，皆以美于徐公。今齊地方千里，百二十城，宮婦左右，莫不私王；朝廷之臣，莫不畏王；四境之內，莫不有求于王。由此觀之，王之蔽甚矣。”王曰：“善。”乃下令：群臣吏民能面刺寡人之過者，受上賞；上書諫寡人者，受中賞；能謗議於市朝，聞寡人之耳者，受下賞。令初下，群臣進諫門庭若市，數月之後，時時而間進，期年之後，雖欲言無可進者。燕、趙、韓、魏聞之，皆朝于齊。此所謂戰勝於朝廷。（《齊策一》第十二章）
前355,355,周顯王十四年（西元前三五五年）,14,考案,齊、趙、魏、周、宋,齊威王、魏惠王,立、即位、取、會,案：《周季編略》系此事于周顯王十二年，並雲：“今按《史記·六國表》，是年趙侯如齊，明年與宋公、趙侯會平陸，又明年魏侯朝齊，皆與策合，足見能受諫者之效，策語不虛也。”余謂周顯王十二年乃齊威王即位之年。《六國表》言是年“趙孟如齊”，次年齊與趙、宋之君會平陸，平陸乃齊邑。再次年齊威王與魏惠王會田於郊。此乃齊威王初立三年中，爭取鄰國之睦鄰策略，見有成效，一時成為趙、魏、宋等國朝會之中心。
前355,355,周顯王十四年（西元前三五五年）,15,史料,齊,齊威王,,淳于髡者，齊之贅婿也，長不滿七尺，滑稽多辯，數使諸侯，未嘗屈辱。齊威王之時，喜隱，好為淫樂長夜之飲，沉湎不治，委政卿大夫，百官荒亂，諸侯並侵，國且危亡，在於旦暮。左右莫敢諫，淳於髡說之以隱曰：“國中有大鳥，止王之庭，三年不蜚，又不鳴，王知此鳥何也？”王曰：“此鳥不飛則已，一飛沖天；不鳴則已，一鳴驚人。”於是乃朝諸縣令長七十二人，賞一人，誅一人，奮兵而出，諸侯振驚，皆還齊侵地，威行三十六年。（《滑稽列傳》）
前355,355,周顯王十四年（西元前三五五年）,16,考案,齊、趙、魏,齊威王,攻、圍、救、即位,案：此亦齊威王初年奮發圖強之掌故。余考齊威王在位共三十七年。自即位至此，首尾三年，采睦鄰策略，圖謀富強。此所謂“乃朝諸縣令長七十二人，賞一人，誅一人”，即指封即墨大夫以萬戶，烹阿大夫。所謂“奮兵而出”，即指次年魏圍邯鄲，齊即救趙攻魏之事，連此年正首尾三十六年也。
前355,355,周顯王十四年（西元前三五五年）,17,史料,齊,,,齊王欲以淳于髡傅太子，髡辭曰：“臣不肖，不足以當此大任也。王不若擇國之長者而使之。”齊王曰：“子無辭也。寡人豈責子之令太子必如寡人哉？寡人固生而有之也。子為寡人令太子如堯乎？其如舜乎？”(《呂氏春秋·壅塞》)
前355,355,周顯王十四年（西元前三五五年）,18,考案,齊,齊威王,,案：此疑亦齊威王時事。
前355,355,周顯王十四年（西元前三五五年）,19,史料,齊,,伐、即位,[齊]威王初即位以來，不治，委政卿大夫，九年之間，諸侯並伐，國人不治，於是威王召即墨大夫而語之曰：“自子之居即墨也，毀言日至，然吾使人視即墨，田野辟，民人給，官無留事，東方以寧，是子不事吾左右以求譽也。”封之萬家。召阿大夫語曰：“自子之守阿，譽言日聞，然使使視阿，田野不辟，民貧苦……是子以幣厚吾左右以求譽也。”是日烹阿大夫，及左右嘗譽者，皆並烹之。……於是齊國震懼，人人不敢飾非，務盡其誠，齊國大治，諸侯聞之，莫敢致兵于齊二十餘年。（《田世家》）
前355,355,周顯王十四年（西元前三五五年）,20,考案,齊、趙、魏、衛,齊威王,攻、圍、救、取、拔,案：《田世家》系此事于齊威王九年下。原文“民貧苦”下有“昔日趙攻甄，子弗能救，衛取薛陵，子弗知”。“皆並烹之”下有“遂起兵西擊趙、衛，敗魏於濁澤而圍惠王，惠王請獻觀以和解，趙人歸我長城”，此蓋史公既將齊威年世誤前二十二年，因即取其時史事參入為說，其謂齊與濁澤之役既誤，且參入此節，上下文反扞格不相通。必史公所見原有傳說無此，而由史公以意夾敘所致。總括所有齊威王奮發圖強之改革，注重於修訂法律，分明賞罰，整頓吏治，選拔人才，獎勵進諫，改進過失。鄒忌言“忌舉田種首子為即墨而于齊足究”，則齊威王所賞之即墨大夫，其政績為“田野辟，民人給，官無留事”，當即田種首子。《淮南子·氾論訓》雲：“齊威王設大鼎於庭中，而數無鹽令曰：子之譽日聞吾耳，察子之事，田野蕪，倉廩虛，囹圄實，子以奸事我者也。乃烹之。齊以此三十二歲道路不拾遺。”此烹無鹽令之事，與《田世家》烹阿大夫之事，乃一事兩傳。
前355,355,周顯王十四年（西元前三五五年）,21,考案,齊、周,,即位、賂,又案：《列女傳》卷六稱：威王即位九年不治，委政大臣，諸侯並侵之。其佞臣周破胡專權擅勢，嫉賢妒能。即墨大夫賢而日毀之，阿大夫不肖反日譽之。虞姬（威王之姬）謂王曰：“破胡讒諛之臣也，不可不退。齊有北郭先生者賢明有道，可置左右。”破胡乃惡虞姬，謂姬嘗與北郭先生通。王乃閉虞姬於九層之台，使有司驗問。破胡賂執事者，執事者誣其辭而上之。王視其辭不合於意，乃召虞姬而自問。經虞姬申辯，王大寤，於是封即墨以萬戶，烹阿大夫與周破胡。此當為後人虛構之故事，所謂佞臣周破胡與虞姬，皆出於杜撰。
前355,355,周顯王十四年（西元前三五五年）,22,史料,楚、韓,,,州侯相荊，貴而主斷。楚王疑之，因問左右，左右對曰：“無有。”如出一口也。（《韓非子·內儲說下》）
前355,355,周顯王十四年（西元前三五五年）,23,史料,楚、魏,,,江乙為魏使于楚，謂楚王曰：“臣入竟(“竟”同“境”)，聞楚之俗，不蔽人之善，不言人之惡，誠有之乎？”王曰：“誠有之。”江乙曰：“然則白公之亂得無遂乎？誠如是，臣等之罪免矣。”楚王曰：“何也？”江乙曰：“州侯相楚，貴甚矣而主斷，左右俱曰：‘無有。’如出一口矣。”(《楚策一》第十一章)
前355,355,周顯王十四年（西元前三五五年）,24,考案,楚、韓、趙、魏、周,,圍、救、取、拔,案：《韓非子·內儲說下》“江乙為魏王使荊”一節，與此相同，惟無江乙曰州侯相楚云云。鮑彪注：“乙，魏人，時居魏，後乃仕楚，故其譖昭奚恤曰：臣居魏知之。”周顯王十五年魏圍趙邯鄲，時江乙尚居魏，則江乙為魏使楚，必在此年或稍前。《渚宮舊事》亦有相同之文，作“江乙謂宣王”，可知此處之州侯乃楚宣王之相。楚前後有兩州侯，一為宣王時之封君，曾為楚相而主斷者，另一則為楚頃襄王寵倖之臣，即莊辛所謂“左州侯，右夏侯，輦從鄢陵君與壽陵君，飯封祿之粟，而戴方府之金，與之馳騁乎雲夢之中，而不以天下國家為事”者（《楚策四》第四章）。宣王時為相而主斷之州侯，於鬯以為即昭奚恤。《楚策一》第五章謂邯鄲之難，昭奚恤主勿救而兩弊之，而景舍主救。《楚策一》第八章載江乙惡昭奚恤謂楚王曰：“邯鄲之難，楚進兵，大樑拔矣，昭奚恤取魏之寶器，臣以居魏知之。”是魏圍邯鄲時，昭奚恤已為楚相而主斷。《資治通鑒》定“楚昭奚恤為相”在周顯王十六年，而《大事記》則定在十四年。當以十四年為是。蓋昭奚恤于時為楚之令尹，又封於州而稱州侯，其後又加封江而稱江君。
前355,355,周顯王十四年（西元前三五五年）,25,史料,宋,,立,宋剔城肝廢其君璧而自立也。（《宋世家·索隱》王劭引《紀年》）
前355,355,周顯王十四年（西元前三五五年）,26,史料,韓、宋,,殺,戴驤為宋太宰，皇喜重於君，二人爭事而相害也。皇喜遂殺宋君而奪其政。（《韓非子·內儲說下》）
前355,355,周顯王十四年（西元前三五五年）,27,史料,韓、宋,,取,司城子罕取宋。（《韓非子·說疑》）
前355,355,周顯王十四年（西元前三五五年）,28,史料,韓、宋,,殺,子罕謂宋君曰：“夫慶賞賜予者，民之所喜也，君自行之；殺戮刑罰者，民之所惡也，臣請當之。”於是宋君失刑而子罕用之，故宋君見劫。……子罕徒用刑而宋君劫。（《韓非子·二柄》）
前355,355,周顯王十四年（西元前三五五年）,29,史料,韓、宋,,,宋君失其爪牙于子罕，而不蚤奪之，故身死國亡。（《韓非子·人主》）
前355,355,周顯王十四年（西元前三五五年）,30,史料,韓、宋,,殺,司城子罕謂宋君曰：“慶賞賜予者，民之所好也，君自行之。誅罰殺戮者，民之所惡也，臣請當之。”於是戮細民而誅大臣，君曰：“與子罕議之。”居期年，民知殺生之命制於子罕也，故一國歸焉。故子罕劫宋君而奪其政，法不能禁也。（《韓非子·外儲說右下》）司城子罕謂宋君曰：“慶賞賜與，民之所喜也，君自行之；殺戮誅罰，民之所惡也，臣請當之。”宋君曰：“諾。”於是出威令，誅大臣，君曰問子罕也。於是大臣畏之，細民歸之。處期年，子罕殺宋君而奪其政。（《韓非子·外儲說右下》）
前355,355,周顯王十四年（西元前三五五年）,31,史料,韓、宋,,殺,司城子罕相宋，謂宋君曰：“夫國家之安危，百姓之治亂，在君行賞罰。夫爵賞賜予，民之所好也，君自行之；殺戮刑罰，民之所惡也，臣請當之。”宋君曰：“善。寡人當其美，子受其惡，寡人自知不為諸侯笑矣。”國人皆知殺戮之專制在子罕也（《韓詩外傳》卷七“專制”作“刑專”），大臣親之，百姓畏之，居不至期年（《韓詩外傳》無“至”字），子罕遂卻宋君而奪其政。（《淮南子·道應訓》，《韓詩外傳》卷七第十章同，“卻”作“劫”，《說苑·君道》第四十六章大體相同）
前355,355,周顯王十四年（西元前三五五年）,32,史料,趙、宋,,,司城子罕相宋，身行刑罰，以威行之，期年遂劫其君。（《李斯列傳》載上書二世言趙高之短）
前355,355,周顯王十四年（西元前三五五年）,33,考案,齊、燕、韓、魯、衛、宋、鄭、代,,卒、立、滅、取、殺,案：梁履繩《左傳通釋》謂：韓非言皇喜殺宋君而奪其政，又言司城子罕殺宋君而奪其政，司城子罕當即皇喜。蓋名喜者多以罕為字。見王引之《春秋名字解詁》，孫詒讓《墨子傳略》從其說，以為子罕所殺之宋君即戰國初期之宋昭公，不確。宋昭公有出亡而複國之說，未見有被殺而奪國之事。蘇時學《支山筆話》雲：“韓非於此事固屢言之，而必與齊之田氏並言，則田氏與戴氏皆篡臣也。而《呂氏春秋》于宋偃之亡，亦曰此戴氏之所以絕也，不言子氏而獨言戴氏。則戰國之宋為戴氏之宋，而非前日子氏之宋固甚明。然韓非既言戴氏，又曰皇喜，曰子罕者何也？則戴其氏，而喜其名，子罕乃其字也。凡名喜者，多字子罕，若鄭之公孫喜，字子罕是也。而宋之名喜者，亦有兩子罕焉。春秋時有司城樂喜字子罕，宋之賢臣也；戰國時有司城皇喜，亦字子罕，宋之篡臣也。之二人者，其名同，其字同，其官亦同，而樂、皇二族並出於戴，則其自出又未嘗不同，而一為賢臣，一為篡臣，其行事又何不同之甚耶？或曰：戴氏之篡宋固然矣，然則其篡宋當以何時歟？按《竹書紀年》雲：宋易城肝廢其君璧而自立。璧者宋桓公，而易城肝即司城子罕歟！”蘇說甚是。韓非以司城子罕取宋與田恒取齊相提並論，又以田氏奪呂氏于齊與戴氏奪子氏于宋相提並論（見《韓非子·忠孝》）。司城子罕之為戴氏無疑。《竹書紀年》之剔城肝當即司城子罕，“司”“剔”一聲之轉，司城之音轉為剔城或剔成，猶如司徒或作信都、申徒也。司城原為宋之官名，即司空。春秋時避宋武公諱，而改司空為司城。春秋戰國之際，宋以司城掌大權，猶如別國之相，故《說苑·君道》言“司城子罕相宋……逐其君而專其政”。《韓詩外傳》卷七亦雲：“司城子罕相宋……劫宋君而專其政。”《竹書紀年》謂宋桓公名璧或璧兵，《宋世家·索隱》引《莊子》雲：“桓侯行，未出城門，其前驅呼辟（避），蒙人止之，以為狂也。”司馬彪注：“呼辟使人辟道，蒙人以桓侯名辟，而前驅呼辟，故為狂也。”《太平御覽》七三九引《莊子》略同（今本《莊子》佚）。足證桓侯確名辟，而《宋世家》既誤桓侯辟為辟公辟兵，又雲：“辟兵三年卒，子剔成立。”竟將廢君自立之事誤作父子自傳矣。桓侯亦非三年卒，至少在位七年以上。考《韓非子·愛臣》謂“燕、宋之所以弑其君”，《忠孝》又雲：“是故田氏奪呂氏于齊，戴氏奪子氏于宋也。”蓋司城子罕，戴氏也。《呂氏春秋·壅塞》論宋之為齊所滅曰：“此戴氏之所以絕也”，明宋君偃已為戴氏而非子氏。《壅塞》高注：“戴氏，子罕，戴公子孫也，別為樂氏，傳曰：宋之樂其與宋升降乎？宋國衰，子罕後子孫亦衰，賞罰失中，故曰此戴氏之所以絕也。”猶是曲解。宋之名喜而字子罕者，前後有二人。前者為樂氏，尚在春秋時，後者為皇氏，已在戰國時。而樂、皇二氏並出於戴氏，不得混為一談。此時司城子罕逐桓侯而自立，故《韓非子》及《韓詩外傳》七、《史記·李斯列傳》上二世書、《淮南子·道應訓》、《說苑·君道》皆謂司城子罕劫宋君而奪其政。據《竹書紀年》，梁惠王十四年宋桓侯與魯、衛、韓之君來朝，則司城子罕殺宋桓侯而自立，當在此年以後，其確切年代尚不能考定。
前355,355,周顯王十四年（西元前三五五年）,34,史料,秦、鄭,,,梁惠王十五年遣將龍賈築陽池以備秦。（《元和郡縣圖志》八鄭州原武縣下、《太平寰宇記》十鄭州原武縣下引《紀年》）
前355,355,周顯王十四年（西元前三五五年）,35,考案,,,,案：《元和郡縣圖志》雲：原武縣“古陽池城”，引《紀年》為證。
前355,355,周顯王十四年（西元前三五五年）,36,史料,鄭,,,[梁惠成王十五年，長城]自亥谷以南，鄭所城矣。（《水經·濟水注》雲：“自亥谷以南，鄭所城矣。《竹書紀年》雲：是梁惠成王十五年築也。”）
前355,355,周顯王十四年（西元前三五五年）,37,史料,秦、魏、宋,秦孝公、魏惠王,取、會,[魏惠王]十六年(當作十五年)與秦孝公會杜平。侵宋黃池，宋複取之。（《魏世家》，《六國表》同）
前355,355,周顯王十四年（西元前三五五年）,38,史料,秦、魏,秦孝公、魏惠王,會,[秦孝公]七年與魏惠王會杜平。（《秦本紀》，《六國表》同）
前355,355,周顯王十四年（西元前三五五年）,39,史料,趙、魏,,,[趙成侯]二十年魏獻榮椽，因以為檀台。（《趙世家》）
前355,355,周顯王十四年（西元前三五五年）,40,考案,韓、趙、魏、鄭,,,案：《索隱》雲：“榮椽是良材可以為椽，斫飾有光榮，所以魏獻之，故趙因用之以為檀台。”《正義》雲：“鄭玄雲：榮，屋翼也。《說文》雲：椽，榱也。屋梠之兩頭起者為榮也。《括地志》雲：檀台在洺州臨洺縣北二裡。”《集解》引徐廣曰：“襄國縣有檀台。”而《水經·濟水注》雲：“（京城）城北有檀山岡，《趙世家》成侯二十年魏獻榮陽（“陽”為“椽”字之誤），因以為檀。此說有誤。京城為韓地，趙不能于此建檀台。
前355,355,周顯王十四年（西元前三五五年）,41,史料,韓,,伐,[韓昭侯]八年申不害相韓，修術行道，國內以治，諸侯不來侵伐。（《韓世家》）
前355,355,周顯王十四年（西元前三五五年）,42,史料,韓、鄭,,,申不害者，京人也。故鄭之賤臣，學術以幹韓昭侯，昭侯用為相。內修政教，外應諸侯，十五年。終申子之身國治兵強，無侵韓者。（《老莊申韓列傳》）《紀年》雲韓昭侯之世，兵寇屢交，異乎此言矣。（《老莊申韓列傳·索隱》引“王劭按”）
前355,355,周顯王十四年（西元前三五五年）,43,史料,韓,,,申子之學本于黃老而主刑名，著書二卷，號曰《申子》。（《老莊申韓列傳·集解》引《劉向別錄》曰：“今民間所有上下二篇，中書六篇，皆合二篇，已備，過太史公所記。”《正義》引阮孝緒《七略》雲：“《申子》三卷也。”)
前355,355,周顯王十四年（西元前三五五年）,44,史料,秦、韓,,,韓用申不害，行其《三符》，兵不侵境，蓋十五年。不能用之，又不察其書，兵挫軍破，國並于秦。（《論衡·效力》）
前355,355,周顯王十四年（西元前三五五年）,45,史料,韓,,,申，申不害也，韓昭侯相，著《三符》之命而尚刻削。（《淮南子·俶真訓》“若夫墨、楊、申、商之於治道”下高誘注）
前355,355,周顯王十四年（西元前三五五年）,46,史料,韓,,,申子之《三符》。（《淮南子·泰族訓》，許慎注：“申不害治韓，有三符驗之術。”）
前355,355,周顯王十四年（西元前三五五年）,47,考案,秦、韓,蘇秦、張儀、商鞅,取、殺,案：董說《七國考》卷十二“韓刑法”，有“刑符”條。引劉臻《孟子注》雲：“韓昭侯《刑符》曰：‘一罪謂之犯，二罪謂之幹，三罪大逆曰凶人。’並雲：‘昭侯《刑符》者，即申不害《三符》之一也。’此說不可信。《三符》當為《申子》中一篇名。《淮南子·泰族訓》雲：‘今商鞅之《啟塞》，申子之《三符》，韓非之《孤憤》，張儀蘇秦之從衡，皆掇取之權，一切之術也，非治之大本，事之恒常，可傳聞而世傳者也。”商鞅之《啟塞》，即指《商君書·開塞》，《韓非》之《孤憤》即指《韓非子·孤憤》，可知申子之《三符》，必為《申子》之《三符》。許慎注謂即“三符驗之術”。當即《韓非子·定法》所謂“術者，因任而授官，循名而責實，操殺生之柄，課群臣之能者也，此人主之所執也”。
前355,355,周顯王十四年（西元前三五五年）,48,史料,韓,,殺,申不害言術……術者，因任而授官，循名而責實，操殺生之柄，課群臣之能者也，此人主之所執也。（《韓非子·定法》）
前355,355,周顯王十四年（西元前三五五年）,49,史料,韓、趙、魏,,圍,魏之圍邯鄲也，申不害始合于韓王，然未知王之所欲也，恐言而未必中于王也。王問申子曰：“吾誰與而可？”對曰：“此安危之要，國家之大事也。臣請深惟而苦思之。”乃微謂趙卓、韓鼂曰：“子皆國之辨士也，夫為人臣者，言可必用，盡忠而已矣。”二人各進議于王以事。申子微視王之所說以言于王，王大說之。（《韓策一》第三章）
前355,355,周顯王十四年（西元前三五五年）,50,史料,韓、趙、魏,,攻,趙令人因申子于韓請兵，將以攻魏。申子欲言之君，君疑已外市也，不則恐惡于趙，乃令趙紹、韓遝嘗試君之動貌而後言之，內則知昭侯之意，外則有得趙之功。（《韓非子·內儲說上》）
前355,355,周顯王十四年（西元前三五五年）,51,考案,韓、趙,,,案：陳奇猷《韓非子集釋補》雲：“趙紹即趙卓，韓旨即韓晁，遝，疑旨形近之訛字。”“鼉”即“晁”字。
前355,355,周顯王十四年（西元前三五五年）,52,史料,韓、趙,,,大成午從趙謂申不害于韓曰：“以韓重我于趙，請以趙重子于韓，是子有兩韓，我有兩趙。”(《韓非子·內儲說下》，《韓策一》第二章同。“午”《韓非子》誤作“牛”)
前355,355,周顯王十四年（西元前三五五年）,53,考案,,,,案：申不害以賤臣進，令人微視王之所悅以言于王，講究如何侍奉君上之“術”。而其所以教上者，講究如何防止臣下微視王之所悅以言于王，如何駕馭臣下之“術”。
前355,355,周顯王十四年（西元前三五五年）,54,史料,韓、晉,,,申不害，韓昭侯之佐也。韓者，晉之別國也。晉之故法未息，而韓之新法又生；先君之令未收，而後君之令又下。申不害不擅其法，不一其憲令，則奸多。故利在故法前令則道之，利在新法後令則道之，利在新故相反，前後相悖，則申不害雖十使昭侯用術，而奸臣猶有所譎其辭矣。故托萬乘之勁韓，十七年而不至於霸王者，雖用術於上，法不勤飾於官之患也。（《韓非子·定法》）
前355,355,周顯王十四年（西元前三五五年）,55,史料,韓、晉,,滅,申子者，韓昭釐之佐。韓、晉別國也，地墩民險，而介於大國之間。晉國之故禮未滅，韓國之新法重出，先君之令未收，後君之令又下。新故相反，前後相繆，百官背亂，不知所用，故刑名之書生焉。（《淮南子·要略》）
前355,355,周顯王十四年（西元前三五五年）,56,史料,韓,,,申子曰：“獨視者謂明，獨聽者謂聰。能獨斷者，故可以為天下主。”（《韓非子·外儲說右上》，“主”當作“王”）申子曰：“上明見，人備之，其不明見，人惑之；其知見，人惑之；不知見，人匿之。其無欲見，人司之；其有欲見，人餌之；故曰：吾無從知之，惟無為可以規之。”(《韓非子·外儲說右上》)
前355,355,周顯王十四年（西元前三五五年）,57,史料,韓,,,申子曰：“慎而言也，人且知女；慎而行也，人且隨女。而有知見也，人且匿女；而無知見也，人且意女。女有知也，人且臧女，女無知也，人且行女，故曰惟無為，可以規之。”(《韓非子·外儲說右上》)
前355,355,周顯王十四年（西元前三五五年）,58,史料,韓,,,申子言治不逾官，雖知弗言。（《韓非子·定法》）
前355,355,周顯王十四年（西元前三五五年）,59,史料,秦,,,申子曰：“有天下而不恣睢，命之曰以天下為桎梏。”（《李斯列傳》載李斯上秦二世書）
前355,355,周顯王十四年（西元前三五五年）,60,考案,韓,,,案：李斯引申子之言而解釋雲：“不能督責，而顧以其身勞於天下之民，若堯、禹然，故謂之桎梏也。夫不能修申、韓之明術，行督責之道，專以天下自適也，而徒務苦形勞神，以身徇百姓，則黔首之役，非畜天下者也，何足貴哉！”
前355,355,周顯王十四年（西元前三五五年）,61,史料,韓,,,韓昭釐侯視所以祠廟之牲，其豕小，昭釐侯令官更之，官以是豕來也，昭釐侯曰：“是非向者之豕邪？”官無以對，命吏罪之，從者曰：“君王何以知之？”君曰：“吾以其耳也。”申不害聞之曰：“何以知其聾，以其耳之聰也。何以知其盲，以其目之明也。何以知其狂，以其言之當也。故曰去聽無以聞則聰，去視無以見則明，去智無以知則公，去三者不任則治，三者任則亂。以此耳目心智之不足恃也。耳目心智，其所以知識甚闕，其所以聞見甚淺。以淺闕博居天下，安殊俗，治萬民，其說固不行。十裡之間而耳不能聞，帷牆之外而目不能見，三畝之宮而心不能知，其以東至開梧，南撫多顒，西服壽靡，北懷儋耳，若之何哉？”(《呂氏春秋·任數》)
前355,355,周顯王十四年（西元前三五五年）,62,史料,韓,,,堂溪公謂昭侯曰：“今有千金之玉卮，通而無當，可以盛水乎？”昭侯曰：“不可。”“有瓦器而不漏，可以盛酒乎！”昭侯曰：“可。”對曰：“夫瓦器至賤也，不漏可以盛酒，雖有乎千金之玉卮，至貴而無當，漏不可以盛水，則人孰與注漿哉？今為人之主而漏其群臣之語，是猶無當之玉卮也。雖有聖智，莫盡其術，為其漏也。”昭侯曰“然”。昭侯聞堂溪公之言，自此之後，欲發天下大事，未嘗不獨寢，恐夢言而使人知其謀也。一日，堂溪公見昭侯曰：“今有白玉之卮而無當，有瓦卮而有當，君渴將何以飲？”君曰：“以瓦卮。”堂溪公曰：“白玉之卮美，而君不以飲者，以其無當耶？”君曰：“然。”堂溪公曰：“為人主而漏泄其群臣之語，譬猶玉卮之無當也。”堂溪公每見而出，昭侯必獨臥，惟恐夢言泄于妻妾。（《韓非子·外儲說右上》）
前355,355,周顯王十四年（西元前三五五年）,63,考案,秦、楚、韓,蘇秦,卒,案：堂溪公之說，即申不害所謂獨斷之術。堂溪本楚地，此時屬韓，《韓策一》、《蘇秦列傳》雲：“韓卒之劍戟，皆出冥山棠溪……”可證。堂溪公疑時韓別封之君，是與申子同時，韓臣之言術者尚有堂溪公也。
前355,355,周顯王十四年（西元前三五五年）,64,史料,韓,,,韓昭侯使騎于縣，使者報，昭侯問曰：“何見也？”對曰：“無所見也。”昭侯曰：“雖然，何見？”曰：“南門之外有黃犢食苗道左者。”昭侯謂使者毋敢泄吾所問於女，乃下令曰：“當苗時，禁牛馬入人田中。固有令，而吏不以為事，牛馬甚多入人田中，亟舉其數上之，不得將重其罪。”於是三鄉舉而上之，昭侯曰：“未盡也。”複往審之，乃得南門之外黃犢，吏以昭侯為明察，皆悚懼其所而不敢為非。（《韓非子·內儲說上》）
前355,355,周顯王十四年（西元前三五五年）,65,史料,韓,,,韓昭侯握爪而佯亡一爪，求之甚急，左右因割其爪而效之，昭侯以此察左右之不誠。（《韓非子·內儲說上》）
前355,355,周顯王十四年（西元前三五五年）,66,史料,韓,,,韓昭侯之時，黍種常貴鮮有，昭侯令人覆廩，廩吏果竊黍種而糶之甚多。（《韓非子·內儲說下》）
前355,355,周顯王十四年（西元前三五五年）,67,史料,韓、代,,,昭僖侯之時，宰人上食，而羹中有生肝焉。昭侯召宰人之次而誚之，曰：“若何為置生肝寡人羹中？”宰人頓首服死罪曰：“竊欲去尚宰人也。”一曰：僖侯浴，湯中有礫。僖侯曰：“尚浴免，則有當代者乎？”左右對曰：“有。”僖侯曰：“召而來。”譙之曰：“何為置礫湯中？”對曰：“尚浴免，則臣得代之，是以置礫湯中。”（《韓非子·內儲說下》）
前355,355,周顯王十四年（西元前三五五年）,68,史料,韓,,,韓昭侯曰：“吹竽者眾，吾無以知其善者？”田嚴對曰：“一一而聽之。”(《韓非子·內儲說上》)
前355,355,周顯王十四年（西元前三五五年）,69,史料,韓,,,韓昭釐侯出弋，靷偏緩，昭釐侯居車上，謂其僕“靷不偏緩乎？”其僕曰：“然。”至舍，昭釐侯射鳥，其右攝其一靷適之，昭釐侯已射，駕而歸，上車選間曰：“鄉者靷偏緩，今適何也？”其右從後對曰：“今者臣適之。”昭釐侯至，詰車與右，各避舍。（《呂氏春秋·處方》）
前355,355,周顯王十四年（西元前三五五年）,70,考案,,,,案：上述六傳說，無非欲以見昭侯馭下之術。
前355,355,周顯王十四年（西元前三五五年）,71,史料,韓,,,韓昭侯使人藏弊袴，侍者曰：“君亦不仁矣，弊袴不以賜左右而藏之。”昭侯曰：“非子之所知也，吾聞明主之愛一嚬一笑，嚬有為嚬，而笑有為笑，今夫袴豈特嚬笑哉，袴之與嚬笑，相去遠矣，吾必待有功者，故收藏之未有予也。”（《韓非子·內儲說上》）
前355,355,周顯王十四年（西元前三五五年）,72,史料,韓,,,韓昭侯謂申子曰：“法度甚不易行也。”申子曰：“法者，見功而與賞，因 $ \underset{\cdot}{能} $而受官，今君設法度，而聽左右之請，此所以難行也。”昭侯曰：“吾自今以來，知行法矣，寡人奚聽矣。”一日，申子請仕其從兄官，昭侯曰：“非所學於子也，聽子之謁，敗子之道乎？亡其用子之謁。”申子辟舍請罪。（《韓非子·外儲說左上》，《韓策一》第四章“申子請仕其從兄官”，與此略同）
前355,355,周顯王十四年（西元前三五五年）,73,史料,韓,,,申子請仕其從兄官，昭侯不許也，申子有怨色。昭侯曰：“非所謂學於子者也（姚注：“劉無謂字”，《韓非子·外儲說左上》亦無謂字）。聽子之謁而廢子之道乎？（《韓非子》“廢”作“敗”）亡其行之術而廢子之謁乎？（“亡”上原衍“又”字，從王引之據《韓非子》刪。“亡其”，轉語詞。《韓非子》作“亡其用子之謁”）子嘗教寡人，循功勞，視次第，今有所求，此我將奚聽乎？”申子乃辟舍請罪曰：“君真其人也。”（《韓策一》第四章，《韓非子·外儲說左上》與此略同）案：上二傳說，所以見昭侯之慎賞罰與任官吏也。
前355,355,周顯王十四年（西元前三五五年）,74,史料,韓、越,,,韓昭侯醉而寢，典冠者見君之寒也，故加衣於君之上，覺寢而說，問左右曰：“誰加衣者？”左右對曰：“典冠。”君因兼罪典衣與典冠。其罪典衣，以為失其事也；其罪典冠，以為越其職也。非不惡寒也，以為侵官之害甚於寒。（《韓非子·二柄》）
前355,355,周顯王十四年（西元前三五五年）,75,考案,韓,,殺,案：此即申不害“治不逾官”之術也。申不害之所謂“術”，即君主任用、監督、考核臣下之方法與手段。而且手段具有機密性質。即韓非所謂“術者，藏之於胸中，以偶眾端，而潛禦群臣者也，故法莫如顯，而術欲不見”。申不害主張君主“藏于無事”，“示天下無為”(《申子·大體》)，去聽，去視，去智，使臣下無從猜測君上意圖，無以備之，惑之，匿之，伺之，餌之，遂不得不各盡其能，各行其實，然後君上可以“獨斷”之術，見功而與賞，因能而授官，操生殺之柄。
前355,355,周顯王十四年（西元前三五五年）,76,史料,韓,商鞅,,申子之書言人主當執術，務刑名（原誤作“無刑”，據下文改正，“刑”讀作“形”），因循以督責臣下。其責深刻，故號曰術。商鞅為書號曰法，皆曰刑名，故號曰刑名法術之書。（《老莊申韓列傳》引《新序》，不見今本《新序》）
前355,355,周顯王十四年（西元前三五五年）,77,考案,韓、越、代,商鞅,取,案：《老莊申韓列傳》稱：“申子之學本于黃老而主刑名。”又曰：“韓非喜刑名法術之學而其歸本于黃老。”《索隱》引劉氏雲：“黃老之法，不尚繁華，清簡無為，君臣自正。韓非之論，詆駁浮淫，法制無私，而名實相稱故曰歸於黃老。”黃老之學起于戰國中期，假託黃帝名義，發揮老子“虛靜”學說，運用于君主統治，成為當時流行於東方之重要學派。其著作久已失傳，一九七三年長沙馬王堆漢墓出土帛書，其中《老子乙卷》卷首有《經法》、《十大經》等四書，乃黃老學派之代表作。但其著作年代已是戰國後期。《經法》主張以“虛靜”原則，公正無私，審核“形名”，使君主如同車軸之“轂”（中心圓木），群臣如同“輻”湊合集中於“轂”而運轉，從而使“君臣不失其位，士不失其處，任能無過其長”。黃老學派此種“虛靜”而審核“形名”，從而督責臣下之術，影響深遠，嘗為《申子》、《韓非子》、《呂氏春秋》等書所吸取與發揮。《申子》已佚，古書所引，皆為斷章零句。惟有《群書治要》卷三十六所載《申子·大體》，雖有節略，尚能見其主旨。《申子》同樣主張“明君使其臣並進輻湊”，不許“一臣專君，群臣皆蔽”，必須“君設其本，臣操其末；君治其要，臣行其詳；君操其柄，臣事其常”。要求“為人君者操契以責其名”，不准臣下越權行事與談論，用以防止臣下篡奪大權。更要求君主“藏于無事”，“示天下無為”，不暴露個人之愛好欲望，用以防止臣下投其所好而敗壞風紀，從而篡奪大權。由此可知申子之學，確是“本于黃老而主刑名”，申不害因而開創法家之用“術”一派，與商鞅所代表之任“法”一派法家，有所不同。
前355,355,周顯王十四年（西元前三五五年）,78,史料,韓、宋,,,戴驥宋太宰夜使人曰：“吾聞數夜有乘轀車至李史門者，謹為我伺之。”使人報曰：“不見轀車，見有奉笥而與李史語者，有間，李史受笥。”(《韓非子·內儲說上》)
前355,355,周顯王十四年（西元前三五五年）,79,史料,韓,,,商太宰使少庶子之市，顧反而問之曰：“何見於市？”對曰：“無見也。”太宰曰：“雖然，何見也？”對曰：“市南門之外，甚眾牛車，僅可以行耳。”太宰因誡使者，無敢告人吾所問於女，因召市吏而誚之曰：“市門之外，何多牛屎？”市吏甚怪太宰知之疾也，乃悚懼其所也。（《韓非子·內儲說上》）
前355,355,周顯王十四年（西元前三五五年）,80,史料,韓、宋,,,宋太宰貴而主斷，季子將見宋君，梁子聞之曰：“語必可與太宰三坐乎？不然將不免。”季子因說以貴生而輕國。（《韓非子·說林下》，“生”原誤作“主”，今改正）
前355,355,周顯王十四年（西元前三五五年）,81,考案,齊、韓、魏、宋,魏惠王,攻,案：顧廣圻于《內儲說上》商太宰論之曰：“上文雲戴騅宋太宰，《六微》篇同，《說林下》宋太宰貴而主斷，與此皆一人。”說貴生之季子，當即楊朱之友季梁。季梁于魏惠王攻邯鄲之役，嘗諫梁王。公孫衍為魏將，與相田需不善，季子又嘗為衍說梁王。是季梁正與宋桓侯相值，亦足證戴驩為宋桓侯臣也。《韓非子·內儲說上》又雲：“成驩謂齊王曰：‘王太仁于薛公而太不忍于諸田……政亂於內，此亡國之本也。”《荀子·解蔽》楊注引“成驩”作“戴驩”，今本當誤，殆即以司城子罕奪宋國而出走于齊者乎？其說齊王之言，殆亦有鑒於宋而發乎？
前355,355,周顯王十四年（西元前三五五年）,82,史料,韓,,,昭奚恤之用荊也，有燒倉厫（窌）者而不知其人，昭奚恤令吏執販茅者而問之，果燒也。（《韓非子·內儲說下》）
前355,355,周顯王十四年（西元前三五五年）,83,史料,楚,,,郢人有獄三年而不決者，故令請其宅以蔔其罪。客因為之謂昭奚恤曰（“謂”，姚注引劉本作“請”，鮑本改作“請”，據下文，作“請”為是）：“郢人某氏之宅，臣願之。”昭奚恤曰：“郢人某氏不當服罪，故其宅不可得。”客辭而去。昭奚恤已而悔之，因謂客曰：“奚恤得事公，公何為以故與奚恤？”客曰：“非用故也。”曰：“請而不得，有說色，非故如何也。”（《楚策一》第十二章）
前355,355,周顯王十四年（西元前三五五年）,84,考案,,,,案：余知古《渚宮舊事》亦載此事。以上兩則，乃昭奚恤為相而主斷之掌故。
前355,355,周顯王十四年（西元前三五五年）,85,史料,楚、魏,,,魏氏惡昭奚恤于楚王，楚王告昭子。昭子曰：“臣朝夕以事聽命，而魏入吾君臣之間，臣大懼。臣非畏魏也，夫泄吾君臣之交，而天下信之，是其為人也近苦矣（金正煒《戰國策補釋》謂“苦”當為“君”字之訛）。夫苟不難為之外，豈忘為之內矣，臣之得罪，無日矣。”王曰：“寡人知之，大夫何患？”（《楚策一》第七章）
前354,354,周顯王十五年（西元前三五四年）,1,史料,秦、齊、楚、燕、韓、趙、魏,秦孝公、齊威王、魏惠王,,秦孝公八年，魏惠王十六年，韓昭侯九年，趙成侯二十一年，齊威王三年，楚宣王十六年，燕文公八年。
前354,354,周顯王十五年（西元前三五四年）,2,史料,衛,,伐、取,梁惠成王十六年邯鄲伐衛，取漆、富丘城之。（《水經· $ \underset{\cdot}{濟} $水注》引《紀年》）
前354,354,周顯王十五年（西元前三五四年）,3,史料,齊、燕,,,梁惠成王十六年齊師及燕戰于泃水，齊師遁。（《水經·鮑丘水注》引《紀年》
前354,354,周顯王十五年（西元前三五四年）,4,史料,秦、鄭,,伐、圍,梁惠成王十六年秦公孫壯帥師伐鄭，圍焦城，不克。（《水經·渠水注》引《紀年》）
前354,354,周顯王十五年（西元前三五四年）,5,史料,秦,,,梁惠成王十六年秦公孫壯帥師城上枳、安陵、山氏（《水經·渠水注》引《紀年》）
前354,354,周顯王十五年（西元前三五四年）,6,史料,秦、魏,秦孝公,取,秦孝公八年與魏戰元裡，斬首七千，取少梁。（《六國表》，《秦本紀》無“斬首七千，取少梁”，作“有功”）
前354,354,周顯王十五年（西元前三五四年）,7,考案,秦、魏,,取,案：《魏世家》、《六國表》俱言秦戰勝元裡後，取魏少梁。但《秦本紀》不載“取少梁”事，蓋秦一度取得少梁，不久仍為魏有，直至二十五年後，秦大敗魏將龍賈後，魏入少梁及河西于秦。
前354,354,周顯王十五年（西元前三五四年）,8,史料,秦、趙、魏,魏惠王,圍、取,[魏惠王]十七年(當作十六年)與秦戰元裡，秦取我少梁。圍趙邯鄲。(《魏世家》，《六國表》同。《趙世家》亦雲“（成侯）二十一年魏圍我邯鄲”)
前354,354,周顯王十五年（西元前三五四年）,9,史料,秦、齊、趙、魏、衛、宋,,伐,趙氏亦嘗強矣。舉左案齊（“案”讀作“按”），舉右案魏，厭案萬乘之國，二國，千乘之宋也。築剛平，衛無東野，芻牧薪采，莫敢窺東門。當是時，衛危於累卵，天下之士相從謀曰：“吾將還其委質而朝於邯鄲之君乎？”於是天下有稱伐邯鄲者，莫令朝行（“莫”讀作“暮”）。魏伐邯鄲。（《秦策四》第十一章，或為六國說秦王）
前354,354,周顯王十五年（西元前三五四年）,10,史料,秦、齊、楚、趙、魏、周、魯、衛、宋、鄭,,伐、攻、圍、救、取、會,魏王欲攻邯鄲，季梁聞之，中道而反，衣焦不申（“焦”讀作“癄”，“申”讀作“伸”），頭塵不浴（“浴”原作“去”，從王念孫據《文選·詠懷詩》李注所引改正），往見王曰：“今者臣來，見人於大行（“大”讀作“太”），方北面而持其駕，告臣曰：‘我欲之楚。’臣曰：‘君之楚，將奚為北面？’曰：‘我馬良。’臣曰：‘馬雖良，此非楚之路也。’曰：‘吾用多。’臣曰：‘用雖多，此非楚之路也。’曰：‘吾禦者善。’此數者愈善而離楚愈遠耳。今王動欲成霸王，舉欲信於天下，恃王國之大，兵之精銳，而攻邯鄲，以廣地尊名。王之動愈數，而離王愈遠耳！猶至楚而北行也。”（《魏策四》第十八章）案：《莊子·胠篋》：“魯酒薄而邯鄲圍。”釋文雲：“楚宣王朝諸侯，魯恭公後至而酒薄，宣王怒欲辱之。恭公不受命，乃曰：我周公之胤，長於諸侯，行天子禮樂，勳在周室，我送酒已失禮，方責其薄，無乃太甚，遂不辭而還。宣王怒，乃發兵與齊攻魯。梁惠王常欲擊趙而畏楚救，以魯為事，故梁得圍邯鄲。許慎注《淮南子》雲：“楚會諸侯，魯、趙俱獻酒于楚王，魯酒薄而趙酒厚，楚之主酒吏求酒于趙，趙不與，吏怒乃以趙厚酒易魯薄酒奏之。楚王以趙酒薄故圍邯鄲也。”今考許注見《淮南子·繆稱訓》。陸說與許說，于史俱無征。據《秦策四》，魏之圍邯鄲，由於與趙爭霸，趙于時正合宋謀衛。《紀年》謂是年趙伐衛取漆、富丘，可證。《秦策四》謂“當是時，衛危於累卵，天下之士相從謀曰：吾將還其委質而朝於邯鄲之君乎？”蓋前二年魯、衛、宋、鄭本委質而朝魏，至此有朝趙之勢，意者是年魯獻魏之酒較前為薄，魏以此疑諸侯將朝趙，成為魏伐邯鄲原因之一。
前354,354,周顯王十五年（西元前三五四年）,11,史料,,,,[梁]惠成王十六年邯鄲四曀，室壞多死。（《開元占經》一百零一引）
前354,354,周顯王十五年（西元前三五四年）,12,考案,周,,,案：王國維《古本竹書紀年輯校》雲：“《開元占經》卷一〇一引作周顯王十四年。”與恒德堂刻本《開元占經》不同。朱右曾《汲塚紀年存真補遺》亦引作周顯王十四年，但《存真》引作“惠成王十六年”。全文作“邯鄲四曀，室多壞，民多死”。洪頤煊《校正竹書紀年》、郝懿行《竹書紀年校正》、陳逢衡《竹書紀年集證》、林春溥《竹書紀年補證》同。
前354,354,周顯王十五年（西元前三五四年）,13,史料,趙、宋,,伐、攻、圍,梁王伐邯鄲，而征師于宋。宋君使使者請于趙王曰：“夫梁兵勁而權重，今征師於弊邑。弊邑不從，則恐危社稷。若扶梁伐趙，以害趙國，則寡人不忍也。願王之有以命弊邑。”趙王曰：“然。夫宋之不足如梁也（鮑本無“足”字），寡人知之矣。弱趙以強梁，宋必不利也，則吾何以告子而可乎？”使者曰：“臣請受邊城，徐其攻而留其日，以待下吏之有城而已。”趙王曰：“善。”宋人因遂舉兵入趙境而圍一城焉。梁王甚說，曰：“宋人助我攻矣。”趙王亦說，曰：“宋人止於此矣。”（鮑本無“說”字）故兵退難解，德施于梁，而無怨于趙，故名有所加而實有所歸。（《宋策》第四章）
前354,354,周顯王十五年（西元前三五四年）,14,考案,趙、周、宋,,伐、圍,案：《大事記》以此編于周顯王十五年，雲：“宋伐趙，圍一城。”##### 卷七
前353,353,周顯王十六年（西元前三五三年）,1,史料,秦、齊、楚、燕、韓、趙、魏,秦孝公、齊威王、魏惠王,,秦孝公九年，魏惠王十七年，韓昭侯十年，趙成侯二十二年，齊威王四年，楚宣王十七年，燕文公九年。
前353,353,周顯王十六年（西元前三五三年）,2,史料,周、鄭,,,梁惠成王十七年東周與鄭高都、利。（《水經·伊水注》引《紀年》）
前353,353,周顯王十六年（西元前三五三年）,3,史料,韓、周,,伐、取,韓昭侯六年（當作十年）伐東周，取陵觀、廩丘。（《六國表》，《韓世家》同，惟“廩丘”作“邢丘”）
前353,353,周顯王十六年（西元前三五三年）,4,考案,韓、周、鄭,,,案：《資治通鑒》、《周季編略》皆從《六國表》。《周季編略》雲：“按韓城邢丘在前元年，此作廩為是。”今按《水經·濟水注》引《紀年》：“梁惠成王三年鄭城邢丘。”當周顯王二年。《韓世家》“邢丘”當為“廩丘”之誤。
前353,353,周顯王十六年（西元前三五三年）,5,史料,鄭,,,梁惠成王十七年鄭釐侯來朝中陽。（《水經·渠水注》引《紀年》）
前353,353,周顯王十六年（西元前三五三年）,6,史料,韓、魏、鄭,,,昭釐侯一世之明君也，申不害一世之賢士也。韓與魏敵侔之國也，申不害與昭釐侯執珪而見梁君，非好卑而惡尊也，非慮過而議失也。申不害之計事曰：“我執珪于魏，魏君必得志于韓，必外靡於天下矣，是魏弊矣。諸侯惡魏必事韓，是我免於一人之下，而信于萬人之上也。夫弱魏之兵而重韓之權，莫如朝魏。”昭釐侯聽而行之，明君也，申不害慮事而言之，忠臣也。《韓策三》第五章或人謂鄭王語）
前353,353,周顯王十六年（西元前三五三年）,7,考案,齊、韓、魏、衛、宋,,圍,案：《孔叢子》有“韓與魏有隙，子順謂韓王”一章，上段與此大體相同。蓋抄襲此章而偽作。《韓策一》第三章“魏之圍邯鄲也，申不害始合于韓王”，因申不害之計事，韓合于魏，不但此年韓昭侯朝魏，次年魏以韓師敗齊與宋、衛之師於襄陵。
前353,353,周顯王十六年（西元前三五三年）,8,史料,齊、衛、宋,,圍、會,梁惠成王十七年宋景敲、衛公孫倉會齊師圍我襄陵。（《水經·淮水注》引《紀年》）
前353,353,周顯王十六年（西元前三五三年）,9,考案,齊、趙、魏,,攻、圍、救、拔,案：據《齊策一》第六章與《田世家》，魏圍邯鄲，趙求救于齊，齊救趙攻魏，先起兵南攻襄陵。及魏拔邯鄲。齊因承魏之弊，大破之于桂陵。《田世家》謂十月邯鄲拔，而《齊策一》作七月，可知攻襄陵在七月或十月以前。
前353,353,周顯王十六年（西元前三五三年）,10,史料,齊、趙、魏,齊威王、魏惠王,伐、攻、圍、救、拔,[齊威王]二十六年(當作四年)魏惠王圍邯鄲，趙求救于齊。齊威王召大臣而謀曰：“救趙孰與勿救？”鄒忌子曰：“不如勿救。”段幹朋曰：“不救則不義，且不利。”威王曰：“何也？”對曰：“夫魏氏並邯鄲，其于齊何利哉？且夫救趙而軍其郊，是趙不伐而魏全也。故不如南攻襄陵以弊魏，邯鄲拔而乘魏之弊。”威王從其計。其後成侯騶忌與田忌不合，公孫閱謂成侯忌曰：“公何不謀伐魏，田忌必將，戰勝有功，則公之謀中也；戰不勝，非前死則後北，而命在公矣。”於是成侯言威王使田忌南攻襄陵。十月邯鄲拔，齊因起兵擊魏，大敗之桂陵。（《田世家》）
前353,353,周顯王十六年（西元前三五三年）,11,史料,齊、趙、魏,,攻、救、拔,邯鄲之難，趙求救于齊，田侯召大臣而謀曰：“救趙孰與勿救？”鄒子曰：“不如勿救。”段幹綸曰：“弗救則我不利。”田侯曰：“何哉？”“夫魏氏兼邯鄲，其于齊何利哉？”田侯曰：“善。”乃起兵，曰：“軍於邯鄲之郊。”段幹綸曰：“臣之求利且不利者，非此也。夫救邯鄲，軍於其郊，是趙不拔而魏全也，故不如南攻襄陵以弊魏，邯鄲拔而承魏之弊，是趙破而魏弱也。”田侯曰：“善。”乃起兵南攻襄陵。七月邯鄲拔，齊因承魏之弊，大破之桂陵。（《齊策一》第六章）
前353,353,周顯王十六年（西元前三五三年）,12,考案,齊、韓、魏、衛、宋,,攻、圍、拔、會,案：《田世家》此段記載，即依據《齊策》，惟“段幹綸”作“段幹朋”，“綸”、“朋”形近而誤，未知孰是。“七月邯鄲拔”又作“十月”，“七”“十”形近，亦未知孰是。《田世家》謂“威王使田忌南攻襄陵”，《齊策》無“使田忌”三字。《水經·淮水注》引《紀年》，此年“宋景敬、衛公孫倉會齊師圍我襄陵”，列舉會同作戰之宋、衛將軍姓名，但未記齊將之名。《水經·淮水注》引《紀年》，又謂次年“惠成王以韓師敗諸侯師于襄陵”。事在田忌大破魏軍于桂陵之後，可知圍攻襄陵之齊將必非田忌，《田世家》之說不確。
前353,353,周顯王十六年（西元前三五三年）,13,史料,秦、齊、楚、趙、魏,,攻、救、取、拔,邯鄲之難，昭奚恤謂楚王曰：“王不如無救趙，而以強魏，魏強，其割趙必深矣。趙不能聽，則必堅守，是兩弊也。”景舍曰：“不然。昭奚恤不知也。夫魏之攻趙也，恐楚之攻其後。今不救趙，趙有亡形，而魏無楚憂，是楚、魏共趙也，害必深矣，何以兩弊也？且魏全兵以深割趙（“全”原作“令”，從金正煒改正），趙見亡形而知楚之不救己也（“知”，原作“有”，姚注“劉作知”，今據改），必與魏合而以謀楚，故王不如少出兵以為趙援。趙恃楚勁，必與魏戰，魏怒于趙之勁，而見楚救之不足畏也，必不釋趙。趙、魏相弊，而齊、秦應楚，則魏可破也。”楚因使景舍起兵救趙，邯鄲拔，楚取雎、澇之間。（《楚策一》第五章）
前353,353,周顯王十六年（西元前三五三年）,14,史料,齊、楚、趙、魏,,卒,□□□□邯鄲□“令”通“命”)，曰：“□□□□□和于魏，楚兵不足恃也。”(“恃”原作“侍”)邯鄲君曰：“子使，未將令也，人許子兵甚俞(“俞”通“愉”)，何為而不足恃也。”鹿弭皮曰：“臣之不足恃者以其俞也(“不足”兩字原缺)。彼其應臣甚辨，大似有理。彼非卒(“卒”通“猝”)然之應也。彼笥齊□□□□守其□□□利矣。□□□兵之日不肯告臣。穎然進其左耳而後其右耳，合乎其所後者，必其心與□□□□□俞許我兵，我必列地以和于魏(“列”通“裂”)。魏必不敝，得地于趙，非楚之利也。故俞許我兵者，所勁吾國，吾國勁而魏氏敝，楚人然後舉兵兼承吾國之敝。主君何為亡邯鄲以敝魏氏，而兼為楚人禽哉，故蔞和為可矣(“蔞”通“數”)。邯鄲君搖于楚人之許己兵而不肯和。三年，邯鄲僂，楚人然後舉兵，兼為正乎兩國。若由是觀之，楚國之口雖□□，其實未也。故□□應。且曾聞其音以知其心。夫魏然見於左耳，鹿弭皮已計之矣。(《戰國縱橫家書》第二十七章)
前353,353,周顯王十六年（西元前三五三年）,15,考案,楚、趙、魏,,攻、救、取、拔,案：江君奚恤，當即昭奚恤，楚宣王時之令尹，封于江。在今河南正陽，邯鄲君即趙成侯。“顙”字，不詳，鹿弭皮作為趙使，至楚求救，昭奚恤許諾，鹿弭皮以為楚兵不足恃，主張裂地以和于魏。而趙成侯不信，因楚已許救而不肯和，困守邯鄲三年，待邯鄲拔，然後楚出兵。此與《楚策一》言楚從景舍之計，少出兵，待邯鄲拔，楚攻取魏睢、沴之間，略有不同。
前353,353,周顯王十六年（西元前三五三年）,16,史料,齊、吳,,伐,梁惠成王十七年齊田期伐我東鄙，戰於桂陽，我師敗逋。（《水經·濟水注》引《紀年》，並雲：“亦曰桂陵。”《孫子吳起列傳·索隱》王劭案語引《紀年》作“梁惠王十七年齊田忌敗我桂陵”）
前353,353,周顯王十六年（西元前三五三年）,17,史料,齊、趙、魏,魏惠王,救、拔,[魏惠王]十八年(當作十七年)拔邯鄲，趙請救于齊，齊使田忌、孫臏救趙，敗魏桂陵。(《魏世家》，《六國表》雲：“邯鄲降，齊敗我桂陵。”《趙世家》亦雲：“成侯二十二年魏惠王拔我邯鄲，齊亦敗魏于桂陵。”)
前353,353,周顯王十六年（西元前三五三年）,18,史料,齊、趙、魏、吳,齊威王,伐、攻、圍、救、卒,魏伐趙，趙急，請救于齊。齊威王欲將孫臏，臏辭謝曰：“刑餘之人不可。”於是乃以田忌為將，而孫子為師，居輜車中，坐為計謀。田忌欲引兵之趙，孫子曰：“夫解雜亂紛糾者不控卷，救鬥者不搏撤，批亢搗虛，形格勢禁，則自為解耳。今梁、趙相攻，輕兵銳卒，必竭於外，老弱罷於內，君不若引兵疾走大樑，據其街路，沖其方虛，彼必釋趙而自救，是我一舉解趙之圍而收弊于魏也。”田忌從之，魏果去邯鄲，與齊戰于桂陵，大破梁軍。（《孫子吳起列傳》）
前353,353,周顯王十六年（西元前三五三年）,19,考案,秦、齊、趙、魏,秦孝公、魏惠王,伐、圍、救、取、拔,案：梁玉繩《史記志疑》斷言史載魏拔邯鄲為妄，其言曰：“《史記·六國表》顯王十六年，魏惠王十八年，邯鄲降。案趙表亦雲魏拔邯鄲。後二年于魏、趙表雲：歸邯鄲。即趙、魏、田完三《世家》，《穰侯列傳》並載無異，似真有其事者。然邯鄲為趙之都，其君庇焉，魏安得拔其都乎？若果拔之，則未歸邯鄲之前，首尾幾及二年，此二年中趙侯徙居何地。揆諸情勢，深所難信。蓋與史言秦孝公降魏安邑，同為妄矣，而其誤，實自《齊策》來。”其說殊非，今以《戰國策》、《史記》參證之，其事昭昭，確實無疑。《魏策三》第三章，須賈為魏謂穰侯曰：“初時惠王伐趙，戰勝于三梁，十萬之軍拔邯鄲，趙氏不割而邯鄲複歸。”《穰侯列傳》同。《呂氏春秋·不屈》亦謂當魏惠王之時，“圍邯鄲三年而弗能取，士民罷潞，國家空虛，天下之兵四至。”高注：“救邯鄲之兵從四方來至也。”
前353,353,周顯王十六年（西元前三五三年）,20,史料,齊、衛、宋,,攻、救、卒、取、殺,昔者梁君將攻邯鄲，使將軍龐涓帶甲八萬至於茬丘，齊君聞之，使將軍忌子帶甲八萬至……竟（境）。龐子攻衛，北□□，將軍忌[子]……衛……救與……曰：“若不救衛，將何為？”孫子曰：“請南攻平陵，平陵，其城小而縣大，人眾甲兵盛，東陽戰邑，難攻也。吾將示之疑。吾攻平陵，南有宋，北有衛，當塗（通作“途”）有市丘，是吾糧塗（途）絕也。吾將示之不智（通作“知”）事。”於是徙舍而走平陵。……陵，忌子召孫子而問曰：“事將何為？”孫子曰：“都大夫孰為不識事？”曰：“齊城、高唐。”孫子曰：“請取所……二大夫□以□□□臧□□都橫卷四達環塗（途）橫卷所□陳（通“陣”）也。環塗（途）鈸甲之所處也。吾末甲勁，本甲不斷。環塗（途）擊被其後，二大夫可殺也。”於是段（通“斷”）齊城、高唐為兩，直將蟻傅（通“附”）平陵，挾茝環塗（途）夾擊其後，齊城、高唐當術而大敗。將軍忌子召孫子問曰：“吾攻平陵不得而亡齊城、高唐，當術而厥（通“蹶”），事將何為？”孫子曰：“請遣輕車西馳梁郊，以怒其氣。分卒而從之，視（通“示”）之寡。”於是為之。龐子果棄其輜重，兼取（通“趣”）舍而至。孫子弗息而擊之桂陵而禽（通“擒”）龐涓。故曰孫子之所以為者盡矣。四百六。（《孫臏兵法·擒龐涓》）
前353,353,周顯王十六年（西元前三五三年）,21,考案,吳、衛,,救,案：上述《孫臏兵法》竹簡，一九七二年出土于山東臨沂銀雀山西漢墓葬中。見《銀雀山漢墓竹簡孫臏兵法》。此篇《擒龐涓》，即從散亂竹簡中揀出而編成。原有四百零六字，現存三百二十七字，殘缺七十九字。今以吳九龍《銀雀山漢簡釋文》以校對，第二二五三號竹簡殘存“孫子曰侍(待)三日”六字，第二八五一號竹簡殘存“救衛是失令田忌”七字，未編入此篇中。
前353,353,周顯王十六年（西元前三五三年）,22,考案,齊、燕,齊宣王,伐、攻,又案：余考戰國時齊國設有“五都”，除國都臨淄以外，四邊設“都”，具有邊防重鎮之性質。五都設有常備兵，稱為“技擊”，亦稱為“持戟之士”。孟子見平陸大夫孔距心曰：“子之持戟之士，一日而三失伍，則去之否乎？”又見於王曰：“王之為都者，臣知五人焉，知其罪者惟孔距心。”見《孟子·公孫醜下》。因而齊之軍隊主力，有所謂“五都之兵”，亦稱“五家之兵”。齊宣王嘗令匡章“將五都之兵，以因北地之眾，以伐燕”，見《燕策一》。五都為臨淄、高唐、平陵、即墨、莒。五都之長官稱大夫。是役田忌所統率者亦為五都之兵，齊城、高唐二大夫在進攻平陵時“當術(道路)而大敗”。臨淄亦稱齊城，見於《水經·淄水注》。
前353,353,周顯王十六年（西元前三五三年）,23,考案,齊、楚、韓、趙、魏、衛、宋,,攻、圍、救、卒、取、盟、奔,又案：“攻魏救趙”，乃孫臏以謀略勝敵之典型戰例。孫臏于此一再發揮孫武兵法所謂“示形”之計謀。所謂“示形”，即示以假像，從而誘騙敵人與調動敵人，使敵發生錯覺而陷於被動，使敵人驕傲、輕敵而懈於戒備，然後借此有利形勢，迅速主動出擊，攻其所必救，以智謀戰勝敵人。孫臏首先南攻宋、衛之間東陽地區之戰略要地平陵，作為攻取目標，從而“示之疑”，使敵人對進攻目標迷惑。同時進攻平陵“示之不知事”，即顯示指揮者不懂軍事，驅使士卒“蟻附”(如螞蟻般爬登)而攻城，而後路被夾擊，因而當路大敗，用以使敵人驕傲而輕敵。然後孫臏突然遣輕車向西快速進軍大樑城郊，“以怒其氣”。此即孫武兵法所謂“怒而撓之，卑而驕之”(《計篇》)，同時分散兵力而前進，用以“示之寡”，造成兵力單薄之錯覺，是時孫臏突然遣輕車直奔大樑。大樑為魏之國都所在，即孫武所謂“攻其所必救”(《虛實篇》)，魏之主將龐涓奉命從邯鄲前線回歸大樑急救，龐涓因震怒、驕傲而輕敵，棄其輜重，以輕裝急行軍兼程趕回，路經桂陵（今河南長垣西南），孫臏預先設伏，突然襲擊正在急行之敵軍，取得生擒敵軍主將龐涓之戰果。即孫臏所謂“攻其所必救，使離其固，以揆其慮，施伏設援，擊其移庶”(《孫臏兵法·十問篇》)。此役齊以智謀取得生擒魏主將之大捷，但未能擊潰魏之主力，因而齊未向大樑進擊，而邯鄲仍為魏所攻佔，並未因此而解邯鄲之圍。次年魏尚得以韓師擊敗齊、宋、衛之聯軍於襄陵，齊因而請楚將景舍向魏求和。再次年，魏終於迫使趙訂城下之盟于漳水之上，以邯鄲歸趙。
前353,353,周顯王十六年（西元前三五三年）,24,考案,秦、齊、楚、韓、趙、魏、晉、吳、衛、宋,,救、取、盟、殺,又案：《史記》所載桂陵之戰，未述及魏之主將為何人，更未述及擒龐涓。《魏世家》、《田世家》、《孟嘗君列傳》與《六國表》，皆謂此後十二年馬陵之戰殺龐涓，虜太子申。《孫子列傳》又謂馬陵之戰龐涓自殺，而太子申被虜。吳九龍《銀雀山漢簡釋文》，論及此事，雲：“魏國於此二役中都遭到慘重失敗，而馬陵之役所受打擊尤為巨大，因此桂陵之役的事件，被後人誤認為馬陵之役的事件，是有可能的。”（第十七頁）但《孫臏兵法·擒龐涓》篇詳述桂陵之戰經過，僅言擒龐涓而未言擒太子申。若後人以桂陵之戰果，誤認為馬陵之戰果，為何所有史料俱言馬陵之戰殺龐涓而虜太子申，太子申與龐涓同時被擒殺于馬陵之役，與《擒龐涓》篇言桂陵之役但擒龐涓，顯然不同。《孫臏兵法·陳忌問壘》篇載孫臏對答田忌，論述設置障礙配合各種兵力之戰略戰術，雲：“用此者，所以應猝窘處隘塞死地之中也。是吾所以取龐涓（“涓”字原缺，今補）而擒太子申也。”當指馬陵之戰。桂陵之戰，孫臏誘使龐涓從邯鄲以急行軍兼程回救大樑，在桂陵加以邀擊而擒龐涓，此與馬陵之戰引太子申與龐涓進入隘塞死地之中而擒殺不同。若後人以桂陵之役戰果，誤作馬陵之役戰果，擒太子申較取龐涓更為重要。《擒龐涓》篇不能但言擒龐涓也。然則何以龐涓在桂陵之戰被擒，及馬陵之戰又與太子申同時被擒殺？桂陵之戰，魏之國力損失不大，此後魏又以韓師擊敗齊、宋、衛之師於襄陵。齊不得已請楚將景舍向魏求和。同時魏又迫使趙在漳水之上結盟，然後將邯鄲歸還趙國。或者此時齊將龐涓釋放，龐涓再度為魏將。猶如春秋時秦將孟明視為晉所俘，旋被釋放回秦，仍為秦將。
前353,353,周顯王十六年（西元前三五三年）,25,史料,魯,,卒、立,[魯]共公二十二年(疑當作三十年)卒，子屯立，是為康公。(《魯世家》)
前353,353,周顯王十六年（西元前三五三年）,26,考案,秦、齊、楚、趙、魏、周、魯、衛、宋、鄭,秦惠王、魏惠王,攻、圍、救、卒、立、即位、稱王,案：《魯世家》謂魯共公二十二年卒，《史記》魯元公、魯穆公、魯共公既誤後八年，則魯共公二十二年當周顯王八年，即魏惠王九年。然《魏世家·索隱》引《紀年》“梁惠成王十四年魯共侯、宋桓侯、衛成侯、鄭釐侯來朝”，則魯共公至周顯王十三年猶在，不得謂魯共公二十二年即卒矣。錢穆《再論魯譜歧點》雲：“《魏世家·索隱》引《紀年》梁惠成王十四年魯共侯、宋桓侯、衛成侯、鄭釐侯來朝。”是魯共公至梁惠王十四年尚在也。又《六國表》梁惠王十五年魯、衛、宋、鄭來。”《集解》徐廣曰：“《紀年》一曰魯共侯來朝。”是魯共公至梁惠王十五年尚在也。又《莊子·胠篋》篇“魯酒薄而邯鄲圍”，《釋文》雲：“楚宣王朝諸侯，魯恭公後至而酒薄。宣王怒，與齊攻魯。梁惠王常欲擊趙而畏楚救，楚以魯為事，故梁得圍邯鄲。”圍邯鄲在梁惠王十七年，是又魯共公至梁惠王十七年尚在也。據此則《年表》魯共公卒于梁惠王十八年，明年魯康西元年，未必誤。然則《世家》固未必信。徐廣所見一本悼公即位年數，固未必可憑耶？然則，今《世家》自平公以下所記注秦、楚諸國大事，合之魯君之某年某年者，又皆為虛耶？今《世家》既誤，又何從而致誤，是必有誤。余意《魯世家》記平公以下未必盡屬誤文。或者今《世家》所載穆公、共公、康公、景公四君之年，其間尚有上下。經後人據劉歆《曆譜》改之，故徐廣有自悼公以下盡與劉歆《曆譜》合，而反違《年表》，未詳何故之疑。今算《年表》亦無甚異，則後人又據《世家》改《年表》也。惟《世家》記自平公立六國皆稱王，十二年秦惠王卒以下，記注秦、楚大事，合之魯某君之某年者猶未變易，故遂致糾紛，而不可理也。……今既無可參證，姑定共公為三十二年、康公九年、景公十九年。”（《先秦諸子系年》第四七一至四七二頁）錢氏下割魯景公十年，加增于魯共公，定共公三十二年，殊乏依據。《六國表》著康西元年于周顯王十七年，當魏惠王十八年，或當有據，則魯共當有三十年耳。
前353,353,周顯王十六年（西元前三五三年）,27,史料,魏,,,[魏]惠成王十七年有一鶴三翔於郢市。（唐寫本《修文殿御覽》殘卷引《紀年》）
前352,352,周顯王十七年（西元前三五二年）,1,史料,秦、韓、趙、魏,秦孝公、魏惠王,,秦孝公十年，魏惠王十八年，韓昭侯十一年，趙成侯二十三年，
前352,352,周顯王十七年（西元前三五二年）,2,史料,齊、楚、燕,齊威王,,齊威王五年，楚宣王十八年，燕文公十年。
前352,352,周顯王十七年（西元前三五二年）,3,史料,魏,魏惠王,圍,[魏惠王]十九年(當作十八年)諸侯圍我襄陵。築長城，塞固陽。(《魏世家》，《六國表》同)
前352,352,周顯王十七年（西元前三五二年）,4,考案,秦、魏、鄭,,,案：《正義》引《括地志》雲：“稠陽縣漢舊縣也，在銀州銀城縣界。”其說恐不確。《秦本紀》於孝西元年下雲：“魏築長城，自鄭濱洛以北，有上郡。”不能遠至銀州固陽為塞。
前352,352,周顯王十七年（西元前三五二年）,5,史料,秦、魏、衛,秦孝公,伐、圍,[秦孝公]十年衛鞅為大良造，將兵圍魏安邑，降之。（《秦本紀》，《商君列傳》同，《六國表》作“衛公孫鞅為大良造，伐安邑，降之”）
前352,352,周顯王十七年（西元前三五二年）,6,考案,秦、周、衛、代,商鞅,,案：秦爵二十等，自第十級左庶長，至第十八級大庶長，皆屬庶長一等，相當於別國之卿。大良造為第十六級，亦屬庶長一等。此時大良造不僅為秦最高爵位，並為最高官職。此時衛鞅由左庶長而升為大良造，相當於別國之相。此一官爵之全稱為“大良造庶長”。十六年大良造鞅矛鐓，銘文作“十六年大良造庶長鞅之造，雍，矛”（著錄於《雙劍諺吉金圖錄》卷下、《衡齋金石識小錄》卷下、《三代吉金文存》卷二十），即鞅於孝公十六年督造。其後，秦惠文王四年有大良造庶長游出命封右庶長歜宗邑之《瓦書》。十三年商鞅戟，銘文作“十三年大良造鞅之造戟”(《貞松堂集古遺文》卷十二、《三代吉金文存》卷二十，現藏上海博物館)。蓋大良造乃通稱。《東周策》第十五章“右行秦謂大樑造”，“梁”、“良”聲同通假。
前352,352,周顯王十七年（西元前三五二年）,7,考案,秦、魏,,伐、圍、徙都,又案：《資治通鑒》作“秦大良造伐魏”，不載“圍魏安邑，降之”。胡三省注謂“是時魏都安邑，其兵猶強，龐涓、太子申、公子印未敗，安邑不應遽降于秦”。又謂：“《魏世家》於是年不書安邑降秦而《秦記》孝公十年書之，《通鑒》從《魏世家》，于顯王二十九年書魏去安邑，徙大樑，而是年不書魏安邑降，蓋亦疑而除去之。”顧炎武亦謂“此必安邑字誤”。梁玉繩以為“固陽”字誤。說皆不確。據《紀年》是時魏已徙都大樑，而安邑已成秦所爭奪之地。
前352,352,周顯王十七年（西元前三五二年）,8,史料,齊、楚、韓、宋,,圍、會,[梁惠成王]十八年惠成王以韓師敗諸侯師于襄陵。齊侯使楚景舍來求成。公會齊、宋之圍。（《水經·淮水注》引《紀年》）
前352,352,周顯王十七年（西元前三五二年）,9,考案,齊、楚、韓、趙、魏、衛、宋,魏惠王,圍、會,案：《永樂大典》本、朱謀瑋本及全祖望、趙一清校本《水經注》皆有“公會齊、宋之圍”句，惟戴震校本據今本《紀年》刪去此句。是年魏惠王以韓師擊敗包圍襄陵之齊、宋、衛聯軍，齊使楚將景舍前來求和，魏惠王會見於襄陵。朱右曾《汲塚紀年存真》、王國維《古本竹書紀年輯校》皆改“公”為“王”。
前352,352,周顯王十七年（西元前三五二年）,10,考案,齊、楚、趙、魏,,攻、圍、救、取、拔,又案：當魏圍攻趙都邯鄲時，趙遣使至楚求救，楚王從景舍之計，由景舍率兵攻魏救趙，但按兵不攻，待邯鄲拔，乃攻取魏之睢、沴之間。此時景舍又為齊向魏求成。
前351,351,周顯王十八年（西元前三五一年）,1,史料,秦、齊、楚、燕、韓、趙、魏,秦孝公、齊威王、魏惠王,,秦孝公十一年，魏惠王十九年，韓昭侯十二年，趙成侯二十四年，齊威王六年，楚宣王十九年，燕文公十一年。
前351,351,周顯王十八年（西元前三五一年）,2,史料,晉,,取,梁惠成王十九年晉取玄武、濩澤。（《水經·沁水注》引《紀年》，“玄武”當作“泫氏”）
前351,351,周顯王十八年（西元前三五一年）,3,考案,趙、魏、晉,,攻、取,案：陳逢衡《竹書紀年集證》與雷學淇《竹書紀年義證》皆謂“玄武”乃“泫氏”之誤。《太平御覽》一百六十三與《太平寰宇記》卷四十四澤州高平縣下引《紀年》，“梁惠王九年晉取泫氏”，與此為一事，蓋脫去“十”字，其說是也。朱右曾《汲塚紀年存真》釋“梁惠成王九年晉取泫氏”條雲：“晉即魏也。”蓋泫氏在今山西高平縣，正當長平東南，原為趙地。濩澤在今沁水縣東南，亦為趙地，是年為魏所攻取。
前351,351,周顯王十八年（西元前三五一年）,4,史料,趙、魏,魏惠王,盟,[魏惠王]二十年(當作十九年)歸趙邯鄲，與盟漳水上。(《魏世家》，《六國表》亦作“歸趙邯鄲”)
前351,351,周顯王十八年（西元前三五一年）,5,史料,秦、趙、魏,,攻、盟,[趙成侯]二十四年(當作二十三年)魏歸我邯鄲，與魏盟漳水上。秦攻我藺。(《趙世家》，《六國表》亦作“魏歸邯鄲，與魏盟漳水上”)
前351,351,周顯王十八年（西元前三五一年）,6,史料,魏,,圍,唐尚敵年為史，其故人謂唐尚願之，以謂唐尚，唐尚曰：“吾非不得為史也，羞而不為也。”其故人不信也，及魏圍邯鄲，唐尚說惠王而解之圍，以與伯陽。（《呂氏春秋·士容》）
前351,351,周顯王十八年（西元前三五一年）,7,考案,趙、魏,魏惠王,圍,案：高誘注：“解邯鄲圍也。以與伯陽，以伯陽邑資之也。”蓋是時唐尚為趙說魏惠王解邯鄲之圍，而以伯陽與魏。伯陽為趙邑，在今河北鄴縣西南。《趙世家》謂趙惠文王十九年趙與魏伯陽。可知是時唐尚雖有與以伯陽之說，實未以伯陽與魏。陳奇猷《呂氏春秋校釋》雲：“唐尚既有歸邯鄲之功，趙因予唐尚以伯陽。”非是。趙不可能以伯陽邑賜予遊說者。
前351,351,周顯王十八年（西元前三五一年）,8,史料,趙、魏,,伐、拔,惠王伐趙，戰勝于三梁，十萬之軍拔邯鄲，趙氏不割而邯鄲複歸。（《魏策三》第三章須賈語，《戰國縱橫家書》第十五章，《穰侯列傳》同）
前351,351,周顯王十八年（西元前三五一年）,9,考案,趙、魏,,拔、盟,案：據此可知魏以所拔邯鄲歸趙，與盟漳水上，趙並未割讓土地。
前351,351,周顯王十八年（西元前三五一年）,10,史料,魏、周,,圍、取、殺,惠子之治魏為本，其治不治。當惠王之時，五十戰而二十敗，所殺者不可勝數，大將、愛子有禽者也。大術之愚為天下笑，得舉其諱，乃請令周太史更著其名。圍邯鄲三年而弗能取，士民罷潞，國家空虛，天下之兵四至，眾庶誹謗，諸侯不譽，謝于翟翦而更聽其謀，社稷乃存。名寶散出，土地四削，魏國從此衰矣。（《呂氏春秋·不屈》）
前351,351,周顯王十八年（西元前三五一年）,11,考案,秦、齊、楚、燕、韓、趙、魏、周、宋,魏惠王,伐、圍、拔、會、殺、奔,案：魏惠王於十六年圍趙邯鄲，十七年拔邯鄲，十九年歸邯鄲，用兵於邯鄲首尾四年之久，確使魏“士民罷潞，國家空虛”，成為魏從此衰敗之主因。魏惠王連年戰敗，先為孫臏敗于桂陵，再為孫臏大破于馬陵，“大將、愛子有禽者也。”又屢為秦所敗，喪失西河、上郡，確是“土地四削，魏從此衰矣”。但主其事者並非惠施，《呂氏春秋》未能分明。錢穆《惠施仕魏考》辨之甚明。其言曰：《魏策》：“齊、魏戰于馬陵，齊大勝魏，殺太子申……惠子教以變服折節而朝齊。楚王大怒，自將伐齊，大敗齊於徐州。”今按馬陵之役在惠王二十八年，後九年，齊、魏會徐州相王，又後一年楚伐齊徐州，其時惠施已用事。《呂氏春秋·愛類》“匡章謂惠施曰：公之學去尊，今又王齊，何也？……”可證魏齊相王，惠施主其謀，及《呂氏春秋·不屈》……則以魏惠十七年圍趙邯鄲為惠施相魏後事，細按其說，殆非也。惠子為相，年事當逾三十，下至周赧王元年齊破燕，惠子為魏使趙，凡四十年，惠子之壽方躋八十，未必再為魏效奔走，可疑一也。且據原篇“惠施見白圭，白圭曰：新婦至，宜安矜，今惠子遇我尚新，其說我有太甚者。”則白圭蓋先惠施用事。《年表》“惠王二十七年冊封。”余疑丹即白圭，其時尚當路，惠施不應先十年已為相，可疑二也。謂恐天下笑之，而令周太史更著其名，無此情理，可疑三也。惠子墨徒，常主偃兵，馬陵之後，勸王折節朝齊，且曰王固先屬怨于趙，見伐趙非出惠子，可疑四也。惠子見逐，在惠王后元十三年，其至魏當在惠王二十七八年馬陵敗後，或在徐州會前一二年，前後約得十五六年，較為近情。若如呂氏書，惠施在魏用事垂三十年，魏既送經敗衄，而惠王與相終始，猶信之不稍衰，有逾後世漢先主、宋神宗遠甚，可疑五也。呂氏書成於眾手，《不屈》一篇，盛毀惠施，因謂惠王之世五十戰而二十敗，盡以為惠施之罪，吾竊疑其誣（《先秦諸子系年》第二八一至二八二頁）。余考惠施為刑法家，《呂氏春秋·淫辭》雲：“惠子為魏惠王為法”，可證，名家之學本源於刑法家之循名責實，惠施相魏，《韓非子·內儲說上》、《魏策》俱謂其“欲以魏合于齊、楚以按兵”，則圍趙邯鄲，與齊戰桂陵、襄陵等役，當非惠施主其事。錢說是也。
前351,351,周顯王十八年（西元前三五一年）,12,史料,秦、衛,秦孝公,圍,秦孝公十一年城商塞。衛鞅圍固陽，降之。（《六國表》）
前351,351,周顯王十八年（西元前三五一年）,13,史料,楚,,,荊宣王問群臣曰：“吾聞北方之畏昭奚恤也，果誠何如？”群臣莫對，江乙對曰：“虎求百獸而食之，得狐，狐曰：‘子無敢食我也，天帝使我長百獸。今子食我，是逆天帝命也。子以我為不信，吾為子先行，子隨我後，觀百獸之見我而敢不走乎？’虎以為然，故遂與之行，獸見之皆走，虎不知獸畏己而走也，以為畏狐也。今王之地方五千里，帶甲百萬，而專屬之昭奚恤，故北方之畏昭奚恤也，其實畏王之甲兵也，猶百獸之畏虎也。”（《楚策一》第三章，《新序·雜事二》第三章同）
前351,351,周顯王十八年（西元前三五一年）,14,考案,楚,,,案：《太平御覽》九百零九引《春秋後語》與此相同，惟開首雲：“楚宣王以昭奚恤為相，諸侯畏之，王問群臣曰。”
前351,351,周顯王十八年（西元前三五一年）,15,史料,楚、魏,,取,江乙惡昭奚恤謂楚王曰：“人有以其狗為有執而愛之，其狗嘗溺井，其鄰人見狗之溺井也，欲入言之。狗惡之，當門而噬之，鄰人憚之，遂不得入言。邯鄲之難，楚進兵大樑，取矣，昭奚恤取魏之寶器，以臣居魏知之，故昭奚恤常惡臣之見王。”(《楚策一》第八章)
前351,351,周顯王十八年（西元前三五一年）,16,考案,,,取、拔,案：“大樑，取矣”，取，姚注：“曾作拔”。此時大樑未拔，“取”或“拔”字有誤。
前351,351,周顯王十八年（西元前三五一年）,17,史料,楚、周,,殺,江乙欲惡昭奚恤于楚，謂楚王曰：“下比周而上危，下分爭則上安，王亦知之乎？願王勿忘也，且人有好揚人之善者，于王何如？”王曰：“此君子也，近之。”江乙曰：“有人好揚人之惡者，于王何如？”王曰：“此小人也，遠之。”江乙曰：“然則且有子殺其父，臣弑其主者，而王終已不知者何也？以王好聞人之美，而惡聞人之惡也。”王曰：“善。寡人願兩聞之。”(《楚策一》第九章)案：《渚宮舊事》亦載此事，有省略。章首雲：“江乙欲惡昭奚恤于宣王。”《資治通鑒》以此章與上章江乙謂楚王曰“人有愛其狗者，狗嘗溺井”云云，為一時事。系于周顯王十六年，章首雲：“楚昭奚恤為相。”
前351,351,周顯王十八年（西元前三五一年）,18,史料,楚,,,江尹欲惡昭奚恤于楚王而力不能，故為梁山陽君請封于楚。楚王曰：“諾。”昭奚恤曰：“山陽君無功于楚國，不當封。”江尹因得山陽君與之共惡昭奚恤。（《楚策一》第六章）
前351,351,周顯王十八年（西元前三五一年）,19,考案,,,,案：鮑彪注“江尹，江乙也”。於鬯注雲：“尹一雙聲，並得通用。”
前351,351,周顯王十八年（西元前三五一年）,20,史料,楚,,,昭奚恤與彭城君議于王前，王召江乙而問焉，江乙曰：“二人之言皆善也，臣不敢言其後（姚注：一本下更有“言其後”三字），此謂慮賢也。”(《楚策一》第四章)
前351,351,周顯王十八年（西元前三五一年）,21,史料,楚、吳,,立,江乙說于安陵君曰（姚注：“《新序》作纏”，《說苑·權謀篇》三十九章作安陵纏，《新序》無此章）：“君無咫尺之地（鮑本“地”作“功”）、骨肉之親，處尊位，受厚祿，一國之眾，見君莫不斂衽而拜，撫委而服，何以也？”曰：“王過舉而已（姚注：“已一作色。”鮑本“而已”作“以色”，吳師道雲：“恐當作而以色”），不然，無以至此。”江乙曰：“以財交者，財盡而交絕；以色交者，華落而愛渝，是以嬖女不敝席（鮑本“女”作“色”），寵臣不避軒（姚注：“避”是敝字無疑。《真誥》曰：女寵不弊席，男愛不盡輪，或出於此。軒輪相近。李慈銘曰：“不敝軒，謂所樂之軒未敝，而恩已奪也”）。今君擅楚國之勢，而無以深自結于王（鮑本無“深”字），竊為君危之。”安陵君曰：“然則奈何？”（姚注：曾“何”下有“江乙曰”三字）“願君必請從死，以身為殉，如是必長得重于楚國。”曰：“謹受令。”三年而弗言。江乙複見曰：“臣所為君道，至今未效，君不用臣之計，臣請不敢複見矣。”安陵君曰：“不敢忘先生之言，未得間也。”於是楚王游於雲夢，結駟千乘，旌旗蔽日（鮑本“日”作“天”，《北堂書鈔》一百二十引作“旌旗蔽日”，孔廣陶注雲：“元泰定刻本《楚策》作蔽天”）。野火之起也若雲蜺，兕虎之嗥若雷霆（原作“兕虎嗥之聲若雷霆”，今從《說苑》改正，《藝文類聚》三十三引此作“兕虎之嗥若雷霆”，《太平御覽》八百九十引此作“兕虎之聲若雷霆”，蓋原有二本，一作“嗥”，一作“聲”，今本因合併二本而誤）。有狂兕樣車依輪而至，王親引弓而射之，壹發而殪。王抽旃旄而抑兕首，仰天而笑曰：“樂矣！今日之遊也！寡人萬歲千秋之後，誰與樂此矣。”安陵君泣數行而進曰（鮑本“行”下有“下”字）：“臣入則侍綸席（“侍綸席”原作“編席”，今從諸祖耿據《太平御覽》三百九十一所引改正），出則陪乘（《太平御覽》所引“乘”上有“萬”字），大王萬歲千秋之後，願得以身試黃泉（姚注：“劉試一作式，曾雲：又作式”。《文選·求立太宰碑表》注正引作“式”，《藝文類聚》三十三引作“抵”），蓐螻蟻，又何如得此樂而樂之。”王大說，乃封壇為安陵君。君子聞之曰：“江乙可謂善謀，安陵君可謂知時矣。”（《楚策一》第十章）
前351,351,周顯王十八年（西元前三五一年）,22,史料,楚,,,安陵纏以顏色美壯得幸于楚共王(“共”當作“宣”)。江乙往見安陵纏曰：“子之先人豈有矢石之功于王乎？”曰：“無有。”江乙曰：“子之身豈亦有乎？”曰：“無有。”江乙曰：“子之貴何以至於此乎？”曰：“僕不知所以。”江乙曰：“吾聞之，以財事人者，財盡而交疏；以色事人者，華落而愛衰。今子之華有時而落，子何以長幸無解于王乎？”安陵纏曰：“臣年少愚陋，願委智于先生。”江乙曰：“獨從為殉可耳。”安陵纏曰：“敬聞命矣。”江乙去，居期年，逢安陵纏謂曰：“前日所諭子者，通之于王乎！”曰：“未可也。”居期年，江乙複見安陵纏曰：“子豈諭王乎？”安陵纏曰：“臣未得王之間也。”江乙曰：“子出與王同車，入與王同坐，居三年，言未得王之間，子以吾之說未可耳。”不悅而去。其年，王獵江渚之野，野火之起若雲蜺，虎狼之嗥若雷霆，有狂兕從南方來，正觸王左驂，王舉旌旄而使善射者射之，一發，兕死車下。王大喜，拊手而笑，顧謂安陵纏曰：“吾萬歲之後，子將誰與斯樂乎？”安陵纏乃逡巡而卻，泣下沾衿，抱王曰：“萬歲之後，臣將從為殉，安知樂此者誰。”於是共王乃封安陵纏于車下三百戶（“共”當作“宣”）。故曰：江乙善謀，安陵纏知時。（《說苑·權謀》第三十九章）
前351,351,周顯王十八年（西元前三五一年）,23,考案,楚、周、越、代,,,案：《說苑·權謀》與《楚策一》內容大體相同，而文詞頗有不同。《說苑》稱安陵君為安陵纏。《漢書·古今人表》中下等有安陵纏，與楚宣王、昭奚恤同時，顏注：“纏即纏字。”黃式三曰：“纏纏聲近。”金正煒曰：“《周禮·鏖人》注：‘故書鏖作壇，杜子春讀壇為鏖，是壇、鏖字古得通用。《說苑》又變鏖為纏耳。’《說苑》謂安陵纏得幸于楚共王，‘共王’為‘宣王’之誤。此事主謀為江乙，江乙為宣王時大夫。考《楚策四》第四章記莊辛謂楚襄王曰：‘君王左州侯，右夏侯，輦從鄢陵君與壽陵君……與之馳騁乎雲夢之中，而不以天下國家為事。’”顧觀光雲：“《楚策》有安陵君及鄢陵君，蓋以封邑得名，古音安與鄢近，疑一地名也。”李慈銘亦雲：“《楚策一》江乙所說之安陵君，即《楚策四》莊辛所言之鄢陵君也。焉安古通用，故鄢亦作安。鄢陵楚地，即召陵，在今河南許州郾城縣東四十五裡。”（《越綬堂讀書記》卷三）此說殊非。《說苑》明謂封安陵纏于車下三百戶，並非封于安陵或鄢陵。安陵君乃其封號，謂將陪葬于王陵而使王得安也。楚宣王時之安陵君，與楚頃襄王時之鄢陵君，相隔年代甚遠，且安陵君、鄢陵君皆以色得幸，決非一人。楚頃襄王時所謂輦從之鄢陵君與壽陵君，皆當為稱號。壽陵君亦以將陪葬于壽陵而得名，非別有封邑稱壽陵也。
前351,351,周顯王十八年（西元前三五一年）,24,史料,楚、周,,,楚大夫江乙之母也。當恭王之時(“恭”為“宣”之誤，《渚宮舊事》作“宣”)，乙為郢大夫，有入王宮中盜者，令尹以罪乙(《渚宮舊事》作“令尹昭奚恤”)，謂于王而絀之。處家無幾何，其母亡布八尋，乃往言于王曰：“妾夜亡布八尋，令尹盜之。”王方在小曲之台，令尹侍焉。王謂母曰：“令尹信盜之，寡人不為其富貴而不行法焉。若不盜而誣之，楚國有常法。”母曰：“令尹不身盜之也，乃使人盜之。”王曰：“其使人盜奈何？”對曰：“昔孫叔敖之為令尹也，道不拾遺，門不閉關，而盜賊自息。今令尹之治也，耳目不明，盜賊公行，是故使盜得盜妾之布，是與使人盜，何以異也。”王曰：“令尹在上，盜在下，令尹不知，有何罪焉。”母曰：“籲，何大王之言過也。昔日妾之子為郢大夫，有盜王宮中之物者，妾子坐而絀，妾子亦豈知之哉，然終坐之，令尹獨何人而不以是為過也。昔者周武王有言曰：百姓有過，在予一人。上不明則下不治，相不賢則國不甯，所謂國無人者，非無人也，無理人者也。王其察之。”王曰：“善。非徒譏令尹，又譏寡人。”命吏償母之布，因賜金十鎰。母讓金布，曰：“妾豈貪貨而幹大王哉？怨令尹之治也。”遂去不肯受。王曰：“母智若此，其子必不愚。”乃複召江乙而用之。（《列女傳》卷六，《渚宮舊事》亦有相同之記載）
前351,351,周顯王十八年（西元前三五一年）,25,考案,楚,,,案：江乙為楚宣王時之郢大夫，或為事實。至於江乙因有入王宮中盜者而細職，後又因其母遊說而複職，疑出後人偽託。
前350,350,周顯王十九年（西元前三五〇年）,1,史料,秦、齊、楚、燕、韓、趙、魏,秦孝公、齊威王、魏惠王,,秦孝公十二年，魏惠王二十年，韓昭侯十三年，趙成侯二十五年，齊威王七年，楚宣王二十年，燕文公十二年。
前350,350,周顯王十九年（西元前三五〇年）,2,史料,秦,秦孝公,取,秦孝公十二年初取小邑為三十一縣（“取”讀作“聚”）。令。為田開阡陌。（《六國表》）
前350,350,周顯王十九年（西元前三五〇年）,3,史料,秦,秦孝公,徙都,[秦孝公]十二年作為咸陽，築冀闕，秦徙都之。並諸小鄉、聚，集為大縣，縣一令。四十一縣。為田開阡陌。東地渡洛。（《秦本紀》）
前350,350,周顯王十九年（西元前三五〇年）,4,史料,秦、魏、衛,,徙都、取,居三年（指衛鞅為大良造，將兵取魏安邑之後三年），作為築冀闕宮廷于咸陽，秦自雍徙都之。而令民父子兄弟同室內息者為禁。而集小都、鄉、邑、聚為縣（“都”字疑衍），置令，丞，凡三十一縣。為田開阡陌封疆而賦稅平。平鬥桶權衡丈尺。（《商君列傳》）
前350,350,周顯王十九年（西元前三五〇年）,5,考案,,,,案：《索隱》雲：“冀，記也，出列教令，當記于此門闕。”不確。“冀”當讀為“巍”。
前350,350,周顯王十九年（西元前三五〇年）,6,史料,秦,,,[秦]孝公……其十三年始都咸陽。（《秦始皇本紀》末引《秦記》）
前350,350,周顯王十九年（西元前三五〇年）,7,史料,秦、蔡,秦孝公,,夫商君為孝公平權衡，正度量，調輕重，決裂阡陌，教民耕戰。（《秦策三》第十八章，蔡澤謂範雎。《蔡澤列傳》作“夫商君為秦孝公明法令，禁奸本，尊爵必賞，有罰必罰，平權衡，正度量，調輕重，決裂阡陌，以靜生民之業而一其俗，勸民耕戰利土，一室無二事，力田稿積，習戰陣之事”）
前350,350,周顯王十九年（西元前三五〇年）,8,史料,,,,孝公用商君，制轅田，開阡陌，東雄諸侯。（《漢書·地理志》）
前350,350,周顯王十九年（西元前三五〇年）,9,史料,秦,商鞅,立,秦用商鞅之法，改帝王之制，除井田，民得買賣，富者田連阡陌，貧者亡立錐之地。（《漢書·食貨志》引董仲舒語）
前350,350,周顯王十九年（西元前三五〇年）,10,史料,秦,商鞅、秦孝公,,自秦孝公時，商鞅獻三術，內一，開通阡陌，以五尺為步（“五”當作“六”），二百四十步為畝。（《太平御覽》七百五十引唐《行演算法》）
前350,350,周顯王十九年（西元前三五〇年）,11,史料,秦、周,商鞅,,按周制，步百為畝，畝百給一夫。商鞅佐秦，以一夫力餘，地利不盡，於是改制二百四十步為畝，百畝給一夫矣。（杜佑《通典·州郡典》雍州風俗，《新唐書·突厥傳》引杜佑之說同）
前350,350,周顯王十九年（西元前三五〇年）,12,史料,秦,秦孝公,,秦孝公以二百四十步為晦(“晦”同“畝”)，五十晦為畦。（慧琳《一切經音義》七十七引《風俗通義》，原本《玉篇》廣部引《風俗通義》作“秦孝公以二百卅步為畝，半為廛也”。“二”字原缺，“廛”當為“畦”之誤）
前350,350,周顯王十九年（西元前三五〇年）,13,考案,秦、韓、趙、魏、晉、周、吳、衛,,圍、立、變法、取,案：據新出土竹簡《孫子兵法·吳問》，晉之六卿已改用新畝制，範氏、中行氏以一百六十步為畝，智氏以一百八十步為畝，韓氏、魏氏以二百步為畝，趙氏以二百四十步為畝，趙氏“公無稅焉”，其餘五卿則“伍稅之”，即五分抽一之稅制。因而孫武斷言：實行最小畝制之範氏、中行氏先亡，智氏次之，韓氏、魏氏再次之，惟趙氏得成功而晉國歸焉。此後歷史之發展，果如孫武所言，惟韓氏、魏氏未亡而成三家分晉之局。衛鞅在秦變法，所謂“開阡陌”或“決裂阡陌”，推行二百四十步之畝制，即推廣趙之畝制。所謂“開阡陌”，阡陌指田間之小道。據四川青川出土之秦武王二年更修田律木牘，“陌”指畝與畝間之小道，“阡”指“百畝”與“百畝”之間之小道。“封疆”則指大塊田地周圍所建築之“封”（封土堆）與“埒”（矮牆），用作田地所有權之標誌。“開阡陌”具有“壞井田”與“制轅田”之作用。《漢書·地理志》顏注引孟康之說，謂“轅田”即“爰自在其田”，取消輪流耕休之制，長期佔有而連年耕種。顏注引張晏之說，亦謂“轅田”取消“三年一易”之制，即“割裂田地，開立阡陌，令民有常”。一九七五年湖北雲夢睡虎地秦墓出土《秦律》，其《田律》規定：“入頃芻稿，以其受田之數，無墾不墾，頃入芻三石，稿二石。”可知受田者不論墾耕與否，一律按受田之數，每一百畝（即一頃）必須繳納飼料三石、禾稈二石。另外當有一定數量之禾稼。《倉律》有規定：“入禾稼、芻稿，輒為扆籍，上內史。”即登記入倉庫之簿籍，上報到內史。內史相當於漢初之治粟內史。
前350,350,周顯王十九年（西元前三五〇年）,14,考案,秦、晉、魯、衛、代,商鞅、秦惠王,徙都、變法、滅、會、遷,又案：商鞅初步變法有效後，徙都咸陽而作進一步之改革，蓋欲擺脫舊貴族傳統之束縛，進一步擴大改革之成果，並謀求向東開拓。所謂“大築冀闕，營如魯、衛矣”，即仿效東方各國都城之結構規模，並有所改革。其最特殊之設施，即咸陽作為全國之政治、經濟之中心，設有官署與市，而仍將宗廟以及祭祀鬼神之神祠保留在舊都雍而未遷至咸陽。咸陽故城遺址已在今陝西咸陽市東北灘毛村、窯店一帶發現，宮殿遺址已有所發掘。但因咸陽故城南靠渭水，渭水歷年來不斷北移，城牆遺址受到沖決，因而其城郭之結構佈局無法查明。大體上沿用中原地區各大國西面宮城連結東面大郭之格局。秦惠王滅蜀之後，新建之成都城，仿效咸陽之制，有“小咸陽”之稱。《華陽國志》卷三《蜀志》，謂成都設有“少城”，“營廣府舍，置鹽鐵市官並長、丞，修整裡閽，市張列肆與咸陽同制。”左思《蜀都賦》謂成都“金城石郭”，“亞以少城，接乎其西，市鏖所會，萬商之淵，列隧百里，羅肆巨千，賄貨山積，纖麗星繁。”由此可見，成都有較小之“少城”連接于大郭西邊，自戰國起建，沿用至漢代西晉，格局未變。《讀史方輿紀要》依據李膺《益州記》所載，謂成都府城，舊有大城，有少城，並雲：“少城惟西南、北三壁，東即大城之四墉。”成都古城略呈方形，中間隔有南北向之城牆，將方城隔成西面狹長方形之小城，東面較寬長方形之大郭，秦都咸陽當同樣格局，惟規模較大。模仿咸陽都城而設計之秦始皇陵園亦正同樣格局。惟規模較小。西面建築陵寢和陵墓之雙重小城，正為狹長方形，東面包括兵馬俑坑在內之大郭，正為較寬之長方形，兵馬俑坑正當在大郭東門以內。由此可以推定秦都咸陽之佈局。（參見拙作《中國古代都城制度史研究》中上編第九章《秦都咸陽西城東郭連結的佈局》，上海古籍出版社一九九三年版）
前350,350,周顯王十九年（西元前三五〇年）,15,考案,秦、齊、魏、代,商鞅,圍、變法、拔、遷,又案：普遍推行統一之縣制，乃商鞅變法中重要之政治改革。不但全國可由此統一，統治可由此加強，法令可貫徹，吏治可清明，農業生產亦可發展。《商君書·墾令》雲：“百縣之治一形，則從；遷者不飾，代者不敢更其制（原脫“飾代者不”四字，從孫詒讓校補），過而廢者不能匿其舉。過舉不匿，則官無邪人。遷者不飾，代者不更，則官屬少而民不勞。官無邪則民不敖。民不敖則業不敗。官屬少，征不煩，民不勞，則農多日。農多日，征不煩，業不敗，則革必墾矣。”昔者魏王擁土千里，帶甲三十六萬，其強北拔邯鄲，西圍定陽，又從十二諸侯朝天子，以西謀秦。（《齊策五》第一章蘇代說齊閔王）
前350,350,周顯王十九年（西元前三五〇年）,16,史料,秦、魏,魏惠王,會,魏惠王二十一年(當作二十年)與秦會彤。(《魏世家》，《六國表》同)
前350,350,周顯王十九年（西元前三五〇年）,17,考案,秦、齊、趙、魏、衛、代,,攻、圍、盟、會,案：前年秦衛鞅將兵圍魏安邑而降之，次年衛鞅又圍固陽而降之。此乃乘魏正與齊、趙相戰之時機。及魏與齊、趙先後結盟講和，魏即向秦反攻。據《齊策五》蘇代所述，魏在“從十二諸侯朝天子”之前，曾西圍秦之定陽，定陽在今陝西延安東南，蓋魏由上郡西攻，安邑當已為魏所收復。是年魏與秦相會於彤，已迫使秦與會修好。
前350,350,周顯王十九年（西元前三五〇年）,18,史料,秦、齊,蘇秦,,梁惠成王二十年齊築防以為長城。（《水經·汶水注》引《紀年》，《蘇秦列傳·正義》引《紀年》，“齊”下誤衍“閔王”二字）
前350,350,周顯王十九年（西元前三五〇年）,19,考案,齊、晉,,攻,案：齊長城原由西邊之堤防護建而成，因而稱為“長城巨防”。齊長城西端起於防門，防門原為堤防之門，春秋時已建成。長城西部在戰國初期已建成，三晉嘗多次攻齊入長城。是年“築防以為長城”，蓋進一步向東擴建。
前350,350,周顯王十九年（西元前三五〇年）,20,史料,韓、趙,,卒、立、奔,[趙成侯]二十五年(當作二十四年)成侯卒，公子繅與太子肅侯爭立，繅敗，亡奔韓。（《趙世家》）
前350,350,周顯王十九年（西元前三五〇年）,21,史料,秦、趙,蘇秦,,[趙]肅侯名語。（《趙世家·索隱》引《世本》，《蘇秦列傳·索隱》引《世本》作“肅侯名言”）
前350,350,周顯王十九年（西元前三五〇年）,22,附編,,,,【附編】
前350,350,周顯王十九年（西元前三五〇年）,23,史料,韓、趙,,,梁車為鄴令，其姊往看之，暮而後至，閉門，因逾郭而入。車遂刖其足，趙成侯以為不慈，奪之璽而免之令。（《韓非子·外儲說左下》）
前350,350,周顯王十九年（西元前三五〇年）,24,考案,趙,,,案：此事不知在何年，今系于趙成侯之末年。
前350,350,周顯王十九年（西元前三五〇年）,25,史料,秦、齊、楚、燕、韓、趙、魏、周,秦孝公、齊威王、魏惠王,,周顯王二十年（西元前三四九年）秦孝公十三年，魏惠王二十一年，韓昭侯十四年，趙肅侯元年，齊威王八年，楚宣王二十一年，燕文公十三年。
前350,350,周顯王十九年（西元前三五〇年）,26,史料,秦,秦孝公,,秦孝公十三年初為縣有秩史。（《六國表》）
前350,350,周顯王十九年（西元前三五〇年）,27,考案,秦,,,案：秦于上年普遍設縣之後，縣令之下又設置定額俸祿之小吏。
前350,350,周顯王十九年（西元前三五〇年）,28,史料,秦、代,秦孝公,,[秦孝公]十三年大良造鞅之造戟。（戟銘，《貞松堂集古遺文》卷十二、《三代吉金文存》卷二十、《秦金文錄》著錄，現器藏上海博物館）
前350,350,周顯王十九年（西元前三五〇年）,29,考案,,,,案：“十三”兩字原為鏽所掩，因而諸書著錄失載。
前350,350,周顯王十九年（西元前三五〇年）,30,史料,趙、晉,,,[趙]肅侯元年奪晉君端氏，徙處屯留。（《趙世家》）
前350,350,周顯王十九年（西元前三五〇年）,31,史料,韓,,會,[韓昭侯]十年（當作十四年）韓姬弑其君悼公。（《韓世家·索隱》雲：“《紀年》姬亦作玘，並音羊之反。姬是韓大夫，而王邵亦雲不知悼公何君也。”各本《史記》之《索隱》皆無“紀年”二字，惟汲古閣單刻本《索隱》有之，金陵局刻本《史記》及《史記會注考證》皆據補）
前350,350,周顯王十九年（西元前三五〇年）,32,考案,齊、韓、趙、魏、晉、周、鄭,齊威王、魏惠王,卒、立、滅、取、遷、殺,案：《晉世家》雲：“晉烈公二十七年卒，子孝公頒立。”“十七年孝公卒，子靜公俱酒立”。“靜公二年魏武侯、韓哀侯、趙敬侯滅晉後而三分其地。靜公遷為家人，晉絕不祀。”《索隱》雲：“《世本》雲孝公傾。《紀年》以孝公為桓公，故《韓子》有晉桓侯。”《六國表》系晉滅于周安王二十六年，《田世家》、《趙世家》、《韓世家》系于齊威王三年、趙敬侯十一年、韓哀侯元年，與《六國表》同。然而據《史記·索隱》與《水經注》所引《紀年》，可知晉桓公（即孝公）有二十年以上，其十五年嘗邑哀侯于鄭（即韓），二十年為趙、韓遷於屯留。時當魏惠王元年，即西元前三六九年。據《趙世家》，趙成侯十六年即西元前三五九年，趙與韓、魏分晉，封晉君以端氏。《水經·漳水注》引《紀年》又謂梁惠成王十二年鄭（即韓）取屯留、尚子（即長子）、涅。蓋晉君所有屯留等三邑為韓所取，晉君遷於端氏。是年趙奪晉君端氏，徙回屯留，屯留久為韓佔有，韓不能容，因而殺之，於是晉滅。《太平御覽》一百六十三引《紀年》雲：“梁惠成王九年，晉取泫氏。”《水經·沁水注》引《紀年》雲：“梁惠成王十九年晉取玄武、濩澤。”陳逢衡、雷學淇以為所記乃一事，《太平御覽》所引《紀年》脫“十”字，《水經注》所引《紀年》“玄武”乃“泫氏”之誤。是也。朱右曾以為“晉即魏也”，亦是。此時晉已為韓、趙所遷，無力取趙地。陳夢家《六國紀年》列以為晉將亡時事，非是。
前350,350,周顯王十九年（西元前三五〇年）,33,考案,韓、趙、魏、晉、鄭,魏惠王,會,又案：《呂氏春秋·審應》雲：“魏惠王使人謂韓昭侯曰：‘夫鄭，乃韓氏亡之也，願君之封其後也。……’昭侯患之……公子食我至於魏，見魏王曰：‘大國命弊邑封鄭之後，弊邑不敢當也……昔出公之後聲氏為晉公，拘於銅鞮，大國弗憐也……。’”高誘注“出公聲氏，韓之先君也，會為晉公所執於銅鞮。”考韓之先君無出公，孫詒讓讀“昔出公之後聲氏為晉公”為句，謂“聲氏蓋即靜公也（聲、靜古音相近字通）”，並舉《古文苑》劉歆《遂初賦》“憐後君之寄寓兮，唁靖公於銅鞮”（靜、靖字通）為證。餘謂出公聲氏自當為晉公，銅鞮為趙地，蓋為趙所拘。魏惠王謂韓不能封鄭之後以存亡繼絕，故韓公子食我亦以魏不能保晉之後為對。惟孫氏以聲氏為靜公，不確。當魏惠王時，為趙所拘之晉公為桓公或悼公，非靜公。《紀年》所謂桓公，即《史記》與《世本》所謂孝公，《晉世家》謂孝公名頎，《索隱》引《世本》作傾欣。“傾欣”與“聲”音相近，則聲氏倘即桓公或孝公乎？
前348,348,周顯王二十一年（西元前三四八年）,1,史料,秦、韓、趙、魏,秦孝公、魏惠王,,秦孝公十四年，魏惠王二十二年，韓昭侯十五年，趙肅侯二年，
前348,348,周顯王二十一年（西元前三四八年）,2,史料,齊、楚、燕,齊威王,,齊威王九年，楚宣王二十二年，燕文公十四年。
前348,348,周顯王二十一年（西元前三四八年）,3,史料,秦、周、代,商鞅、秦孝公,卒、立,[秦孝公]十四年初為賦。（《秦本紀》，《六國表》同）案：《秦本紀·集解》引徐廣曰：“制貢賦之法也。”《索隱》引譙周曰：“初為軍賦也。”《資治通鑒》作“秦商鞅更為賦稅法，行之”。胡三省注：“井田既廢，則周什一之法不復用，蓋計畝而為賦稅之法。”所說皆不符事實。董說《七國考》卷二以“初為賦”即“口賦”，甚是。《漢書·食貨志》載董仲舒曰：“秦用商鞅之法，力役三十倍于古，田租、口賦、鹽鐵之利二十倍于古。”所謂“口賦”，即雲夢出土《秦律》所謂“戶賦”，為漢代“算賦”之起源。商鞅之法“民有二男以上不分異者，倍其賦”。所謂“倍其賦”，即增加一倍之“口賦”。《秦律》規定男子成年必須分家，另立戶口，繳納“口賦”，亦稱“戶賦”。《漢書·晁錯傳》載晁錯上漢文帝書雲：“今秦之發卒也，有萬死之害，而亡銖兩之報。死事之後不得一算之複。”可知秦進行統一戰爭中，雖戰死者之遺族，亦未能免除一算。一算即指一人之算賦。此即商鞅“初為賦”之“賦”。
前348,348,周顯王二十一年（西元前三四八年）,4,考案,魯、代,商鞅,立,又案：商鞅不用魯季孫氏“用田賦”(按田畝徵收軍賦)之法，而用此按戶、按口征賦之法，具有獎勵墾荒之作用。馬端臨謂此乃“任民所耕，不計多少，於是始舍地而稅人”(《文獻通考·田賦考·歷代田賦之制》)。《商君書·墾令》雲：“祿厚而稅多，食口眾者，敗農者也。則以其食口之數，賦而重使之，則辟淫遊惰之民無所於食，民無所於食，則必農，農則草必墾矣。”可知商鞅按“食口之數賦而重使之”，具有限制官僚、地主豢養食客數目之目的。《商君書·墾令》又雲：“以商之口數使商，令之廝、輿、徒、童（原誤作“重”，今改正）者必當召，則農逸而商勞，農逸則良田不荒。”可知更具有限制商人多用奴隸之作用。商鞅對家中有成年二男子加倍征賦之法令，又具有確立以一夫一婦為單位之小農，作為經濟基礎之目的。
前348,348,周顯王二十一年（西元前三四八年）,5,考案,秦、魯、衛、代,商鞅,徙都,又案：商鞅在徙都咸陽之後，“令民父子兄弟同室內息者為禁”，目的在於革除殘留之戎狄風俗，而代之以中原之文明教養。商鞅對此特別重視，雲：“始秦戎翟之教，父子無別，同室而居。今我更制其教，而為其男女之別，大築冀闕，營如魯、衛矣。”此與商鞅令“民有二男以上不分異者，倍其賦”之性質不同。
前348,348,周顯王二十一年（西元前三四八年）,6,史料,秦、韓,,,[韓昭侯]十一年(當作十五年)昭侯如秦。(《韓世家》，《六國表》同)
前348,348,周顯王二十一年（西元前三四八年）,7,史料,趙、魏、晉,魏惠王,,[趙肅侯]二年與魏惠王遇于陰晉。（《趙世家》）
前347,347,周顯王二十二年（西元前三四七年）,1,史料,秦、韓、趙、魏,秦孝公、魏惠王,,秦孝公十五年，魏惠王二十三年，韓昭侯十六年，趙肅侯三年，
前347,347,周顯王二十二年（西元前三四七年）,2,史料,齊、楚、燕,齊威王,,齊威王十年，楚宣王二十三年，燕文公十五年。
前347,347,周顯王二十二年（西元前三四七年）,3,史料,趙,,,[趙肅侯]三年公子范襲邯鄲，不勝而死。（《趙世家》，《六國表》同）
前347,347,周顯王二十二年（西元前三四七年）,4,史料,秦,,立,[秦]孝公立十六年時桃李冬華。（《秦始皇本紀》引《秦記》）
前346,346,周顯王二十三年（西元前三四六年）,1,史料,秦、齊、楚、燕、韓、趙、魏,秦孝公、齊威王、魏惠王,,秦孝公十六年，魏惠王二十四年，韓昭侯十七年，趙肅侯四年，齊威王十一年，楚宣王二十四年，燕文公十六年。
前346,346,周顯王二十三年（西元前三四六年）,2,史料,趙,,,[趙肅侯]四年朝天子。（《趙世家》）
前346,346,周顯王二十三年（西元前三四六年）,3,史料,齊,齊威王,殺,[齊威王]三十三年(當作十一年)殺其大夫牟辛。(《田齊世家》，《六國表》同)
前346,346,周顯王二十三年（西元前三四六年）,4,考案,秦、齊、代,秦孝公,殺,案：大夫，《集解》徐廣曰：“一作夫人。”《索隱》雲：“徐廣與《年表》並作夫人。王劭按《紀年》雲：齊桓公十一年，弑其君母，宣王八年殺其王后。然則夫人之字，或如《紀年》之說。”考是年于《紀年》當為齊威公十一年，《索隱》“齊桓公”或“齊威公”之誤歟？不然，王劭何得引以證是年《史記》大夫之當作夫人也。[秦孝公]十六年大良造庶長鞅之造，雍，矛。（鐓銘，《雙劍諺吉金圖錄》卷下、《衡齋金石識小錄》卷下、《三代吉金文存》卷二十著錄）
前346,346,周顯王二十三年（西元前三四六年）,5,考案,秦,,,案：秦爵自第十級左庶長至十八級大庶長，皆屬庶長一等，相當於別國之卿。大良造為第十六級，亦屬庶長一等，故全稱為“大良造庶長”，簡稱為大良造。是時秦尚未設相位，蓋以大良造庶長執政。雍為地名，原為秦之故都，蓋此矛為雍所造。鏃乃矛柲下端之鑄件。
前346,346,周顯王二十三年（西元前三四六年）,6,史料,秦、魏、衛,,取,衛鞅亡魏入秦，孝公以為相……法令至行，公平無私，罰不諱強大，賞不私親近，法及太子，黥劓其傅，期年之後道不拾遺，民不妄取，兵革大強，諸侯畏懼。（《秦策一》第一章）
前346,346,周顯王二十三年（西元前三四六年）,7,史料,秦、衛,,遷,太子犯法，衛鞅曰：“法之不行，自上犯之，將法太子，太子君嗣也，不可施刑。”刑其傅公子虔，黥其師公孫賈，明日秦人皆趨令，行之十年，秦民大說，道不拾遺，山無盜賊，家給人足，民勇於公戰，怯於私鬥，鄉邑大治。秦民初言令不便者，有來言令便者，衛鞅曰：“此皆亂化之民也。”盡遷之于邊城，其後民莫敢議令。（《商君列傳》）
前346,346,周顯王二十三年（西元前三四六年）,8,考案,秦、衛,商鞅,,案：《秦策一》稱孝公以衛鞅為相，《商君列傳》謂“商君相秦十年”。然《秦本紀》、《六國表》記鞅之升爵甚備，無為相事。鞅於孝公十年官至大良造，《商鞅量銘文》於十八年仍稱大良造鞅，《六國表》於二十二年雲“封大良造商鞅”，是鞅封列侯，仍官大良造，蓋于時秦官大良造即同他國之相。《秦策》等以他國官制比附之，非鞅嘗官至相位也。
前346,346,周顯王二十三年（西元前三四六年）,9,考案,秦、趙、魏、衛,商鞅,圍、卒、徙都、變法、遷,又案：《商君列傳》雲：“太子犯法，衛鞅……刑其傅公子虔，黥其師公孫賈……其後民莫敢議令，於是以鞅為大良造，將兵圍魏安邑，降之。居三年……秦自雍徙都之……為田開阡陌而賦稅平……行之四年，公子虔複犯約，劓之。”以為衛鞅嘗先後兩刑公子虔。錢穆《商鞅考》辨之曰：“本傳又雲：‘築冀闕宮庭於咸陽，自雍徙都之後四年，公子虔複犯約，劓之。’今按趙良說商鞅‘公子虔杜門不出已八年矣’。趙良說後五月而孝公卒，今姑定趙良之說在孝公卒前一年，其前八年為孝公十六年，適秦遷都行新法後四年，則公子虔之劓，斷在是年。然本傳雲：‘鞅為左庶長，定變法之令，於是太子犯法……刑其傅公子虔’。鞅為左庶長，在孝公六年，不過二十七歲。太子尚幼，不能犯法，鞅亦何不稱太子幼弱而雲君嗣不可刑，則太子非幼弱矣。然則刑公子虔自在十六年，而史公誤為在前，遂稱公子虔複犯約耳。”（《先秦諸子系年》第二二九頁）錢辨甚是。
前345,345,周顯王二十四年（西元前三四五年）,1,史料,秦、韓、趙、魏,秦孝公、魏惠王,,秦孝公十七年，魏惠王二十五年，韓昭侯十八年，趙肅侯五年，
前345,345,周顯王二十四年（西元前三四五年）,2,史料,齊、楚、燕,齊威王,,齊威王十二年，楚宣王二十五年，燕文公十七年。
前345,345,周顯王二十四年（西元前三四五年）,3,史料,,,,梁惠成王二十五年絳中地塝，西絕於汾。（《水經·汾水注》引《紀年》）
前345,345,周顯王二十四年（西元前三四五年）,4,考案,趙、周,,,案：《永樂大典》本、戴震校本《水經注》皆誤作“梁武王”。趙一清校本改作梁惠成王，朱謀坲亦雲當作梁惠成王。今本《竹書紀年》系于周顯王二十三年，蓋輯者所見《水經注》亦作梁惠成王。
前345,345,周顯王二十四年（西元前三四五年）,5,史料,齊、楚、趙,齊威王,救、卒、滅、會,[齊]威王八年楚大發兵加齊，齊王使淳于髡之趙，請救兵，齎金百斤，車馬十駟。淳於髡仰天大笑，冠纓索絕。王曰：“先生少之乎？”髡曰：“何敢？”王曰：“笑豈有說乎？”髡曰：“今者臣從東方來，見道傍有穰田者，操一豚蹄，酒一盂，祝曰：‘甌竇滿篝，汙邪滿車，五穀蕃熟，穰穰滿家。’臣見其所持者狹，而所欲者奢，故笑之。”於是齊威王乃益齎黃金千鎰，白璧十雙，車馬百駟，髡辭而行，至趙。趙王與之精兵十萬，革車千乘。楚聞之，夜引兵而去。威王大悅，置酒後宮，召髡，賜之酒。問曰：“先生能飲幾何而醉？”對曰：“臣飲一鬥亦醉，一石亦醉。”威王曰：“先生飲一鬥而醉，惡能飲一石哉？其說可得聞乎？”髡曰：“賜酒大王之前，執法在傍，禦史在後，髡恐懼，俯伏而飲，不過一鬥，徑醉矣。若親有嚴客，髡希講鞠腃，侍酒于前，時賜餘瀝，奉觴上壽，數起，飲不過二鬥，徑醉矣。若朋友交遊，久不相見，卒然相睹，歡然道故，私情相語，飲可五六鬥，徑醉矣。若乃州閭之會，男女雜坐，行酒稽留，六博投壺，相引為曹，握手無罰，目眙不禁，前有墮珥，後有遺簪，髡竊樂此，飲可八鬥而醉二參。日暮酒闌，合尊促坐，男女同席，履舄交錯，杯盤狼藉，堂上燭滅，主人留髡而送客，羅襦襟解，微聞薌澤，當此之時，髡心最歡，能飲一石。故曰酒極則亂，樂極則悲，萬事盡然。”言不可極，極之而衰，以諷諫焉。齊王曰：“善。”乃罷長夜之飲，以髡為諸侯主客。宗室置酒，髡嘗在側。（《滑稽列傳》）
前345,345,周顯王二十四年（西元前三四五年）,6,史料,齊,,伐、攻、卒、立,十三年諸侯舉兵以伐齊，齊王聞之惕然而恐，召其群臣大夫告曰：“有智者為寡人用之。”於是博士淳于髡仰天大笑而不應，王複問之，又大笑不應，三問，三笑不應。王豔然作色不悅曰：“先生以寡人語為戲乎？”對曰：“臣非敢以大王語為戲也，臣笑鄰之祠田也，以一奩飯、一壺酒，三鮒魚，祝曰：‘蟹堁者宜禾，洿邪者百車，傳之後世，洋洋有餘’，臣笑其賜鬼薄而請之厚也。”於是王乃立淳於髡為上卿，賜之千金，革車百乘，與平諸侯之事。諸侯聞之，立罷其兵，休其士卒，遂不敢攻齊，此非淳於髡之力乎？（《說苑·尊賢篇》第三十二章）
前345,345,周顯王二十四年（西元前三四五年）,7,史料,齊、楚、魏、晉,,伐、立、會,楚、魏會于晉陽，將以伐齊。齊王患之，使人召淳於髡曰：“楚、魏謀欲伐齊，顧先生與寡人共憂之。”淳於髡大笑而不應。王複問之，又複大笑而不應。三問而不應，王怫然作色曰：“先生以寡人語為戲乎？”淳於髡對曰：“臣不敢以王語為戲也，臣笑臣鄰之祠田也，以一奩飯與一鮒魚，其祝曰：‘下田洿邪，得谷百車，蟹堞者宜禾。’臣笑其所以祠者少，而所求者多。”王曰：“善。”賜之千金，革車百乘，立為上卿。（《說苑·複恩》第二十二章）
前345,345,周顯王二十四年（西元前三四五年）,8,考案,秦、齊、楚、魏、晉、周、越,,伐、攻、會,案：以上三則，皆為誇讚淳於髡“滑稽多辯”之傳說，皆謂淳於髡因笑“祠田”者而得重用，因而使“伐齊”者退兵或不敢來攻。所謂威王八年楚大發兵加齊，十三年諸侯舉兵以伐齊，楚、魏會于晉陽將以伐齊，皆非事實。錢穆《淳於髡考》以為即是《越世家·索隱》所謂“《紀年》無顓薨後十年楚伐徐州”之事（《先秦諸子系年》第三六一頁），並無確據。《越世家·索隱》所引《紀年》，謂“無顓八年薨”，當為“十八年薨”之誤。所謂“無顓薨後十年楚伐徐州”，當指楚威王七年大敗齊於徐州之事。並非楚宣王時另有楚伐徐州之事，已辨明于周顯王三十六年案語中。
前344,344,周顯王二十五年（西元前三四四年）,1,史料,秦、齊、楚、燕、韓、趙、魏,秦孝公、齊威王、魏惠王,,秦孝公十八年，魏惠王二十六年，韓昭侯十九年，趙肅侯六年，齊威王十三年，楚宣王二十六年，燕文公十八年。
前344,344,周顯王二十五年（西元前三四四年）,2,史料,秦、周,,會,[周顯王]二十五年秦會諸侯于周。（《周本紀》，《六國表》作“諸侯會”）
前344,344,周顯王二十五年（西元前三四四年）,3,史料,秦,秦孝公,會,[秦孝公]二十年(當作十八年)秦使公子少官率師會諸侯逢澤，朝天子。（《秦本紀》）
前344,344,周顯王二十五年（西元前三四四年）,4,史料,秦,秦孝公,會,秦孝公二十年(當作十八年)會諸侯于澤，朝天子。(《六國表·集解》引徐廣曰：“《紀年》作逢澤”)
前344,344,周顯王二十五年（西元前三四四年）,5,史料,秦,秦孝公,會,徐廣《史記音義》雲：秦孝公會諸侯于逢澤陂。陂，《汲郡墓竹書紀年》作逢澤。（《水經·渠水注》）
前344,344,周顯王二十五年（西元前三四四年）,6,考案,秦,秦孝公,會,案：《永樂大典》本，朱謀垾校本《水經注》如此，戴震校本改作“徐廣《史記音義》曰：秦使公子少官率師會諸侯逢澤，《汲郡墓竹書紀年》作秦孝公會諸侯于逢澤”。並於“《史記音義》曰”下注雲：“近刻訛作秦孝公會諸侯于逢澤陂陂”，又於“《汲郡墓竹書紀年》作”下注雲：“案近刻脫秦孝公會諸侯于七字。”戴震校本據《秦本紀》與今本《竹書紀年》妄改《水經注》，殊不可信。
前344,344,周顯王二十五年（西元前三四四年）,7,史料,秦、齊、魏,,伐,魏伐邯鄲，因退為逢澤之遇，乘夏車，稱夏王，朝為天子（“為”通“於”），天下皆從。齊太公聞之（“齊太公”當作“陳侯”），舉兵伐魏，壤地兩分，國家大危，梁王身抱質執璧，請為陳侯臣，天下乃釋梁。（《秦策四》第十一章或為六國說秦王曰）
前344,344,周顯王二十五年（西元前三四四年）,8,考案,秦、齊、魏、吳,魏惠王,聘,案：鮑本“朝”上補“一”字。吳師道雲：“朝音潮，即驅十二諸侯朝天子者，為字疑衍也。”黃丕烈雲：“今本‘朝’上有‘一’字，乃誤涉鮑也。”王念孫論之曰：“為與於同，謂魏惠王朝于天子而天下皆從也。《秦策》又曰梁君驅十二諸侯以朝天子于孟津，《齊策》曰：魏王從十二諸侯朝天子，皆其證也。鮑讀朝為朝夕之朝，而於朝上增一字，謂魏王一朝為天子，而天下皆從，其失甚矣。吳讀為朝聘之朝是也，而雲為字疑衍，則未知‘於’‘為’之通用也。”王說甚是。
前344,344,周顯王二十五年（西元前三四四年）,9,史料,秦、齊、楚、韓、趙,,伐,梁君伐楚勝齊，制趙、韓之兵，驅十二諸侯以朝天子于孟津，後子死，身布冠而拘于秦。（《秦策五》第一章，或謂秦王語。“拘于秦”當作“拘于徐”）
前344,344,周顯王二十五年（西元前三四四年）,10,考案,秦、齊、魏,齊威王、魏惠王,伐、會、殺,案：高誘注：“後東伐齊，敗于馬陵，太子見殺，故布冠而拘執于秦也。”金正煒《戰國策補釋》曰：“按《呂覽·不屈篇》：故惠王布冠而拘于鄄，齊威王幾弗受。《齊策》：魏王大恐，跣行按兵于國，而東次於齊。此策文、注‘秦’字並當為‘齊’之誤。”余謂“秦”當為“徐”字，形近而誤。魏惠王于馬陵之役大敗後，到齊之徐州朝見齊威王，並尊齊威王為王，而齊威王亦承認魏惠王為王，即所謂“會徐州相王”。
前344,344,周顯王二十五年（西元前三四四年）,11,史料,秦、齊、楚、燕、韓、趙、魏、魯、衛、宋、蔡,蘇秦,伐、圍、取、拔、殺、奔,昔者魏王擁土千里，帶甲三十六萬，其強北拔邯鄲(“北”原作“西”，從金正煒改正)，西圍定陽，又從十二諸侯朝天子，以西謀秦，秦王恐之，寢不安席，食不甘味，令於境內，盡堞中為戰具，竟為守備，為死士置將，以待魏氏。衛鞅謀于秦王曰：“夫魏氏，其功大而令行於天下，有從十二諸侯而朝天子（“有”讀為“又”，“從”字原脫，從王念孫據“又從十二諸侯朝天子”補正），其與必眾，故以一秦而敵大魏，恐不如。王何不使臣見魏王，則臣請必北魏矣。”秦王許諾。衛鞅見魏王曰：“大王之功大矣，令行於天下矣，今大王之所從十二諸侯，非宋、衛也，則鄒、魯、陳、蔡，此固大王之所以鞭箠使也，不足以王天下。大王不若北取燕，東伐齊，則趙必從矣，西取秦，南伐楚，則韓必從矣。大王有伐齊、楚之心，而從天下之志，則王業見矣。大王不如先行王服，然後圖齊、楚。”魏王說于衛鞅之言也，故身廣公宮，制丹衣，旌建九斿（“旌”原作“柱”，從王念孫改正。王念孫以為當作“建旌九斿”，金正煒以為當作“建九斿之旌”），從七星之旌，此天子之位也，而魏王處之，於是齊、楚怒。諸侯奔齊，齊人伐魏，殺其太子，覆其十萬之軍。（《齊策五》第一章蘇秦說齊閔王）
前344,344,周顯王二十五年（西元前三四四年）,12,考案,秦、齊、楚、韓、趙、魏、周、衛、鄭,張儀、商鞅、秦孝公、秦惠王、齊威王、魏惠王,伐、變法、稱王、盟、會、殺、奔,案：逢澤之會，據《秦本紀》、《六國表》，由秦主之。據《秦策四》，則由魏主之。而《呂氏春秋·報更》雲：“張儀……至於秦，留有間，惠王說而相之。……逢澤之會，魏王嘗為禦，韓王為右，名號至今不忘，此張儀之力也。”則又以逢澤之會，秦惠王主之，出張儀之力。《秦本紀》、《六國表》以逢澤之會在秦孝公二十年，即周顯王二十七年。而《周本紀》又以秦會諸侯于周，在周顯王二十五年，《六國表》于周顯王二十五年亦雲諸侯會，今本《竹書紀年》又系“秦孝公會諸侯于逢澤”，在周顯王二十三年。雷學淇《紀年義證》雲：“按《戰國策》之《秦策》……《齊策》……《韓策》……據此諸說，是惠王于勝韓、趙之後，即率十二諸侯朝天子孟津。因鄭君弗聽，秦又說之，使行王服，於是齊與秦起而敗之。核以《紀年》之文，《年表》之顯王二十五年會諸侯，實即惠王之事。……《策》以敗于齊秦緊接朝天子之文，此尤可征信。”又雲：“《秦本紀》……‘孝公十九年天子致伯，二十年諸侯畢賀秦，使公子少官率師會諸侯逢澤，朝天子。’徐廣曰：‘開封東北有逢澤。’蓋此因魏敗于秦，獻洛西之地，故顯王致伯于秦，諸侯畢賀，秦乃使少師會諸侯于魏郊，朝王於逢忌之藪也。《史記》誤將馬陵及公子印之事移後二年，謂惠王此時尚未敗于齊、秦，甚誤。《年表》曰：‘顯王二十五年諸侯會’，《周本紀》亦謂秦會之，尤誤。”雷氏以逢澤之會有二，魏會在周顯王二十五年，秦會在周顯王二十七年，蓋彌縫兩說而調停之也。錢穆《逢澤之會乃梁惠王非秦孝公、在梁惠王廿七年非周顯王廿七年辨》曰：“會逢澤者，乃梁惠成王，與秦孝公無涉，其事在梁惠王之二十七年，今《史記》誤系之周顯王之二十七年，而又誤屬之于秦孝公耳。何以言之？據《齊策》：魏王從十二諸侯朝天子，以西謀秦，衛鞅勸以先行王服，而齊人伐魏，敗于馬陵。齊伐魏在二十七年之十二月，魏敗在二十八年，故知逢澤之遇，實為梁惠王之二十七年也。秦自孝公以前，中國諸侯夷翟遇之，擯不得與朝盟，孝公用商鞅，變法圖治，稍侵魏疆，猶不得為中國諸侯所重，何來有會諸侯而朝天子之事？魏既敗于馬陵，其後二年商鞅虜魏公子印，以功得封邑。若其前已能會諸侯，朝天子，鞅之功烈大矣。不待至此始封。且馬陵一役以前，魏尚為中國霸主，秦何得遠涉其地，而會諸侯于其邦畿之內？《國策》之言魏會諸侯而不及秦，知此會乃魏惠王，非秦孝公矣。余讀《秦記》：孝公二十年秦使公子少官率師會諸侯于逢澤，朝天子，然後知秦特應魏之征而赴會者，故使一公子往。若秦自會諸侯而朝天子，此何等事，孝公、商君皆不蒞會，而使一公子主之耶？史公僅見《秦記》，未能詳考，遂謂秦自會諸侯而朝天子焉。……《年表》秦孝公二十年諸侯畢賀，會諸侯于澤，朝天子。《集解》徐廣曰：《紀年》作逢澤。此僅引《紀年》所會在逢澤，不言會諸侯者為孝公也。《水經·渠水注》徐廣《史記音義》曰：秦孝公會諸侯于逢澤陂。陂，《汲郡墓竹書紀年》作逢澤，斯其處也。此亦僅據徐廣引《紀年》作逢澤，亦不謂《紀年》有秦孝公會諸侯之事也。”(《先秦諸子系年》第二五二至二五六頁)今按錢氏辨會逢澤者乃梁惠王非秦孝公甚是，定梁惠會逢澤在梁惠王二十七年，則猶未得。《秦策四》雲：“魏伐邯鄲，因退為逢澤之遇，乘夏車，稱夏王，朝為天子，天下皆從。齊太公聞之，舉兵伐魏，壤地兩分，國家大危，梁王身抱質執璧，請為陳侯臣”。“齊太公”當為“齊威王”之誤。此足證逢澤之會固在魏敗馬陵與齊魏相王之前也。《秦策五》雲：“梁君……驅十二諸侯以朝天子于孟津，後子死，身布冠而拘于秦。”“秦”當為“徐”之誤。此又足證梁率諸侯朝天子固在馬陵之役太子申死之前也。《齊策五》雲：“魏王說于衛鞅之言也，故身廣公宮，制丹衣，旌建九斿，從七星之旍。此天子之位也，而魏王處之，於是齊、楚怒。諸侯奔齊，齊人伐魏，殺其太子，覆其十萬之軍。魏王大恐，跣行按兵于國而東次於齊。”此更足證魏之稱王居天子位，在馬陵之役與齊魏相王之前也。馬陵之役起于梁惠二十七年十二月，當周顯王二十六年。其前一年，周顯王二十五年，《周本紀》、《六國表》皆謂諸侯會于周。知逢澤之會斷在此年。蓋史公見《秦記》是年有“使公子少官會諸侯于逢澤朝天子”之語，遂于《周本紀》周顯王二十五年著錄“秦會諸侯于周”。及著《秦本紀》，又誤以與孝公二十年諸侯畢賀秦為一事，因而連綴言之，不悟逢澤之會魏惠王主之，秦乃應召而使公子少官往，事在周顯王二十五年，即梁惠王二十六年，而周顯王二十七年，即秦孝公二十年，則以上年因事而周天子致伯于秦，故諸侯遣使往賀之耳。史公既誤以逢澤之會主之者為秦，又于《秦本紀》與諸侯賀秦誤合為一年事，遂滋後世之疑而迷惑難考。《呂氏春秋·報更》則更誤“梁惠”之事于“秦惠”，其疏謬更甚矣。
前344,344,周顯王二十五年（西元前三四四年）,13,史料,韓、魏、鄭,魏惠王,立、盟,魏惠王為白裡之盟，將複立天子，彭喜謂鄭君曰：“君勿聽。大國惡有天子，小國利之，若君與大不聽，魏焉能與小立之？”（《韓非子·說林上》，《韓策三》第二十章同，惟“白裡”作“九裡”，“彭喜”作“房喜”）
前344,344,周顯王二十五年（西元前三四四年）,14,考案,周,,遷,案：“九裡”或作“白裡”，“房喜”或作“彭喜”。九、白乃聲之轉，房、彭亦聲之轉。《逸周書·作雒篇》“俘殷獻民，遷於九裡”。孔晁注：“九裡，成周之地。”《水經·洛水注》謂白桐澗水出嵩麓桐溪，北流經九山東，山際有九山廟。《鞏縣志》卷四稱：“據府志，九山今名白雲山，在鞏縣南七十裡，有舊山廟坡，蓋九、舊音轉也。”九裡當在九山下，在今河南偃師東南，嵩山西北，正當成周東南。
前344,344,周顯王二十五年（西元前三四四年）,15,考案,秦、齊、魏、周、衛、代,蘇秦、齊威王、魏惠王,稱王、盟、會,又案：逢澤之會，《秦本紀》、《六國表》只雲“朝天子”，而《秦策四》則謂魏惠王“乘夏車，稱夏王，朝為（于）天子”，蓋既自稱為王，又朝天子。但據《齊策五》蘇秦說齊閔王，乃魏惠王先從十二諸侯朝天子，衛鞅進說魏王，謂從十二諸侯“不足以王天下”，“不如先行王服”。因而魏王“身廣公宮，制丹衣，旌建九斿，從七星之旍，此天子之位也，而魏王處之”。是從十二諸侯朝天子在先，王服而自稱為王在後。勞幹《戰國時代的戰爭》謂“逢澤之會魏君率諸侯朝周，當時只想做盟主，不會同時僭王禮的”。並雲：“魏惠王的改元，系因稱王而改元”，“所以魏惠王的稱王，似以在徐州相王時為是”（《勞幹學術論文集》甲編第一一四八至一一四九頁）。此說非是。徐州相王，是魏惠王于馬陵之戰慘敗後，到徐州卑躬屈節朝見齊威王，並推尊齊威王為王，同時齊威王亦認可魏惠王原有王號。若魏惠王未先稱王，在馬陵慘敗之後，齊威王不可能推尊魏惠王為王。
前344,344,周顯王二十五年（西元前三四四年）,16,史料,魏,魏惠王,會,魏惠王二十七年（當作二十六年）丹封名會，丹，魏大臣也。（《六國表》）
前344,344,周顯王二十五年（西元前三四四年）,17,考案,秦、齊、魏、周,,盟、會,案：梁玉繩《史記志疑》雲：“丹封名會，四字難曉，注家皆闕。疑名會乃於澮之訛，澮為魏地，丹封於澮，猶齊封田嬰于薛耳。”錢穆《白圭考》雲：“考《呂覽·不屈》篇：惠施游梁，見白圭，說之以強，白圭無以應，惠子出，白圭告人曰：‘新婦至，宜安矜，煙視媚行。今惠子遇我尚新，其說我有太甚者。’據此似惠施初游梁，白圭已先達。《史記·六國表》：梁惠王二十七年丹封名會，丹，魏大臣也。’……餘謂丹殆即白圭名。是年即與齊戰馬陵而敗，後惠施游梁，漸見信重，故《呂覽·應言》篇有白圭短惠子于梁王之事。至孟子之來，白圭雖不用事，猶以故相大臣見尊崇。觀其與孟子語，吾欲二十而稅一何如’之問，知其在梁之地位矣。又曰：‘丹之治水也愈于禹’，蓋亦自誇其往昔之政績也。”(《先秦諸子系年》第二五○至二五二頁)考錢氏以《六國表》之丹即白圭，至是。梁氏以“名會”為“於澮”之誤，未得其解也。名會者，逢澤之會也，逢澤之會本戰國時最著之大會，《呂氏春秋·報更》篇所謂“逢澤之會……名號至今不忘”者也。時白圭正為魏主其事，白圭殆即于時受封，故雲封名會耳。此亦逢澤之會在周顯二十五年由魏主盟之一證也。
前344,344,周顯王二十五年（西元前三四四年）,18,考案,韓、趙、魏、周、吳、中山,魏惠王,滅、取,又案：梁玉繩《古今人表考》卷四雲：“七國時前後有兩白圭，《史記·貨殖列傳》白圭當魏文侯時，《韓非子·內儲說下》白圭相魏。《史記·鄒陽列傳》白圭戰亡六城，為魏取中山。白圭顯於中山，人惡之魏文侯。此周人白圭也，圭其名。《呂覽》中《聽言》、《先識》、《不屈》、《應言》、《舉難》、《知分》等篇稱白圭與惠施孟嘗君問答，《韓非子·喻老》白圭之行堤，塞其穴，無水難。《魏策》載白珪二事在魏昭王時，蓋爾時猶存，此魏人白圭也。丹名，圭字，表列孟子、魏惠王之間，則為魏白圭無疑。閻氏《四書釋地續》曾辨之，惟趙岐誤注周人，《國策》鮑注指其誤，而高誘注《呂覽》亦曰周人，凡三見，並錯合為一人。《法言》曰子之治產不如丹圭，已先錯矣。”錢穆《白圭考》辨之曰：“白圭非有兩人也，高誘、趙岐皆以為周人，何以知其非？鮑以其人在《魏策》中，而即以為魏人，亦未見可據。魏文滅中山，為將者乃樂羊、吳起，無白圭。樂羊有謗書三篋，不聞惡白圭于魏文者。白圭至中山，據《呂覽·先識》，乃當後中山亡于趙事。鄒陽《獄中上書》誤以樂羊為白圭，其說不足據。至《韓非子》：‘白圭相魏，暴譴相韓，白圭謂暴譴曰：子以韓輔我于魏，我以魏待子于韓，臣長用魏，子長用韓。’此未可定為在魏文侯時，文侯一朝賢者，約略見《世家》蔔相一節，未見有白圭為相。其與暴譴相結，亦戰國中晚風氣。當文侯世不宜有此，惟《貨殖列傳》以與李克連稱，自是史公文法疏處，亦不足據謂白圭乃文侯時人也。”其說甚是。鄒陽《獄中上書》“白圭”疑本“樂羊”之誤，“白”乃“樂”之缺文，而“圭”“羊”形近而論。
前344,344,周顯王二十五年（西元前三四四年）,19,史料,周,,取,白圭，周人也。……白圭樂觀時變，故人棄我取，人取我與。夫歲孰，取穀，予之絲漆。歲凶，取帛絮，與之食。大陰在卯，穰，明歲衰惡。至午，旱，明歲美。至酉，穰，明歲衰惡。至子，大旱，明歲美，有水。至卯，積著率歲倍，欲長錢，取下谷，長石鬥，取上種，能薄飲食，忍嗜欲，節衣服，與用事僮僕同苦樂，趨時若猛獸摯鳥之發。（《貨殖列傳》）
前344,344,周顯王二十五年（西元前三四四年）,20,史料,秦、齊,秦孝公,聘,[秦孝公]十八年齊逵（同“率”）卿大夫眾來聘。冬十二月，乙酉大良造鞅愛積十六尊（讀作“寸”）五分尊（讀作“寸”）壹為升。重泉。（大良造鞅方升銘，龔心銘《浦口湯泉小志》及《秦金石刻辭》、《秦金文錄》等書著錄）
前344,344,周顯王二十五年（西元前三四四年）,21,考案,代,商鞅,遷,案：原稱“商鞅量”，原藏合肥龔心銘（字景張），龔氏後遷居浦口湯泉，著錄於所著《浦口湯泉小志》。其後裔遷居上海，五十年代余曾往上海龔寓研究此器，並洽商為上海博物館購藏，未能商定。七十年代為上海博物館購藏。器長方形，有柄。柄左面刻有上述銘文，柄之對面刻有“重泉”二字。底面刻有始皇二十六年詔，與其他始皇權量相同。柄右面刻有“臨”字，當與始皇詔書同時後刻。蓋原為分發至重泉所用，重泉故城在今陝西蒲城縣。至始皇二十六年又分發至臨所用。臨地不詳。郭沫若據此雲：“此足證商鞅之法至始皇時猶多沿用未改也。”
前344,344,周顯王二十五年（西元前三四四年）,22,考案,秦、齊、魏、周,商鞅,聘、會,又案：“齊”下“逄”字，右側刻文不清，細察殘存筆劃，舊釋為“率”不誤。郭沫若釋之為“遣”，與殘存筆劃不合。蓋是年齊侯率卿大夫多人來聘秦國。陳夢家《六國紀年》論之曰：“《周本紀》曰：秦會諸侯于周，《年表》雲：諸侯會。大良造鞅量銘曰：十八年齊率大夫眾來聘……十八年者孝公十八年也。諸侯來會，實為殊榮，故商鞅銘之於量。”考是年“齊率卿大夫眾來聘”，與《周本紀》所謂“秦會諸侯于周”，非一事。蓋是年魏召集逢澤之會，並率諸侯朝天子，而齊正謀與魏對抗，齊侯因有率卿大夫多人聘問秦國之舉。
前344,344,周顯王二十五年（西元前三四四年）,23,考案,,商鞅,立,又案：“尊”讀作“寸”，十六寸五分寸之一，即“新莽嘉量”之升銘“積萬六千二百分”。據實測，全長一八點七釐米，寬六點九七釐米，深二點三釐米，容積二〇二點一五立方釐米。據銘文，容積乃當時尺度之十六又五分之一立方寸。以此推算，每立方寸容積為一二點四七八立方釐米。詳見唐蘭《商鞅量與商鞅量尺》（北京大學《國學季刊》五卷四期）與馬承源《商鞅方升與戰國量器》（《文物》一九七二年第六期）。是年十二月壬申朔，乙酉為十四日。
前344,344,周顯王二十五年（西元前三四四年）,24,史料,齊、趙,,攻、拔,[趙肅侯]六年攻齊，拔高唐。（《趙世家》）
前344,344,周顯王二十五年（西元前三四四年）,25,史料,魯,,卒、立,[魯]康公九年卒，子匽立，是為景公。（《魯世家》）
前344,344,周顯王二十五年（西元前三四四年）,26,考案,,,,案：《漢書·律曆志》醫作偃。“匽”“偃”古通。
前344,344,周顯王二十五年（西元前三四四年）,27,史料,韓、魏、晉、鄭,魏惠王,,魏惠王使人謂韓昭侯曰：“夫鄭乃韓氏亡之也，願君之封其後也。此所謂存亡繼絕之義，君若封之則大名。”昭侯患之，公子食我曰：“臣請往對之。”公子食我至於魏，見魏王曰：“大國命弊邑封鄭之後，弊邑為大國所患，昔出公之後聲氏為晉公，拘於銅鞮，大國弗憐也，而使弊邑存亡繼絕，弊邑不敢當也。”魏王慚曰：“固非寡人之志也，客請勿複言。”(《呂氏春秋·審應)
前344,344,周顯王二十五年（西元前三四四年）,28,考案,,,,案：此疑此年前後事。
前344,344,周顯王二十五年（西元前三四四年）,29,史料,魏、周、衛,,會,《汲塚古文》謂：衛將軍文子為子南彌牟，其後有子南固、子南勁。《紀年》：勁朝于魏，後惠成王如衛，命子南為侯。（《漢書·武帝紀》注引臣瓚說。《水經·汝水注》同，惟無“子南固”三字。《史記·周本紀·集解》引瓚說亦同，亦無“子南固”三字。今本《史記·集解》皆脫“紀年勁”三字。惟日本高山寺藏寫本《史記》不脫。見水澤利忠《史記會注考證校補》卷四）
前344,344,周顯王二十五年（西元前三四四年）,30,史料,衛,,卒、立,[衛成侯]十六年衛更貶號曰侯，二十九年成侯卒，子平侯立。（《衛世家》）
前344,344,周顯王二十五年（西元前三四四年）,31,史料,,,,成侯、嗣公，聚斂計數之君也……聚斂者亡。（《荀子·王制》）
前344,344,周顯王二十五年（西元前三四四年）,32,考案,齊、楚、燕、韓、魏、晉、周、魯、衛、宋、鄭、代,魏惠王,立、取,案：《韓非子·說疑》篇雲：“若夫齊田恒、宋子罕、魯季孫意如、晉僑如、衛子南勁、鄭太宰欣、楚白公、周單荼、燕子之，此九人者之為其臣也，皆朋黨比周以事其君，隱正道而行私曲，上逼君，下亂治，援外以撓內，親下以謀上，不難也。”據此可知子南勁亦如齊田恒、宋子罕、鄭太宰欣等，“援外以撓內，親下以謀上”者。子南勁嘗朝魏，而後由魏惠王至衛，命之為侯。童書業《春秋左傳劄記》第五十二條，據此謂“取衛者為子南勁”，如同“田成子取齊，司城子罕取宋，太宰欣取鄭”。並雲：“此後衛蓋不稱姬姓而稱公孫氏。如《史記·商君列傳》：商君者，衛之諸庶孽公子也，名鞅，其祖本姬姓也（是猶言戴氏奪子氏于宋，戴氏亦子姓也）。《戰國策·衛策》：衛嗣君病……自今以往，公孫氏必不血食矣。此衛在戰國中期以後改姓公孫之明證。《荀子·王制》：成侯、嗣君，聚斂計數之君也。……聚斂者亡。則所謂成侯乃舊衛最後之君，所謂成侯子平侯者，實子南勁也。”（《春秋左傳研究》第三三七頁）衛成侯因與魯恭侯、宋桓侯、韓昭侯朝見魏惠王而貶稱為侯，子南勁又因朝見魏惠王而後受命為侯，從而取代衛成侯。子南勁即是平侯。子南勁並非成侯之子而繼立者，《衛世家》謂平侯乃成侯子，不確。# 卷八 周顯王二十六年（西元前三四三年）至 三十五年（西元前三三四年）
前343,343,周顯王二十六年（西元前三四三年）,1,史料,秦、齊、楚、燕、韓、趙、魏,秦孝公、齊威王、魏惠王,,秦孝公十九年，魏惠王二十七年，韓昭侯二十年，趙肅侯七年，齊威王十四年，楚宣王二十七年，燕文公十九年。
前343,343,周顯王二十六年（西元前三四三年）,2,史料,趙、魏,,攻,[趙肅侯]七年公子刻攻魏首垣。（《趙世家》）
前343,343,周顯王二十六年（西元前三四三年）,3,史料,魏、中山,魏惠王,,[魏惠王]二十八年(當作二十七年)中山君相魏。(《魏世家》，《六國表》系於次年)
前343,343,周顯王二十六年（西元前三四三年）,4,考案,秦、齊、趙、魏、周、中山,,稱王、滅,案：《周季編略》雲：“按魏滅中山守之，封其後以數邑，服于魏。至安王末年與趙戰，則中山必漸強矣。至是為魏相，如靖郭君相齊之例，其國必強矣，然猶臣于魏也。”其說非是。《史記·索隱》雲：“按魏文侯滅中山，其弟守之，後尋複國，至是始令相魏。”據《說苑·秦使》篇，魏文侯滅中山，使太子擊守之，三年後，文侯乃封少子摯於中山，而複太子擊。擊即魏武侯。蒙文通《周秦少數民族研究》卷五“中山稱王與趙滅中山”條，謂“此魏之宗親自有中山君，故入為相。斯時中山桓公已複國，而魏之中山君摯，遂還相魏”。
前343,343,周顯王二十六年（西元前三四三年）,5,考案,魏、中山,魏惠王,,又案：摯為魏惠王之叔父，未必此時尚健在，即使健在，必已高齡，未必能出任相職。此時之中山君當為摯之子，其名失傳。
前343,343,周顯王二十六年（西元前三四三年）,6,史料,秦,秦孝公,,秦孝公十九年城武城。從東方牡丘來歸。天子致伯。（《六國表》）
前343,343,周顯王二十六年（西元前三四三年）,7,史料,秦、周,秦孝公,,[秦孝公]十九年天子致伯。（《秦本紀》，《周本紀》亦雲是年“周致伯于秦孝公”。《田世家》系“周致伯于秦孝公”於次年）
前343,343,周顯王二十六年（西元前三四三年）,8,考案,秦,秦孝公,,案：《索隱》雲：“伯音霸，又如字。秦孝公十九年天子始封爵為霸，即太史儋雲‘合(七)十七歲而霸王出’之年，故天子致伯。”
前343,343,周顯王二十六年（西元前三四三年）,9,考案,秦、宋,,滅,又案：“從東方牡丘來歸”，字有脫誤。馬非百《秦集史》謂“疑是宋太丘社來歸之誤，下文惠文王二年有宋太丘社亡之文，當是來而複去，至惠文王時乃滅亡年”。其說無據。宋太丘社亡，乃謂宋之太丘社淪亡。太丘社為宋國祭社神之所，不能來歸秦。
前343,343,周顯王二十六年（西元前三四三年）,10,史料,齊、吳,,伐,[梁惠成王]二十七年十二月齊田盼敗梁馬陵。（《孫子吳起列傳·索隱》王劭引《紀年》，《田世家·索隱》引《紀年》作“[齊]威王十四年田盼伐梁，戰馬陵”）
前343,343,周顯王二十六年（西元前三四三年）,11,考案,齊、魏、周,齊威王,,案：《紀年》魏史，用夏正，馬陵之役起于夏正之二十七年十二月，于周正已為明年二月。故《史記》記在明年，梁惠成王二十七年正當齊威王十四年，因而《田世家·索隱》引《紀年》又作齊威王十四年。是役起于梁惠成王二十七年之夏正十二月，而大戰則在次年，故《魏世家·索隱》又引《紀年》作梁惠成王二十八年。
前343,343,周顯王二十六年（西元前三四三年）,12,史料,衛,,卒、立,[衛成侯]二十九年成侯卒，子平侯立。（《衛世家》）
前343,343,周顯王二十六年（西元前三四三年）,13,考案,周、衛,,,案：衛成侯元，《六國表》誤後十年，已說明在周安王十九年案語中。
前343,343,周顯王二十六年（西元前三四三年）,14,史料,周、越,,,[粵子]無顓八年薨，是為菼蠋卯。（《越世家·索隱》引《紀年》，“八”上疑脫“十”字，考辨見周顯王三十六年案語）
前343,343,周顯王二十六年（西元前三四三年）,15,史料,周,,,周顯王二十七年（西元三四二年）
前343,343,周顯王二十六年（西元前三四三年）,16,史料,秦、齊、楚、燕、韓、趙、魏,秦孝公、齊威王、魏惠王,,秦孝公二十年，魏惠王二十八年，韓昭侯二十一年，趙肅侯八年，齊威王十五年，楚宣王二十八年，燕文公二十年。
前343,343,周顯王二十六年（西元前三四三年）,17,史料,秦,秦孝公,,[秦孝公]二十年諸侯畢賀。（《秦本紀》，《六國表》同）
前343,343,周顯王二十六年（西元前三四三年）,18,史料,秦、周,,立,[秦]孝公立，威服戎羌，使太子駟率戎狄九十二國朝周顯王。（《後漢書·西羌傳》）
前343,343,周顯王二十六年（西元前三四三年）,19,考案,秦、周,秦孝公,會,案：馬非百《秦集史·國君紀事十四》系此事于秦孝公二十年，大體可信。《秦本紀》誤系“秦使公子少官率師會諸侯于逢澤，朝天子”于此年，當在前年。此年秦因周顯王致伯，諸侯畢賀。是年戎狄九十二國亦來朝，秦因按逢澤之會之例，率以朝見天子。
前343,343,周顯王二十六年（西元前三四三年）,20,史料,鄭,,,梁惠成王二十八年穰疵率師及鄭孔夜，戰于梁、赫，鄭師敗通。（《水經·渠水注》引《紀年》）
前343,343,周顯王二十六年（西元前三四三年）,21,考案,齊、韓、魏、鄭,魏惠王,攻、救,案：穰疵，《永樂大典》本作“穰疵”，朱謀瑋本作“穰苴”，戴震校本改作“穰疵”。今本《竹書紀年》作“穰庇”。當以戴校為是。庇、疵古通用，穰疵或作襄疵，為魏惠王之臣屬，曾為鄴令。見《韓非子·內儲說下》。又見於《呂氏春秋·無義》。畢沅《呂氏春秋》校本，即引此條《竹書紀年》作為例證。梁即南梁，在今河南臨汝西，赫即霍，在南梁西南。馬陵之役，由於魏攻韓南梁，即所謂“南梁之難”，韓求救于齊。馬陵之戰既開始于梁惠成王二十七年夏正十二月，則魏攻韓尚在其前，《紀年》載于梁惠成王二十八年，只就戰事結果“鄭師敗逋”而言。
前343,343,周顯王二十六年（西元前三四三年）,22,史料,齊、韓、魏、代,,救,南梁之難，韓氏請教于齊，田侯召大臣而謀曰：“早救之孰與晚救之便？”張丐對曰（張丐，《田世家·索隱》引作“張田）》：“晚救之，韓且折而入于魏，不如早救之。”田臣思（臣當作臣）曰：“不可。夫韓、魏之兵未弊，而我救之，我代韓而受魏之兵，顧反聽命于韓也。且夫魏有破韓之志，韓見且亡，必東愬于齊。我因陰結韓之親，而晚承魏之弊，則國可重，利可得，名可尊矣。”田侯曰：“善。”乃陰告韓使者而遣之，韓自以專有齊國（鮑本無“專”字。《田世家》作“韓因恃齊”。王念孫雲：“專當為恃字之誤也。高誘注曰：‘自恃有齊之助，故五與魏戰而五不勝。’則策文本作‘恃’明甚。《田完世家》作‘韓因恃齊，五戰不勝’，即本策文也。”金正煒雲：“《廣雅·釋言》：專，擅也。此文專字固不誤，若改為恃，上即不當有以字”。五戰五不勝，東愬于齊，齊因起兵擊魏，大破之馬陵。（《齊策一》第七章）
前343,343,周顯王二十六年（西元前三四三年）,23,史料,齊、韓、趙、魏、代,齊威王、齊宣王,伐、救、殺,[齊宣王]二年（當作“齊威王十六年”）魏伐趙。趙與韓親，共擊魏。趙不利，戰于南梁。宣王召田忌複故位。韓氏請救于齊。宣王召大臣而謀曰：“蚤救孰與晚救？”騶忌子曰：“不如勿救。”田忌曰：“弗救，則韓且折而入于魏，不如蚤救之。”孫子曰：“夫韓、魏之兵未弊而救之，是吾代韓受魏之兵，顧反聽命于韓也。且魏有破國之志，韓見亡，必東面而愬于齊矣。吾因深結韓之親而晚承魏之弊，則可重利而尊名也。”宣王曰：“善。”乃陰告韓之使者而遣之。韓因恃齊，五戰不勝，而東委國于齊。齊因起兵，使田忌、田嬰將（《集解》徐廣曰：“嬰一作肸”）。孫子為師（“師”原誤“帥”，今改正），救韓、趙以擊魏，大敗之馬陵，殺其將龐涓，虜魏太子申。（《田世家》）
前343,343,周顯王二十六年（西元前三四三年）,24,考案,齊、楚、魏,魏惠王,攻、奔,案：徐廣曰：“嬰一作盼”，當以作盼為是。《孫子列傳·索隱》引《紀年》雲：“齊田盼敗梁馬陵。”《魏世家·索隱》亦雲：“梁惠成王二十八年與齊田盼戰于馬陵。”《魏策二》第十章記魏惠王將太子申攻齊，客謂公子理之傅曰：“太子年少，不習于兵，田盼宿將也，而孫子善用兵，戰必不勝，不勝必禽。”《齊策一》第一章記楚敗齊于徐州，張醜謂楚王曰：“王戰勝於徐州也，盼子不用也。盼子者有功于國，而百姓為之用。”《楚世家》同。《說苑·尊賢》篇第三十三章記田忌去齊奔楚，對答楚王問論齊將之才能，以盼子為最強，並雲：“盼子之為人也，尊賢者而愛不肖者，賢不肖俱負任。”
前343,343,周顯王二十六年（西元前三四三年）,25,考案,齊,齊威王,救、稱王,又案：以上兩則，大體相同，但談論之人物頗不同。《齊策》田侯，《田世家》作宣王。《齊策》張丐之對答，《田世家》作為田忌之對答。《齊策》田臣思之計謀，《田世家》以為孫子即孫臏之計謀，《田世家》又多出鄒忌子曰“不如勿救”一句。《史記·索隱》以《齊策》為是，其言曰：“此雲鄒忌者，王劭雲：‘此時鄒忌已死四年’，又齊威時未稱王，故《戰國策》謂之田侯。今此以田侯為宣王，又橫稱鄒忌，皆謬矣。”今按：自當以《齊策》之記載為原始。馬陵之戰固當在齊威王時，《史記》誤以為宣王時。《齊策》之田臣思，“臣”乃“臣”字之誤。錢大昕《史記考異》雲：“臣當作臣，音怡，與期音相近。”黃丕烈雲：“臣、期、忌同字。”甚是。田臣思即是田忌。《史記》欲推崇孫臏，以為計謀出於孫臏，因而將張丐之對答改為田忌之對答，將田臣思即田忌之計謀，作為孫子之計謀。
前343,343,周顯王二十六年（西元前三四三年）,26,史料,齊、趙、魏,齊宣王、魏惠王,伐、救,[魏惠王]三十年(當作二十九年)魏伐趙，趙告急齊，齊宣王用孫子計，救趙擊魏。魏遂大興師，使龐涓將，而令太子申為上將軍。（《魏世家》）
前343,343,周顯王二十六年（西元前三四三年）,27,考案,韓、趙、魏,,伐,案：《魏世家》所述馬陵之役起因不確，乃與桂陵之役混為一談。《田世家》又謂“魏伐趙，趙與韓親，共擊魏，趙不利，戰于南梁”。所述南梁之難之起因亦不確。
前343,343,周顯王二十六年（西元前三四三年）,28,史料,齊、魏,,,梁惠成王二十八年與齊田肸戰于馬陵。（《魏世家·索隱》引《紀年》）
前343,343,周顯王二十六年（西元前三四三年）,29,史料,齊、魏,魏惠王,攻、立,魏惠王起境內眾，將太子申而攻齊，客謂公子理之傅曰：“何不令公子泣王太后，止太子之行，事成則樹德，不成則為王矣。太子年少，不習于兵，田肜宿將也，而孫子善用兵，戰必不勝，不勝必禽。公子爭之于王，王聽公子，公子必封，不聽公子，太子必敗。敗，公子必立，立必為王也。”(《魏策二》第十章)
前343,343,周顯王二十六年（西元前三四三年）,30,史料,齊、魏、宋,,攻、卒,魏太子自將過宋外黃，外黃徐子曰：“臣有百戰百勝之術，太子能聽臣乎？”太子曰：“願聞之。”客曰：“固願效之。今太子自將攻齊，大勝並莒，則富不過有魏，而貴不益為王。若戰不勝，則萬世無魏，此臣之百戰百勝之術也。”太子曰：“諾，請必從公之言而還。”客曰：“太子雖欲還，不得矣。彼利太子之戰攻而欲滿其意者眾（《魏世家》“利”作“勸”，“滿其意”作“啜汁”），太子雖欲還，恐不得矣。”太子上車請還，其禦曰：“將出而還，與北同，不如遂行。”遂行與齊人戰而死，卒不得魏。（《宋策》第七章，《魏世家》大體相同）
前343,343,周顯王二十六年（西元前三四三年）,31,考案,秦、齊、韓、魏、周、吳、宋,齊威王、魏惠王,伐、攻、圍、救、卒、立、殺,案：馬陵之役，《史記》系于周顯王二十八年、魏惠王三十年（當作二十九年），而《紀年》系于梁惠王二十七年十二月與二十八年。雷學淇《竹書紀年義證》以《史記》為誤。錢穆以為《史記》誤以梁惠王二十八年為周顯王二十八年，其言曰：“《孫子吳起列傳》……《索隱》王劭按《紀年》……二十七年十二月齊田盼敗梁馬陵……”又《田敬仲完世家·索隱》引《紀年》“齊威王十四年田盼伐梁馬陵。”考《紀年》惠成王十三年齊桓公卒，威王立，威王之十四年，正當惠成王二十七年，而《魏世家·索隱》引《紀年》：“惠王二十八年與齊田盼戰馬陵，則又何也？竊疑齊伐魏，在惠成王二十七年之冬，而魏敗則在二十八年。《田敬仲完世家·索隱》及王劭引《紀年》自計齊人伐梁之年。《魏世家·索隱》則舉魏敗之歲也。今《史記》誤在惠王三十年者，蓋是年為周顯王之二十八年，史公誤以梁惠王為周顯王耳。”(《先秦諸子系年》第二五六至二五九頁)此說尚可商酌。魏攻韓之“南梁之難”，與齊攻魏救韓之馬陵之役，蓋同起于魏惠王二十七年之仲冬、季冬，此于周正已是二十八年。而相持當有數月之久。南梁之難，韓以全力抵敵，即《齊策》所謂“五戰而五不勝”者，當相持數月而韓乃敗退。馬陵之役，齊救韓攻魏，以田忌、田盼為將，魏則以太子申、龐涓為將而反擊，決戰于馬陵，而魏慘敗。《紀年》既稱梁惠成王二十七年十二月齊田盼敗梁于馬陵，又稱二十八年與齊田盼戰于馬陵，蓋始於二十七年十二月而決戰於次年。如《紀年》所載，似若田盼為齊主帥而戰勝于馬陵，其實不然。《史記》謂馬陵決戰，由田忌為主將，孫臏為師而擒殺魏太子申與龐涓，確為事實。此可以新出土之《孫臏兵法·陳忌問壘》篇得到明證。蓋田忌、孫臏實為此役齊指揮全軍作戰之統帥與軍師，而田盼則為前線率軍作戰之主將，《紀年》為魏史，但記齊前敵主將之姓名耳。《魏世家·索隱》引《紀年》，又謂“梁惠成王二十九年五月齊田盼伐我東鄙”。《水經·泗水注》引《紀年》又作“梁惠成王二十九年齊田盼及宋人伐我東鄙，圍平陽”。田盼即田盼。可知直到魏惠王二十九年，即周顯王二十八年五月，戰爭尚在繼續中。《史記》以為此一大戰，至周顯王二十八年方結束，固未嘗誤也。
前343,343,周顯王二十六年（西元前三四三年）,32,史料,齊、魏,齊威王、齊宣王,,齊宣王二年（當作齊威王十六年）敗魏馬陵，田忌、田嬰、田肸將，孫子為師。（《六國表》）
前343,343,周顯王二十六年（西元前三四三年）,33,史料,齊、韓、魏,齊威王、齊宣王,伐、救,田嬰者，齊威王少子而齊宣王庶弟也。田嬰自威王時任職用事，與成侯鄒忌及田忌將而救韓伐魏。（《孟嘗君列傳》）
前343,343,周顯王二十六年（西元前三四三年）,34,考案,魏,,伐,案：《田世家》言馬陵之役，田忌、田嬰為將，徐廣曰：“嬰一作盼”，當以田盼為是。辨已見前。但《六國表》以田忌、田嬰、田盼並列為將，《孟嘗君列傳》又謂“田忌與孫臏、田嬰俱伐魏”。蓋田嬰亦嘗參與是役，但非主將，故《紀年》與《戰國策》記是役皆不及之。
前343,343,周顯王二十六年（西元前三四三年）,35,考案,齊,齊威王、齊宣王,立,又案：《孟嘗君列傳》雲：“田嬰者齊威王少子而齊宣王庶弟也。”《索隱》雲：“王劭又按《戰國策》雲：‘齊貌辨謂宣王曰：王方為太子時，辨謂靖郭君不若廢太子更立郊師，靖郭君不忍，宣王太息曰寡人少，殊不知。’以此言之，嬰非宣王弟明也。”餘疑《史記》誤前威王宣王年世，田嬰乃桓公少子、威王庶弟，故得有廢立太子之權勢也。
前343,343,周顯王二十六年（西元前三四三年）,36,史料,韓、趙、魏,,,鄴令襄疵陰善趙王左右，趙王謀襲鄴，襄疵常輒聞而先言之魏王，魏王備之，趙乃輒還。（《韓非子·內儲說下》）
前343,343,周顯王二十六年（西元前三四三年）,37,考案,韓、魏,,攻,案：《紀年》謂此年穰疵帥師攻韓，此後四年，《呂氏春秋·無義》篇謂公孫鞅以罪歸魏，穰疵不受。穰庇蓋即襄疵，蓋初為鄴令，後為將軍也。疑襄疵為鄴令在此年稍前。
前341,341,周顯王二十八年（西元前三四一年）,1,史料,秦、齊、楚、燕、韓、趙、魏,秦孝公、齊威王、魏惠王,,秦孝公二十一年，魏惠王二十九年，韓昭侯二十二年，趙肅侯九年，齊威王十六年，楚宣王二十九年，燕文公二十一年。
前341,341,周顯王二十八年（西元前三四一年）,2,史料,齊、魏,魏惠王,殺,[魏惠王]三十年(當作二十九年)太子果與齊人戰，敗于馬陵，齊虜魏太子申，殺將軍龐涓，軍遂大破。（《魏世家》，《六國表》亦作“齊虜我太子申，殺將軍龐涓”）
前341,341,周顯王二十八年（西元前三四一年）,3,史料,齊、韓、趙、魏,齊威王、齊宣王,救、殺,[齊宣王]二年(當作齊威王十六年)齊因起兵，使田忌、田嬰將，孫子為師，救韓、趙以擊魏，大敗之馬陵，殺其將龐涓，虜魏太子申。（《田世家》）
前341,341,周顯王二十八年（西元前三四一年）,4,史料,秦、齊、魏,秦孝公,,[秦孝公]二十一年，齊敗魏馬陵。（《秦本紀》）
前341,341,周顯王二十八年（西元前三四一年）,5,史料,齊、魏,齊威王,伐、殺,[齊]宣王二年（當作齊威王十六年）田忌與孫臏、田嬰俱伐魏，敗之馬陵，虜魏太子申而殺魏將龐涓。（《孟嘗君列傳》）
前341,341,周顯王二十八年（西元前三四一年）,6,史料,秦、齊、魏,秦孝公,殺,[秦孝公二十一年]齊敗魏兵于馬陵，虜其太子申，殺將軍龐涓。（《商君列傳》）
前341,341,周顯王二十八年（西元前三四一年）,7,史料,齊、魏,,殺,齊、魏戰于馬陵，齊大勝魏，殺太子申，覆十萬之軍。（《魏策二》第十一章）
前341,341,周顯王二十八年（西元前三四一年）,8,史料,齊,,,田忌為齊將，系梁太子申，禽龐涓。（《齊策一》第九章）
前341,341,周顯王二十八年（西元前三四一年）,9,史料,秦、齊、魏、衛,魏惠王,伐、攻,[梁惠成王]二十九年五月齊田盼伐我東鄙。九月秦衛鞅伐我西鄙，十月邯鄲伐我北鄙。王攻衛鞅，我師敗績。（《魏世家·索隱》引《紀年》，《商君列傳·索隱》引《紀年》亦雲：“魏惠王二十九年秦衛鞅伐梁西鄙。”）
前341,341,周顯王二十八年（西元前三四一年）,10,史料,齊、韓、魏、晉、吳、宋,,伐、圍、卒,梁惠成王二十九年齊田肸及宋人伐東鄙，圍平陽。（《水經·泗水注》引《紀年》，按“肸”與“肸”同。）齊使田忌將而往，且走大樑，魏將龐涓聞之，去韓而歸，齊軍既已過而西矣。孫子謂田忌曰：“彼三晉之兵，素悍勇而輕齊，齊號為怯，善戰者因其勢而利導之。《兵法》：百里而趣利者蹶上將，五十裡而趣利者軍半至。”使齊軍入魏地為十萬灶，明日為五萬灶，又明日為三萬灶。龐涓行三日，大喜，曰：“我固知齊軍怯，入吾地三日，士卒亡者過半矣。”乃棄其步軍，與其輕銳倍日並行逐之，孫子度其行，暮當至馬陵。馬陵道狹，而旁多阻隘，可伏兵，乃斫大樹，白而書之，曰：“龐涓死於此樹之下。”於是令齊軍善射者萬弩夾道而伏，期曰：“暮見火舉而俱發。”龐涓果夜至斫木下，見白書，乃鑽火燭之，讀其書未畢，齊軍萬弩俱發，魏軍大亂，相失。龐涓自知智窮兵敗，乃自剄曰：“遂成豎子之名！”齊因乘勝，盡破其軍，虜魏太子申以歸。孫臏以此名顯天下，世傳其兵法。（《孫子吳起列傳》）
前341,341,周顯王二十八年（西元前三四一年）,11,考案,,,,案：《資治通鑒》胡注於《兵法》“百里而趣利者蹶上將，五十裡而趣利者軍半至”下，雲：“此《孫武子兵法》也。”今按《孫子兵法·軍爭》篇雲：“五十裡而爭利，則蹶上將軍，其法半至。三十裡而爭利，則三分之二至。”
前341,341,周顯王二十八年（西元前三四一年）,12,考案,齊、魏、吳,,救、卒,又案：《孫子吳起列傳》所載馬陵之戰已小說化。洪邁《容齋隨筆》卷十三“孫臏減灶”條雲：“孫臏勝龐涓之事，兵家以為奇謀，予獨有疑焉。雲齊軍入魏地為十萬灶，明日為五萬灶，又明日為三萬灶，方師行逐利，每夕而興此役，不知以幾何人給之，又必人人各一灶乎？龐涓行三日而大喜曰：齊士卒亡者過半，則是所過之處，必使人枚數之矣，是豈救急赴敵之師乎？又雲度其暮至馬陵，乃斫大樹白而書之曰：龐涓死於此樹下，遂伏萬弩，期日暮見火舉而俱發。夫軍行遲速既非他人所料，安能必其以暮至而不差晷刻乎？古人坐于車中，樹間之有白書，且必舉火讀之乎？齊弩尚能俱發，而涓讀八字未畢，皆深不可信，殆好事者為之而不精考耳。”今按孫臏于桂陵之戰，以“示形”之法，示以假像，誘使敵將驕傲輕敵，棄其輜重，以急行軍兼程趕回大樑，乘機突然邀擊而生擒敵將。孫臏于此馬陵之戰，又以“示形”之法，偽裝退卻潰散，誘使敵將率輕銳兼程追逐，於狹道設障礙，突然截擊，因而大勝，生擒敵將。但《孫子吳起列傳》所描寫已小說化。當以《孫臏兵法·陳忌問壘》篇所述為是。
前341,341,周顯王二十八年（西元前三四一年）,13,史料,,,救、卒、取,田忌問孫子曰：“吾卒……不禁，為之奈何？”孫子曰：“明將之問也。此者人之所過而不急也。此□之所以疾……志也。”田忌曰：“可得聞乎？”曰：“可。用此者，所以應猝窘處隘塞死地之中也。是吾所以取龐□（當脫“涓”字）而擒太子申也。”田忌曰：“善。事已往而形不見。”孫子曰：“蒺藜者，所以當溝池也。車者，所以當壘[也]。□□[者]，所以當堞也。發者，所以當埤堄也。長兵次之，所以救其隋也。縱次之者，所以為長兵□也。短兵次之者，所以難其歸而徼其哀也。弩次之者，所以當投機也。中央無人，故盈之以……卒已定，乃具其法。制曰：以弩次蒺藜，然後以其法射之。壘上弩戟分。法曰：見使枼來言而動……去守五裡置候，令相見也。高則方之，下則圓之。夜則舉鼓，晝則舉旗。”(《孫臏兵法·陳忌問壘》)
前341,341,周顯王二十八年（西元前三四一年）,14,考案,秦、齊、韓、魏、晉、吳,,取、會、殺,案：孫臏謂誘使“猝窘處隘塞死地之中”，從而“所以取龐涓而擒太子申”，當指馬陵之戰。此與《孫子吳起列傳》所謂“馬陵道狹，而旁多阻隘，可伏兵”相合。此與桂陵之戰，乘龐涓放棄輜重，兼程趕回大樑途中，加以邀擊而“擒龐涓”不同。桂陵之戰，太子申未參與，而馬陵之戰，則“使龐涓將而令太子申為上將軍”。《史記》中所有述及馬陵之戰篇章，皆謂殺龐涓而虜太子申。《魏策二》雲：“齊、魏戰于馬陵，齊大勝魏，殺太子申，覆十萬之軍。”惠施因而勸魏王“變服折節而朝齊”，魏王於是因田嬰而“與之並朝齊侯再三”。《齊策一》亦雲：“齊因起兵擊魏，大破之馬陵。魏破韓弱，韓、魏之君，因田嬰北面而朝田侯。”桂陵之戰，魏雖大敗，而兵力尚未大損。馬陵之戰，不僅太子申、龐涓被擒殺，又覆其“十萬之軍”。魏因而屈節求和，到徐州朝見齊侯而推尊為王，因而有所謂“會徐州相王”。孟子曰：“梁惠王以土地之故，糜爛其民而戰之，大敗，將複之，恐不能勝，故驅其所愛子弟以殉之，是之謂以其所不愛及其所愛也。”(《孟子·盡心下》)所謂“大敗”，即指桂陵之戰；所謂“將複之”，即將欲再戰，即指馬陵之戰；所謂“驅其所愛子弟以殉之”，即以太子申為上將軍。然則何以龐涓在桂陵之戰被擒，而至馬陵之戰又被擒殺？或者龐涓在桂陵之戰被擒後，因齊與魏講和而釋放，至馬陵之戰再度為將，又被擒殺耳。猶如春秋時秦將孟明視為晉軍所俘，旋被釋放，再度為將。
前341,341,周顯王二十八年（西元前三四一年）,15,史料,秦,秦孝公,,秦孝公二十一年馬生人。（《六國表》，《漢書·五行志》、《洪範五行傳》引《史記》）
前340,340,周顯王二十九年（西元前三四0年）,1,史料,秦、齊、楚、燕、韓、趙、魏,秦孝公、齊威王、魏惠王,,秦孝公二十二年，魏惠王三十年，韓昭侯二十三年，趙肅侯十年，齊威王十七年，楚宣王三十年，燕文公二十二年。
前340,340,周顯王二十九年（西元前三四0年）,2,史料,齊、趙、魏,齊威王、齊宣王,伐、會,齊宣王三年(當作齊威王十七年)與趙會博望，伐魏。(《田世家·集解》徐廣引《六國表》，今本《六國表》脫“博望”二字)
前340,340,周顯王二十九年（西元前三四0年）,3,史料,秦、齊、趙、魏,秦孝公、魏惠王,伐,[魏惠王]三十一年(當作三十年)秦、趙、齊共伐我。秦將商君，詐我將軍公子卬而襲奪其軍，破之。……以公子赫為太子。(《魏世家》，《六國表》“公子赫為太子”系于次年，《趙世家》雲：“[肅侯]十一年秦孝公使商君伐魏，虜其將公子卬，趙伐魏。”亦誤後一年)
前340,340,周顯王二十九年（西元前三四0年）,4,考案,秦、齊、趙、魏,,伐,案：秦、趙、齊共伐魏，《紀年》在上年，而《史記》在此年，殆此事始于上年而終於此年乎？
前340,340,周顯王二十九年（西元前三四0年）,5,史料,秦、魏,,攻、卒、取,公孫鞅之于秦，非父兄也，非有故也，以能用也。欲堙之責，非攻無以，於是為秦將而攻魏。魏使公子卬將而當之。公孫鞅之居魏也，固善公子卬，使人謂公子卬曰：“凡所為遊而欲貴者，以公子之故也。今秦令鞅將，魏令公子當之，豈且忍相與戰哉？公子言之公子之主，鞅亦請言之主而皆罷軍。”於是，將歸矣，使人謂公子曰：“歸未有時相見，願與公子坐而相去別也。”公子曰：“諾。”魏吏爭之曰：“不可。”公子不聽，遂相與坐。公孫鞅因伏卒與車騎，以取公子卬。（《呂氏春秋·無義》）
前340,340,周顯王二十九年（西元前三四0年）,6,史料,秦、齊、魏、衛,,伐、攻、盟、會,衛鞅說孝公曰：“秦之與魏，譬若人之有腹心疾，非魏並秦，秦即並魏，何者？魏居嶺阨之西，都安邑，與秦界河，而獨擅山東之利。利則西侵秦，病則東收地。今以君之賢聖，國賴以盛。而魏往年大破于齊，諸侯畔之，可因此時伐魏。魏不支秦，必東徙。東徙，秦據河山之固，東鄉以制諸侯，此帝王之業也。”孝公以為然，使衛鞅將而攻魏，魏使公子卬將而擊之，軍既相距，衛鞅遺魏將公子卬書曰：“吾始與公子驥，今俱為兩國將，不忍相攻，可與公子面相見，盟，樂飲而罷兵，以安秦、魏。”魏公子卬以為然。會盟已，飲，而衛鞅伏甲士而襲虜魏公子卬，因攻其軍，盡破之。以歸秦。（《商君列傳》）
前340,340,周顯王二十九年（西元前三四0年）,7,考案,秦、齊、趙、魏、衛、代,魏惠王,攻、取、遷,案：以上兩則，內容相同，當以《呂氏春秋》所述為原始。《魏世家》商君詐取公子印以後，插敘：“秦用商君，東地至河，而齊、趙數破我，安邑近秦，於是徙治大樑。”誤以魏遷大樑在鞅詐取魏公子印之後。此衛鞅說孝公語，疑亦出後人增飾。魏惠王沿襲春秋時代貴族親自指揮作戰之遺風，本人既“數被於軍旅”，又常使太子、公子為將，殊不知此時戰爭方式已發生重大之變革，指揮作戰必須講究戰略與戰術，精通兵法而有作戰經驗。當馬陵戰前，太子申將兵攻齊時，客有謂公子理之傅曰：“太子年少，不習于兵，田盼宿將也，而孫子善用兵，戰必不勝，不勝必禽。”（《魏策二》第十章）。果如其言。是時魏太子申為齊所虜，公子印又為秦所虜。此後即不見魏太子與公子為主將者，即以為教訓。
前340,340,周顯王二十九年（西元前三四0年）,8,史料,秦,商鞅、秦孝公,,秦孝公二十二年封大良造商鞅。（《六國表》）
前340,340,周顯王二十九年（西元前三四0年）,9,史料,秦、魏、衛,秦孝公,,[秦孝公]二十二年衛鞅擊魏，虜魏公子卬，封鞅為列侯，號商君。（《秦本紀》）
前340,340,周顯王二十九年（西元前三四0年）,10,史料,秦、楚、衛,,卒、立,[楚宣王]三十年秦封衛鞅于商，南侵楚。是年宣王卒，子威王熊商立。（《楚世家》）
前340,340,周顯王二十九年（西元前三四0年）,11,史料,秦、魏、衛,,,衛鞅亡魏入秦，孝公以為相，封之於商，號曰商君。（《秦策一》第一章）
前340,340,周顯王二十九年（西元前三四0年）,12,史料,秦、魏、衛,,,衛鞅既破魏還，秦封之於商十五邑，號為商君。（《商君列傳》）
前340,340,周顯王二十九年（西元前三四0年）,13,史料,秦、衛,商鞅,,梁惠成王三十年秦封衛鞅于鄔，改名曰商。（《水經·濁漳水注》引《紀年》，《路史·國名紀己》引《紀年》同。《後漢書·光武紀》注誤引作“衛鞅封於鄡”。《商君列傳·索隱》雲：“《紀年》雲秦封商鞅在惠王三十年”)
前340,340,周顯王二十九年（西元前三四0年）,14,考案,秦、楚、魏、衛,商鞅、秦孝公、魏惠王,,案：《紀年》謂秦封商鞅在魏惠王三十年，而《史記》謂在秦孝公二十二年，即楚宣王三十年，當《六國表》魏惠王三十一年，蓋《史記》魏惠王紀元誤上一年。《商君列傳·索隱》與《正義》皆以為衛鞅所封之於商為兩邑，商在商州商洛縣，於在鄧州內鄉縣東七裡。其說不確。於在今河南西峽縣東，距商洛縣二百五十裡以上，衛鞅不能有如此大之封地。且此時西峽縣東之於，尚是楚境。《紀年》謂秦封衛鞅于鄔，改名曰商。陳逢衡《竹書紀年集證》雲：“於讀為烏，當即鄔也。舊址名鄔，今改名曰商，故謂之於商。”其說甚確。《漢書·地理志》弘農郡商縣，雲：“秦相衛鞅邑也。”即今商縣東南八十五裡之商洛鎮。所謂十五邑，僅十五個小鄉邑而已。《水經·濁漳水注》以為即衡水所經之鄔縣，距秦極遠，失之遠矣。梁惠成王三十年城濟陽。（《水經·濟水注》引《紀年》）
前340,340,周顯王二十九年（西元前三四0年）,15,考案,齊、周、吳,,,案：《周季編略》雲：“備齊也。”田忌為齊將系梁太子申，禽龐涓。孫子謂田忌曰：“將軍可以為大事乎？”田忌曰：“奈何？”孫子曰：“將軍無解兵而入齊，使彼罷弊，老弱守於主（“弊”下原衍“於”字，從吳師道刪。“老”原作“先”，從姚注所引曾本改正）。主者，循軼之途也。鎋擊摩車而相過，使彼罷弊，老弱守於主，必一而當十，十而當百，百而當千，然後背泰山，左濟，右天唐，軍重踵高宛，使輕車銳騎沖雍門，若是則齊君可正，而成侯可走。不然，則將軍不得入齊矣。”田忌不聽，果不入齊。（《齊策一》第九章）
前340,340,周顯王二十九年（西元前三四0年）,16,史料,齊、魏,,伐,成侯鄒忌為齊相，田忌為將，不相說。公孫聞謂鄒忌曰（《田世家·索隱》引作“公孫閎”）：“公何不為王謀伐魏？勝則是君之謀也，君可以有功。戰不勝，田忌不進，戰而不死，曲撓而誅。”鄒忌以為然，乃說王而使田忌伐魏。田忌三戰三勝，鄒忌以告公孫聞。公孫聞乃使人操十金而往卜於市，曰：“我田忌之人也，吾三戰而三勝，聲威天下，欲為大事，亦吉否？”蔔者出，因令人捕之（“之”字原脫，從諸祖耿據《太平御覽》三百二十二所引補）。為人蔔者亦驗其辭于王前（姚注“一無亦字”）。田忌遂走。（《齊策一》第八章）
前340,340,周顯王二十九年（西元前三四0年）,17,史料,齊、楚、代,,,田忌亡齊而之楚，鄒忌代之相齊，恐田忌欲以楚權複于齊。杜赫曰：“臣請為君留之楚。”謂楚王曰：“鄒忌所以不善楚者，恐田忌之以楚權複于齊也，王不如封田忌於江南，以示田忌之不返齊也，鄒忌以齊厚事楚（鮑本“以”上有“必”字）。田忌亡人也而得封，必德王，若複于齊，必以齊事楚，此用二忌之道也。”楚果封之於江南。（《齊策一》第十章）
前340,340,周顯王二十九年（西元前三四0年）,18,考案,秦、齊、楚、燕、韓、趙、魏、吳,齊威王、齊宣王,伐、攻、救、卒、立、取、會、奔,案：《田世家》載齊威王二十六年(當作四年)公孫閱謂成侯忌曰：“公何不謀伐魏，田忌必將，戰勝有功則公之謀中也，戰不勝非前死則後北，而命在公矣。”於是成侯言威王，使田忌南攻襄陵。又載齊威王三十五年(當作十三年)公孫閱又謂成侯忌曰：“公何不令人操十金卜於市，曰：我田忌之人也，吾三戰而三勝，聲威天下，欲為大事，亦吉乎不吉乎？”蔔者出，因令人捕為之蔔者，驗其辭于王之前。田忌聞之，因率其徒襲攻臨淄，求成侯，不勝而去。又載宣王二年（當作威王十六年）“宣王召田忌複故位……救韓趙以擊魏，大敗之馬陵”。《孟嘗君列傳》亦雲：“成侯與田忌爭寵，成侯賣田忌，田忌懼，襲齊之邊邑，不勝亡走。會威王卒，宣王立，知成侯賣田忌乃複召田忌以為將。”吳師道《戰國策補注》雲：“忌之出奔，在戰馬陵後宣王之世明矣，《史》載其奔在前，故謂召復位。忌既襲齊，豈得再複？成侯又在，豈宜並列？而馬陵後忌無可書之事，知其必有誤也。”梁玉繩《史記志疑》謂吳注有以矛刺盾之妙。並論之曰：“田忌出奔在宣王二年戰馬陵之後，不在威王三十五年。無論威王賢明，成侯讒構所不能行，而忌之戰功可見者，桂陵、馬陵二役，若威王時已出奔，則安得馬陵之勝乎？此與《孟嘗君列傳》同誤，然其誤亦由《國策》也。《策》于威王時載鄒忌、田忌不相說一章，有‘田忌遂走’之語，史公謬以為據，因撰出襲攻臨淄事，《索隱》謂齊都臨淄當依《孟嘗君列傳》作襲齊邊邑，而不知忌未嘗襲齊耳。《國策》戰馬陵後有田忌為齊將一章，言孫臏勸忌無解兵入齊，可正齊君而走成侯，忌不聽。以是觀之，忌亦賢矣，奈何反以襲齊誣之邪？”余考吳、梁二氏據《國策》糾《史記》，以田忌出奔在馬陵戰後，甚是。梁氏以史公杜撰田忌襲齊事，亦是。惟梁氏謂田忌之奔在宣王時不在威王時，《史記》之誤為威王時又由《國策》之誤，則殊非。據《紀年》馬陵之役在齊威王之十四五六年間，田忌出奔在馬陵戰後，正當齊威王時，其時齊亦正鄒忌為相而田忌為將。史公既誤前威王之年，誤系馬陵之役于宣王二年，又見長短書載田忌之走由於齊相鄒忌讒構，遂以意移忌奔于桂陵戰後。又見馬陵之役田忌為主將，遂又謂忌復位在馬陵戰前耳。錢穆《田忌鄒忌孫臏考》雲：“田忌出奔即在馬陵勝後，為威王之十五年，史公既誤前威王之年，疑其過早不合，乃移後二十年為威王三十五年也。其後宣王伐燕，據《齊策》亦田忌之謀，蓋田忌自以威王時出奔，至宣王時複召，吳、梁二氏之疑，皆考之未詳也。”（《先秦諸子系年》第二六〇至二六二頁）錢氏因田忌參與宣王伐燕之計謀，肯定田忌至宣王時複召之說，未必確實。田忌或作田臣思，史載田臣思先後三次參與齊救韓出戰之計謀，皆得成功。最著者即是馬陵之戰。《齊策一》第七章稱魏攻韓，韓求救于齊，田臣思參與計謀，主張“因陰結韓之親，而晚承魏之弊”，因而大破魏軍于馬陵。前此二十九年《田世家》載桓公午五年秦、魏攻韓，韓求救于齊，田臣思參與計謀，謂“是天以燕予齊也”，齊起兵襲燕而取桑丘。馬陵之戰以後二十七年，《齊策二》第一章載秦、魏伐韓，齊宣王將救韓，田臣思參與計謀，謂“是天以燕賜我也”，齊因起兵攻燕，三十日而舉燕國。前後約六十年間，韓三次受侵向齊求救，田臣思三次參與齊之計謀。吳師道以為馬陵之戰以前二十餘年，忌豈得已為大臣？馬陵之戰以後二十七年不應複見。並雲：“使忌果在齊，則王安得棄之而將章子？策或誤載其名也。且桓公時，秦、魏攻韓，楚、趙救之，齊不救，因而襲燕；宣王時，秦、魏伐韓，楚、趙救之，齊不救，因而舉燕，何其事之吻合如此？是必可疑。”由此可見，田忌因參與馬陵之戰之計謀而著名，至於馬陵之戰以前二十九年桑丘之役田忌參與計謀，馬陵之戰以後二十七年齊宣王伐燕之役田忌又參與計謀，皆出於後人附會，不可信據。
前340,340,周顯王二十九年（西元前三四0年）,19,史料,楚、蔡,,伐、攻,子發將西伐蔡，克蔡，獲蔡侯，歸致命曰：“蔡侯奉其社稷而歸之楚，舍屬二三子而治其地。”子發辭曰：“發誡布令而敵退，是主威也；徙舉相攻而敵退，是將威也；合戰用力而敵退，是眾威也。臣舍不宜以眾威受賞。”譏之曰：子發之致命也恭，其辭賞也固。（《荀子·強國》，楊倞注：“子發，楚令尹，未知其姓。”“舍，子發名。”）
前340,340,周顯王二十九年（西元前三四0年）,20,史料,楚、蔡,,攻、立、取,子發攻蔡，逾之。宣王郊迎，列田百頃而封之執圭。子發辭不受，曰：治國立政，諸侯入賓，此君之德也；發號施令，師未合而敵遁，此將軍之威也；兵陣戰而勝敵者，此庶民之力也。夫乘民之功勞而取其爵祿者，非仁義之道也，故辭而不受。（《淮南子·道應訓》，高誘注：“子發，楚宣王之將。”）
前340,340,周顯王二十九年（西元前三四0年）,21,史料,楚、蔡,,,蔡聖侯之事因是以(“聖”鮑本改作“靈”，“以”與“已”通。黃丕烈雲：“《詠懷詩》注引作‘蔡聖侯因是已’”)。南游乎高陂，北陵乎巫山，飲茹溪之流(“之”字原脫，從《水經·澧水注》及《文選·詠懷詩》注、《郡內登望一首》注所引補)，食湘波之魚，左抱幼妾，右擁嬖女，與之馳騁乎高蔡之中，而不以國家為事，不知夫子發方受命乎宣王，系己以朱絲而見之也。”(《楚策四》第四章，莊辛對答楚襄王)
前340,340,周顯王二十九年（西元前三四0年）,22,史料,楚、蔡,,,蔡侯之事故是也。蔡侯南游乎高陂，北經乎巫山，逐麋麈麞鹿，彉溪子隨，時鳥嬉游乎高蔡之囿，溢滿無涯，不以國家為事，不知子發受令宣王，厄以淮水，填以巫山，庚子之朝，纓以朱絲，臣而奏之乎宣王也。（《新序·雜事二》第十四章，莊辛對答楚襄王）
前340,340,周顯王二十九年（西元前三四0年）,23,史料,楚,,,澧水又東，茹水注之，水出龍茹山，水色清澈，漏石分沙，莊辛說楚襄王所謂飲茹溪之流者也。（《水經·澧水注》）
前340,340,周顯王二十九年（西元前三四0年）,24,考案,齊、楚、周、越、蔡、代,,伐、滅、奔,案：鮑彪改《楚策》之蔡聖侯為蔡靈侯，楚宣王為靈王，並謂高蔡即上蔡，非是。黃丕烈已駁之，此非春秋時蔡靈侯、楚靈王事。金正煒以為“聖當作聲，一聲之轉也，《史記》蔡滅于聲侯後十年，疑聲侯先虜于楚，後乃盡滅其國耳”。亦臆說無據，不可信從。黃式三《周季編略》以為此即《楚世家》所載惠王四十二年所滅之蔡，以為策文“宣”字系“惠”字之訛，亦不可信。據《蔡世家》楚惠王所滅之蔡為蔡侯齊，蔡聲侯乃蔡侯齊之前兩代。程恩澤《國策地名考》雲：“蓋蔡雖一滅于靈王，再滅于惠王，複並于悼王，其後仍國于楚之西境。所謂高蔡者（《新序》以高蔡為團名，亦似有見，然必與國都相近。相其地望，當在今湖北之巴東、建始一帶，故曰北陵巫山，飲茹溪流，食湘波魚，而荀子亦雲西伐蔡也。”程氏並引《水經·澧水注》等作證。顧觀光《七國地理考》亦謂蔡屢絕屢續，雲：“妄意楚之滅蔡，當在宣王末年。策言巫山、湘波，則蔡地當與洞庭相近，距初封之上蔡千有餘裡，故荀子言西伐蔡，不言北伐蔡。”蘇時學又曰：“子發者，楚宣王之大司馬景舍也，《淮南子》言子發以宣王時滅蔡，以威王時獲罪出奔，其時世尤為可信。”（見《越縵堂日記》同治己醜四月二十四日記）于鬯《戰國策注》引潘和鼎雲：“高蔡乃蠻越之國，亦單稱蔡，適與蔡國同名。其國在今湖南長沙府澧州之地，北則闌入湖北之西境，至四川巫山縣與楚接界。”高蔡當為西南少數民族所建之小國，滅于楚宣王末年。
前340,340,周顯王二十九年（西元前三四0年）,25,考案,秦、蔡,,攻、卒,又案：《列女傳》卷一與《渚宮舊事》卷二記：“子發攻秦絕糧，使人請于王，因歸問其母，母問使者曰：‘士卒得無恙乎？’對曰：‘士卒並分菽粒而食之。’又問：‘將軍得無恙乎？’對曰：‘將軍朝夕芻豢黍粱。’子發破秦而歸，其母閉門而不內，使人數之。……子發於是謝其母，然後內之。”若此說可信，“攻秦”“破秦”之“秦”字，皆當“蔡”字之誤。
前340,340,周顯王二十九年（西元前三四0年）,26,史料,秦、韓、趙、魏,秦孝公、魏惠王,,秦孝公二十三年，魏惠王三十一年，韓昭侯二十四年，趙肅侯
前340,340,周顯王二十九年（西元前三四0年）,27,史料,齊、楚、燕,齊威王,,十一年，齊威王十八年，楚威王元年，燕文公二十三年。
前340,340,周顯王二十九年（西元前三四0年）,28,史料,秦、晉,秦孝公,,秦孝公二十三年與晉戰岸門。（《六國表》）
前340,340,周顯王二十九年（西元前三四0年）,29,史料,,,,梁惠成王三十一年三月為大溝於北郛，以行圃田之水。（《水經·渠水注》引《紀年》，《輿地廣記》五東京祥符縣下引《紀年》作“惠王為大溝於北郛，以行圃田之水”）
前340,340,周顯王二十九年（西元前三四0年）,30,考案,韓、魏,,,案：《孟子·告子下》載白圭曰：“丹之治水也愈于禹。”孟子曰：“子過矣！禹之治水，水之道也，是故禹以四海為壑。今吾子以鄰國為壑，水逆行，謂之洚水，洚水者洪水也，仁人之所惡也，吾子過矣。”《韓非子·喻老》雲：“白圭之行堤也塞其穴……是以白圭無水難。”白圭以治水著，時白圭正為魏大臣，疑此行圃田之水，即白圭主其事。
前340,340,周顯王二十九年（西元前三四0年）,31,史料,魯,,遷,梁惠成王三十一年邳遷于薛，改名徐州。（《水經·泗水注》引《紀年》，《魯世家·索隱》引《紀年》作“梁惠王三十一年下邳遷于薛”，故名曰徐州。《孟嘗君列傳·正義》引作“梁惠王三十年下邳遷于薛，改名徐州”）
前340,340,周顯王二十九年（西元前三四0年）,32,考案,秦、齊、楚、燕、韓、趙、魏、魯,秦孝公、齊威王、齊湣王、魏惠王,伐、合縱、取、會、遷、殺,案：《史記會注考證》本《史記·魯世家》“徐”作“俟”，雲：“魯頃公十九年，楚伐我，取徐州”，《索隱》引《紀年》亦作“俟”。《魯世家》又稱哀公十四年“齊田常弑其君簡公於徐州”。《左傳》哀公十四年作“舒州”。江永《春秋地理考實》以為舒州在今河北大城縣界，此齊之極北與燕界者也。戰國時，齊有南、北兩徐州，北徐州即田常殺簡公之徐州，亦稱平舒。南徐州即薛。薛在今山東滕縣南四十裡。邳在薛之西，原為小國。鄒忌嘗封於下邳，號曰成侯，見《田世家》。是時邳遷于薛。顧觀光雲：“下邳雖遷于薛，而依齊以自存，若附庸然，下成其為聞也。”邳為小國長期留存。《楚世家》頃襄王十九年弋射者說楚王曰：“騶、賈、郯、邳者羅鷙也。”薛此後嘗為靖郭君田嬰、孟嘗君田文之封邑，田嬰、田文皆有薛公之稱。至戰國末年，此地仍稱徐州，當齊湣王末年五國合縱破齊時，魯取得徐州，魯頃公十九年又為楚所伐取。秦孝公二十四年，魏惠王三十二年，韓昭侯二十五年，趙肅侯十二年，齊威王十九年，楚威王二年，燕文公二十四年。
前340,340,周顯王二十九年（西元前三四0年）,33,史料,秦,秦孝公,圍,秦孝公二十四年秦、大荔圍合陽。（《六國表》）
前340,340,周顯王二十九年（西元前三四0年）,34,考案,秦、齊、魏、周,,攻、圍、滅,案：《周季編略》作“秦與大荔圍魏郃陽”，其他史料中未見秦與大荔之戎合兵攻魏之事。中華書局標點本《史記》刪“秦”字，馬非百《秦集史》亦刪“秦”字。合陽在今陝西合陽縣東南黃河西岸，原為秦地，秦簡公七年為魏所攻佔。是年大荔之戎乘魏為秦、齊大敗之後，進圍合陽。此後即不見大荔之記載，當不久即為秦所滅亡。
前340,340,周顯王二十九年（西元前三四0年）,35,史料,秦、魏、晉,秦孝公,,[秦孝公]二十四年，與晉戰雁門（當作“岸門”），虜其將魏錯。（《秦本紀·索隱》引《紀年》雲：“與魏戰岸門。”）
前340,340,周顯王二十九年（西元前三四0年）,36,考案,秦、魏、代,秦孝公、魏惠王,,案：《索隱》引《紀年》雲：“與魏戰岸門”，不言《紀年》與《史記》之年代有差異。據《六國表》秦孝公二十四年，當魏惠王三十三年，《史記》于惠王年世誤多一年，實為魏惠王三十二年。雷學淇《考訂竹書紀年》、朱右曾《汲塚紀年存真》、王國維《古本竹書紀年輯校》皆系於此年。惟《六國表》系此事于上年，殆戰爭始于上年。秦得勝而虜魏將魏錯在此年也。
前340,340,周顯王二十九年（西元前三四0年）,37,考案,秦、韓、魏,,,又案：《索隱》雲：“《紀年》雲與魏戰岸門，此雲雁門，恐聲誤也。又下雲敗韓岸門，蓋一地也。尋秦與韓、魏戰，不當至雁門也。”岸門在今山西省河津西。
前340,340,周顯王二十九年（西元前三四0年）,38,史料,秦,商鞅、秦孝公,,秦孝公二十四年孝公薨，商鞅反，死彤地。（《六國表》）
前340,340,周顯王二十九年（西元前三四0年）,39,史料,秦、衛,秦孝公,卒、立,[秦孝公二十四年]孝公卒，子惠文君立，是歲誅衛鞅。鞅之初為秦施治，法不行，太子犯禁，鞅曰：“法之不行，自于貴戚，君必欲行法，先于太子，太子不可黥，黥其傅師。”於是法大用，秦人治。及孝公卒，太子立，宗室多怨鞅，鞅亡，因以為反，而卒車裂以徇秦國。（《秦本紀》。）
前340,340,周顯王二十九年（西元前三四0年）,40,史料,秦,秦孝公,,[秦]孝公享國二十四年，葬弟圉，生惠文王。（《秦始皇本紀》附《秦記》）白渠又東徑秦孝公陵北。（《水經·渭水注》）
前340,340,周顯王二十九年（西元前三四0年）,41,考案,秦,秦孝公,,案：《水經·渭水注》謂白渠“又東徑櫟陽城北”，“又東徑秦孝公陵北，又東南徑居陵城北，蓮芍城南，又東注金氏陂，又東南注於渭。”據此可知，秦孝公陵在白渠之南，介於櫟陽城與居陵城之間。
前340,340,周顯王二十九年（西元前三四0年）,42,史料,秦,秦孝公,,[秦]惠王，秦孝公之子駟也。（《呂氏春秋·首時》、《去宥》高誘注，《後漢書·西羌傳》注、《秦本紀·索隱》皆雲：惠王名駟，殆據《世本》）
前340,340,周顯王二十九年（西元前三四0年）,43,史料,秦,,立,秦惠文王生十九年而立。（《秦始皇本紀》引《秦記》）
前340,340,周顯王二十九年（西元前三四0年）,44,史料,秦、韓,秦孝公,,商君教秦孝公以連什伍，設告坐之過，燔詩書而明法令。……孝公行之，主以尊安，國以富強，八年而薨，商君車裂于秦。（《韓非子·和氏》，王先慎《韓非子集解》以為“八”上脫“十”字）
前340,340,周顯王二十九年（西元前三四0年）,45,史料,秦、代,,,商君治秦，法令至行……孝公行之十八年。（“十”字原脫，從《商君列傳·索隱》引《戰國策》補，姚注：“一本之上有十字”）疾且不起，欲傳商君，辭不受。孝公已死，惠王代後，蒞政有頃，商君告歸。人說惠王曰：“大臣太重者國危，左右太親者身危，今秦婦人嬰兒皆言商君之法，莫言大王之法，是商君反為主，大王更為臣也。且夫商君固大王仇讎也，願大王圖之。”商君歸還，惠王車裂之而秦人不憐。（《秦策一》第一章）
前340,340,周顯王二十九年（西元前三四0年）,46,考案,秦、韓、衛,,卒、變法,案：《商君列傳》“商君相秦十年”下，《索隱》雲：“《戰國策》雲：孝公行商君法十八年而死，與此文不同者，案此直雲相秦十年耳，而《戰國策》乃雲行商君法十八年，蓋連其未作相之年耳。”《秦策》姚注：“一本‘之’下有‘十’字。”王念孫以為當從一本有“十”字為是，與《索隱》所引相合。黃式三亦據《索隱》，雲：“策脫十字，《韓非子·和氏》亦作八年，蓋相沿而誤。”梁玉繩雲：“疑當作二十年，自左庶長數之也。”諸祖耿《戰國策集注匯考》雲：“據《商君列傳》，商君作相在孝公十四年，若以左庶長為行法之始，當雲二十年，若以為相為行法之始，當雲十年。”梁、諸之說非是。是時秦未設相位，以大良造為最高官爵。《商君列傳》稱“商君為相十年”，蓋以大良造相當於別國之相。《秦本紀》稱孝公三年衛鞅說孝公變法修刑，居三年拜鞅為左庶長，是孝公六年鞅為左庶長。《商君列傳》雲：孝公“以衛鞅為左庶長，卒定變法之令”。至二十四年孝公去世，首尾正是十八年。
前340,340,周顯王二十九年（西元前三四0年）,47,史料,秦、魏,,,鞅欲歸魏，秦人曰：“商君之法急，不得出也。”惠王得而車裂之。（《呂氏春秋·無義》高誘注引《戰國策》）
前340,340,周顯王二十九年（西元前三四0年）,48,考案,秦、魏,商鞅,,案：《戰國策·秦策一》高誘注曰：“商鞅懼誅，欲之魏，商人禁之，曰：商君之法急不得出。窮而還。一曰：魏以其譎公子卬而沒其軍，魏人怨而不納。故惠王車裂之也。”蓋一事而兩傳。
前340,340,周顯王二十九年（西元前三四0年）,49,史料,秦、魏、衛,秦孝公、魏惠王,卒,[魏惠王]三十三年(當作三十二年)秦孝公卒，商君亡秦歸魏，魏怒，不入。（《魏世家》，《六國表》作“衛鞅亡歸我，我恐，弗內”）
前340,340,周顯王二十九年（西元前三四0年）,50,史料,秦、魏,秦孝公,卒、立、取,公孫鞅因伏卒與車騎以取公子卬。秦孝公薨，惠王立，以此疑公孫鞅之行，欲加罪焉，公孫鞅以其私屬與母歸，魏襄庇不受，曰：“以君之反公子卬也，吾無道知君。”(《呂氏春秋·無義》)
前340,340,周顯王二十九年（西元前三四0年）,51,史料,秦、趙、魏、晉、魯、衛、鄭,商鞅、秦孝公、秦惠王,伐、攻、救、卒、立、滅、殺,商君相秦十年，宗室貴戚多怨望者。趙良見商君，商君曰：“鞅之得見也，從孟蘭皋，今鞅請得交，可乎？”趙良曰：“僕弗敢願也，孔丘有言曰：‘推賢而戴者進，聚不肖者王者退’，僕不肖，故不敢受命。僕聞之曰：‘非其位而居之曰貪位，非其名而有之曰貪名。’僕聽君之義，則恐僕貪位貪名也，故不敢聞命。”商君曰：“子不說吾治秦與？”趙良曰：“反聽之謂聰，內視之謂明，自勝之謂強，虞舜有言曰：‘自卑也尚矣’，君不若道虞、舜之道，無為問僕矣。”商君曰：“始秦戎翟之教，父子無別同室而居，今我更制其教，而為其男女之別，大築冀闕，營如魯、衛矣。子觀我治秦也，孰與五羖大夫賢？”趙良曰：“千羊之皮，不如一狐之掖；千人之諾諾，不如一士之諤諤。武王諤諤以昌，殷紂墨墨以亡。君若不非武王乎，則僕請終日正言而無誅，可乎？”商君曰：“語有之矣：貌言，華也；至言，實也；苦言，藥也；甘言，疾也；夫子果肯終日正言，鞅之藥也，鞅將事子，子又何辭焉。”趙良曰：“夫五羖大夫，荊之鄙人也，聞秦繆公之賢而願望見，行而無資，自粥于秦客，被褐食牛，期年，繆公知之，舉之牛口之下，而加之百姓之上，秦國莫敢望焉，相秦六七年而東伐鄭，三置晉國之君，一救荊國之禍，發教封內，而巴人致貢，施德諸侯，而八戎來服。由余聞之，款關請見。五羖大夫之相秦也，勞不坐乘，暑不張蓋，行于國中，不從車乘，不操干戈，功名藏于府庫，德行施於後世。五羖大夫死，秦國男女流涕，童子不歌謠，春者不相杵，此五羖大夫之德也。今君之見秦王也，因嬖人景監以為主，非所以為名也。相秦不以百姓為事，而大築冀闕，非所以為功也。刑黥太子之師傅，殘傷民以峻刑，是積怨畜禍也。教之化民也，深於命，民之效上也，捷於令。今君又左建外易，非所以為教也。君又南面而稱寡人，日繩秦之貴公子。詩曰：相鼠有體，人而無禮，人而無禮，何不遄死，以詩觀之，非所以為壽也。公子虔杜門不出已八年矣，君又殺祝歡而黥公孫賈。詩曰：得人者興，失人者崩。此數事者，非所以得人也。君之出也，後車十數，從車載甲，多力而駢脅者為驂乘，持矛而操閹戟者旁車而趨，此一物不具，君固不出。《書》曰：恃德者昌，恃力者亡，君之危若朝露，尚欲延年益壽乎？則何不歸十五都，灌園於鄙，勸秦王顯岩穴之士，養老存孤，敬父兄，序有功，尊有德，可以少安。君尚將貪商於之富，寵秦國之教，畜百姓之怨，秦王一旦捐賓客而不立朝，秦國之所以收君者，豈其微哉！亡可翹足而待。”商君弗從。後五月，而秦孝公卒，太子立，公子虔之徒告商君欲反，發吏捕商君。商君亡在關下，欲舍客舍，客人不知其是商君也，曰：“商君之法，舍人無驗者坐之。”商君喟然歎曰：“嗟乎！為法之蔽，一至此哉！”去之魏，魏人怨其欺公子卬而破魏師，弗受。商君欲之他國，魏人曰：“商君，秦之賊，秦強而賊入魏，弗歸不可。”遂內秦。商君既複入秦，走商邑，與其徒屬發邑兵，北出擊鄭。秦發兵攻商君，殺之于鄭黽池。秦惠王車裂商君以徇，曰：“莫如商鞅反者”，遂滅商君之家。（《商君列傳》）
前340,340,周顯王二十九年（西元前三四0年）,52,考案,周、鄭,,殺,案：《商君列傳》“殺之于鄭黽池”，《集解》引徐廣曰：“黽或作彭”。《索隱》引《鹽鐵論》雲：“商君困于彭池”。《六國表》又作“死彤地”。當以作彤為是。“彭”乃“彤”之形訛。鄭在今陝西華縣北，彤為鄭附近之小邑，在今華縣西南。當為西周彤伯之封邑。
前340,340,周顯王二十九年（西元前三四0年）,53,考案,秦、周、衛,商鞅、秦孝公,滅,又案：《商君列傳》雲：“商君相秦十年”，《資治通鑒》沿用其說。胡注雲：“按顯王十七年秦以商鞅為大良造，十九年徙秦都咸陽，廢井田，開阡陌，平權量，二十一年更賦稅法，為相當在是年，至今年（指周顯王三十一年）十年矣。”此說不確。商鞅于周顯王十七年為大良造，二十五年（秦孝公十八年）造商鞅方升，銘文仍稱大良造，二十九年封商君時仍為大良造。是時秦之大良造即相當於別國之相。《資治通鑒》於“為相十年”上，增加“初商君相秦，用法嚴酷，當臨渭論囚，渭水盡赤”四句。此乃依據《商君列傳·集解》所引劉向《新序》所作之評論中。《新序》雲：“今衛鞅內刻刀鋸之刑，外深鐵鉞之誅，步過六尺者有罰，棄灰於道者被刑，一日臨渭而論囚七百餘人，渭水盡赤，號哭之聲動於天地，畜怨積仇比於丘山。所逃莫之隱，所歸莫之容，身死車裂，滅族無姓，其去霸王之佐亦遠矣。”其中所言“一日臨渭而論囚七百餘人，渭水盡赤”，未見先秦古籍，疑為誣衊之辭。
前340,340,周顯王二十九年（西元前三四0年）,54,史料,韓,,,[韓昭侯]二十二年(當作二十五年)申不害死。（《韓世家》，《六國表》同）
前340,340,周顯王二十九年（西元前三四0年）,55,考案,韓,,,案：《老莊申韓列傳》雲：“申不害……昭侯用為相，內修政教，外應諸侯，十五年。”《韓世家》謂申不害于昭侯八年相韓，二十二年死，首尾正十五年。然《韓非子·定法》篇雲：“申不害雖十使昭侯用術，而奸臣猶有所譎其辭矣。故托萬乘之勁韓，七十年而不至於霸王者。”顧廣圻曰：“七十有誤，或當作十七。”余考《韓世家》、《六國表》年世及申不害之相韓，俱誤後三年。則申不害相韓首尾有十八年，實足當有十七年，顧說是矣。
前340,340,周顯王二十九年（西元前三四0年）,56,史料,韓,,,留侯張良者，其先韓人也。大父開地，相韓昭侯、宣惠王、襄哀王。（《留侯世家》）
前340,340,周顯王二十九年（西元前三四0年）,57,史料,韓、代,,,張譴相韓，病將死，公乘無正懷三十金而問其疾。居一日，君問張譴曰：“若子死，將誰使代之？”答曰：“無正重法而畏上，雖然，不如公子食我之得民也。”張譴死，因相公乘無正。（《韓非子·說林上》）
前340,340,周顯王二十九年（西元前三四0年）,58,考案,韓、魏、鄭、代,魏惠王,,案：張開地繼相昭侯、宣惠王、襄哀王，當即繼申不害而為韓相者。《韓非子·說林上》記張譴相韓，病將死，君以誰代為問。答曰：公乘無正不如公子食我之得民。考公子食我為韓昭侯之大臣，魏惠王欲韓封鄭後；公子食我自請昭侯往對之。見於《呂氏春秋·審應》，因疑張譴即是張開地。
前340,340,周顯王二十九年（西元前三四0年）,59,史料,韓、魏,,,白圭相魏，暴譴相韓，白圭謂暴譴曰：“子以韓補我于魏，我以魏待子于韓，臣長用魏，子長用韓。”（《韓非子·內儲說下》）
前340,340,周顯王二十九年（西元前三四0年）,60,考案,齊、韓、魏,,,案：韓昭侯二十五年申不害死，此後五年昭侯亦死，是時由張開地繼申不害為相。考白圭相魏當在“齊魏徐州相王”以前，則暴譴相韓亦當在是時，因疑“暴譴”乃“張譴”之誤。
前340,340,周顯王二十九年（西元前三四0年）,61,史料,秦、魯,,,《屍子》二十篇。（《漢書·藝文志》雜家著錄，班固自注：“名佼，魯人。秦相商君師之，鞅死，佼逃入蜀。”）
前340,340,周顯王二十九年（西元前三四0年）,62,史料,秦、楚、晉、衛,,卒、立,楚有屍子。（《孟子荀卿列傳·集解》雲：“劉向《別錄》曰：楚有屍子，疑謂其在蜀。今按《屍子》書，晉人也，名佼，秦相衛鞅客也。衛鞅商君謀事畫計，立法理民，未嘗不與佼規之也。商君被刑，佼恐並誅，乃亡逃入蜀。自為造此二十篇書，凡六萬餘言。卒，因葬蜀。”)
前340,340,周顯王二十九年（西元前三四0年）,63,考案,代,,,案：《屍子》久佚，清代學者有三種輯本：一為惠棟輯、任兆麟補《屍子》三卷附錄一卷，二為孫星衍校《屍子》二卷，三為汪繼培輯《屍子》二卷，《存疑》一卷。據《屍子》輯本，其內容非法家之學。
前340,340,周顯王二十九年（西元前三四0年）,64,史料,,,,《商君》二十九篇。（《漢書·藝文志》法家著錄）
前340,340,周顯王二十九年（西元前三四0年）,65,史料,,,,《公孫鞅》二十七篇。（《漢書·藝文志》兵權謀家著錄）
前340,340,周顯王二十九年（西元前三四0年）,66,考案,秦、韓,商鞅,變法、遷,案：《公孫鞅》二十七篇久佚。《商君書》今存二十四篇。《商君書》非出商君自著，非一人或一時之作，乃商鞅學派著作之彙編性質。彙編成書已在長平之戰以後，《商君書·徠民》已述及“長平之勝”。戰國末年此書頗流行。《韓非子·五蠹》雲：“藏商、管之法者家有之。”但其中如《墾令》篇，雖非商君獎勵墾荒之命令，尚能反映當時所推行之重農抑商政策。其中《境內》篇所述，當為商鞅變法以後所推行之爵制，用以獎勵軍功者。《商君書》主張加強法治而獎勵耕戰。司馬遷于《商君列傳》之後評論，亦雲：“余嘗讀《商君·開塞》耕戰書，與其行事相類。”《商君書》之主旨在於謀求國家之治，國富兵強，而完成統一之“王”業。此乃戰國晚期秦國商鞅學派之主張。商君當政時尚不足以語此。
前337,337,周顯王三十二年（西元前三三七年）,1,史料,秦、韓、趙、魏,魏惠王,,秦惠文王元年，魏惠王三十三年，韓昭侯二十六年，趙肅侯十
前337,337,周顯王三十二年（西元前三三七年）,2,史料,齊、楚、燕,齊威王,,三年，齊威王二十年，楚威王三年，燕文公二十五年。
前337,337,周顯王三十二年（西元前三三七年）,3,史料,秦、楚、韓、趙、周,秦惠王,卒,秦惠文王元年楚、韓、趙、蜀來朝。（《秦本紀》，《六國表》作“楚、韓、趙、蜀人來”）周顯王之世，蜀王有褒漢之地，因獵穀中，與秦惠王遇。惠王以金一笥遺蜀王，蜀王報珍玩之物，物化為土，惠王怒。群臣賀曰：“天承我矣，王將得蜀土地。”惠王喜，乃作石牛五頭，朝瀉金其後，曰：“牛便金。”有養卒百人。蜀人悅之，使使請石牛，惠王許之，乃遣五丁迎石牛。既不便金，怒遣還之，乃嘲秦人曰：“東方牧犢兒。”秦人笑之曰：“吾雖牧犢，當得蜀也。”（《華陽國志》卷三《蜀志》）
前337,337,周顯王三十二年（西元前三三七年）,4,考案,秦,張儀、秦惠王,伐、滅,案：《太平御覽》三十七、又四百七十八、又八百十一、又八百七十二，又八百八十八引《蜀王本紀》雲：秦王以金一笥遺蜀王，蜀王以禮物答，而盡化為土，秦王怒。群臣拜賀曰：“土者地也，秦當得蜀矣。”此即《華陽國志》所本。《水經·沔水注》引來敏《本蜀論》雲：“秦惠王欲伐蜀而不知道，作五石牛，以金置尾下，言能屎金。蜀王負力，令五丁引之成道。秦使張儀、司馬錯尋路滅蜀，因曰石牛道。”
前337,337,周顯王三十二年（西元前三三七年）,5,史料,秦、周,秦惠王,殺,周顯王二十二年（當作三十二年）蜀侯使朝秦，秦惠王數以美女進，蜀王感之，故朝焉。惠王知蜀王好色，許嫁五女於蜀。蜀遣五丁迎之，還到梓潼，見一大蛇入穴中，一人攬其尾，掣之不禁，至五人相助，大呼泄蛇，山崩，時壓殺五人及秦五女，並將從；而山分為五嶺，直頂上有平石。蜀王痛傷，乃登之，因命曰五婦塚山。川平石上為望婦堠（廖注：“川當作穿，屬下讀”），作思妻台，今其山或名五丁塚。（《華陽國志》卷三《蜀志》）
前337,337,周顯王三十二年（西元前三三七年）,6,史料,秦、齊、楚、燕、韓、趙、魏,齊威王、魏惠王,,秦惠文王二年，魏惠王三十四年，韓昭侯二十七年，趙肅侯十四年，齊威王二十一年，楚威王四年，燕文公二十六年。
前337,337,周顯王三十二年（西元前三三七年）,7,史料,秦、周,秦惠王,,周顯王三十三年賀秦惠王。（《周本紀》）
前337,337,周顯王三十二年（西元前三三七年）,8,史料,秦,,,[秦惠文王]二年天子賀。（《秦本紀》，《六國表》同）
前337,337,周顯王三十二年（西元前三三七年）,9,史料,秦,,立,[秦惠文王]立二年初行錢。（《秦始皇本紀》引《秦記》，《六國表》作“秦惠文王二年行錢”）
前337,337,周顯王三十二年（西元前三三七年）,10,考案,秦、代,,,案：王毓銓《我國古代貨幣的起源和發展》，以為“初行錢”指秦國開始由王室專權鑄造貨幣。錢劍夫《秦漢貨幣史稿》以為“初行錢”指行使環錢（或作圓錢），有“重一兩十二銖”，“重二兩十三銖”，“重一兩十四銖”，“重十二銖”及“半圈”等。當以後說為是。
前337,337,周顯王三十二年（西元前三三七年）,11,史料,秦、宋,,,秦惠文王二年宋太丘社亡。（《六國表》）
前337,337,周顯王三十二年（西元前三三七年）,12,史料,秦、宋,,,或曰宋太丘社亡，而鼎沒于泗水彭城下。其後百一十五年而秦並天下。（《史記·封禪書》）
前337,337,周顯王三十二年（西元前三三七年）,13,考案,秦、周、宋、代,,稱王,案：《資治通鑒》胡注：“班《志》沛郡有太丘縣。又《志》曰：宋太丘社亡，周鼎淪沒于泗水中。《爾雅》：右陵太丘，釋雲：謂丘之西有大阜者為太丘。宋太丘社亡，蓋依丘作社，于時亡去，咎證也。”其說不確。宋設太丘社于國都彭城之泗水旁，故太丘社淪亡，鼎沒于泗水彭城下，此與沛郡之太丘縣無涉。《六國表》謂秦惠文王二年宋太丘社亡，而《封禪書》謂“其後百一十五年而秦並天下”，兩者年代相合。《漢書·郊祀志》則謂“或曰周顯王四十二年宋太丘社亡而鼎淪沒于泗水城下”。《水經·泗水注》同，此與《六國表》不合，遲于《六國表》九年。《秦始皇本紀》載二十八年“過彭城，齋戒禱祠，欲出周鼎泗水，使千人沒水求之，弗得”。考《六國表》此一記載當本《秦記》，蓋以此為秦將稱王而得並天下之預兆，與新生嬰兒曰“秦且王”之傳說，皆用以見“秦且王”之出於天意。
前337,337,周顯王三十二年（西元前三三七年）,14,史料,秦,,立,[秦惠文王立二年]有新生嬰兒曰“秦且王”。（《秦始皇本紀》引《秦記》）
前335,335,周顯王三十四年（西元前三三五年）,1,史料,秦、齊、楚、燕、韓、趙、魏,齊威王、魏惠王,拔,秦惠文王三年，魏惠王三十五年，韓昭侯二十八年，趙肅侯十五年，齊威王二十二年，楚威王五年，燕文公二十七年。秦惠文王三年，拔韓宜陽。（《六國表》，《韓世家》韓昭侯二十四年（當作二十七年）“秦來拔我宜陽”）
前335,335,周顯王三十四年（西元前三三五年）,2,史料,秦,,,[秦惠文王三年]義渠敗秦師於洛。（《後漢書·西羌傳》）
前335,335,周顯王三十四年（西元前三三五年）,3,考案,秦,秦惠王,,案：《西羌傳》雲：“義渠敗秦師於洛，後四年義渠國亂，秦惠王使庶長操將兵定之。”按《六國表》，操定義渠在惠王七年，由此上推四年，當為惠王三年。
前335,335,周顯王三十四年（西元前三三五年）,4,史料,趙,,,[趙肅侯]十五年起壽陵。（《趙世家》）
前335,335,周顯王三十四年（西元前三三五年）,5,史料,衛,,取,邯鄲以壽陵困于萬民而衛取繭氏。（《呂氏春秋·首時》）
前335,335,周顯王三十四年（西元前三三五年）,6,考案,齊、趙、魏、魯、衛,,攻、取,案：呂祖謙《大事記·解題》雲：“壽陵之名見於書傳者，蓋自此始。”《呂氏春秋·首時》篇雲：“齊以東帝困于天下而魯取徐州，邯鄲以壽陵困于萬民而衛取繭氏，以魯、衛之細而皆得志於大國，遇其時也。”高誘注：“壽陵，魏邑，趙兼有之，萬民不附，是以衛人取其繭氏之邑也。”范耕研《呂氏春秋補注》雲：“壽陵未詳何地，或說趙肅侯十五年曾起壽陵，是壽陵乃陵寢之名，疑趙以起陵寢擾民，故民不附也。”當以後說為是。趙肅侯起壽陵，勞民傷財，因而萬民不附，受困于萬民，衛乘此時機攻取趙之繭氏之邑。
前335,335,周顯王三十四年（西元前三三五年）,7,史料,魏、宋,,,惠子，惠施，宋人也，仕魏，為惠王相。（《呂氏春秋·不屈》高誘注）
前335,335,周顯王三十四年（西元前三三五年）,8,考案,齊、魏,,會,案：《呂氏春秋·開春》高誘注亦曰：“惠公，惠王相魏施也。”《莊子·至樂》亦雲：“惠子相梁。”《呂氏春秋·應言》雲：“以惠子之言螭焉美無所可用，是魏王以言無所可用者為仲父也。”是惠王嘗仿齊桓公尊管仲故事尊惠施為仲父矣。據《魏策二》，惠王于馬陵之戰慘敗之後，召惠施而告之，惠王聽從惠施變服折節而朝齊，於是齊、魏會徐州相王。可知會徐州相王時，惠施已為惠王之主謀者，其為相當在是時。
前335,335,周顯王三十四年（西元前三三五年）,9,史料,,,取,白圭新與惠子相見也，惠子說之強，白圭無以應。惠子出，白圭告人曰：“人有取新婦者，婦至，宜安矜煙視媚行，豎子操蕉火而钜，新婦曰：‘蕉火大钜。’入於門，門中有斂陷，新婦曰：‘塞之，將傷人之足。’此非不便之家氏也，然而有大甚者。今惠子遇我尚新，其說我有大甚者。”惠子聞之曰：“不然，詩曰：‘愷悌君子，民之父母。’愷者大也，悌者長也。君子之德，長且大者，則為民父母。父母之教子也，豈待久哉？何事比我于新婦乎？詩豈曰愷悌新婦哉！”(《呂氏春秋·不屈》)
前335,335,周顯王三十四年（西元前三三五年）,10,史料,魏,,,白圭謂魏王曰：“市丘之鼎以烹雞，多洎之則淡而不可食，少洎之則焦而不熟。然而視之，螭焉美。惠子之言，有似於此。”惠子聞之曰：“不然，使三軍饑而居鼎旁，適為之甑，則莫宜之此鼎矣。”白圭聞之曰：“無所可用者，意者徒加其甑邪？”（《呂氏春秋·應言》）
前335,335,周顯王三十四年（西元前三三五年）,11,考案,魏,魏惠王,,案：惠施繼白圭為魏惠王之相。以上二事，當在惠施為相之前，初來魏國遊說之時。
前335,335,周顯王三十四年（西元前三三五年）,12,史料,楚、魏、衛、鄭,魏惠王,,惠子為魏惠王為法（《淮南子·道應訓》“法”作“國法”），為法已成，以示諸民人（《淮南子》作“已成而示諸先生”），民人皆善之（《淮南子》“民人”作“先生”），獻之惠王（《淮南子》“獻”作“奉”），惠王善之（《淮南子》“善”作“甚說”），以示翟翦，翟翦曰：“善也。”惠王曰：“可行乎？”翟翦曰：“不可。”惠子曰：“善而不可，何故？”翟翦曰：“今舉大木者，前乎輿諤（《淮南子》“與諤”作“邪許”），後亦應之。此其於舉木者善矣（《淮南子》作“此舉動勸力之歌也”），豈無鄭、衛之音哉？（《淮南子》“鄭、衛”下有“激楚”二字）然不若此其宜也”（《淮南子》“然”下有“而不用者”四字）。夫國亦木之大者也（《淮南子》作“治國有禮，不在文辯”）。（《呂氏春秋·淫辭》，《淮南子·道應訓》大體相同）
前335,335,周顯王三十四年（西元前三三五年）,13,史料,魏,魏惠王,,魏惠王謂惠子曰：“上世之有國，必賢者也。今寡人實不若先生，願得傳國。”惠子辭。王又固請曰：“寡人莫有之國於此者也，而傳之賢者，民之貪爭之心止矣。欲先生之以此聽寡人也。”惠子曰：“若王之言，則施不可而聽矣。王固萬乘之主也，以國與人猶尚可，今施布衣也，可以有萬乘之國而辭之，此其止貪爭之心愈甚矣。”(《呂氏春秋·不屈》)
前335,335,周顯王三十四年（西元前三三五年）,14,史料,魏,,殺,匡章謂惠子于魏王之前曰：“蝗螟農夫得而殺之，奚故？為其害稼也。今公行，多者數百乘，步者數百人，少者數十乘，步者數十人，此無耕而食者，其害稼亦甚矣。”惠王曰：“惠子施也，難以辭與公相應，雖然，請言其志。”惠子曰：“今之城者，或者操大築乎城上，或負畚而赴於城下。或操表掇以善晞望。若施者其操表掇者也。使工女化而為絲，不能治絲，使大匠化而為木，不能治木，使聖人化而為農夫，不能治農夫。施而治農夫者也，公何事比施於螉螟乎？”（《呂氏春秋·不屈》）
前335,335,周顯王三十四年（西元前三三五年）,15,考案,魏,,,案：以上三事，當在惠施為魏相之後。
前335,335,周顯王三十四年（西元前三三五年）,16,史料,齊、韓、魏,齊威王、齊宣王、魏惠王,盟、會,[齊]宣王七年(當作齊威王二十一年)田嬰使于韓、魏，韓、魏服于齊，嬰與韓昭侯、魏惠王會齊宣王(當作齊威王)東阿南，盟而去。明年複與梁惠王會甄。（《孟嘗君列傳》）
前335,335,周顯王三十四年（西元前三三五年）,17,史料,齊、魏,齊宣王,會,齊宣王七年，與魏會平阿南，八年與魏會于甄。（《六國表》，《田世家》同）
前335,335,周顯王三十四年（西元前三三五年）,18,史料,齊、魏,齊威王、齊宣王、魏惠王,會,[魏惠王]三十五年(當作三十四年)與齊宣王(當作齊威王)會平阿南。三十六年(當作三十五年)複與齊王會甄。(《魏世家》)
前335,335,周顯王三十四年（西元前三三五年）,19,史料,齊,齊威王,,故惠王布冠而拘于鄄，齊威王幾弗受。（《呂氏春秋·不屈》）
前335,335,周顯王三十四年（西元前三三五年）,20,考案,齊、韓、魏、周,齊威王、魏惠王,會,案：《史記》、《六國表》、《田世家》、《魏世家》以及《孟嘗君列傳》俱謂馬陵之役以後，齊、魏會徐州相王之前，先有齊、魏平阿之會，又有齊、魏鄄之會。《孟嘗君列傳》以為出於田嬰之策劃。《齊策一》第七章謂齊大破魏于馬陵之後，“魏破韓弱，韓、魏之君，因田嬰北面而朝田侯。”此與《孟嘗君列傳》謂“嬰與韓昭侯、魏惠王會齊威王東阿南”相合。《魏策二》第十一章亦雲：馬陵之役齊大勝魏，魏惠王從惠施變服折節而朝齊之謀，願臣畜而朝，田嬰許諾，“遂內魏王而與之並朝齊侯再三。”黃式三《周季編略》謂：“顯王三十四年會甄，會徐州，三十三年會平阿，皆用朝禮也”。《呂氏春秋·不屈》雲：“故惠王布冠而拘于鄄，齊威王幾弗受。”足證甄之會，魏惠王確已用朝禮，不僅徐州之會用朝禮也。
前335,335,周顯王三十四年（西元前三三五年）,21,考案,秦、齊、韓、魏,齊威王、齊宣王,合縱、會、殺,又案：《孟嘗君列傳·索隱》雲：“《紀年》當惠王之後元十一年，彼文作平阿，又雲十三年會齊威王於鄄，與此明年齊宣王與梁惠王會鄄文同，但齊之威、宣二王，文舛互不同。”雷學淇《竹書紀年義證》以《紀年》為是，以為《史記》將阿、鄄二會誤移於前，並雲：“阿、鄄二會由於齊、魏相王，合縱擯秦，與馬陵之敗無與，甄之會距馬陵之敗且二十一年矣。今策文俱連屬為辭，殊不信。《呂覽》拘甄之說，《秦策》作身布冠而拘于秦，蓋拘秦是也。”錢穆《齊魏韓會平阿及齊魏會甄考》辨之曰：“惠王雖敗于馬陵，霸國餘威未熄，豈遽有拘秦之事？謂阿、甄之會由於齊、魏相王，亦非。齊魏相王會徐州不會阿、甄，阿、甄乃五國相王時矣。謂合縱擯秦，尤誤。時秦尚不足擯也。”（《先秦諸子系年》第三三五至三三六頁）此說不確。據《紀年》，此後五國相王之前有齊、魏會阿、甄之記載，但不能因此抹殺《史記》、《國策》、《呂覽》所述齊、魏會徐州相王之前，有會阿、甄而用朝禮之事實。《紀年》魏史，只記小諸侯來朝，而諱言魏王朝見齊王之會。
前335,335,周顯王三十四年（西元前三三五年）,22,史料,秦,,,[秦惠文王]三年王冠。（《秦本紀》，《六國表》同）
前335,335,周顯王三十四年（西元前三三五年）,23,考案,秦、楚,,立、會,案：據《秦始皇本紀》所引《秦記》，惠文王與昭襄王皆“生十九年而立”。據《秦本紀》惠文王與昭襄王皆三年“王冠”。秦王政年十三而立，九年四月“王冠帶劍”(《秦始皇本紀》)。可見秦之禮制，年二十二而舉行冠禮，與《禮記》謂年二十行冠禮不同。《秦本紀》謂昭襄王三年“王冠。與楚王會黃棘”。秦王政亦于王冠以後親理政務。蓋秦制，秦君必須於二十二歲行冠禮後，方得親政。
前335,335,周顯王三十四年（西元前三三五年）,24,史料,衛,,卒、立,[衛]平侯八年卒，子嗣君立。（《衛世家》）
前335,335,周顯王三十四年（西元前三三五年）,25,考案,韓、魏、周、魯、衛、宋、代,魏惠王,卒、立、取,案：余考衛成侯於十六年因與魯、宋、韓之君朝見魏惠王而貶號曰侯，二十九年子南勁取代衛成侯，即平侯。事在周顯王二十五年。是年平侯八年卒，而子嗣君立。
前335,335,周顯王三十四年（西元前三三五年）,26,史料,衛,,,樂資據《紀年》，以嗣君即孝襄侯也。（《衛世家·索隱》）
前334,334,周顯王三十五年（西元前三三四年）,1,史料,秦、齊、楚、燕、韓、趙、魏,齊威王、魏惠王,,秦惠文王四年，魏惠王后元元年，韓昭侯二十九年，趙肅侯十六年，齊威王二十三年，楚威王六年，燕文公二十八年。
前334,334,周顯王三十五年（西元前三三四年）,2,史料,齊、魏,齊威王、齊宣王、魏惠王,會,[齊]宣王九年(當作齊威王二十三年)田嬰相齊，齊宣王(當作“齊威王”)與魏襄王(當作魏惠王)會徐州相王也。(《孟嘗君列傳》)
前334,334,周顯王三十五年（西元前三三四年）,3,史料,秦、齊、魏,齊威王、魏惠王,,[秦惠文王]四年天子致文、武胙。齊、魏相王。（《秦本紀·索隱》：“齊威王、魏惠王。”）
前334,334,周顯王三十五年（西元前三三四年）,4,史料,齊、魏,齊威王、齊宣王、魏惠王,會,[齊宣王]九年(當作齊威王二十三年)與魏襄王(當作魏惠王)會徐州，諸侯相王也。（《田世家》，《六國表》作“與魏會徐州，諸侯相王”）
前334,334,周顯王三十五年（西元前三三四年）,5,史料,魏,魏惠王,會,[魏]襄王元年(當作魏惠王后元元年)與諸侯會徐州，相王也。（《魏世家》，《六國表》作“與諸侯會徐州以相王”）
前334,334,周顯王三十五年（西元前三三四年）,6,史料,齊、韓、魏、晉,,盟,齊因起兵擊魏，大破之馬陵，魏破韓弱，韓、魏之君因田嬰北面而朝田侯。（《齊策一》第七章，《田齊世家》作“其後三晉之王，皆因田嬰朝齊王於博望，盟而去”）
前334,334,周顯王三十五年（西元前三三四年）,7,史料,秦、齊、魏,,伐,齊太公(當作齊威公)聞之，舉兵伐魏，壤地兩分，國家大危。梁王身抱質執璧，請為陳侯臣，天下乃釋梁。(《秦策四》第十一章)
前334,334,周顯王三十五年（西元前三三四年）,8,史料,秦、齊、楚、韓、趙、魏,,伐、殺,齊人伐魏，殺其太子，覆其十萬之軍，魏王大恐，跣行按兵于國，而東次於齊，然後天下乃舍之。（《齊策五》第一章）梁君伐楚勝齊，制趙、韓之兵，驅十二諸侯以朝天子于孟津，後子死，身布冠而拘于秦。（“秦”當作“徐”，《秦策五》第一章）
前334,334,周顯王三十五年（西元前三三四年）,9,史料,秦、齊、楚、趙、魏,,伐、攻、殺,齊魏戰于馬陵，齊大勝魏，殺太子申，覆十萬之軍。魏王召惠施而告之曰：“夫齊，寡人之仇也，怨之至死不忘，國雖小，吾常欲悉起兵而攻之，何如？”對曰：“不可。臣聞之，王者得度而霸者知計。今王所以告臣者，疏於度而遠于計，固先屬怨于趙而後與齊戰，今戰不勝，國無守戰之備，王又欲悉起而攻齊，此非臣之所謂也。王若欲報齊乎，則不如因變服折節而朝齊，楚王必怒矣。王遊人而合其鬥，則楚必伐齊，以休楚而伐罷齊，則必為楚禽矣，是王以楚毀齊也。”魏王曰：“善。”乃使人報于齊，願臣畜而朝，田嬰許諾。張醜曰：“不可。戰不勝魏而得朝禮，與魏和而下楚，此可以大勝也。今戰勝魏，覆十萬之軍而禽太子申，臣萬乘之魏而卑秦、楚，此其暴戾定矣。且楚王之為人也，好用兵而甚務名，終為齊患者，必楚也。”田嬰不聽，遂內魏王，而與之並朝齊侯再三。（《魏策二》第十一章）
前334,334,周顯王三十五年（西元前三三四年）,10,史料,齊、代,,攻、取,匡章謂惠子曰：“公之學去尊，今又王齊王，何其到也？”惠子曰：“今有人於此，欲必擊其愛子之頭，石可以代之。”匡章曰：“公取之代乎？其不與？”“施取代之，子頭所重也，石所輕也。擊其所輕，以免其所重，豈不可哉？”匡章曰：“齊王之所以用兵而不休，攻擊人而不止者，其故何也？”惠子曰：“大者可以王，其次可以霸也。今可以王齊王而壽黔首之命，免民之死，是以石代愛子頭也，何為不為？”(《呂氏春秋·愛類》)
前334,334,周顯王三十五年（西元前三三四年）,11,考案,秦、齊、楚、韓、趙、魏、衛、宋,齊威王、魏惠王,伐、救、卒、稱王、會,案：《魏策三》謂魏王朝齊乃出惠施之謀，而《呂覽》匡章謂惠子曰：“公之學去尊，今又王齊王，何其到也？”知所謂齊魏相王徐州者，乃魏王朝齊而尊齊侯為王，而齊亦追認魏侯為王耳。而《田世家》雲：“（威王）二十六年（當作四年）齊因起兵擊魏，大敗之桂陵，於是齊最強于諸侯，自稱為王，以令天下。”此言齊威于桂陵勝後即自稱為王，殊不可信。桂陵之戰，齊用計謀，乘魏將龐涓輕裝急進回救大樑之途中，加以邀擊而得勝，並未大破魏軍主力，魏仍繼續佔據趙都邯鄲，並以韓師擊敗齊、宋、衛之師於襄陵。齊乃使楚將景舍求成于魏。時魏惠王正為諸侯中最強之霸主，因而有逢澤之會而稱王。若謂齊威于桂陵勝後已先稱王，與當時情勢不合。錢穆雲：“蓋梁惠會諸侯于逢澤朝天子，先自稱王，乃齊、魏有馬陵之戰，齊勝於馬陵。魏則自貶，而齊則繼魏而稱王，魏用惠施謀，與會徐州而相王焉，乃楚、齊有徐州之戰。”此說甚是。惟錢氏雲：“《魏世家》，梁惠王二十八年齊威王卒，今按是年齊敗梁馬陵，非威王卒年，疑乃威王始稱王之年也。”並謂“齊、魏會徐州前，均已稱王，徐州之會特國際之相承許。”（《先秦諸子系年》第二六五頁）此謂齊威于馬陵勝後即稱王，亦無確證。齊威稱王，乃出於魏惠王，變服折節朝見，並於徐州之會推尊為王。《魏策二》稱齊、魏相王時，魏朝齊侯再三，《齊策一》稱韓、魏之君因田嬰北面而朝田侯。《秦策四》稱梁王抱質執璧，請為陳侯臣，明齊、魏相王，魏王朝齊侯時，齊固尚為侯，其前未嘗稱王也。設使齊于齊、魏相王徐州前，已先稱王，則齊、魏相王時魏尊齊侯為王，特國際間之追相承許，何致楚怒而明年有伐徐州之舉？是年《田齊世家》、《魏世家》、《六國表》皆謂諸侯會于徐州，《齊策一》又謂韓、魏之君同朝齊，是則徐州之會，不僅齊、魏相會，諸弱小之國皆與焉。齊之以徐州之會而稱王，猶魏之於逢澤之會而稱王也。
前334,334,周顯王三十五年（西元前三三四年）,12,考案,齊、韓、趙、魏、晉,齊威王、魏惠王,伐、卒、立、盟、會、殺,又案：《齊策一》第七章謂齊大敗魏于馬陵後，“韓、魏之君因田嬰北面而朝田侯”，而《田世家》改作“其後三晉之王皆因田嬰朝齊王於博望，盟而去”。博望為齊威王十七年與趙相會共謀伐魏之地。見於《六國表》，並非三晉之君朝會齊王之地。[魏]惠王三十六年改元，從一年始，至十六年而稱惠成王卒。（杜預《春秋經傳集解·後序》引古書《紀年》。《田世家·索隱》于“魏惠王卒”下引《紀年》雲：“此時梁惠王改元稱一年，未卒也。”《孟嘗君列傳·索隱》於“敗之馬陵，虜魏太子申而殺魏將龐涓”下，雲：“《紀年》當梁惠王二十八年，至三十六年改為後元也。”《魏世家·索隱》亦雲：“按《紀年》，惠成王三十六年改元稱一年，未卒也。”《通鑒外紀》卷二亦雲：“《汲塚紀年》魏惠成王三十六年改元稱一年。”惟《魏世家·集解》引荀勗曰：“今案古文，惠成王立三十六年改元稱一年，改元後十七年卒。”《魏世家·索隱》又雲：“《紀年》說惠成王三十六年，又稱後元一，十七年卒。”)
前334,334,周顯王三十五年（西元前三三四年）,13,考案,秦、齊、楚、韓、趙、魏、代,趙武靈王、魏惠王,卒、立,案：《魏世家》與《六國表》，魏惠王三十六年卒，子襄王立，十六年卒，子哀王立，二十三年卒，而《紀年》魏惠王三十六年改元，又十六年卒。以《孟子》等書考核，皆足證《紀年》是而《史記》誤。梁惠王告孟子曰：“及寡人之身，東敗于齊，長子死焉，西喪地于秦七百里，南辱于楚，寡人恥之。”所謂“東敗于齊，長子死焉”，即指馬陵之戰。至於“西喪地于秦七百里”，當指予秦河西上郡之地。若如《史記》，予秦河西已是襄王五年事，予秦上郡更是襄王七年事。所謂“南辱于楚”，當指楚敗魏於襄陵，已是襄王十二年事。惠王何得以身後事告孟子也？蓋《史記》誤分惠王改元後之年世以為襄王之年，又誤分襄王、哀王為二人耳。《魏世家·索隱》與《集解》引《世本》“惠王生襄王”，“襄王生昭王”，其間並無哀王一代。《呂氏春秋·審應》高誘注亦雲：“昭王，襄王之子。”孟子嘗先後見梁惠王、襄王，未嘗有哀王，此皆足證《紀年》之記載得實。此自和嶠、荀勖以下，治《竹書紀年》者皆已辨明之。《趙世家》載“武靈王元年陽文君趙豹相，梁襄王與太子嗣，韓宣王與太子倉來朝信宮。”《魏世家·索隱》引《世本》雲：“襄王名嗣。”是則趙武靈王元年嗣尚為太子，明其時魏君乃惠王而非襄王。今《史記》既誤以趙武靈王元年已是魏襄王十年，而于《趙世家》雲梁襄王與太子嗣朝信宮，其矛盾終不可掩。以《史記》證《史記》，亦可知《史記》魏襄王之年世，實為魏惠王后元之年世。《紀年》之記載是實。
前334,334,周顯王三十五年（西元前三三四年）,14,考案,秦、齊、魏、周、魯、衛、宋、鄭、代,秦惠王、齊威王、魏惠王,卒、立、稱王、會,又案：《六國表》、《魏世家》皆謂魏襄王元年齊、魏會徐州相王。《秦本紀》謂惠文君四年“齊、魏為王”。《索隱》雲：“齊威王、魏惠王。”亦年代相同。《田世家》與《孟嘗君列傳》所記此事年代亦相當。《史記》魏襄王元年既是惠王改元之誤，則惠王改元當以此年齊、魏會徐州相王之故。據此可知，魏惠王因徐州相王而當年改元，未嘗逾年改元。此與秦惠王因稱王而逾年改元之例不同。若謂魏惠王亦因徐州相王而逾年改元，則惠王改元當在次年（即《史記》所謂襄王二年），但與事實不符。蓋魏惠王已於逢澤之會稱王，未嘗改元，至此年因徐州相王而改元。《田世家》雲：“康公之十九年，田和立為齊侯，列于周室，紀元年。”其稱侯與改元在同年，未曾逾年改元，正同此例。杜預《春秋經傳集解·後序》稱：“《紀年》魏惠王三十六年改元，從一年始，至十六年而稱惠成王卒”。所有古籍稱引《紀年》，皆謂“惠王三十六年改元稱一年”，未有例外。則未改元前固僅三十五年，而《史記》誤以為惠王三十六年卒，次年為襄王元年，又十六年卒，則惠王未改元前為三十六年。因而魏惠王未改元以前之年世，誤多一年。自和嶠、荀勗以來，治戰國史事者，多據《紀年》以糾正《史記》，然未能以史事相互比勘，故其說尚疏。今以魏惠王未改元以前《紀年》與《史記》所載史事相比勘，相差一年者有五事，相差二年者有兩事，而年代相合者無一事。前人或以《史記》依據《秦記》用周正，《紀年》為魏史用夏正解釋，以為此等事發生于夏正之仲冬、季冬，于周正已是次年之一月、二月，因而互差一年。然則何以《紀年》所載魏惠王未改元以前之史事，皆發生于夏正之仲冬、季冬？何以《紀年》所載魏惠王未改元以前之史事，皆早於《史記》所載一年或二年？前人或以此等事連續二年解釋，戰爭可能連續至次年，但如秦封衛鞅于商之年，魯、衛、宋、鄭君來朝之年，皆不可能持續至次年。《開元占經》卷一百零一引《紀年》曰：“惠成王元年晝晦。”晝晦即日蝕，而《六國表》記“秦獻公十六年日蝕”，相當於魏惠王二年。查此年是西元前三六九年，四月十一日十三時九分確是日有環食。可知梁惠王元年確在西元前三六九年。此乃《史記》梁惠王紀元誤上一年之鐵證。由於《史記》梁惠王紀元誤上一年，梁惠王未改元以前誤多一年，今本《竹書紀年》將“魏惠成王三十六年改元稱一年”，“王與諸侯會于徐州”系于周顯王三十四年，較《史記·六國表》移上一年。雷學淇《竹書紀年義證》又以夏正、周正之異解釋，謂“會在是年仲冬後也”。錢穆因此雲：“若會徐州如雷說，在惠成王三十六年仲冬之後，其時周正已為顯王三十五年。惠王歸國稱元，其亦必為三十七年之新歲決矣。”並謂“改元後年數則實自三十七年為元年起算。”(《先秦諸子系年》第二八〇頁)實則今本《紀年》並不可信。輯今本《紀年》者不知《史記》魏惠王未改元以前年數誤多一年，見《六國表》魏惠王三十六年當周顯王三十四年，因而將“魏惠成王三十六年改元稱一年”系于周顯王三十四年，連帶將“王與諸侯會于徐州”系于同年耳。錢穆協調《史記》與《紀年》之矛盾，謂徐州相王在三十六年仲冬之後，惠王歸國改元已在三十七年，因而惠王改元後之年數實自三十七年為元年起算，猶是彌縫之說。至於《魏世家·集解》與《索隱》引《紀年》，謂惠王三十六年改元稱一年，改元後十七年卒。錢穆辨之曰：“《史記》雖誤，亦有其所以誤，彼特誤以惠成王后元之年為襄王之年耳。若惠成王前三十五年，改元後十七年，《史記》何以奪改元第一年歸之惠成，而別以其後十六年分為襄王，此實難解。”（《先秦諸子系年》第二七九頁）。今以《紀年》所載梁惠王后元與《史記》所載襄王時之史事相對勘，年數皆相符合，僅有十六年，可知《魏世家·集解》與《索隱》“改元後十七年卒”，“十七年”必為“十六年”之誤，亦足以證明杜預《後序》“至十六年而稱惠成王卒”，正確無誤。
前334,334,周顯王三十五年（西元前三三四年）,15,考案,秦、齊、楚、燕、韓、魏、晉、周、衛、代,張儀、齊威王、齊湣王、魏惠王,伐、圍、卒、立、即位、取、拔,又案：一九四六年八月八日，餘以上述見解寫成《梁惠王的年世》一文，發表于上海《東南日報》副刊《文史週刊》第六期引起討論。錢穆《關於梁惠王在位年歲之商榷》一文，發表于《文史週刊》第十期（九月五日），對拙說表示異議。仍堅持主張梁惠王未改元前有三十六年，改元後又有十六年，前後共五十二年。並對《紀年》與《史記》某些事相差一年加以解釋，或者斷為《史記》之誤，或者以為古人引用《紀年》不確實，並謂“此等相錯，古書多有，實難深論”。餘因再發表《再論梁惠王的年世》一文于《文史週刊》第十四期（十月三日），對此作進一步探討與闡釋。一九四八年與一九四九年，陳夢家發表《六國紀年表考證》於《燕京學報》第三十四、三十六、三十七期（合訂本稱為《六國紀年》，一九五五年由上海學習生活出版社出版），專以《古本竹書紀年》考訂六國年代，對於梁惠王年世，亦斷言《史記》魏文侯、魏武侯、魏惠王之改元誤上一年，並確定梁惠王元年當周烈王七年，即西元前三六九年。但仍認定梁惠王未改元前有三十六年，改元後又有十六年，前後共五十二年，於是將梁惠王后元定于周顯王三十六年，即西元前三三三年。梁惠王卒年定于周慎靚王三年，即西元前三一八年。並定魏襄王元年在周慎靚王四年，即西元前三一七年。於是梁惠王后元與魏襄王元年俱比《史記》魏襄王、魏哀王之元年移後一年。余謂陳夢家如此連帶將梁惠王后元與魏襄王元年移後一年，與史實不合。《魏世家》載哀王八年“伐衛”(《六國表》作“圍衛”)，《索隱》引《紀年》雲：“八年翟章伐衛。”《魏世家》載哀王十六年“秦拔我蒲反、陽晉、封陵”(《六國表》同)，《索隱》引《紀年》作“晉陽、封穀”，足以證明《史記》與《紀年》魏襄王（即魏哀王）之紀元一致。楚先後兩次圍韓雍氏。一次在周赧王三年，即魏襄王七年，據《韓世家·集解》引徐廣說，《紀年》與《秦本紀》、《田世家》相同。另一次在周赧王十五年，即魏襄王十九年，據《韓世家·集解》引徐廣說，《紀年》與《韓世家》相合。至於陳夢家所提《紀年》與《史記》所載梁惠王后元、魏襄王改元相差一年之證據，均不能成立。《紀年》載梁惠王后元十三年四月“齊威王封田嬰于薛”(《孟嘗君列傳·索隱》引)，陳夢家以《六國表》齊湣王三年（相當於梁惠王后元十四年）“封田嬰于薛”比勘。但《孟嘗君列傳》謂湣王“即位三年而封田嬰于薛”。除了即位之年，從其改元起算，正當齊湣王之二年，即與《紀年》相合。《紀年》載梁襄王九年五月“張儀卒”(《張儀列傳·索隱》引)。陳夢家以《六國表》魏哀王十年“張儀死”比勘，但《六國表》又載秦武王元年“張儀、魏章皆死于魏”。秦武王元年正當魏襄王九年，又與《紀年》相合。《紀年》載魏襄王十二年“秦公孫愛率師伐我，圍皮氏”(《水經·汾水注》引)。陳夢家以《六國表》魏哀王十三年“秦擊皮氏，未拔而解”比勘，但《魏世家》將此事記于魏哀王十二年，字句相同，又正與《紀年》相合。該是此一戰役經歷兩年，因而記載有出入。陳夢家如此片面選取部分《史記》之史料，以與《紀年》比勘，因而其結論不可信據。
前334,334,周顯王三十五年（西元前三三四年）,16,史料,,,,田嬰初封彭城。（《孟嘗君列傳·索隱》引《紀年》）
前334,334,周顯王三十五年（西元前三三四年）,17,考案,,,,案：田嬰初封彭城，不知在何年，當在為相以後，封于薛以前。
前334,334,周顯王三十五年（西元前三三四年）,18,史料,齊、吳,,,靖郭君謂齊王曰：“五官之計，不可不日聽而數覽也。”（“也”原在“聽”下，今從吳師道改在句末，與《資治通鑒》相同）王曰：“日聽五官吾厭之。”（原作“說五而厭之”，姚注雲：一本作“日說五官吾厭之”。孫詒讓《劄迻》雲：“姚校別本說即聽之誤”）令與靖郭君（“令”原作“今”，姚注雲：“一作令”，今據改）。（《齊策一》第四章）
前334,334,周顯王三十五年（西元前三三四年）,19,考案,齊、周,,,案：《資治通鑒》系此于周顯王四十八年，“王曰”以下，作“王從之，已而厭之，悉以委靖郭君，靖郭君由是得專齊之權”。
前334,334,周顯王三十五年（西元前三三四年）,20,史料,齊、韓,,,田嬰相齊，人有說王者曰：“終歲之計，王不一以數日之間自聽之，則無以知吏之奸邪得失也。”王曰：“善。”田嬰聞之，即遽請于王而聽其計，王將聽之矣，田嬰令官具柙券鬥石參升之計。王自聽計，計不勝聽，罷食、後複坐，不復暮食矣。田嬰複謂曰：“群臣所終歲日夜不敢偷怠之事也，王以一夕聽之，則群臣有為勸勉矣。”王曰：“諾。”俄而王已睡矣，吏盡擒刀削其柙券升石之計，王自聽之，亂乃始生。（《韓非子·外儲說右下》）
前334,334,周顯王三十五年（西元前三三四年）,21,史料,齊、韓,,,靖郭君相齊，與故人久語，則故人富；懷左右刷，則左右重。（《韓非子·內儲說下》）
前334,334,周顯王三十五年（西元前三三四年）,22,史料,齊、韓,齊威王,立,靖郭君之相齊也，王后死，未知所置，乃獻玉珥以知之。一曰：薛公相齊，齊威王夫人死，中有十孺子皆貴于王，薛公欲知所欲立，而請置一人以為夫人。王聽之，則是說行于王，而重于置夫人也。王不聽，是說不行而輕于置夫人也，欲先知王之所欲置，以勸王置之，於是為十玉珥而美其一，而獻之。王以賦十孺子。明日坐，視美珥之所在，而勸王以為夫人。（《韓非子·外儲說右上》，《齊策三》第二章作“齊王夫人死，有七孺子皆近薛公欲知王所欲立，乃獻七珥，美其一，明日視美珥所在，勸王立以為夫人”）
前334,334,周顯王三十五年（西元前三三四年）,23,考案,齊,,,案：以上為田嬰為齊相時專權之故事。《新序·雜事五》第二十一章雲：“先是靖郭君殘賊其百姓，害傷其群臣，國人將背叛共逐之。其禦知之，豫裝齎食。及亂作，靖郭君出亡，至於野而饑，其禦出所裝食進之。靖郭君曰：‘何以知之而齎食？’對曰：‘君之暴虐，其臣下謀之久矣。’”盧文弨《群書拾補》雲：“案《賈子·先醒》篇所載虢君事，與此略同。郭與虢通用。若靖郭君乃齊孟嘗君之父田嬰也，不聞有死亡事，疑靖字乃後人妄加之。”此說甚是。
前334,334,周顯王三十五年（西元前三三四年）,24,史料,趙,,,[趙肅侯]十六年肅侯遊大陵，出於鹿門，大成午扣馬曰：“耕事方急，一日不作，百日不食。”肅侯下車謝。（《趙世家》）
前334,334,周顯王三十五年（西元前三三四年）,25,史料,秦、韓,,卒、拔,[韓昭侯]二十五年(當作二十八年)，旱，作高門。屈宜臼曰(《說苑·權謀》第十五章“臼”作“咎”，“臼”“咎”聲近通用)：“昭侯不出此門。何也？不時(《說苑》“何也”上有“曰”字，“不時”上有“曰”字)。吾所謂時者(《說苑》“時”作“不時”)，非時日也。人固有利不利時(《說苑》無“時”字)，昭侯嘗利矣，不作高門。往年秦拔宜陽，今年旱(《說苑》作“明年大旱民饑”)，昭侯不以此時郵民之急(《說苑》“郵”作“恤”)，而顧益奢(《說苑》“顧”下有“反”字)，此謂時絀舉贏。”(《說苑》作“此所謂福不重至，禍必重來者也”)（《韓世家》，此下接雲：“二十六年高門成，昭侯卒，果不出此門。”《說苑》無紀年，“果”作“竟”)
前334,334,周顯王三十五年（西元前三三四年）,26,考案,秦、楚、韓、魏,張儀,連橫、取,案：《集解》引許慎曰：“屈宜臼，楚大夫在魏也。”《資治通鑒》胡注引作“時在韓”。董說《七國考》卷四高門條，引劉向《別錄》雲：“韓宮室之美，有桑林、高門，金玉布列，五色錯舉。”考《韓策一》策士所造張儀為秦連橫說韓王曰：“秦下甲據宜陽，斷絕韓之上地，東取成皋、宜陽，則鴻台之宮、桑林之苑，非王之有已。”《張儀列傳》同。與桑林之苑並稱之鴻台之宮，疑即高門。
前334,334,周顯王三十五年（西元前三三四年）,27,史料,秦、周,秦惠王,,周顯王三十五年致文武胙于秦惠王。（《周本紀》）
前334,334,周顯王三十五年（西元前三三四年）,28,史料,秦,,,[秦惠文君]四年天子致文武胙。（《秦本紀》）
前334,334,周顯王三十五年（西元前三三四年）,29,史料,秦、魏,,,秦惠文王四年天子致文武胙。魏夫人來。（《六國表》）
前334,334,周顯王三十五年（西元前三三四年）,30,史料,秦、楚、周,秦惠王,取,〔楚威王]六年周顯王致文武胙于秦惠王。（《楚世家》）[秦惠文君]四年周天子使卿大夫辰來致文武之酢（“酢”讀作“胙”），冬十壹月辛酉大良造庶長遊出命曰：“取杜才酆丘到于潏水（“才”讀作“在”），以為右庶長歜宗邑。”乃為瓦書，卑司禦不更顒封之（“卑”讀作“俾”），曰：“子子孫孫以為宗邑。”顒以四年冬十壹月癸酉封之：自桑障之封以東（“障”讀作“墩”），北到于桑匽之封（“匽”讀作“堰”），一裡廿輯（以上見瓦書正面）。大田佐敖童曰未、史曰初、卜蟄、史羈于、司禦心，志是霾封（“志”讀作“識”，“霾”讀作“埋”，以上見瓦書背面）。（《秦封右庶長歜宗邑瓦書》刻辭）
前334,334,周顯王三十五年（西元前三三四年）,31,考案,秦、周,秦昭王,取,案：此一瓦書，先刻字於幹坯，再經高溫窯燒成，字畫塗朱，瓦面光滑。一九四八年陝西鄠縣出土，原藏西安段紹嘉，今藏陝西師範大學圖書館。先有陳直作簡要之考釋，稱為《秦右庶長歜封邑陶券》，發表于《西北大學學報》一九五七年第一期。繼由郭子直作《戰國秦封宗邑瓦書銘文新釋》，刊於《古文字研究》第十四輯（中華書局一九八六年版）。陳、郭二氏以為瓦書“四年周天子使卿大夫辰來致文武之胙”，與《史記》秦惠文君四年“天子致文武胙”相合，甚是。此為秦當時策封宗邑之檔，指派官吏送至宗邑所在，經過相應之儀式而埋藏於地下，有似後世之土地憑證。瓦書記是年十一月辛酉大良造庶長遊出命，至十一月癸酉封之。是年十一月甲辰朔，辛酉為十八日，癸酉為三十日。陳氏以右庶長歜即秦昭王十五年為相之客卿壽燭，“歜”“燭”同音通假，但兩者相距四十九年之久，未必是一人。所謂宗邑，當為設有宗廟之封邑。故曰“子子孫孫以為宗邑”。所謂“取杜在酆丘到于潏水”，當在杜縣西部地區。杜縣遺址在今陝西西安市西南杜城村，酆丘即西周豐京之故墟，在今西安市西南馬王村一帶。潏水為關中八川之一，流經長安縣南。左右庶長為秦之高級爵位，相當於別國之卿，大良造庶長是庶長中之最高級，相當於別國之相邦。司禦不更顒乃大良造庶長游所屬傳達與執行命令之官，司禦是其職名，不更是其爵稱。大田佐、史、卜、司禦等，皆為當地參與劃定封疆與寫成憑證之官吏，從此可見秦策封卿大夫宗邑之制度。
前334,334,周顯王三十五年（西元前三三四年）,32,史料,秦、代,,,[秦惠文君]四年相邦樛旂之造，櫟陽工上造聞。吾。（“吾”讀作“衙”，戈銘。《貞松堂集古遺文》卷十二、《雙劍診吉金圖錄》卷下、《三代吉金文存》卷十二著錄）
前334,334,周顯王三十五年（西元前三三四年）,33,考案,秦、晉、代,張儀、商鞅、秦孝公,,案：此戈有兩器，銘文全同，惟一器有置用地名“吾”。“吾”當讀作“衙”，即彭衙，在今陝西澄城縣東北，郭子直《戰國秦封宗邑瓦書銘文新釋》（《古文字研究》第十四輯），以此戈之相邦樛斿即瓦書之大良造庶長遊，同為秦惠文王四年所作，瓦書用爵稱而戈銘用官名。考商鞅以大良造執政，戈鏃刻辭稱為大良造庶長鞅，《秦策一》稱秦孝公以為相，《商君列傳》亦稱“商君相秦”，蓋大良造相當於相國，但在文獻中未見正式稱鞅為相邦者。《秦本紀》稱秦惠文君五年陰晉人犀首（即公孫衍）為大良造，仍以大良造為執政之官。此戈形制為長方“內”，銘文從“內”端起讀至“內”穿，與其後秦戈自“內”穿起讀至“內”端者不同，惟與十三年相邦義（張儀）戈銘相同。“造”之前有“之”字，亦與其後秦戈銘文不同，惟與商鞅之器及張儀戈相接近。此戈稱“櫟陽工上造聞”，與張儀戈由咸陽工師督造，同為國都製作。咸陽為新都，櫟陽亦舊都。據此可知，樛斿此戈之年代正與商鞅、張儀之器相先後。樛斿既以大良造執政，又開始稱“相邦”。
前334,334,周顯王三十五年（西元前三三四年）,34,史料,韓、魏,,,韓、魏相與爭侵地。子華子見昭釐侯，昭釐侯有憂色。子華子曰：“今使天下書銘於君之前，書之曰：‘左手攫之則右手廢，右手攫之則左手廢，然而攫之必有天下。’君將攫之乎？亡其不與？”昭釐侯曰：“寡人不攫也。”子華子曰：“甚善。自是觀之，兩臂重於天下也，身又重於兩臂。韓之輕於天下遠，今之所爭者，其輕于韓又遠，君固愁身傷生以憂之臧不得也？”昭釐侯曰：“善。教寡人者眾矣，未嘗得聞此言也。”(《呂氏春秋·審為》)
前334,334,周顯王三十五年（西元前三三四年）,35,考案,秦、楚、魏、宋、代,,,案：此事又見《莊子·讓王》。《讓王》《釋文》引司馬曰：“子華子，魏人。”錢穆《子華子考》以為《呂氏春秋·去宥》“荊威王學書于沈尹華”。沈尹華疑即子華子；又以為《楚策一》威王問于莫敖子華，疑亦一人（《先秦諸子系年》第二七一頁），皆無確證。子華子所著書，未見《漢書·藝文志》著錄，今本《子華子》出於宋代熙寧、紹聖年間人所偽託。《子華子》僅見《呂氏春秋》徵引，當為楊朱一派之學者。
前334,334,周顯王三十五年（西元前三三四年）,36,史料,,,,子華子曰：“全生為上，虧生次之，死次之，迫生為下。”（《呂氏春秋·貴生》）
前334,334,周顯王三十五年（西元前三三四年）,37,史料,,,,子華子曰：“丘陵成而穴者安矣，大水深淵成而魚鱉安矣，松柏成而塗之人已蔭矣。”(《呂氏春秋·先己》)
前334,334,周顯王三十五年（西元前三三四年）,38,史料,,,,子華子曰：“王者樂其所以王，亡者亦樂其所以亡，故烹獸不足以盡獸，嗜其脯則幾矣。”（《呂氏春秋·誣徒》）
前334,334,周顯王三十五年（西元前三三四年）,39,史料,周,,,子華子曰：“厚而不博，敬守一事，正性是喜。群眾不周，而務成一能，盡能既成，四夷乃平。唯彼天符，不周而周，此神農之所以長，而堯、舜之所以章也。”(《呂氏春秋·知度》)
前334,334,周顯王三十五年（西元前三三四年）,40,史料,,,,子華子曰：“夫亂世之民，長短頡骭，百疾，民多疾癘，道多褓繈，盲禿傴尩，萬怪皆生。故亂世之主，烏聞至樂。不聞至樂，其樂不樂。”（《呂氏春秋·明理》）##### 卷九
前333,333,周顯王三十六年（西元前三三三年）,1,史料,秦、齊、楚、燕、韓、趙、魏,齊威王、魏惠王,,秦惠文王五年，魏惠王后元二年，韓昭侯三十年，趙肅侯十七年，齊威王二十四年，楚威王七年，燕文公二十九年。
前333,333,周顯王三十六年（西元前三三三年）,2,史料,齊、楚,齊宣王,圍,楚威王七年圍齊於徐州。（《六國表》，《田世家》作齊宣王十年“楚圍我徐州”，《六國表》同）
前333,333,周顯王三十六年（西元前三三三年）,3,史料,齊、楚,齊威王、齊宣王,伐,[齊宣王十年](當作齊威王二十四年)楚伐敗齊師於徐州，而使人逐田嬰。田嬰使張醜說楚威王，威王乃止。(《孟嘗君列傳》)
前333,333,周顯王三十六年（西元前三三三年）,4,史料,齊、楚,,卒,楚威王戰勝於徐州，欲逐嬰子于齊，嬰子恐。張醜謂楚王曰：“王戰勝於徐州也，盼子不用也。盼子有功于國，百姓為之用。嬰子不善而用申紂（《楚世家》作“申紀”），申紂者，大臣與（姚注：“一本作弗與”，鮑本作“弗與”，《楚世家》作“不附”，作“與”為是。於鬯注雲：“明是大臣所與，弟不得民心”）。百姓弗為用，故王勝之也。今嬰子逐，盼子必用，複整其士卒以與王遇（《楚世家》“整”作“搏”），必不便於王也。”楚王因弗逐。（《齊策一》第一章，《楚世家》大體相同）
前333,333,周顯王三十六年（西元前三三三年）,5,史料,秦、齊、楚、燕、趙、魏,齊威王,伐,[楚威王]七年齊孟嘗君父田嬰欺楚，楚威王伐齊，敗之於徐州，而令齊必逐田嬰，田嬰恐，張醜偽謂楚王曰：……(《楚世家》，此句以下，與上引《齊策一》第一章，大體相同)齊太公聞之(“齊太公”當從下文作“陳侯”，即齊威王)，舉兵伐魏，壤地兩分，國家大危。梁王身抱質執璧，請為陳侯臣，天下乃釋梁。郢威王聞之，寢不寐，食不飽，帥天下百姓，以與申縛遇于泗水之上，而大敗申縛。趙人聞之至枝桑，燕人聞之至格道，格道不通，平際絕(姚注：“一本無際字”)。齊戰則不勝(“則”原作“敗”，從王念孫改正)，謀則不得，使陳毛釋劍掫(金正煒雲：“毛亦與旄通，陳旄釋劍，亦即麾眾去兵也。”或以“陳毛”為人名，非是。“掫”讀作“趨”)；委南聽罪(委南謂歸順而南退)，西說趙，北說燕，內喻其百姓，而天下乃釋齊(“釋齊”原作“齊釋”，從王念孫改正)。（《秦策四》第十一章或為六國說秦王）
前333,333,周顯王三十六年（西元前三三三年）,6,史料,齊、楚、趙、魏,,伐,田嬰不聽（指不聽張醜而許諾魏王來朝），遂內魏王而與之並朝齊侯再三，趙氏醜之，楚王怒，自將而伐齊，趙應之，大敗齊於徐州。（《魏策二》第十一章）
前333,333,周顯王三十六年（西元前三三三年）,7,考案,齊、楚,,奔,案：齊之敗將申縛，《齊策一》作“申緯”，鮑本作“縛”。黃丕烈雲：“縛即緯字。”《楚世家》又作“申紀”。《說苑·尊賢篇》第三十三章又作“申孺”。《說苑·尊賢》篇載：田忌去齊奔楚，對答楚王，謂：齊使申孺將，楚發五萬人，使上將軍將之，至禽將軍首而反。齊使田居將，楚發三十萬人，分別而相去也。齊使盼子將，楚發四封之內，王出自將，僅得免耳。其後果如所言。田忌曰：“申孺為人，侮賢者而輕不肖，賢、不肖者俱不為用，是以亡也。田居為人，尊賢者而賤不肖者，賢者負任，不肖者退，是以分別而相去也。盼子之為人也，尊賢者而愛不肖者，賢、不肖俱負任，是以王僅得存耳。”此當為後人編造之故事，並非事實。此時齊將田盼、田居、申孺三人，將才有高下之別，當為事實。“縛”、“紀”、“孺”三字形近，未知孰是。
前333,333,周顯王三十六年（西元前三三三年）,8,史料,齊、楚、魏,,取,徐州之役，犀首謂梁王曰：“何不陽與齊而陰結于楚？二國恃王必戰（“王”下原衍“齊楚”二字，鮑本無“楚”字，又雲“衍齊字”。今刪）。齊戰勝楚而與乘之，必取方城之外。楚戰勝齊而與乘之（“齊”下原衍“敗”字，從姚注引一本無“敗”字刪），則太子之仇報矣。”（《魏策一》第二十三章）
前333,333,周顯王三十六年（西元前三三三年）,9,史料,齊、楚、魏、吳,,伐、攻、救、殺,齊、魏約而伐楚，魏以董慶為質于齊。楚攻齊，大敗之，而魏弗救。田嬰怒，將殺董慶。旰夷為董慶謂田嬰曰（姚注：“旰夷，劉作幹夷。”鮑本“旰”作“盱”。吳師道雲：“一本作籲）”：“楚攻齊，大敗之，而不敢深入者，以魏為將內之于齊而擊其後。今殺董慶，是示楚無魏也。魏怒，合于楚，齊必危矣。不如貴董慶以善魏（姚注“貴一作舍”），而疑之于楚也。”（《魏策一》第十二章）
前333,333,周顯王三十六年（西元前三三三年）,10,考案,齊、楚、魏,,救,案：金正煒曰：“此策當即犀首說梁王陽與齊而陰結楚時事，田嬰怒魏不救齊，其為徐州之役可知。”
前333,333,周顯王三十六年（西元前三三三年）,11,史料,齊、楚、魯,,伐、卒、立,楚將伐齊，魯親之，齊王患之。張丐曰：“臣請令魯中立。”乃為齊見魯君。魯君曰：“齊王懼乎？”曰：“非臣所知也。臣來吊足下。”魯君曰：“何吊？”曰：“君之謀過矣？君不與勝者，而與不勝者，何故也？”魯君曰：“子以齊、楚為孰勝哉？”對曰：“鬼且不知也。”“然則子何以吊寡人？”曰：“齊、楚之權，敵也，不用有魯與無魯，足下豈如全眾而合二國之後哉！（“全”原作“令”，從姚注引一本及鮑本改正）楚大勝齊，其良士選卒必殪，其餘兵足以待之？（金正煒雲：足以當為亡以，“亡”與“無”同）齊為勝，其良士選卒亦殪。而君以魯眾合戰勝後，此其為德也亦大矣（金正煒雲：“德與得通”），其恩德亦甚大也。”（王念孫謂此句乃高注之語，誤入正文，遂與上句相複）魯君以為然，身退師。（《齊策一》第十四章）
前333,333,周顯王三十六年（西元前三三三年）,12,考案,齊、楚、燕、韓、趙、魏、周、魯、中山,張儀、齊威王,伐、攻、救、立,案：張丐為齊威王時之重要謀臣。《齊策一》第七章載南梁之難，齊救韓敗魏于馬陵，出於張丐之謀。此策記張丐為齊說魯令中立，當為戰徐州之前事。顧觀光、於鬯系之周顯王三十六年是也。當楚威王伐徐州時，趙、燕皆應之，此策謂“楚將伐齊，魯親之”，亦是時事。考齊威王時之謀臣又有張醜，《魏策二》第十章載魏敗于馬陵後，願入朝齊，田嬰許諾。張醜以為不可，謂楚終為齊患，田嬰不聽，此後果有楚伐徐州之役。《齊策一》第一章載楚威王戰勝於徐州，欲逐田嬰于齊，張醜為之說楚王而作罷。《韓策三》第八章又有張醜合齊、楚請于魏之事。《中山策》第二章載：五國相王，齊欲伐中山而廢其王，張登為中山說田嬰止攻，田嬰許諾。張醜以為不可，田嬰不聽，中山果絕齊而從趙、魏。疑張醜即張丐，“醜”“丐”形似而誤。其後又入魏為臣。《魏策一》第十七章載張儀走之魏，魏將迎之，張醜諫于王。
前333,333,周顯王三十六年（西元前三三三年）,13,史料,楚、越,,伐、殺,按《紀年》粵子無顓薨後十年，楚伐徐州，無楚敗越殺無彊之語。（《越世家·索隱》）
前333,333,周顯王三十六年（西元前三三三年）,14,考案,秦、齊、楚、魏、晉、周、越、吳、代,句踐、齊威王、魏惠王、楚懷王,伐、攻、圍、卒、立、滅、取、殺,案：《越世家》載楚威王“大敗越，殺王無疆，盡取故吳地至浙江，北破齊於徐州，而越以此散”。此以楚敗越殺無疆與楚威王破齊於徐州同時。其實，楚滅越、殺無疆當在楚懷王二十三年，《越世家》誤以為與楚威王破齊於徐州同時。司馬貞作《索隱》常以《紀年》與《史記》比勘，因雲：“按《紀年》粵子無顓薨後十年楚伐徐州，無楚敗越殺無疆之語。”既然《索隱》引《紀年》與《越世家》所記史事相比勘，則所謂“楚伐徐州”，必指楚威王破齊於徐州之役。綜合《史記》與《戰國策》所載，楚威王因“齊、魏徐州相王”而大為震怒，親率大軍入齊境，攻至徐州（即薛），大敗齊師。此事與魏有關，《紀年》為魏史，應有記載。由此可見，《紀年》記楚威王伐徐州在無顓死後十年，同時未見有“楚敗越殺無疆之語”。蓋楚滅越、殺無疆，確不與楚威王伐徐州同時。楚威王伐徐州既在周顯王三十六年，由此可以推定無顓之死當在周顯王二十六年，即魏惠王二十七年。《越世家·索隱》嘗列舉《紀年》所載句踐以後歷代越君在位年數，由此亦可以推定無顓卒年以及“楚伐徐州”之年代。今本《竹書紀年》記無顓卒于周顯王十二年。“楚伐徐州”在周顯王二十二年，即據此推算而定者。朱右曾與王國維所輯《古本竹書紀年》，亦同。定無顓薨于梁惠成王十四年，即周顯王十二年，定楚伐徐州在梁惠成王二十四年，即周顯王二十二年。朱右曾論之曰：“《索隱》雲在無顓薨後十年，則楚宣王之二十三年，齊威王之十一年也。《楚世家》雲：‘威王七年齊田嬰欺楚，楚威王伐齊，敗之於徐州’，與此不合，蓋兩事也。”如此則楚有先後兩次伐徐州之役，先有楚宣王伐徐州，後有楚威王伐徐州。今本《竹書紀年》既有周顯王二十二年楚伐徐州，更據《越世家》于周顯王三十六年書“楚圍齊於徐州，遂伐於越，殺無疆”。而《古本竹書紀年》但有楚宣王伐徐州，卻無楚威王伐徐州。錢穆于《先秦諸子系年》，重加考訂《古本竹書紀年》以為朱、王所輯《古本竹書紀年》，無顓卒年與楚伐徐州之年，皆誤前一年。其實誤前尚不止一年，共誤前四年。據《紀年》，句踐卒于晉出公十年十一月，《紀年》用夏正，此于周正已是明年正月，句踐應為三十三年卒，而非三十二年卒。《紀年》稱越王翳三十六年為太子所殺，十月太子又被殺，越內亂，吳人立孚錯枝為君，于周正亦已是明年。《紀年》又稱明年定越亂，立初無餘之。因此初無餘之元年當推遲二年，據此推定無顓當卒于周顯王十六年。疑《越世家·索隱》所引《紀年》“無顓八年薨”，乃“十八年”之脫誤。如此則“無顓薨後十年楚伐徐州”，與《史記》周顯王三十六年楚威王伐徐州相合，非《紀年》別有楚宣王伐徐州之役也。
前333,333,周顯王三十六年（西元前三三三年）,15,考案,秦、齊、楚、韓、魏、周、魯、越、吳,齊威王、楚懷王,伐、攻、圍、立、滅、取、殺,又案：《越世家》載：“當楚威王時，越北伐齊，齊威王使人說越王曰：‘……楚三大夫張九軍，北圍曲沃、於中，以至無假之關者三千七百里，景翠之軍北聚魯、齊南陽，分有大此者乎？……故願大王之轉攻楚也。’於是越遂釋齊而伐楚。楚威王興兵而伐之，大敗越，殺王無彊，盡取故吳地至浙江，北破齊於徐州，而越以此散，諸族子爭立，或為王，或為君，濱於江南海上，服朝于楚。”《索隱》稱《紀年》有楚伐徐州之記載，同時無楚敗越殺無彊之語。考《越世家》所載齊使遊說楚王之語，乃楚懷王十六七年之形勢，所謂“楚三大夫張九軍，北圍曲沃、於中”。曲沃在今河南三門峽市西南，正當函谷關東北。於中在今河南西峽縣東，正當武關以東。楚發大軍圍攻曲沃、於中，目的在於解除秦從函谷關與武關向外進攻之威脅。所謂“景翠之軍北聚魯、齊南陽”，用以鞏固楚之北方防守，以備向韓魏進攻。此皆楚懷王十六七年間事。景翠乃楚懷王時之柱國，統兵作戰在楚懷王十七年至二十九年間。可見此乃楚懷王時事，與楚威王無涉也。楚之滅越，當在楚懷王時。說在周赧王九年案語中。《索隱》謂此時《紀年》“無楚敗越殺無彊之語”，蓋本無其事。
前333,333,周顯王三十六年（西元前三三三年）,16,史料,趙、魏,,圍,[趙肅侯]十七年圍魏黃，不克。築長城。（《趙世家》）
前333,333,周顯王三十六年（西元前三三三年）,17,考案,趙、代,趙武靈王,立,案：《正義》雲：“劉伯莊雲：蓋從雲中以北至代。按趙長城從蔚州北面至嵐州北，盡趙界。又疑此長城在漳水之北，趙南界。”當以後說為是。即趙武靈王所謂“我先王因世之變，以長南藩之地，屬阻漳、滏之險，立長城”。即以漳水、滏水（今滏陽河）之堤防加工接連擴建而成。從今河北武安西南，東南行，沿漳水到今磁縣西南，折而東北行，沿漳水到今肥鄉南。
前333,333,周顯王三十六年（西元前三三三年）,18,史料,秦、魏,魏惠王,,魏襄王二年（當作魏惠王后元二年）秦敗我雕陰。（《六國表》）
前333,333,周顯王三十六年（西元前三三三年）,19,史料,秦、晉,,,秦惠文王五年陰晉人犀首為大良造。（《六國表》，《秦本紀》同）
前333,333,周顯王三十六年（西元前三三三年）,20,史料,魏、晉,張儀,,犀首者，魏之陰晉人也，名衍，姓公孫氏。（《張儀犀首列傳》）
前333,333,周顯王三十六年（西元前三三三年）,21,考案,秦、趙、魏、周,蘇秦、秦惠王,攻、取,案：《周季編略》於是年雲：“秦以公孫衍為大良造，賞取雕陰之功也。”此說殊非。《蘇秦列傳》稱：“秦惠王使犀首攻魏，禽將龍賈，取魏之雕陰。”事在此後三年，黃氏誤與此年，秦敗魏雕陰為一事，因謂公孫衍為大良造，由於取雕陰之功。犀首為公孫衍之稱號，《孟子·滕文公下》趙岐注、《呂氏春秋·開春論》高誘注、《秦策二》高誘注皆雲：“公孫衍號為犀首”，是也。
前333,333,周顯王三十六年（西元前三三三年）,22,史料,韓,,卒、立,[韓昭侯]二十六年(當作二十九年)高門成，昭侯卒，果不出此門，子宣惠王立。（《韓世家》，《六國表》同）
前333,333,周顯王三十六年（西元前三三三年）,23,史料,韓、鄭,,立,鄭昭侯武薨，次威侯立。（《韓世家·索隱》引《紀年》）
前333,333,周顯王三十六年（西元前三三三年）,24,考案,秦、韓、魏、鄭,蘇秦,圍、卒、立、會,案：《韓世家·索隱》雲：“《紀年》：“鄭昭侯武薨，次威侯立，威侯七年與邯鄲圍襄陵，五月梁惠王會威侯于巫沙，十月鄭宣王朝梁，不見威侯之卒，下敗韓舉在威侯八年，而此《韓世家》即以為宣惠王之年。”郝懿行、陳逢衡、洪頤煊、雷學淇、錢穆，校《紀年》俱以威侯即宣王，甚是。《索隱》謂于《紀年》同年見威侯、宣王而不見威侯之卒，其為一人顯然。韓舉之敗，《紀年》在威侯八年而《韓世家》在宣王八年，《蘇秦列傳·索隱》引《世本》雲：“韓宣王，昭侯之子也。”此並足證威侯宣王之即一人。《秦本紀》：“惠文王十三年四月戊午魏君為王，韓亦為王。”是年即韓宣王八年，錢穆《先秦諸子系年》以《索隱》引《紀年》“五月”上應脫“八年”二字，至是。蓋韓、魏於是年五月會巫沙相王，故《紀年》於五月書威侯而於十月即書鄭宣王也。
前333,333,周顯王三十六年（西元前三三三年）,25,史料,燕,,卒、立,[燕文公]二十九年文公卒，太子立，是為易王。（《燕世家》）
前332,332,周顯王三十七年（西元前三三二年）,1,史料,秦、齊、楚、燕、韓、趙、魏,齊威王、魏惠王,,秦惠文王六年，魏惠王后元三年，韓宣惠王元年，趙肅侯十八年，齊威王二十五年，楚威王八年，燕易王元年。
前332,332,周顯王三十七年（西元前三三二年）,2,史料,秦、魏、晉,,,[秦惠文君]六年魏納陰晉，陰晉更名甯秦。（《秦本紀》）
前332,332,周顯王三十七年（西元前三三二年）,3,史料,秦、魏、晉,,,秦惠文王六年魏以陰晉為和，命曰甯秦。（《六國表》）
前332,332,周顯王三十七年（西元前三三二年）,4,考案,秦、魏、晉,秦惠王,,案：《漢書·地理志》雲：“華陰縣，故陰晉，秦惠王五年更名甯秦，高祖八年更名華陰。”《水經·渭水注》同。《元和郡縣圖志》雲：“華陰縣本魏之陰晉邑，秦惠文王時，魏人犀首納之于秦，秦改曰甯秦。”此說有誤。上年陰晉人犀首為秦大良造，敗魏于雕陰，魏因犀首為陰晉人，納陰晉于秦為和。
前332,332,周顯王三十七年（西元前三三二年）,5,史料,齊、趙、魏,齊威王、齊宣王,伐,[齊宣王]十一年(當作齊威王二十五年)與魏伐趙，趙決河水灌齊、魏，兵罷。（《田世家》，《六國表》作“與魏伐趙”）
前332,332,周顯王三十七年（西元前三三二年）,6,史料,趙、魏,魏惠王,伐,魏襄王三年（當作魏惠王后元三年）伐趙。（《六國表》）
前332,332,周顯王三十七年（西元前三三二年）,7,史料,齊、趙、魏,,伐,[趙肅侯]十八年齊魏伐我，我決河水灌之，兵去。（《趙世家》，《六國表》作“齊、魏伐我，我決河水浸之”）
前332,332,周顯王三十七年（西元前三三二年）,8,考案,齊、趙、魏、周,魏惠王,伐、攻、圍、徙都、遷,案：薛瓚注《漢書·地理志》于河南中牟下引《汲郡古文》曰：“齊師伐趙東鄙，圍中牟。”見於《水經·渠水注》、《趙世家·集解》及《左傳》定公九年《正義》所引。洪頤煊《校正竹書紀年》定在周顯王三十一年。陳逢衡《竹書紀年集證》謂“大約在顯王末年”。雷學淇《考訂竹書紀年》又定在魏惠王后元四年。皆不可信據。今案，此時齊魏攻趙，趙決河水灌之，齊魏即退兵。中牟在今河南鶴壁市西，在黃河以北，距黃河較遠，中牟為趙之故都，當魏惠王遷都大樑時，趙已以此邑與魏交換繁陽、浮水一帶，從此中牟為魏邑。因此齊師伐趙圍中牟，必在魏徙都大樑以前，不在此時。
前331,331,周顯王三十八年（西元前三三一年）,1,史料,秦、齊、楚、燕、韓、趙、魏,齊威王、魏惠王,,秦惠文王七年，魏惠王后元四年，韓宣惠王二年，趙肅侯十九年，齊威王二十六年，楚威王九年，燕易王二年。
前331,331,周顯王三十八年（西元前三三一年）,2,史料,秦,,,秦惠文王七年義渠內亂，庶長操將兵定之。（《六國表》）
前331,331,周顯王三十八年（西元前三三一年）,3,史料,秦,秦惠王,,義渠國亂，秦惠王遣庶長操將兵定之，義渠遂臣于秦。（《後漢書·西羌傳》）
前331,331,周顯王三十八年（西元前三三一年）,4,史料,秦、魏,蘇秦,攻、取,[秦惠文君]七年公子卬與魏戰，虜其將龍賈，斬首八萬。（《秦本紀》，“公子卬”當作“公孫衍”）[秦]惠王使犀首攻魏，禽將龍賈，取魏之雕陰，且欲東兵。（《蘇秦列傳》）
前331,331,周顯王三十八年（西元前三三一年）,5,考案,秦,,會,案：《秦本紀》“公子卬”，《史記會注考證》以為“當公孫衍之論”，甚是。是役犀首即公孫衍為主將，延續至下年，詳下年案語。
前330,330,周顯王三十九年（西元前三三〇年）,1,史料,秦、齊、楚、燕、韓、趙、魏,齊威王、魏惠王,,秦惠文王八年，魏惠王后元五年，韓宣惠王三年，趙肅侯二十年，齊威王二十七年，楚威王十年，燕易王三年。
前330,330,周顯王三十九年（西元前三三〇年）,2,史料,秦、韓,秦惠王,伐、取,樗裡子者，名疾，秦惠王之弟也，與惠王異母。母，韓女也。樗裡子滑稽多智，秦人號曰智囊。秦惠王八年，爵樗裡子右更，使將而伐曲沃，盡出其人，取其城，地入秦。（《樗裡子列傳》）
前330,330,周顯王三十九年（西元前三三〇年）,3,史料,秦、魏,,,[秦惠文君]八年，魏納河西地。（《秦本紀》，《六國表》作“魏入少梁河西地于秦”。）
前330,330,周顯王三十九年（西元前三三〇年）,4,史料,秦、魏,魏惠王,圍,[魏襄王]五年（當作魏惠王后元五年）秦敗我龍賈軍四萬五千于雕陰，圍焦、曲沃。予秦河西地。（《魏世家》，《六國表》作“與秦河西、少梁，秦圍我焦、曲沃”）
前330,330,周顯王三十九年（西元前三三〇年）,5,考案,秦、燕、趙、魏、晉、衛、代,蘇秦,攻、圍、取、殺,案：龍賈為魏西邊防秦之主將。《紀年》謂梁惠王十二年龍賈率師築長城於西邊，十五年龍賈又築陽池以備秦，是年秦分南北兩路向魏進攻，南路以樗裡疾為主將，出函谷關進圍曲沃與焦，焦在今河南三門峽市西，曲沃在焦之西南。北路以公孫衍為主將，大舉進攻魏上郡之雕陰，在今陝西甘泉南。結果焦與曲沃為秦所攻取，魏之主將龍賈在雕陰大敗，《秦本紀》謂“虜其將龍賈，斬首八萬”。《蘇秦列傳》謂：“犀首攻魏，禽將龍賈，取魏之雕陰。”《魏世家》亦謂“秦敗我龍賈軍四萬五千于雕陰”。此一戰役，龍賈所統率之魏西邊防秦之主力軍覆沒，龍賈亦被擒，從此魏之河西、上郡失去防衛之兵力，因而河西、上郡不能不陸續拱手而獻秦。此為三晉首次在抗秦戰鬥中之大失敗。《燕策二》第一章記蘇代之言曰：“龍賈之戰，岸門之戰，封陸之戰（“封陸”當為“封陵”之誤），高商之戰，趙莊之戰，秦之所殺三晉之民數百萬。今其生者，皆死秦之孤也。西河之外，上雒之地，三川，晉國之禍，三晉之半。秦禍如此其大。”(《蘇秦列傳》所載相同)
前330,330,周顯王三十九年（西元前三三〇年）,6,考案,秦、魏,秦孝公,取,又案：《秦本紀》載虜龍賈于上年，魏納河西在此年。《魏世家》皆記在此年，蓋龍賈之戰持續兩年。《秦本紀》、《魏世家》俱言魏予秦河西地，而《六國表》于秦、魏兩表俱言予少梁河西。梁玉繩《史記志疑》雲：“蓋孝公取河西地之時，尚有未得者，至是乃盡有之耳。而並不言少梁（按指《秦本紀》、《魏世家》），前二十五年秦孝公已取少梁矣，何待是時乎？秦、魏兩表均誤增，當衍少梁二字。”其說不確。秦孝公時，秦僅一度佔有少梁，不久仍為魏有，是時魏以少梁連同整個河西予秦。少梁當為河西郡治所在，為河西首要之邑。故特為述及。此後二年，秦乃更名少梁曰夏陽。若少梁早為秦長期佔有，何待此時更名？
前330,330,周顯王三十九年（西元前三三〇年）,7,史料,韓、鄭,,伐,梁惠成王[後元]五年，公子景賈率師伐鄭，韓明戰于陽，我師敗逋澤北。（《水經·濟水注》引《紀年》，“後元”二字原脫，從範祥雍《古本竹書紀年輯校訂補》補正）
前330,330,周顯王三十九年（西元前三三〇年）,8,考案,韓,,伐,案：雷學淇《竹書紀年義證》雲：“韓明疑即韓朋，字相似，故誤。朋乃韓之公族，氏公仲，名朋，相宣王者也。”范祥雍《古本竹書紀年輯校訂補》雲：“按韓朋見於《戰國策》及《史記·韓世家》，在韓宣惠王、襄王之時。《濟水注》又引‘今王七年韓明率師伐襄邱’，當韓宣惠王之二十一年，與《史記》、《戰國策》相合，距此五十四年，《韓世家》韓襄王十二年公仲尚在，則距此又六十六年，恐無此長壽。疑此惠王五年或是後元五年之誤。”此說可從。今移至惠王后元五年。《戰國策》中之韓朋、公仲朋，“朋”或作“倗”、“傰”，或音轉作“馮”，或誤作“侈”，亦常誤作“明”。見《韓策一》第十六章、第十七章。
前330,330,周顯王三十九年（西元前三三〇年）,9,考案,齊、韓、趙、魏、衛、鄭,,,又案：“戰于陽”，楊守敬《水經注疏》引《箋》曰：“謝雲：陽一作韓。”今本《紀年》作“韓”。徐文靖《竹書紀年統箋》謂：戰于陽，當是濮陽，“蓋濮陽本衛地，至是屬之韓也。”楊守敬謂：“酈氏所見《竹書》必是濮陽，故引證於此，若是韓字，非其引書之旨。”今案：徐、楊二氏之說殊非。濮陽介於趙、魏、齊三國之間，不能為韓所有。陽當即中陽，正當圃田澤之西。即《紀年》“梁惠成王十七年鄭麓侯來朝中陽”(《水經·渠水注》引)之中陽。《紀年》雲：“我師敗逋澤北”，蓋魏師由中陽敗退至圃田澤北也。
前330,330,周顯王三十九年（西元前三三〇年）,10,史料,周,,伐、圍,[梁惠成王后元]五年田公子居思伐邯鄲，圍平邑。(《水經·河水注》引《紀年》，“梁惠成王后元”六字原脫，已說在周顯王十四年案語中)
前330,330,周顯王三十九年（西元前三三〇年）,11,考案,齊、趙,齊威王,伐、攻、圍,案：田公子居思，即田居子，齊威王時為西河守，是年伐趙圍平邑，未能攻克。
前330,330,周顯王三十九年（西元前三三〇年）,12,史料,衛,,,[衛]嗣君五年更貶號曰君，獨有濮陽。（《衛世家》）
前329,329,周顯王四十年（西元前三二九年）,1,史料,秦、齊、楚、燕、韓、趙、魏,齊威王、魏惠王,,秦惠文王九年，魏惠王后元六年，韓宣惠王四年，趙肅侯二十一年，齊威王二十八年，楚威王十一年，燕易王四年。
前329,329,周顯王四十年（西元前三二九年）,2,史料,秦、魏,,圍、取、會,[秦惠文王]九年，渡河，取汾陰、皮氏。與魏王會應。圍焦，降之。（《秦本紀》，《六國表》同）
前329,329,周顯王四十年（西元前三二九年）,3,史料,秦、楚、魏,魏惠王,伐、取、會,[魏襄王]六年(當作魏惠王后元六年)與秦會應。秦取我汾陰、皮氏、焦。魏伐楚，敗之陘山。(《魏世家》，《六國表》作“與秦會應。秦取汾陰、皮氏”)
前329,329,周顯王四十年（西元前三二九年）,4,考案,秦、魏、周,,攻、圍、取,案：《秦本紀》謂是年“圍焦，降之”。《六國表》同。《魏世家》謂上年秦圍焦，是年秦取焦。黃式三《周季編略》據此雲：“魏獻焦于秦，焦不服，秦圍焦而降之。”不合《史記》原意。梁玉繩《史記志疑》雲：“秦兼降曲沃，故後三年歸魏焦、曲沃。”據《樗裡子列傳》，曲沃乃秦所攻克，“盡出其人，取其城”，非圍而降之。
前329,329,周顯王四十年（西元前三二九年）,5,史料,楚、魏,,伐、卒、立、取,[楚威王]十一年威王卒，子懷王熊槐立。魏聞楚喪，伐楚，取我陘山。（《楚世家》，《六國表》作“魏敗我陘山”。）
前329,329,周顯王四十年（西元前三二九年）,6,史料,秦、楚、魏,,攻、賂,楚魏戰於陘山，魏許秦以上洛，以絕秦于楚。魏戰勝，楚敗于南陽，秦責賂于魏，魏不與。管淺謂秦王曰（“管”原作“營”，姚注“營或作管”)：“王何不謂楚王曰：魏許寡人以地，今戰勝，魏王倍寡人也。王何不與寡人遇？魏畏秦、楚之合，必與秦地矣。是魏勝楚而亡地于秦也；是王以魏地德寡人，秦之楚者多資矣。魏弱，若不出地，則王攻其南，寡人絕其西（鮑本“絕”作“攻”），魏必危。”秦王曰：“善。”以是告楚，楚王揚言與秦遇，魏王聞之恐，效上洛于秦。（《秦策四》第五章）
前329,329,周顯王四十年（西元前三二九年）,7,史料,秦、楚、魏,張儀,攻、卒、取,楚攻魏，張儀謂秦王曰：“不如與魏以勁之。魏戰勝，複德于秦（“德”原作“聽”，姚注：“錢、劉作德”，金正煒曰：“作德為是”），必入西河以外；不勝，魏不能守，王必取之。”王用儀言，取皮氏卒萬人、車百乘以與魏。犀首戰勝威王，魏兵罷弊，恐。畏秦，果獻西河之外。（《秦策一》第十章）
前329,329,周顯王四十年（西元前三二九年）,8,考案,秦、楚、魏、吳,,伐、取,案：吳師道以為此楚威王十一年事。“十一年魏敗我陘山，因喪來伐。是歲秦取魏皮氏，明年入上郡于秦，而西河濱洛之地盡，皆楚威死後也。陘山前一年，魏入少梁、河西地于秦，豈是時楚、魏已構兵乎？”
前329,329,周顯王四十年（西元前三二九年）,9,史料,秦、楚、韓、魏,張儀,攻、卒、取,楚威王攻梁，張儀謂秦王曰：“與楚攻梁，魏折而入于楚，韓固其與國也，是秦孤也，故不如出兵以勁魏。”（《韓世家》襄王十二年下“勁魏”作“到之”，“到”乃“勁”之誤）於是攻皮氏（“攻皮氏”當作“取皮氏卒萬人、車百乘以與魏”），魏氏勁，威王怒（《韓世家》無以上三句），楚與魏大戰，秦取西河之外以歸。（《韓策二》第二章公孫昧謂公仲，《韓世家》襄王十二年大體相同）
前329,329,周顯王四十年（西元前三二九年）,10,考案,秦、楚、魏,張儀,伐、卒、取,案：以上兩則所敘為一事，是年秦渡河取得汾陰皮氏，旋又以皮氏卒萬人、車百乘以與魏，助魏伐楚，敗之陘山，秦因而迫使魏獻西河，於是西河之外全為秦有。是年張儀入秦遊說秦王。
前329,329,周顯王四十年（西元前三二九年）,11,史料,秦、魏、周,張儀、秦惠王,,張儀，魏氏餘子也，將西游秦，過東周。客有語之于昭文君者曰：“魏氏人張儀，材士也，將西游于秦，願君之禮貌之也。”昭文君見而謂之曰：“聞客至秦，寡人之國小，不足以留客，雖遊，然豈必遇哉！客或不遇，請為寡人而一歸也。國雖小，請與客共之。”張儀還走，北面再拜。張儀行，昭文君送而資之。至於秦，留有間，惠王說而相之。張儀所德於天下者無若昭文君。周千乘也，重過萬乘也，令秦惠王師之。（《呂氏春秋·報更》）
前329,329,周顯王四十年（西元前三二九年）,12,考案,秦、齊、楚、韓、趙、魏、晉、越、鄭、蔡,蘇秦、張儀、白起、范雎、秦惠王、齊湣王,攻、救、取,案：《蘇秦列傳》雲：“蘇秦恐秦兵之至趙也，乃激怒張儀，入之于秦。”《張儀列傳》雲：“張儀……始嘗與蘇秦俱事鬼穀子……遊說諸侯，嘗從楚相飲，已而楚相亡璧，門下意張儀……掠笞數百……蘇秦已說趙王……張儀於是之趙。上謁求見蘇秦，蘇秦……數讓之……乃遂入秦。……張儀遂得以見秦惠王……張儀既相秦，為文檄告楚相。”其事與《呂覽》絕異。錢穆《張儀初入秦考》雲：“張儀初入秦，據《史記·蘇秦列傳》乃在秦取魏雕陰之後。……是時陰晉人犀首在秦為大良造，越兩年，惠文王十年儀即為秦相。儀之入秦而奪犀首之位，其事略有似于後之蔡澤與範雎矣。而史公記儀事，其初楚相意其盜璧，執儀掠笞，其後儀相秦，為文徽告楚相云云，其事亦酷肖範雎之與魏齊也。惟其事不見於《國策》……而《呂覽·報更》……其事與《史記》異，然則呂氏賓客尚不知有蘇秦激張儀入秦之說也。”（《先秦諸子系年》第三四一頁）余考蘇秦在齊湣王世，《史記》蘇秦激怒張儀說固妄。考范雎入秦，嘗變名張祿，古書雜記張儀、張祿事每或訛傳，《荀子·臣道》篇雲：“齊之蘇秦，楚之州侯，秦之張儀，可謂態臣也。楊注：“儀或作祿”，《荀子》“張儀”實即“張祿”字誤，一則張儀仕秦，非齊蘇秦、楚州侯等態臣之比。二則蘇秦在齊湣世，州侯在楚頃襄世，若《荀子》固作張儀，不應次於州侯之後。三則荀子謂“用態臣者亡”，蘇秦相齊湣，齊湣固以此國破身死。州侯佐楚頃襄，楚亦即失郢，張祿相秦，攻趙邯鄲，魏、楚救之，秦將鄭安平降趙，河東守王稽軍吏反，汝南地又失，秦勢大挫，國家大危。王稽坐法誅，張祿亦負重罪。若《荀子》固作張儀，僅為秦得魏河西，又合魏、韓以敗齊、楚，勢傾天下，豈蘇秦相齊湣，州侯佐楚頃襄之比。知《荀子》張儀固當從或本作張祿矣。《秦策一》寒泉子曰：“夫攻城墮邑，請使武安子，善我國家，使諸侯，請使客卿張儀。”張儀不與白起同時，蓋“張儀”亦“張祿”字誤。古書張祿或誤作張儀。今《史記》中張儀事酷肖範雎者，蓋亦以此而誤傳也。自以《呂覽》之說較為得實。《蘇秦列傳》稱張儀入秦在雕陰之役以後，考《秦策一》秦惠用儀言助魏攻楚，於是犀首勝楚，而魏獻秦西河之外，張儀之入秦，犀首之去秦入魏為將，當在是年。
前329,329,周顯王四十年（西元前三二九年）,13,考案,秦、韓、魏、周,張儀,立、會,又案：《呂氏春秋·報更》所述張儀過東周入秦之事，當可信據。但《報更》因此謂“逢澤之會，魏王嘗為禦，韓王為右，名號至今不忘，此張儀之力也”，當是張儀為秦相而擁立秦惠文君為王之誤。《張儀列傳》稱：“儀相秦四歲，立惠王為王。”
前329,329,周顯王四十年（西元前三二九年）,14,史料,齊、宋,,攻、立、奔,剔成四十一年(當作二十八年或較少之年)。剔成弟偃攻襲剔成，剔成敗奔齊，偃自立為宋君。(《宋世家》)
前329,329,周顯王四十年（西元前三二九年）,15,考案,周、宋,,攻、立,案：剔成即司城子罕，廢其君桓公而自立在周顯王十四年或稍後。《六國表》記宋君偃元年在周顯王四十一年，則偃攻襲其兄而自立，當在剔成二十八年或稍後。##### 【附編】
前329,329,周顯王四十年（西元前三二九年）,16,史料,周,,,杜赫以安天下說周昭文君。昭文君謂杜赫曰：“願學所以安周。”杜赫對曰：“臣之所言者不可，則不能安周矣，臣之所言者可，則周自安矣。”此所謂以弗安而安者也。（《呂氏春秋·務大》，《淮南子·道應訓》同。又《呂氏春秋·諭大》亦曰：“杜赫說周昭文君以安天下。”）
前329,329,周顯王四十年（西元前三二九年）,17,考案,秦、齊、楚、魏、周,,伐、奔,案：高誘注：“杜赫，周人，杜伯之後。”杜赫嘗奔走遊說于東周、齊、楚之間。周顯王二十八九年間，田忌亡齊而之楚，鄒忌恐田忌欲以楚權而複于齊，杜赫為之請楚王封田忌於江南。見《齊策一》第十章。周慎靚王三年五國伐秦，魏欲和，杜赫為之說楚將昭陽，因令人謁和于魏。見《楚策三》第七章。杜赫以安天下說周昭文君，其時亦相近。
前329,329,周顯王四十年（西元前三二九年）,18,史料,周,,,杜赫欲重景翠于周，謂周君曰：“君之國小，盡君之重寶珠玉以事諸侯，不可不察也。……今君將施于大人，大人輕君；施於小人，小人無可以求，又費財焉。君必施於今之窮士不必且為大人者，故能得欲矣。”(《東周策》第二十三章)
前329,329,周顯王四十年（西元前三二九年）,19,考案,楚、韓、周,,圍,案：杜赫所說之周君即昭文君。杜赫欲重楚之景翠于周，謂“必施於今之窮士不必且為大人者”，當是景翠尚未為大將之時。當周赧王三年楚使景翠圍韓雍氏，景翠已為楚之大將。杜赫說東周昭文君重視景翠，當遠在其為大將之前。
前329,329,周顯王四十年（西元前三二九年）,20,史料,周,,,周相呂倉見客于周君，前相工師藉（籍）恐客之傷己也，因令人謂周君曰：“客者辯士也，然而所以不可者，好毀人。”（《東周策》第十章）
前329,329,周顯王四十年（西元前三二九年）,21,史料,齊、周、宋,,,周文君免工師藉，相呂倉，國人不說也。君有閔閔之心。謂周文君曰：“國必有誹譽。忠臣令誹在己，譽在上。宋君奪民時以為台，而民非之，無忠臣以掩蓋之也。子罕釋相為司空，民非子罕而善其君。齊桓公宮中九市（“九”原作“七”，從《太平御覽》八二七引改正），女閭七百，國人非之，管仲故為三歸之家，以掩桓公之非也。《春秋》記臣弑君者以百數，皆大臣見譽者也。故大臣得譽，非國家之美也。故眾庶成強，增積為山。”周君遂不免。（《東周策》第十一章）
前329,329,周顯王四十年（西元前三二九年）,22,史料,楚、韓、魏、周,,,韓求相工陳籍而周不聽，魏求相綦母恢而周不聽，何以也？周曰：“是列縣畜我也。”（《楚策一》第十九章，有人謂昭過）
前329,329,周顯王四十年（西元前三二九年）,23,考案,韓、周,,,案：周文君即周昭文君，工陳籍即工師籍。“陳”“師”形似而論。韓求相工師籍而周不聽，亦當在此時。
前329,329,周顯王四十年（西元前三二九年）,24,史料,楚,,卒、取,鐸椒為楚威王傅，為王不能盡觀《春秋》，採取成敗，卒四十章，為《鐸氏微》。（《十二諸侯年表·序》）
前329,329,周顯王四十年（西元前三二九年）,25,史料,,,,荊威王學書于沈尹華，昭釐惡之，威王好制，有中謝佐制者為昭釐謂威王曰：“國人皆曰王乃沈尹華之弟子也。”王不說，因疏沈尹華。（《呂氏春秋·去宥》）
前329,329,周顯王四十年（西元前三二九年）,26,史料,楚,,立,威王問于莫敖子華曰：“自從先君文王，以至不穀之身，亦有不為爵勸，不為祿勉，以憂社稷者乎？”莫敖子華對曰：“如章不足以知之矣。”(“章”原作“華”，姚注：“孫本華作章。”從金正煒據後文“章聞之”改正)王曰：“不于大夫，無所聞之。”莫敖子華對曰：“君王將何問者也？彼有廉其爵，貧其身，以憂社稷者；有崇其爵，豐其祿，以憂社稷者；有斷膽決腹，壹瞑而萬世不視，不知所益，以憂社稷者；有勞其身，愁其志，以憂社稷者；亦有不為爵勸，不為祿勉，以憂社稷者。”……王乃大息曰：“此古之人也，今之人焉能有之耶？”莫敖子華對曰：“昔者先君靈王好小要（“要”同“腰”），楚士約食，馮而能立，式而能起，食之可欲，忍而不入，死之可惡，就而不避。章聞之，其君好發者，其臣抉拾。君王直不好賢耳，若君王誠好賢，此五臣者，皆可得而致之。”(《楚策一》第二十章)
前328,328,周顯王四十一年（西元前三二八年）,1,史料,秦、齊、楚、燕、韓、趙、魏,齊威王、魏惠王、楚懷王,,秦惠文王十年，魏惠王后元七年，韓宣惠王五年，趙肅侯二十二年，齊威王二十九年，楚懷王元年，燕易王五年。
前328,328,周顯王四十一年（西元前三二八年）,2,史料,秦、楚、韓、趙、魏、代,張儀、秦惠王,,[秦惠文王]十年張儀相秦。魏納上郡十五縣。（《秦本紀》，《楚世家》作懷王元年“張儀始相秦惠王”，《趙世家》作肅侯二十二年“張儀相秦”。《韓世家》作宣惠王五年“張儀相秦”，年代皆相同）
前328,328,周顯王四十一年（西元前三二八年）,3,史料,秦、魏,張儀,圍,秦惠文王十年張儀相。公子桑圍蒲陽，降之。魏納上郡。（《六國表》）
前328,328,周顯王四十一年（西元前三二八年）,4,考案,秦、韓、魏、周,蘇秦、張儀,,案：《商周金文錄遺》第五八四號著錄相邦義戈銘文：“十三年相邦義之造，咸陽工師田、工大人耆，工頹。”十三年當為秦惠文王十三年，義即張儀。可知十年張儀為相，官名為相邦。《戰國縱橫家書》第二十三章蘇秦謂陳軫，述及“魏王謂韓儷、張義”，張儀亦作張義，可知“儀”亦可作“義”。
前328,328,周顯王四十一年（西元前三二八年）,5,史料,秦、魏,魏惠王,,[魏襄王]七年（當作魏惠王后元七年）魏盡入上郡于秦。秦降我蒲陽。（《魏世家》，《六國表》作“入上郡于秦”）
前328,328,周顯王四十一年（西元前三二八年）,6,史料,秦、魏,張儀、秦惠王,圍,秦惠王十年，使公子華與張儀圍蒲陽，降之。儀因言秦複與魏，而使公子繇質于魏。儀因說魏王曰：“秦王之遇魏甚厚，魏不可以無禮。”魏因入上郡少梁，謝秦惠王。惠王乃以張儀為相，更名少梁曰夏陽。（《張儀列傳》）
前328,328,周顯王四十一年（西元前三二八年）,7,考案,秦,張儀,滅,案：公子華，《六國表》作公子桑，《張儀列傳》與《集解》引徐廣曰“一作革”。馬非百《秦集史·人物傳》二之三，謂“公子繇者，惠文王子也，一名通，又曰通國，司馬錯既定蜀，更貶蜀王號為侯，王乃封繇為蜀侯”，其說非是。《六國表》惠文王后元十二年“公子繇通封蜀”，《索隱》：“秦之公子”，不確。公子繇通乃已滅之蜀王子弟，非秦之公子，公子繇通與公子繇非一人。
前328,328,周顯王四十一年（西元前三二八年）,8,史料,秦、趙,,取、殺,[趙肅侯]二十二年趙疵與秦戰，敗，秦殺疵河西，取我藺、離石。（《趙世家》）
前328,328,周顯王四十一年（西元前三二八年）,9,考案,秦、趙,,取,案：梁玉繩據《秦本紀》、《六國表》下文，皆言秦取藺在秦惠文王更元十二年，因謂此時未取藺。此說不確。離石在今山西離石縣，藺即在離石之西，此時秦既取得離石，亦可取得藺。蓋趙此後一度恢復藺，後又為秦取也。
前328,328,周顯王四十一年（西元前三二八年）,10,史料,齊、趙、中山,趙武靈王,圍,先時中山負齊之強兵，侵掠吾地（《趙世家》“掠”作“暴”），系累吾民，引水圍鄗，非社稷之神靈（《趙世家》“非”作“微”），即鄗幾不守（《趙世家》“即”作“則”，“幾”下有“於”字），先王忿之（《趙世家》“忿”作“醜”），其怨未能報也。（《趙策二》第四章趙武靈王語，《趙世家》武靈王十九年同）
前328,328,周顯王四十一年（西元前三二八年）,11,史料,燕、趙、中山,,救,趙肅侯救燕，與中山公戰于房子。（《竹書紀年》作魴子。《太平寰宇記》六○趙州高邑縣，“肅”上原衍“敬”字，“與”上原衍“燕”字，“房”下原脫“子”字，今改正）
前328,328,周顯王四十一年（西元前三二八年）,12,考案,燕、趙、中山,,救,案：《太平寰宇記》雲：“《史記》雲：趙敬肅侯救燕，燕與中山公戰于房。惠文王四年城之，是也。《竹書紀年》作魴子。”考《趙世家》所載敬侯十年與中山戰于房子，與救燕無關。《太平寰宇記》“肅侯”上之“敬”字當為衍文，“與”上重“燕”字亦為衍文，“房”下脫“子”字。
前328,328,周顯王四十一年（西元前三二八年）,13,史料,秦、齊、燕、趙、中山,蘇秦,殺,昔者中山悉起而迎燕、趙，南戰于長子（當作“房子”），敗趙氏；北戰于中山，克燕軍，殺其將。（《齊策五》第一章蘇秦說齊閔王）
前328,328,周顯王四十一年（西元前三二八年）,14,考案,秦、齊、燕、趙、越、中山,蘇秦、趙武靈王,攻、圍、救,案：趙武靈王三年“城鄗”。鄗在今河北高邑東。武靈王所述中山引水圍攻鄗，鄗幾不守之事，當在趙肅侯晚年。武靈王於三年城鄗，即修補因中山引水圍攻而破壞之城堡。《齊策五》蘇秦說齊閔王，述及中山與燕、趙交戰，南戰于長子。長子當為房子之誤。王先謙《鮮虞中山國事表》雲：“案長子趙地，漢縣，屬上黨郡，今山西潞安府長子縣西南有長子城，中山與趙不應遠越至此。疑莫能明，或以為房子之訛也。”後說是也。房子即在鄗西。蘇秦所說中山與燕、趙交戰，南戰于房子，敗趙氏，與《紀年》所述趙肅侯救燕而與中山戰于房子，當為一事。武靈王所說中山“引水圍部”，亦當為一時事。
前328,328,周顯王四十一年（西元前三二八年）,15,史料,秦、楚,張儀,,張儀又惡陳軫于秦王曰：“軫馳楚、秦之間，今楚不加善秦而善軫，然則是軫自為而不為國也。且軫欲去秦而之楚，王何不聽乎？”王謂陳軫曰：“吾聞子欲去秦而之楚，信乎？”陳軫曰：“然。”王曰：“儀之言果信也。”曰：“非獨儀知之也，行道之人皆知之。孝己愛其親，天下欲以為子，子胥忠其君，天下欲以為臣，賣僕妾售乎閭巷者，良僕妾也；出婦嫁鄉曲者，良婦也；吾不忠於君，楚亦何以軫為臣乎？（“臣”原誤作“忠”，從錢大昕改正）忠且見棄，吾不之楚何適乎？”秦王曰“善”。乃必之也（“必”讀作“畢”，鮑本作“止”）。（《秦策一》第十二章）
前328,328,周顯王四十一年（西元前三二八年）,16,史料,秦、楚,張儀、秦惠王,奔,陳軫者遊說之士，與張儀俱事秦惠王，皆貴重爭寵。張儀惡陳軫于秦王曰：（此句下，與上所引《秦策一》第十二章大體略同，從略）王以其言為然，遂善待之。居秦期年，秦惠王終相張儀，而陳軫奔楚。（《張儀列傳》附《陳軫傳》）
前327,327,周顯王四十二年（西元前三二七年）,1,史料,秦、齊、楚、燕、韓、趙、魏,齊威王、魏惠王、楚懷王,,秦惠文王十一年，魏惠王后元八年，韓宣惠王六年，趙肅侯二十三年，齊威王三十年，楚懷王二年，燕易王六年。
前327,327,周顯王四十二年（西元前三二七年）,2,史料,秦、魏,,,[秦惠文王]十一年，縣義渠。歸魏焦、曲沃。義渠君為臣，更名少梁曰夏陽。（《秦本紀》，《六國表》作“義渠君為臣，歸魏焦、曲沃”）
前327,327,周顯王四十二年（西元前三二七年）,3,史料,秦、魏,魏惠王,,[魏襄王]八年（當作魏惠王后元八年）秦歸我焦、曲沃。（《魏世家》，《六國表》同）
前327,327,周顯王四十二年（西元前三二七年）,4,考案,秦、齊、韓、魏,張儀,伐、攻、連橫、稱王、取、拔、會,案：梁玉繩《史記志疑》雲：“前二年攻取汾陰、皮氏、焦、曲沃四邑。今歸魏焦、曲沃，是秦只取汾陰、皮氏兩縣也。但此紀昭王十七年書秦以垣易蒲阪皮氏，《年表》、《魏世家》、《樗裡子甘茂列傳》並言昭王初年秦攻皮氏，未拔去……余疑秦歸焦、曲沃之時，並皮氏亦歸之。”其說是也。《資治通鑒》胡注雲：“既取而複歸之，秦之于魏，若玩弄嬰兒于掌股之上耳。”蓋張儀“欲以秦、韓與魏之勢伐齊、荊”之連橫策略，達到對外兼併之目的，又欲於下年召開秦惠稱王並與韓、魏相王之會，以此拉攏魏、韓之君。
前327,327,周顯王四十二年（西元前三二七年）,5,考案,秦,秦惠王,立、取,又案：殿本《史記考證》引杭世駿雲：“此時義渠不得為縣。《犀首列傳》雲：義渠起兵襲秦，大敗秦李伯之下。若義渠已為縣，秦必更置令長，何至十年之後反為所敗。”顧頡剛《秦與西戎》駁之雲：“此說殊非。義渠國土廣大，惠文初年稍蠶食，立其所得之地為縣，並不妨害義渠國之存在。”(《史林雜識》第六○頁)今按：既雲：“縣義渠”，又雲“義渠君為臣”，似乎義渠國已為秦之縣，其實不然。《資治通鑒》亦作“秦縣義渠，以其君為臣”。胡注雲：“義渠，西戎國名，秦取之以為縣。班《志》，義管道屬北地郡，《括地志》甯、慶、原三州，秦之北地郡也。”似乎整個北地郡已成為秦之縣，其說不確。四年前，義渠內亂，秦派兵平定之，義渠君因而稱臣于秦，即《後漢書·西羌傳》所雲：“義渠國亂，秦惠王遣庶長操將兵定之，義渠遂臣于秦。”
前326,326,周顯王四十三年（西元前三二六年）,1,史料,秦、齊、楚、燕、韓、趙、魏,齊威王、魏惠王、楚懷王,,秦惠文王十二年，魏惠王后元九年，韓宣惠王七年，趙肅侯二十四年，齊威王三十一年，楚懷王三年，燕易王七年。
前326,326,周顯王四十三年（西元前三二六年）,2,史料,秦,,會,秦惠文王十二年，初臘，會龍門。（《六國表》，《秦本紀》作“初臘”）
前326,326,周顯王四十三年（西元前三二六年）,3,考案,秦、齊、魏,子貢,取、會,案：《禮記·月令》孟冬“臘先祖五祀，勞農以休息”。《禮記·郊特牲》謂蠟祭“祭百種，以報嗇也”。“息田夫也”。臘祭乃酬謝有關收穫之神，具有慶祝豐收與慰勞農民之意義，是日舉行酒會，男女齊集，展開娛樂活動。《禮記·雜記下》記子貢觀蠟，“一國之人皆若狂”。是年秦于龍門初次舉行臘祭而集會，蓋有其特別用意。因秦新從魏取得河西與上郡，欲以此與黃河上游之居民聯歡，包括原來遊牧于黃河上游之戎、狄部族在內。此後六年（秦惠文王更元五年）“王北遊戎地至河上”，即秦與河上戎族相處友好之結果。
前326,326,周顯王四十三年（西元前三二六年）,4,史料,秦、齊、楚、燕、趙、魏,,卒、立、會,[趙肅侯]二十四年肅侯卒。秦、楚、燕、齊、魏出銳師各萬人來會葬。子武靈王立。（《趙世家》）
前326,326,周顯王四十三年（西元前三二六年）,5,史料,趙,趙武靈王,,趙武靈王名雍。（《趙世家·索隱》）
前326,326,周顯王四十三年（西元前三二六年）,6,史料,韓、鄭,,圍,[鄭]威侯七年與邯鄲圍襄陵。（《韓世家·索隱》引《紀年》）
前326,326,周顯王四十三年（西元前三二六年）,7,考案,韓、鄭,,,案：紀年鄭威侯即韓宣惠王，說已見前。
前325,325,周顯王四十四年（西元前三二五年）,1,史料,秦、齊、楚、燕、韓、趙、魏,齊威王、趙武靈王、魏惠王、楚懷王,,秦惠文王十三年，魏惠王后元十年，韓宣惠王八年，趙武靈王元年，齊威王三十二年，楚懷王四年，燕易王八年。
前325,325,周顯王四十四年（西元前三二五年）,2,史料,秦,,,秦惠文王十三年四月戊午，君為王。（《六國表》）
前325,325,周顯王四十四年（西元前三二五年）,3,史料,秦、韓、趙、魏、周,,稱王,[秦]惠王十三年與韓、魏、趙並稱王。（《周本紀·正義》引《秦本紀》，“趙”字當為衍文）
前325,325,周顯王四十四年（西元前三二五年）,4,史料,秦、韓、魏、周,,,[秦惠文王]十三年四月戊午，秦君為王，魏、韓亦為王。（《秦本紀》，原誤作“魏君為王，韓亦為王”，據《周本紀·正義》引《秦本紀》及《六國表》改正）
前325,325,周顯王四十四年（西元前三二五年）,5,考案,,,,案：是年四月乙卯朔，戊午為初四。
前325,325,周顯王四十四年（西元前三二五年）,6,史料,秦,張儀,立,[張]儀相秦四歲，立惠王為王。（《張儀列傳》）
前325,325,周顯王四十四年（西元前三二五年）,7,史料,秦、齊、楚,秦惠王、齊宣王、楚懷王,稱王,[楚懷王]四年秦惠王初稱王。（《楚世家》，《田世家》亦謂齊宣王八年“秦惠王稱王”）
前325,325,周顯王四十四年（西元前三二五年）,8,史料,秦、周,秦惠王,稱王,[周顯王]四十四年，秦惠王稱王。其後諸侯皆為王。（《周本紀》）
前325,325,周顯王四十四年（西元前三二五年）,9,史料,秦、齊、楚、燕、韓、趙、魏、晉、周,張儀、秦惠王,立、稱王、會,案《周本紀》雲：“[顯王]四十四年秦惠王稱王”，梁玉繩《史記志疑》雲：“《楚世家》懷王四年、《田完世家》宣王十八年附書之，《張儀列傳》亦雲：“儀相秦四歲立惠王為王。”與此《紀》于顯王四十四年政合。乃秦惠十三年也。秦惠在位二十七年，改十四年為元年，豈非以稱王之故歟？”又《秦本紀》雲：“秦惠文君十三年四月戊午魏君為王。”梁氏又論之曰：“魏惠稱王在惠文四年，此《紀》已書之，而是年《紀》與《表》複書魏君為王何歟？《周本紀·正義》引《秦記》雲：‘惠王十三年與韓、魏、趙並稱王。’所引與此異。且《秦記》無其文，當必有誤。蓋是年秦惠稱王，故書月書日以別之，魏字乃‘秦’字之誤。《燕世家》書‘燕君為王’，是其例也。”說皆甚是。《六國表》作“四月戊午，君為王”，正確無誤。以《周本紀·正義》所引《秦本紀》以及《六國表》校正今本《秦本紀》，《秦本紀》當作“四月戊午，秦君為王，魏、韓亦為王。”《正義》所引《秦本紀》“與韓、魏、趙並稱王”，“趙”字當為衍文。秦惠文君於是年稱王，亦當如齊、魏會徐州相王之例，邀魏、韓之君入秦朝見，秦惠既被推尊為王，同時亦承認魏、韓之君稱王。齊、魏徐州相王之會，由齊相田嬰主其事，秦惠與三晉之君相王之會，則由秦相張儀主其事。故《張儀列傳》稱“儀相秦四歲，立惠王為王”。《呂氏春秋·報更》雲：“張儀所德於天下者，無若昭文君……令秦惠王師之。逢澤之會，魏王嘗為禦，韓王為右，名號至今不忘，此張儀之力也。”此說殊誤，既誤以逢澤之會由張儀主其事，更誤以為此會推崇東周昭文君，魏、韓之君曾為其禦。但亦有其所以致誤之故。蓋張儀曾主持秦惠與韓、魏之君相王之會，在此會上，魏王曾為秦惠禦，韓王曾為秦惠右，秦惠之名號因而大著。此固張儀所策劃也。
前325,325,周顯王四十四年（西元前三二五年）,10,史料,秦、周,,,[秦惠文王]十三年相邦義之造，咸陽工師田，工大人耆，工頹。（戈銘，《商周金文錄遺》第五八四號）
前325,325,周顯王四十四年（西元前三二五年）,11,考案,韓、鄭,張儀,會,案：相邦義，當即張儀。[韓威侯八年]五月，梁惠王會威侯于巫沙，十月鄭宣王朝梁。（《韓世家·索隱》引《紀年》）
前325,325,周顯王四十四年（西元前三二五年）,12,史料,秦、齊、楚、燕、韓、趙、魏、鄭,張儀,圍、卒、立、連橫、稱王、會,案《韓世家·索隱》雲：“《紀年》鄭昭侯武薨，次威侯立。威侯七年，與邯鄲圍襄陵。五月梁惠王會威侯于巫沙，十月鄭宣王朝梁，不見威侯之卒，下敗韓舉在威侯八年，而此《世家》即以為宣惠王之年。”錢穆《韓宣惠王即韓威侯考》校之曰：“‘五月’上應脫‘八年’二字。據《史記·秦本紀》秦惠文王十三年，韓亦稱王，是年為韓威侯八年，其證一。又若同為七年事，既與邯鄲圍襄陵句下，不著何月，而其下忽著五月、十月，于文法亦不合。今若正為七年云云，八年五月云云，十月云云，則文理順愜矣，其證二。陳氏《集證》雲：“既與趙圍魏襄陵，豈未逾年即朝梁？此亦一證。”(《先秦諸子系年》第三三〇頁)余考《紀年》韓威侯即鄭宣王，《索隱》不知是一，因雲不見威侯之卒。雷學淇《竹書紀年義證》雲：“宣王即威侯，以威宣為諡，故傳文互稱之，同在一年前稱侯，此稱王者，此即犀首立五王之事。”雷氏以此即五國相王事非是，以《紀年》於是年因威侯稱王而後改稱宣王則甚是。今《索隱》雲：“下敗韓舉在威侯八年”，《索隱》既不知威侯宣王是一，若《紀年》于威侯七年已威侯宣王互見，豈得更謂敗韓舉在威侯八年？此非“五月”上脫“八年”之明證歟？《韓世家》雲：“[宣惠王]十一年君號為王”，《六國表》在宣惠王十年，《楚世家》于懷王六年雲：“燕、韓君初稱王。”梁玉繩《史記志疑》于《韓世家》雲：“《年表》在十年，與《楚世家》書于懷王六年政合，此誤。”考韓宣惠王十年五國相王，燕固於是年以五國相王而稱王，而韓則于宣惠王八年四月，當秦惠稱王而與魏、韓相王時已稱王。及五月，又因與梁惠王巫沙之會而稱王，非於十年始稱王。錢穆雲：“蓋是魏韓相王，猶如魏齊會徐州而相王也。”余謂秦惠稱王而與魏、韓相王，亦猶魏、齊會徐州相王，此乃張儀連橫之策略也。
前325,325,周顯王四十四年（西元前三二五年）,13,史料,韓、趙,,,[趙]武靈王元年陽文君趙豹相，梁襄王與太子嗣（“梁襄王”當作“梁惠王”），韓宣王與太子倉來朝信宮。武靈王少，未能聽政，博聞師三人，左右司過三人。及聽政，先問先王貴臣肥義，加其秩；國三老年八十，月致其禮。（《趙世家》）
前325,325,周顯王四十四年（西元前三二五年）,14,考案,秦、魏,蘇秦、魏惠王,,案：《魏世家·索隱》引《世本》雲：“襄王名嗣。”《蘇秦列傳·索隱》引《世本》雲：“魏惠王子名嗣。”可知此處“梁襄王與太子嗣”，“梁襄王”乃“梁惠王”之誤。
前325,325,周顯王四十四年（西元前三二五年）,15,史料,趙、魏,趙武靈王,,趙武靈王元年魏敗我趙護。（《六國表》）
前325,325,周顯王四十四年（西元前三二五年）,16,史料,韓、趙、魏,,,[韓宣惠王]八年魏敗我將韓舉。（《韓世家·索隱》雲：“韓舉則是韓將不疑，而《紀年》雲：韓舉趙將，蓋舉先為趙將，後入韓。又《紀年》雲其敗當韓威王八年，是不同也。”）
前325,325,周顯王四十四年（西元前三二五年）,17,史料,韓,,卒、立,敗韓舉在威侯八年。（《韓世家》“子宣惠王立”下，《索隱》雲：“按《紀年》……不見威侯之卒，下敗韓舉在威侯八年，而此《世家》即以為宣惠王八年。”）
前325,325,周顯王四十四年（西元前三二五年）,18,史料,齊、韓、趙、魏,,,[趙肅侯]二十三年(當作武靈王元年)韓舉與齊、魏戰，死于桑丘。(《趙世家》)
前325,325,周顯王四十四年（西元前三二五年）,19,史料,齊、韓,,取,[梁惠成王后元]十年齊田肸及邯鄲韓舉戰于平邑（按田肸即田肸），邯鄲之師敗逋，獲韓舉，取平邑、新城。（《水經·河水注》引《紀年》，“梁惠成王后元”六字原脫，從朱右曾增補。戴震校本誤改“十年”為“九年”）。
前325,325,周顯王四十四年（西元前三二五年）,20,考案,秦、齊、韓、趙、魏、晉、周、代,齊威王,伐、圍、卒,案：《水經·河水注》引《紀年》，于“晉烈公四年趙城平邑”下，續引《紀年》“五年田公子居思伐邯鄲圍平邑。十年齊田肸及邯鄲韓舉戰于平邑……”。“五年”上脫“梁惠成王后元”六字。已辨在周顯王十四年案語中。朱右曾雲：“此事《水經注》引作晉烈公十年，《索隱》雲《紀年》敗韓舉當韓威王八年，計相去七十八年，不應有兩田肸、兩韓舉”，以為《水經注》誤惠成後元十年為晉烈公十年也。其說甚是。錢穆《王氏古本竹書紀年輯校補正》又以為《索隱》引《紀年》敗韓舉在韓威王八年有誤。其言曰：“夫《紀年》既不以韓舉為韓將，又其敗于齊、魏，則以趙、齊、魏三國事，又出魏史記載，不應系諸韓威王八年，可疑一也。且韓威王次昭侯，即《史記》之宣惠王，若韓舉敗在韓威王八年，則與《史記》韓宣惠王八年時代正合，《索隱》何以又謂不同，可疑二也。余意《趙世家》肅侯二十三年本不誤，是歲為梁惠王后元八年，《索隱》本記韓舉之敗在惠王八年，而後人以其事在《韓世家》，乃妄改為威王耳。”(《先秦諸子系年》第四一二至四一三頁)此說未是。《韓世家·索隱》前後兩引《紀年》，皆謂敗韓舉在韓威王八年，不應兩引同誤。此其一。《水經·河水注》引《紀年》於“五年”“十年”之上奪“梁惠成王后元”六字。梁惠後元十年正當韓威王八年，若《索隱》所引有誤，何以《水經注》所引又與同誤耶？此其二。《索隱》引《紀年》注于《韓世家》下，以相對勘，其引據《紀年》以魏之紀年推算韓之紀年，亦事理之常。猶《田世家·索隱》謂《紀年》馬陵之役在齊威王十四年也。《索隱》謂“《紀年》不見威侯之卒，蓋彼不知韓威侯即韓宣王，因而以敗韓舉《史記》在宣王八年，《紀年》在威侯八年，是不同也”，何得據此而疑《索隱》有誤也。吾人以《紀年》與《史記》互勘，知《韓世家》未誤其年，但以韓舉為韓氏，誤以為韓將耳。而《趙世家》以韓舉為趙將不誤，特其事誤前二年耳。梁玉繩以為趙、韓有將韓舉同姓名，趙之韓舉已先二年死，別有韓將適與同姓名。其說無據。
前325,325,周顯王四十四年（西元前三二五年）,21,考案,秦、齊、楚、韓、趙、魏、宋,趙武靈王,,又案：《趙世家·集解》引徐廣曰：“韓舉，韓將。”《韓世家·索隱》又雲：“韓舉則是韓將不疑，而《紀年》雲趙將，蓋舉先為趙將，後入韓。”《六國表》亦載：“韓宣惠王八年魏敗我韓舉。”陳夢家《六國紀年》信從《集解》、《索隱》之說，確認韓舉為韓將，並解釋《水經·河水注》所引《紀年》“齊田盼及邯鄲韓舉戰于平邑”，邯鄲即趙師，韓舉即韓將韓舉，此說殊謬，乃曲解《紀年》。與《紀年》之文例不合。按《紀年》文例，常稱趙為邯鄲，稱趙師為“邯鄲師”。戰將常冠以國名，如秦公孫壯、齊田期、楚景舍、宋景徵等。此雲“邯鄲韓舉”，按例即為趙將韓舉，《索隱》謂“《紀年》雲趙將”，正確無誤。平邑，《趙世家·正義》引《括地志》雲在魏州昌樂縣東北四十裡，在今河北南樂縣東北。此為趙東南隅之邊邑，與齊接界。若韓舉為韓將，則所率韓師將橫穿趙國而來此參戰，必不可能。《六國表》於是年記“韓宣惠王八年魏敗我韓舉”，“趙武靈王元年魏敗我趙護”。陳夢家據此謂“邯鄲之師其將為趙護，與韓舉顯為兩人”。按魏敗趙將趙護，與齊敗趙將韓舉，未必是同一戰役，更未必同一戰地，不得認定平邑之役趙之主將非韓舉而是趙護也。
前325,325,周顯王四十四年（西元前三二五年）,22,史料,齊、趙、魏,,伐、卒,犀首、田盼欲得齊、魏之兵以伐趙，梁君與田侯不欲。犀首曰：“請國出五萬人，不過五月而趙破。”田盼曰：“夫輕用其兵者，其國易危；易用其計者，其身易窮。公今言破趙大易，恐有後咎。”犀首曰：“公之不慧也。夫二君者，固已不欲矣，今公又言有難以懼之，是趙不伐，而二士之謀困也。且公直言易，而事已去矣。”夫難構而兵結，田侯、梁君見其危，又安敢釋卒不我予乎？”田盼曰：“善。”遂勸兩君聽犀首。犀首、田盼遂得齊、魏之兵。兵未出境，梁君、田侯恐其至而戰敗也，悉起兵從之，大敗趙氏。（《魏策二》第一章）
前325,325,周顯王四十四年（西元前三二五年）,23,考案,齊、韓、趙、魏,,,案：《趙世家》稱“韓舉與齊魏戰，死于桑丘”。“桑丘”當為“平邑”之誤。是役齊將田盼大敗趙師，或得魏犀首之助。
前325,325,周顯王四十四年（西元前三二五年）,24,史料,,,,此章所述，疑亦有關此役之傳說。
前325,325,周顯王四十四年（西元前三二五年）,25,史料,秦,,會,兵甲之符，右在君，左在杜。凡興兵被甲，用兵五十人以上，必會君符乃敢行之。燔燧之事，雖毋會符，行毆。（杜虎符銘文，見《西北大學學報》哲社版一九七九年第一期陳直《秦兵甲之符考》）
前325,325,周顯王四十四年（西元前三二五年）,26,考案,秦、代,,稱王,案：此虎符，一九七五年農民發現于西安市郊區山門口鄉之北沈家橋村東北，現藏陝西省博物館。戰國時，秦稱“君”者惟惠文君。惠文君十三年稱王，則此符當鑄造於十三年前。馬非百《關於杜虎符之鑄造年代》（《文物》一九八二年第十一期）與胡順利《關於秦國杜虎符的鑄造年代》（《文物》一九八三年第八期）皆持此說。秦之杜縣，《秦本紀·正義》引《括地志》雲：“下杜故城在雍州長安縣東南九裡。”北沈家橋村正當秦、漢長安之東南。村東二公里有杜城村，一九六二年春在北沈家橋村東南一公里，長安縣韋曲鄉手帕張堡村西，出土一紅色夾砂陶釜，內裝一枚先秦半兩錢，釜蓋中間有“杜市”二字戳記。可確證此地為秦之杜縣所在。此符銘文與新郪虎符相同，只“甲兵”作“兵甲”，“王”作“君”，“新郪”作“杜”。可知秦虎符之制，自戰國中期沿用至末期，未有變更。
前324,324,周顯王四十五年（西元前三二四年）,1,史料,秦、齊、楚、燕、韓、趙、魏,齊威王、趙武靈王、魏惠王、楚懷王,,秦惠文王更元元年，魏惠王后元十一年，韓宣惠王九年，趙武靈王二年，齊威王三十三年，楚懷王五年，燕易王九年
前324,324,周顯王四十五年（西元前三二四年）,2,史料,秦,,,[秦惠文王]十四年更為元年。（《秦本紀》）
前324,324,周顯王四十五年（西元前三二四年）,3,史料,秦,張儀,取,秦惠文王初更元年相張儀將兵取陝。（《六國表》）
前324,324,周顯王四十五年（西元前三二四年）,4,史料,秦、魏,張儀,伐、取,[秦惠文王]十三年……使張儀伐取陝，出其人與魏。（《秦本紀》）
前324,324,周顯王四十五年（西元前三二四年）,5,史料,秦,張儀,立、取,[張]儀相秦四歲，立惠王為王。居一歲，為秦將，取陝。築上郡塞。（《張儀列傳》）
前324,324,周顯王四十五年（西元前三二四年）,6,考案,秦、魏,張儀,圍、取,案：陝在今河南三門峽市西，為函谷關外之重要城邑。秦惠公十年（西元前三九〇年）秦曾在陝設縣，但不久陝為魏所有。秦孝西元年(西元前三六一年)曾出兵東圍陝城。上年秦雖將焦與曲沃歸還魏國，此年張儀又為秦將取陝(《秦本紀》記在上年)。是時秦已佔有河西、上郡，並在河東佔有汾陰、皮氏等邑，更在河南佔有陝，從此黃河天險全為秦所掌握，對東方六國壓力甚大。
前324,324,周顯王四十五年（西元前三二四年）,7,史料,,,,《紀年》當惠王之後元十一年，彼文作平阿。（《孟嘗君列傳·索隱》）
前324,324,周顯王四十五年（西元前三二四年）,8,考案,秦、齊、韓、魏、周,齊威王、齊宣王、魏惠王,盟、會,案：《孟嘗君列傳》雲：“宣王七年（當作齊威王二十一年）……（田）嬰與韓昭侯、魏惠王會齊宣王（當作齊威王）東阿南，盟而去。”《索隱》雲：“《紀年》當惠王之後元十一年，彼文作平阿。”雷學淇《竹書紀年義證》以《紀年》為是，以為《史記》誤移於前。此說大誤。據《田世家》、《魏世家》及《六國表》，魏于馬陵慘敗之後五年與齊會平阿南，乃屈節朝見齊君之會。《紀年》魏史，諱言朝見之會，因而不載。辨已見周顯王三十四年案語中。是年魏惠王又在平阿與齊威王相會，乃與齊修好，謀求對抗秦國。
前324,324,周顯王四十五年（西元前三二四年）,9,史料,齊、楚、韓、魏,,立,惠施為韓、魏交（鮑本改“韓”為“齊”），太子鳴為質于齊。王欲見之，朱倉謂王曰：“何不稱病？臣請說嬰子曰：魏王之年長矣，今有疾，公不如歸太子以德之。不然，公子高在楚，楚將內而立之，是齊搶空質而行不義也。”（《魏策二》第十二章，《太平御覽》四百六十引，此下有“王從之，太子得還”七字）
前324,324,周顯王四十五年（西元前三二四年）,10,考案,齊、楚、韓、趙、魏,趙武靈王,,案：時惠施為魏相，主張以魏、韓“合齊、楚以按兵”，因而以太子鳴入質于齊，以公子高入質于楚。“鳴”與“嗣”形近，“太子鳴”乃“太子嗣”之誤。上年太子嗣從梁惠王朝趙，旋又入質于齊。太子嗣即繼承惠王之襄王，襄王名嗣。見於《魏世家·索隱》所引《世本》，同時不可能有兩太子。趙武靈王二年城鄗。（《六國表》，《趙世家》列在次年）
前324,324,周顯王四十五年（西元前三二四年）,11,考案,趙、中山,,,案：部在今河北高邑縣東，與中山相鄰。是時中山參與“五國相王”之列，趙於部築城，蓋用以防中山。
前323,323,周顯王四十六年（西元前三二三年）,1,史料,秦、齊、楚、燕、韓、趙、魏,齊威王、趙武靈王、魏惠王、楚懷王,,秦惠文王更元二年，魏惠王后元十二年，韓宣惠王十年，趙武靈王三年，齊威王三十四年，楚懷王六年，燕易王十年。
前323,323,周顯王四十六年（西元前三二三年）,2,史料,秦、齊、楚、魏,張儀,盟、會,[秦惠文王更元]二年張儀與齊楚大臣會齧桑。（《秦本紀》，《六國表》作“相張儀與齊楚會齧桑”，《楚世家》作“秦使張儀與楚、齊、魏相會，盟齧桑”。《魏世家》作“諸侯執政與秦相張儀會齧桑”，《田世家》作“秦使張儀與諸侯執政會于齧桑”）
前323,323,周顯王四十六年（西元前三二三年）,3,史料,韓,,,韓宣惠王十年君為王。（《六國表》，《韓世家》作“十一年君號為王”）
前323,323,周顯王四十六年（西元前三二三年）,4,史料,燕,,,[燕易王]十年燕君為王。（《燕世家》，《六國表》亦作“君為王”）
前323,323,周顯王四十六年（西元前三二三年）,5,史料,楚、燕、韓,楚懷王,稱王,[楚懷王六年]燕、韓君初稱王。（《楚世家》）
前323,323,周顯王四十六年（西元前三二三年）,6,史料,趙,,,五國相王，趙獨否，曰：“無其實，敢處其名乎？”令國人謂己曰“君”。（《趙世家》武靈王八年）
前323,323,周顯王四十六年（西元前三二三年）,7,史料,魯,,卒、立、稱王,[魯]景公二十九年(當作二十一年)卒，子叔立(“叔”當作“旅”)，是為平公。是時六國皆稱王。（《魯世家》）
前323,323,周顯王四十六年（西元前三二三年）,8,考案,秦、周、魯,秦惠王,卒、即位,案：叔，《漢書·律曆志》及《魯世家·索隱》引《世本》皆作“旅”，蓋形近而論。《魯世家》雲：“平公十二年秦惠王卒”，秦惠王卒于周赧王四年，則魯平西元年當為周顯王四十七年，其即位在四十六年，是年正是五國相王之歲。
前323,323,周顯王四十六年（西元前三二三年）,9,史料,齊、燕、趙、中山,,攻、賂,中山與燕、趙為王，齊閉關不通中山之使，其言曰：“我萬乘之國也，中山千乘之國也，何侔名於我？”欲割平邑以賂燕、趙，出兵以攻中山。藍諸君患之。張登謂藍諸君曰：“公何患于齊？”藍諸君曰：“齊強，萬乘之國，恥與中山侔名，不憚割地以賂燕、趙，出兵以攻中山。燕、趙好位而貪地（姚注“位一作倍”，鮑本作“倍”，鮑彪注：“倍謂背約”），吾恐其不吾據也。大者危國，次者廢王，奈何吾弗患也。”張登曰：“請令燕、趙固輔中山而成其王，事遂定，公欲之乎？”藍諸君曰：“此所欲也！”曰：“請以公為齊王，而登試說，公司乃行之。”藍諸君曰：“願聞其說。”登曰：“王之所以不憚割地以賂燕、趙，出兵以攻中山者，其實欲廢中山之王也。王曰：然。然則王之為費且危。夫割地以賂燕、趙，是強敵也；出兵以攻中山，首難也。王行二者，所求中山未必得，王如用臣之道，地不虧而兵不用，中山可廢也。王必曰：子之道奈何？”藍諸君曰：“然則子之道奈何？”張登曰：“王發重使，使告中山君曰：‘寡人所以閉關不通使者，為中山之獨與燕、趙為王，而寡人不與聞焉，是以隘之。王苟舉趾以見寡人（鮑本“趾”上補“玉”字），請亦佐君。中山恐燕、趙之不己據也。今齊之辭去即佐王，中山必遁燕、趙而與王相見，燕、趙聞之，怒絕之（鮑本“怒”上有“必”字），王亦絕之，是中山孤，孤何得無廢？以此說齊王，齊王聽乎！”藍諸君曰：“是則必聽矣。此所以廢之，何在其所以存之矣。”張登曰：“此王所以存者也，齊以是辭來，因言告燕、趙而無往，以積厚于燕、趙，燕、趙必曰：‘齊之欲割平邑以賂我者，非欲廢中山之王也。徒欲以離我於中山而已親之也。’雖百平邑，燕、趙必不受也。”藍諸君曰：“善。”遣張登往，果以是辭來，中山因告燕、趙而不往，燕、趙果俱輔中山而使其王，事遂定。（《中山策》第三章）
前323,323,周顯王四十六年（西元前三二三年）,10,史料,齊、趙、魏、中山,,伐、攻、救、立,犀首立五王而中山后持。齊謂趙、魏曰：“寡人羞與中山並為王，願與大國伐之，以廢其王。”中山聞之，大恐，召張登而告之曰：“寡人且王，齊謂趙、魏曰：‘羞與寡人並為王。’而欲伐寡人，恐亡其國，不在索王，非子莫能吾救。”登對曰：“君為臣多車重幣，臣請見田嬰。”中山之君遣之齊，見嬰子曰：“臣聞君欲廢中山之王，將與趙、魏伐之，過矣！以中山之小，而三國伐之，中山雖益廢王，猶且聽也。且中山恐，必為趙、魏廢其王而務附焉。是君為趙、魏驅羊也，非齊之利也。豈若中山廢其王而事齊哉？”田嬰曰：“奈何？”張登曰：“今君召中山，與亡遇而許之王，中山必喜而絕趙、魏。趙、魏怒而攻中山，中山急而為君難其王，則中山必恐，為君廢王事齊，彼患亡其國，是君廢其王而亡其國（“而亡”鮑本作“而立”，金正煒雲：“本當作竝，並與並通”），賢于為趙、魏驅羊也。”田嬰曰：“諾。”張醜曰：“不可。臣聞之，同欲者相憎，同憂者相親。今五國相與王也，負海不與焉。此是欲皆在為王，而憂在負海。今召中山，與之遇而許之王，是奪五國而益負海也。致中山而塞四國，四國寒心，必先與之王而故親之，是君臨中山而失四國也，且張登之為人也，善以微計薦中山之君久矣，難信以為利。”田嬰不聽，果召中山君而許之王。張登因謂趙、魏曰：“齊欲伐河東，何以知之？齊羞與中山之為王甚矣，今召中山與之遇而許之王，是欲用其兵也。豈若令大國先與之王，以止其遇哉？”趙、魏許諾，果與中山王而親之，中山果絕齊而從趙、魏。（《中山策》第二章）
前323,323,周顯王四十六年（西元前三二三年）,11,考案,秦、齊、楚、燕、韓、趙、魏、周、魯、宋、中山、代,張儀,攻、立、合縱、連橫、稱王、取、盟、會,案：犀首即公孫衍，時為魏將，採取合縱策略，以謀與張儀之連橫策略相對抗，因而發起“五國相王”，即所謂“犀首立五王”。呂祖謙《大事記》定此事在周顯王四十六年，其說可信。與《六國表》及楚、燕、韓、魯等《世家》皆符合。五國相王，《中山策》高注以為齊、趙、魏、燕、中山，鮑注謂秦、韓、燕、宋、中山。《大事記·解題》以為二家之說皆非，其可考者韓、燕、趙、中山，其一則不可考也。其實“犀首立五王”，犀首為魏將，五國之核心必為魏無疑。《中山策》既雲“中山與燕、趙為王，齊閉關不通中山之使”而欲出兵以攻中山，齊必不在五國相王之中。又雲：“燕、趙果俱輔中山而使其王，事遂定。”“趙、魏許諾，果與中山王而親之，中山果絕齊而從趙、魏。”趙、魏、燕、中山固在五國相王之中。《韓世家》、《燕世家》、《楚世家》及《六國表》皆謂是年燕、韓君稱王，則韓亦必在其中。雷學淇《竹書紀年義證》解釋“犀首立五王”，謂“犀首所王即秦、韓、燕、趙、中山五國無疑，魏、齊已先王，宋則自為王，故皆不在五國之數”。其說非是。金正煒《戰國策補釋》又雲：“按五國僭王非一時，且亦非犀首所得立。”並雲：“疑此策所謂五王，當是秦、趙、韓、燕與中山也。”近人齊思和《戰國制度考》（《燕京學報》第二十四期），亦以為秦在五國之中，此皆與《中山策》和有關五國相王之史料不合。其實，公孫衍發起“五國相王”，合縱抗秦正是其主要之目的。五國相王，犀首主之。犀首時為魏將，魏固五國之核心所在。秦惠稱王，秦相張儀主其事，張儀正為犀首之政敵。事在周顯王四十四年，早于五國相王二年，五國相王時秦固弗與。雷學淇強以秦在五國之中，甚至謂“魏將公孫衍致王號于秦、趙、韓、燕、中山，秦先受之稱王改元”，毫無事實根據。是年秦相張儀與齊、楚等國大臣會盟于齧桑，蓋欲連衡而鬥諸侯，而魏將公孫衍合魏、趙、韓、燕、中山“五國相王”，蓋欲廣結與國，合縱抗秦。戰國時代合縱連橫鬥爭之局勢於是焉開。
前323,323,周顯王四十六年（西元前三二三年）,12,史料,秦、齊、楚、魏,楚懷王,攻、殺,[楚懷王]六年楚使柱國昭陽將兵而攻魏，破之於襄陵，得八邑，又移兵而攻齊。齊王患之。陳軫適為秦使齊，齊王曰：“為之奈何？”陳軫曰：“王勿憂，請令罷之。”即往見昭陽軍中，曰：“願聞楚國之法，破軍殺將者何以貴之？”昭陽曰：“其官為上柱國，封上爵執珪。”陳軫曰：“其有貴於此者乎？”昭陽曰：“令尹。”陳軫曰：“今君已為令尹矣，此國冠之上，臣請得譬之。人有遺其舍人一卮酒者，舍人相謂曰：‘數人飲此，不足以遍，請遂畫地為蛇，蛇先成者獨飲之。’一人曰：‘吾蛇先成。’舉酒而起，曰：‘吾能為之足。’及其為之足，而後成人奪之酒而飲之，曰：‘蛇固無足，今為之足，是非蛇也。’今君相楚而攻魏，破軍殺將，功莫大焉，冠之上不可以加矣。今又移兵而攻齊，攻齊勝之，官爵不加於此，攻之不勝，身死爵奪，有毀于楚，此為蛇為足之說也。不若引兵而去以德齊，此持滿之術也。”昭陽曰：“善。”引兵而去。（《楚世家》）
前323,323,周顯王四十六年（西元前三二三年）,13,考案,齊、楚,,攻,案：《集解》徐廣曰：“懷王六年昭陽移和而攻齊。軍門曰和。”可知“移兵而攻齊”原又作“移和而攻齊”。《楚世家》此節與《齊策二》第四章大體相同。惟此處陳軫曰：“今君已為令尹矣”，“攻齊勝之，官爵不加於此”。而《齊策》載陳軫曰：“令尹貴矣，王非置有兩令尹也”，“又移兵欲攻齊……官之上非可重也。”與《楚世家》不同。當以《齊策》為是。是時昭陽未為令尹，上文稱為“柱國昭陽”。新出土之鄂君啟節，則稱為“大司馬邵陽”。大司馬當為上柱國之異名，次於令尹一等。
前323,323,周顯王四十六年（西元前三二三年）,14,史料,齊、楚、魏,,伐、攻、殺,昭陽為楚伐魏，覆軍殺將，得八城，移兵而攻齊。陳軫為齊王使見昭陽，再拜賀戰勝，起而問：“楚之法，覆軍殺將，其官爵何也？”昭陽曰：“官為上柱國，爵為上執珪。”陳軫曰：“異貴于此者何也？”曰：“唯令尹耳。”陳軫曰：“令尹貴矣，王非置有兩令尹也。臣竊為公譬可也（姚注：“也，劉作乎”，《太平御覽》四百六十引作“乎”），楚有祠者，賜其舍人一卮酒（原脫一字，從王念孫據《藝文類聚》二十五、七十三、九十六，《太平御覽》四百六十、七百六十一、九百三十三所引及《楚世家》補），舍人相謂曰：‘數人飲之不足，一人飲之有餘，請畫地為蛇，先成者飲酒。’一人蛇先成，引酒且飲，乃左手持卮，右手畫蛇，曰：‘吾能為之足’，足未成，一人之蛇成，奪其卮，曰：‘蛇固無足，子安能為之足。’遂飲其酒。為蛇足者終亡其酒。今君相楚而攻魏，破軍殺將得八城，又移兵而欲攻齊（“又移”原誤作“不弱”，從諸祖耿據《藝文類聚》二十五、九十六、九十八，《太平御覽》四百六十、九百三十三所引改正），齊畏公甚，公以是為名居足矣（姚注：“一本去居字”，鮑本“居”作“亦”，《藝文類聚》二十五，《太平御覽》四百六十所引無“居”字）。官之上非可重也。戰無不勝而不知止者，身且死，爵且後歸（《藝文類聚》二十五，《太平御覽》四百六十引作“爵且偃”），猶為蛇足也。”昭陽以為然，解軍而去。（《齊策二》第四章）
前323,323,周顯王四十六年（西元前三二三年）,15,史料,楚、韓、魏,,,襄陵之役，畢長謂公叔曰：“請毋用兵，而楚、魏皆德公之國矣。夫楚欲置公子高（鮑本“高”作“咎”），必以兵臨魏。公何不令人說昭子曰：‘戰未必勝，請為子起兵以之魏’，子有辭以毋戰，於是以太子扁、昭揚、梁王皆德公矣。”（《韓策二》第五章，鮑本“扁”作“與”，“揚”作“陽”）
前323,323,周顯王四十六年（西元前三二三年）,16,考案,楚、韓、魏、吳,,伐、立,案：鮑彪改公子高為公子咎，以為韓公子咎，又改“扁”為“與”，皆妄改而無依據。公子高為魏公子而質于楚者。《魏策二》第十二章載朱倉曰：“公子高在楚，楚將內而立之。”金正煒雲：“此策當即楚欲納公子高於魏時事。《竹書紀年》惠成後十二年楚敗我襄陵（按此據今本《竹書紀年》推算），即此所雲襄陵之役。鮑、吳皆就韓言，故所注全誤。鮑改公子高為公子咎，釋置為‘不立’，其意楚所欲立者為幾瑟也，若如所說。何為以兵臨魏”，其說甚是。惟金正煒以太子扁之“扁”當為“屬”字，形似而誤，則又未確。“太子扁”當是“太子嗣”，“扁”“嗣”形似而誤。蓋楚使昭陽伐魏，意欲將入質于楚之公子高，納入于魏而立為太子。若昭陽“有辭以毋戰”，將使魏太子嗣仍保持為太子，梁惠王可以免除楚之威脅，因而將使太子嗣與梁惠王感激公叔，同時昭陽“戰未必勝”，因而昭陽亦將感激公叔，故雲：“太子嗣、昭陽、梁王皆德公矣。”
前323,323,周顯王四十六年（西元前三二三年）,17,史料,魏、晉,,攻,大司馬邵鄔（昭陽）敗晉幣（即魏師）於襄陵之歲，夏昴之月（二月）乙亥之日，王尻於茂郢之游宮。大攻尹睢台（以）王命命集尹惡糦、裁尹逆、裁令阮，為鄂君啟之府賡鑄金節：屯三舟為一舿（舸），五十舿（舸）歲罷（能）返。自鄂往：逾沽（湖），迨灘，庚（更）厝，庚芑陽；逾灘，庚郢，逾夏，內（入）邨。逾江，庚彭弶，庚松易（陽），內瀟（瀘）江，庚爰陵。迨江，內（入）湘，庚賤，庚淅易（陽），內灋（耒），庚鄃（郴），內棨（資）、沅、澧、灑。迨江，庚木闈，庚郢。見其金節毋政(征)，毋舍桲飤；不見其金節則政(征)。女（如）載馬牛羊台(以)出內(入)闈，則政(征)於大府，毋政(征)於闈。（鄂君啟節舟節銘文）
前323,323,周顯王四十六年（西元前三二三年）,18,史料,魏、晉、蔡,,攻,大司馬邵鄢（昭陽）敗晉幣（即魏師）於襄陵之歲，夏昴之月（二月）乙亥之日，王尻於茂郢之游宮。大攻尹睢台（以）王命命集尹慇稽、裁尹逆、裁令阢，為鄂君啟之府賡鑄金節：車五十乘，歲罷（能）返。毋載金革黽箭。女（如）馬，女（如）牛，女（如）僖（犆），屯十台（以）堂（當）一車。女（如）檜（簷）徒，屯廿檜（簷）台（以）堂（當）一車，台（以）毀於五十乘之中。自鄂往，庚（更）易（陽）丘，庚邡（方）城，庚象禾，庚畐焚，庚緐（繁）易（陽），庚高丘，庚下都（蔡），庚居鄆（巢），庚郢。見其金節則毋政（征），毋舍桲飤；不見其金節則政（征）。（鄂君啟節車節銘文）
前323,323,周顯王四十六年（西元前三二三年）,19,考案,,,,案：鄂君啟節，一九五七年安徽壽縣城東九裡鄉丘家花園出土四枚，一九六〇年又出土一枚。原有舟節、車節各一套，每套由五枚同樣弧度之銅節合成一圓形，腰部隆起如竹節狀。舟節現存二枚，車節現存三枚。舟節為水路免稅通行證，車節為陸路免稅通行證。銘文規定，除禁運金屬、皮革、箭杆等軍用物資，運載牛、馬歸大府徵稅以外，所有販運物資經過關卡憑節一律免稅。水上運輸以“五十舸”即一百五十舟為限，陸上運輸以車五十乘為限。如用馬、牛等牲畜馱載貨物，則集十匹當一車，如用肩挑者（擔徒）挑擔，則集二十擔當一車。
前323,323,周顯王四十六年（西元前三二三年）,20,史料,秦、楚、越,,會,君獨不聞夫鄂君子皙之泛舟於新波之中也，乘青翰之舟，極苒芘，張翠蓋而擒犀尾，班麗袿衽，會鐘鼓之音畢，榜枻越人擁楫而歌。歌辭曰：“濫兮抃草濫予，昌柸澤予，昌州州，錕州焉乎，秦胥胥，縵予乎，昭澶秦逾，滲提隨河湖。”鄂君子皙曰：“吾不知越歌，子試為我楚說之。”於是乃召越譯，乃楚說之曰：“今夕何夕兮，搴舟中流（“舟”原誤作“州”，從孫詒讓《劄迻》改正）。今日何日兮，得與王子同舟。蒙羞被好兮，不訾詬恥。心幾頑而不絕兮，得知王子。山有木兮木有枝，心說君兮君不知。”於是鄂君子皙乃揄修袂而擁之（“揄”原作“搶”，今從盧文弨《群書拾補》改正），舉繡被而覆之。鄂君子皙親楚王母弟也，官為令尹，爵為執珪，一榜枻越人，猶得交歡盡意焉。（《說苑·善說》第十三章，莊辛謂襄成君）
前323,323,周顯王四十六年（西元前三二三年）,21,考案,楚、代,楚懷王,,案：殷滌非、羅長銘《壽縣出土的鄂君啟金節》(《文物》一九五八年第四期)，以為鄂君啟即鄂君子皙，啟其名，子皙其字，其說有可能。“啟”與“皙”字義相通，時代亦相當。據鄂君啟節銘文，鄂君啟尚未“官為令尹”，但楚懷王六年以後，啟亦可能官為令尹。
前323,323,周顯王四十六年（西元前三二三年）,22,史料,楚、晉,,,大司馬昭陽敗晉師於襄陵（包山楚墓出土竹簡）。
前323,323,周顯王四十六年（西元前三二三年）,23,考案,楚、晉,楚懷王,,案：湖北省包山二號楚墓出土竹簡有紀年的大事記七則，按當時楚官方習俗，以上一年大事紀年，“大司馬昭陽敗晉師於襄陵之歲”指楚懷王七年(西元前三二二年)，此事當在楚懷王六年(西元前三二三年)。
前323,323,周顯王四十六年（西元前三二三年）,24,史料,楚,,稱王,戰國時嘗與楚婚，及七國稱王，巴亦稱王。（《華陽國志·巴志》，《水經·江水注》亦雲：“及七國稱王，巴亦王焉。”）
前323,323,周顯王四十六年（西元前三二三年）,25,史料,楚、周,,救,周之季世，巴國有亂，將軍蔓子請師于楚，許以三城。楚王救巴，巴國既甯，楚使請城，蔓子曰：“藉楚之靈，克弭禍難，誠許楚王城，將吾頭往謝之，城不可得也。”乃自刎，以頭授楚使，王歎曰：“使吾得臣若巴蔓子，用城何為？”乃以上卿禮葬其頭，巴國葬其身，亦以上卿禮。（《華陽國志·巴志》）
前323,323,周顯王四十六年（西元前三二三年）,26,史料,韓、趙、中山,,,中山之相樂池以車百乘使趙，選其客之有智能者以為將行，中道而亂，樂池曰：“吾以公為有智，而使公為將行，今中道而亂，何也？”客因辭而去，曰：“公不知治，有威足以服人，而利足以勸之，故能治之。今臣，君之少客也。夫從少正長，從賤治貴，而不得操其利害之柄以制之，此所以亂也。嘗試使臣，彼之善者我能以為卿相，彼不善者我得以斬其首，何故而不治。”（《韓非子·內儲說上》）
前323,323,周顯王四十六年（西元前三二三年）,27,史料,燕、趙、中山,,攻,望諸相中山也使趙，趙劫之求地，望諸攻關而出逃。（《燕策二》第二章奉陽君告朱罐與趙足）
前323,323,周顯王四十六年（西元前三二三年）,28,考案,齊、燕、韓、趙、吳、中山,樂毅,攻,案：《中山策》第三章載齊欲出兵攻中山，藍諸君患之，鮑彪注：“藍諸君，中山相也。”《樂毅列傳》謂“趙封樂毅於觀津，號曰望諸君”。《索隱》雲：“《戰國策》望作藍也。”吳師道於《中山策》藍諸君下注雲：“《燕策》望諸相中山，恐即此人，與樂毅同號者，《索隱》指為毅，則誤矣。”考五國相王時，藍諸君為中山相，藍諸君疑即樂池。《韓非子》謂“中山之相樂池，以車百乘使趙”，即《燕策二》所謂：“望諸相中山也使趙”。望諸君即藍諸君。
前323,323,周顯王四十六年（西元前三二三年）,29,史料,楚、韓、魏,,攻、圍,楚王攻梁南，韓氏因圍薔。（“薔”原作“蕃”，姚注“一本作蕃”，今從之。鮑本改作“黃”，無據。）成恢為犀首謂韓王曰：“疾攻薔，楚師必進矣。魏不能友，交臂而聽楚，韓氏必危。故王不如釋薔。魏無韓患，必與楚戰，戰而不勝，大樑不能守，而又況存薔乎？若戰而勝，兵罷敝，大王之攻薔易矣。”（《魏策二》第五章）
前323,323,周顯王四十六年（西元前三二三年）,30,考案,楚、魏、周,,攻,案：顧觀光系此于周顯王四十六年，即楚攻魏襄陵時事，無確據。
前322,322,周顯王四十七年（西元前三二二年）,1,史料,秦、齊、楚、燕、韓、趙、魏,齊威王、趙武靈王、魏惠王、楚懷王,,秦惠文王更元三年，魏惠王后元十三年，韓宣惠王十一年，趙武靈王四年，齊威王三十五年，楚懷王七年，燕易王十一年。
前322,322,周顯王四十七年（西元前三二二年）,2,史料,齊,齊威王,會,[梁惠王后元]十三年會齊威王於鄄。（《孟嘗君列傳·索隱》引《紀年》）
前322,322,周顯王四十七年（西元前三二二年）,3,考案,秦、齊、魏,張儀、齊威王、魏惠王,攻、合縱、連橫、取、會,案：《魏世家》謂魏惠王三十五年（當作三十四年）與齊王會平阿，次年複與齊王會甄。《田世家》、《六國表》及《孟嘗君列傳》有相同之記載。而《紀年》又謂梁惠王后元十一年與齊王會平阿，後二年又與齊王會鄄，前後兩次於相同地點之相會，形勢頗有不同。前兩次相會，正當魏在馬陵慘敗于齊之後，齊、魏會徐州相王之前，魏惠王從惠施變服折節朝齊之策略，相會用朝禮。《呂氏春秋·不屈》稱：“惠王布冠而拘于鄄，齊威王幾弗受。”當指前次與齊王會甄。後二次魏、齊相會于平阿與甄，正當魏在龍賈之戰慘敗于秦之後，魏之河西、上郡已獻于秦，秦並在河東、河南佔有重要據點，正謀東向擴展。秦相張儀正謀以連橫策略向東進攻，而魏將公孫衍正謀以合縱策略對抗。此時公孫衍發動之“五國相王”，既有“合眾弱以攻一強”之意圖，魏惠王兩次與齊威王相會，亦在爭取與國，謀求對抗秦國。此事必在張儀為魏相之前。
前322,322,周顯王四十七年（西元前三二二年）,4,史料,秦、齊、韓、魏,張儀,伐、攻,張儀欲以秦、韓與魏之勢伐齊、荊，而惠施欲以齊、荊偃兵，二人爭之，群臣左右皆為張子言，而以攻齊、荊為利，而莫為惠子言。王果聽張子，而以惠子言為不可。攻齊、荊之事已定，惠子入見，王言曰：“先生毋言矣！攻齊、荊之事果利矣，一國盡以為然。”惠子因說：“不可不察也，夫齊、荊之事誠利，一國盡以為利，是何智者之眾也？攻齊、荊之事誠不利，一國盡以為利，何愚者之眾也？凡謀者疑也，疑也者誠疑，以為可者半，以為不可者半，今一國盡以為可，是王亡半也，劫主者固亡其半也。”（《韓非子·內儲說上》，《魏策一》第十八章略同）。
前322,322,周顯王四十七年（西元前三二二年）,5,史料,秦、齊、楚、韓、魏,張儀,攻,張儀欲以魏合于秦、韓而攻齊、楚，惠施欲以魏合于齊、楚以案兵，人多為張子于王所。惠子謂王曰：“小事也，謂可者謂不可者正半，況大事乎？以魏合于秦、韓而攻齊、楚，大事也。而王之群臣皆以為可，不知是其可也，如是其明耶？而群臣之知術也（鮑本“而”作“亡”，“知”作“智”，黃丕烈雲：“亡字當是。”金正煒雲：“亡，轉語詞也”），如是其同耶？是其可也，未知是其明也，而群臣之知術也，又非皆同也，是有其半塞也（鮑本“有其”作“其有”），所謂劫主者（鮑本“主”作“王”），失其半者也。”（《魏策一》第十八章）
前322,322,周顯王四十七年（西元前三二二年）,6,史料,楚、魏、宋,張儀,取,張儀逐惠施于魏，惠子之楚，楚王受之。馮郝謂楚王曰：“逐惠子者張儀也，而王親與約，是欺儀也，臣為王弗取也。惠子為儀者來，而惡王之交于張儀，惠子必弗行也。且宋王之賢慧子也，天下莫不聞也，今之不善張儀也，天下莫不知也。今為事之故，棄所貴于仇人，臣以為大王輕矣。且為事耶？王不如舉惠子而納之于宋，而謂張儀曰：‘請為子勿納也。’儀必德王，而惠子窮人，而王奉之，又必德王。此不失為儀之實，而可以德惠子。”楚王曰：“善。”乃奉惠子而納之宋。（《楚策三》第六章）
前322,322,周顯王四十七年（西元前三二二年）,7,考案,秦、齊、楚、韓、魏、宋、代,張儀、齊威王、魏惠王,伐、連橫、會,案：魏惠施為“名家”之代表人物，于魏國在馬陵之戰慘敗後，主張“以魏合于齊、楚以按兵”，使魏惠王朝見齊威王，“會徐州相王”。惠施因于魏惠王后元年至十三年間為魏相。惠施甚為魏惠王所推崇。《呂氏春秋·不屈》稱魏惠王欲傳國于惠施，惠王固請而惠施不受。是時秦相張儀推行連橫策略，“欲以秦、韓與魏之勢伐齊、荊”，正與惠施“以魏合于齊、楚以按兵”策略針鋒相對。張儀挾其為秦相之勢力，進入魏國，迫使魏惠王推行其策略，而將惠施逐走。《呂氏春秋》評魏惠王與惠施雲：“今無其他，而欲為堯、舜、許由，故惠王布冠而拘于鄄，齊威王幾弗受；惠施易衣變冠，乘輿而走，幾不出乎魏境。”高誘注：“言幾不免難於魏境內也。”可見惠施為張儀逐走之狼狽。惠施走至楚，楚不敢留，又送之入宋。
前322,322,周顯王四十七年（西元前三二二年）,8,史料,秦、齊、楚、衛,張儀,,犀首以梁與楚戰于承匡而不勝（“楚”原誤作“齊”，今改正，詳案語），張儀謂梁王不用臣言以危國。梁王因相張儀，儀以秦、梁之齊合橫親。犀首欲敗之（“之”字原脫，從王念孫改正），謂衛君曰：“衍非有怨於儀也，值所以為國者不同耳（“值”與“直”同，讀作“特”），君必解衍。”衛君為告儀，儀許諾，因與之參坐于衛君之前。犀首跪行，為儀千秋之祝。明日，張子行，犀首送之于齊疆。齊王聞之，怒於儀曰：“衍也吾仇，而儀與之俱，是必鬻吾國矣。”遂不聽。（《齊策二》第三章）
前322,322,周顯王四十七年（西元前三二二年）,9,考案,秦、齊、楚、魏、周,張儀、魏惠王,攻、連橫、取,案：顧觀光系此于周赧王五年，於鬯駁之曰：“不知此時犀首在秦而不在魏。”于鬯以為齊、魏觀澤之役，即此承匡之役，在周慎靚王四年。此說亦不確。觀澤在今河南清豐縣南，承匡在今河南睢縣西南，兩地相距極遠。此章既言“梁王因相張儀”，則此事必在魏惠王后元十三年張儀相魏時。所謂“犀首以梁與齊戰于承匡而不勝”，“齊”當為“楚”之誤。上年楚大敗魏於襄陵，得八城。承匡即在“襄陵西南，當即為楚所攻取八城之一。承匡之戰，犀首為將而大敗。魏在為楚大敗之後，惠王於是聽信張儀連橫策略，而以張儀為相。
前322,322,周顯王四十七年（西元前三二二年）,10,史料,齊、楚,楚懷王,,齊客陳豫賀王（即楚懷王，包山楚墓出土竹簡）。
前322,322,周顯王四十七年（西元前三二二年）,11,考案,齊、楚、魏,楚懷王,,案：包山楚墓出土竹簡，有“齊客陳豫賀王之歲”，指楚懷王八年。按楚官方習俗，以上一年大事紀年，此事當在楚懷王七年(西元前三二二年)。上年楚大司馬昭陽戰勝魏於襄陵，得八城，又曾戰勝魏將犀首(公孫衍)于承匡，齊因而遣使陳豫賀楚懷王。
前322,322,周顯王四十七年（西元前三二二年）,12,史料,秦、楚、韓、魏,張儀,攻,張儀欲並相秦、魏，故謂魏王曰：“儀請以秦攻三川，王以其間約南陽，韓氏亡。”史厭謂昭獻曰：“公何不以楚佐儀求相之于魏，韓恐亡，必南走楚，儀兼相秦、魏，則公亦並相楚、韓也。”（《魏策一》第二十章）
前322,322,周顯王四十七年（西元前三二二年）,13,考案,秦、魏,張儀,,案：據此可知，張儀未為魏相之前，原欲並相秦、魏，但名義上張儀免秦相而後相魏。
前322,322,周顯王四十七年（西元前三二二年）,14,史料,秦、魏,張儀,,秦惠文王更元三年張儀免相，相魏。（《六國表》）
前322,322,周顯王四十七年（西元前三二二年）,15,史料,秦、韓、魏、周,張儀、魏惠王,取,[秦惠文王]更元三年韓、魏太子來朝，張儀相魏。（《秦本紀》）[魏襄王]十三年(當作魏惠王后元十三年)張儀相魏……秦取我曲沃平周。(《魏世家》，《六國表》同。《魏世家》《六國表》又謂是年“魏有女子化為丈夫”)
前322,322,周顯王四十七年（西元前三二二年）,16,史料,秦、齊、楚、魏、周,張儀,伐、取、會,[張儀]使與齊、楚之相會齧桑東，還而免相，相魏以為秦。欲令魏先事秦，而諸侯效之，魏王不肯聽儀，秦王怒，伐取魏之曲沃平周。複陰厚張儀益甚，張儀慚，無以歸報。（《張儀列傳》）
前322,322,周顯王四十七年（西元前三二二年）,17,考案,秦、韓、魏、周,張儀,伐、連橫、取,案：是年張儀相魏而韓、魏太子朝秦，可見張儀“以魏合于秦、韓”之連橫策略，已為魏、韓兩國所接受。但張儀欲魏王先事秦而待諸侯效之，魏王不肯聽從。秦王怒而伐取魏之曲沃、平周。曲沃在今河南三門峽市西南，平周在今山西介休西。可知秦于河東、河南分兩路同時出擊，以威脅魏國，迫使魏王聽從。
前322,322,周顯王四十七年（西元前三二二年）,18,史料,秦、齊、楚、魏,張儀,攻、賂,張儀以秦相魏，齊、楚怒而欲攻魏。雍沮謂張子曰：“魏之所以相公者，以公相則國家安，而百姓無患。今公相而魏受兵，是魏計過也。齊、楚攻魏，公必危矣。”張子曰：“然則奈何？”雍沮曰：“請令齊、楚解攻。”雍沮謂齊、楚之君曰：“王亦聞張儀之約秦王乎？曰‘王若相儀于魏，齊、楚惡儀必攻魏，魏戰而勝，是齊、楚之兵折，而儀固得魏矣。若不勝，魏必事秦以持其國。必割地以賂王，若欲複攻，其敝不足以應秦’，此儀之所以與秦王陰相結也。今儀相魏而攻之，是使儀之計當于秦也，非所以窮儀之道也。”齊、楚之王曰：“善。”乃遽解攻于魏。（《魏策一》第十九章，“遽”，鮑本作“遂”）。
前322,322,周顯王四十七年（西元前三二二年）,19,史料,楚、魏,張儀,,陳軫告楚之魏（鮑本“告”作“去”，金正煒雲：《漢書·高帝紀》注引孟康曰：“古者名吏休假曰告”）。張儀惡之于魏王曰（《魏策一》第十五章上二句作“張儀惡陳軫于魏王曰》：“軫猶善楚（《魏策》“猶善”作“善事”），為求地甚力（《魏策》“地”作“壤地”，“力”下衍“之”字）。”左爽謂陳軫曰（《魏策》“左爽”作“左華））：“儀善於魏王，魏王甚信之，公雖百說之猶不聽也，公不如以儀之言為資，而複楚。”（《魏策》作“而反于楚王”，王念孫曰：“以儀之言而反于楚，楚下本無‘王’字，此因下有楚王而誤衍耳。反訓為歸”）陳軫曰：“善。”因使人以儀之言聞于楚。楚王喜，欲複之（姚注：“劉作果欲”，金正煒曰：“欲疑當作故。”《魏策》作“因使人先言于楚王”，無“楚王喜欲複之”二句）。（《楚策三》第八章，《魏策一》第十五章大體相同）
前322,322,周顯王四十七年（西元前三二二年）,20,考案,秦、齊、楚、韓、魏、周,張儀,,案：此當為張儀初相魏時之事。若在張儀以秦合韓、魏而勝楚、齊之後，陳軫不能為楚求地于魏。黃式三《周季編略》系此于周顯王四十三年，今從顧觀光系此於四十七年。
前322,322,周顯王四十七年（西元前三二二年）,21,史料,秦、魏,張儀,救,張儀欲假秦兵以救魏。左成謂甘茂曰：“子不如予之（原無“如”字，鮑本“子不”作“不如”，今補“如”字）。魏不反秦兵，張子不反秦（高誘注：“言魏以秦兵戰，死亡之而不反，則張儀亦懼誅，不敢反秦也。”金正煒曰：“據高注，不字下當有敢字，今誤淆次於後文”）。魏若反秦兵，張子得志于魏，不敢反于秦矣（高誘注：“魏用秦兵戰，得反之，則張儀有功于魏，故得志。得志于魏，亦不反于秦也。”金正煒曰：“據高注，此無敢字”）。張子不去秦，張子必高子。”（《秦第一》第六章）
前322,322,周顯王四十七年（西元前三二二年）,22,考案,秦、魏,張儀、秦惠王,救,案：此亦當為張儀初相魏時之事，否則張儀不可能“欲假秦兵以救魏”。其時甘茂已為秦將，《甘茂列傳》稱甘茂“因張儀、樗裡子而求見秦惠王，王見而說之，使將”。
前322,322,周顯王四十七年（西元前三二二年）,23,史料,齊,齊威王,即位,梁惠王后元十三年四月齊威王封田嬰于薛，十月齊城薛。（《孟嘗君列傳·索隱》引《紀年》，《孟嘗君列傳》雲：“湣王即位，即位三年而封田嬰于薛。”《田齊世家》雲：“[湣王]三年封田嬰于薛”，《六國表》同）
前322,322,周顯王四十七年（西元前三二二年）,24,考案,齊、楚、魏,齊威王、齊湣王、楚懷王,伐、攻、立、即位,案：田嬰封薛，《紀年》在梁惠王后元十三年，據《六國表》梁惠王后元十三年，即所謂“魏襄王十三年”，相當於齊湣王二年，此與《孟嘗君列傳》所說湣王“即位三年而封田嬰于薛”相合。湣王即位三年正當湣王二年。《田齊世家》作“湣王三年”，則誤遲一年。惟《史記》誤將威王、宣王年世移前，是年實為齊威王三十五年。《呂氏春秋·知士》敘述靖郭君善齊貌辨，謂：“數年，威王薨，宣王立，靖郭君之交，大不善於宣王，辭而之薛與齊貌辨俱留，無幾何，齊貌辨辭而行，請見宣王……曰：‘……至於薛，昭陽請以數倍之地易薛，辨又曰必聽之。靖郭君曰：受薛于先王，雖惡于後王，吾獨謂先王何乎？且先王之廟在薛，吾豈可以先王之廟予楚乎，又不肯聽……’”《齊策一》同，是靖郭君封薛固在齊威王時。史公誤前威王宣王年世，遂誤在湣王時矣。《齊策二》雲：“昭陽為楚伐魏……得八城，移兵而攻齊”，《呂氏春秋·知士》、《齊策一》雲：“昭陽請以數倍之地易薛”，《齊策一》又雲：“齊將封田嬰于薛，楚王聞之大怒，將伐齊。”乃一時事。考《楚世家》昭陽得魏八城，在楚懷王六年，正當魏惠後元十二年，則《紀年》魏惠後元十三年田嬰封薛之說，確無可疑矣。
前322,322,周顯王四十七年（西元前三二二年）,25,史料,齊、楚、魯、宋,,伐,齊將封田嬰于薛，楚王聞之大怒，將伐齊，齊王有輟志。公孫閏曰：“封之成與不，非在齊也，又將在楚。閏說楚王令其欲封公也，又甚于齊。”嬰子曰：“願委之於子。”公孫閏為謂楚王曰：“魯、宋事楚而齊不事者，齊大而魯、宋小。王獨利魯、宋之小，不惡齊大，何也？夫齊削地而封田嬰，是其所以弱之也，願勿止。”楚王曰：“善。”因不止。（《齊策一》第二章）
前322,322,周顯王四十七年（西元前三二二年）,26,史料,齊、韓,,,靖郭君將城薛（《新序·雜事二》第十八章“將”作“欲”），客多以諫者（《淮南子·道應訓》作“賓客多止之，弗聽”），靖郭君謂謁者曰（《新序》作“君告謁者》：“毋為客通。”（《新序》通“通”下有“事”字，《淮南子》作“無為賓通言”）齊人有請見者曰（《齊策一》第三章無“見”字，《新序》作“於是有一齊人曰》：“臣請三言而已（《淮南子》請“下有道字，《新序》作“臣願一言”），過三言臣請烹。”（《齊策》過三作“益一”，《新序》“三”作“一”）靖郭君因見之（《淮南子》因作“聞而”），客趨進曰（《淮南子》作“賓趨而進，再拜而興，因稱曰》：“海大魚”，因反走（《淮南子》“因”作“則”）。靖郭君曰（《淮南子》“君”下有“止之”二字）：“願聞其說。”（《齊策》作“客有於此”，《新序》作“請少進”）客曰：“臣不敢以死為戲。”（《淮南子》“戲”作“熙”，注“熙，戲也”）靖郭君曰：“願與寡人言之。”（《齊策》作“亡更言之”，《淮南子》作“先生不遠道而至此，為寡人稱之”，《新序》作“嘻，寡人毋得已，試複道之”）答曰：“君聞大魚乎（《齊策》“聞”上有“不”字，《淮南子》作“海大魚”，《新序》作“君獨不聞海大魚乎？”《太平御覽》鱗介部引《戰國策》有“海”字），網不能止，繳不能結也（《齊策》作“鉤不能牽”，《淮南子》作“釣不能牽”，《新序》作“繳不能牽”），蕩而失水（《新序》“蕩”作“碭”），螻蟻得意焉（《淮南子》“意”作“志”，《新序》“螻蟻”上有“陸居則”三字），今夫齊亦君之海也（“海”，《齊策》《新序》作“水”，《淮南子》作“淵”）。君長有齊（《齊策》“齊”下有“陰”字，當讀“陰”為“蔭”。《新序》“長”作“已”），奚以薛為？君失齊（《齊策》無“君”字，“失”誤作“夫”，當從王念孫據《韓非子》《淮南子》改正。《新序》作“君若無齊”），雖隆薛城至於天，無益也。”（《齊策》“至”作“到”，“無益”上有“猶之”二字。《淮南子》作“則薛能自存乎？”《新序》作“城薛猶且無益也”）靖郭君曰：“善。”乃輟，不城薛（《淮南子》“輟”作“止”，《新序》作“靖郭君大悅，罷民不城薛也”）。（《韓非子·說林下》，《齊策一》第三章、《淮南子·人間訓》《新序·雜事四》第十八章大體相同）
前322,322,周顯王四十七年（西元前三二二年）,27,史料,齊,,取,滕文公問曰：“齊人將築薛，吾甚恐，如之何則可？”孟子對曰：“昔者大王居邠，狄人侵之，去之岐山之下居焉，非擇而取之。不得已也。苟為善，後世子孫必有王者矣。君子創業垂統，為可繼也。若夫成功，則天也，君如彼何哉？強為善而已矣。”（《孟子·梁惠王下》）
前322,322,周顯王四十七年（西元前三二二年）,28,考案,齊,,,案：滕文公因齊人將築薛而恐，問於孟子，當即在此年田嬰將築薛之時。孟子游滕，滕文公問為國，又使畢戰問井田，皆當在此年前後。
前322,322,周顯王四十七年（西元前三二二年）,29,史料,韓、趙,趙武靈王,會,[趙武靈王]四年與韓會于區鼠。（《趙世家》，《六國表》同）
前322,322,周顯王四十七年（西元前三二二年）,30,史料,韓、趙,,會,[韓宣惠王]十一年與趙會區鼠。（《韓世家》）##### 卷十
前321,321,周顯王四十八年（西元前三二一年）,1,史料,秦、齊、楚、燕、韓、趙、魏,齊威王、趙武靈王、魏惠王、楚懷王,,秦惠文王更元四年，魏惠王后元十四年，韓宣惠王十二年，趙武靈王五年，齊威王三十六年，楚懷王八年，燕易王十二年。
前321,321,周顯王四十八年（西元前三二一年）,2,史料,秦、越,,稱王,王四年（指秦惠文王稱王改元四年）相邦張義、庶長□操之造□界戟，□□□賤，工卯。（一九八三年廣州象崗南越王墓中發掘出土之戟、銘文，見發掘報告《西漢南越王墓》，背面有“錫”字）
前321,321,周顯王四十八年（西元前三二一年）,3,考案,秦、楚、魏、越、鄭、代,張儀,攻、連橫、稱王、取,案：戟長二二·三釐米，鋒銳援窄，長胡三穿，“內”端有鋒刃。上述銘文刻於“內”之正面，共三行。所謂“界戟”，疑即指此種形制之戟。“戟”下一字，上半似“田”，下半殘缺，當為製造地名。“賤”上二字殘缺，當為“工師”二字。銘文於年代之前冠以“王”字，指秦惠文王稱“王”改元之年。余於一九四七年所作《上郡守疾戈考釋》（上海《中央日報》副刊《文物週刊》第三十三期）已指出“上郡守疾戈”之銘文“王六年”乃秦惠文王稱王改元六年。此戟“王四年”，與之同例。《西漢南越王墓》考定為秦惠文王后元四年，甚是。秦惠文王於十三年四月戊午稱“王”，次年因稱王而改元，從此秦君開始稱“王”。此為秦當時之大事，《呂氏春秋·報更》所謂“名號至今不忘”。因而秦惠文王于稱“王”改元之後紀年，於年代之前冠以“王”字。所謂“相邦張義”，即文獻上之秦相張儀。所謂“庶長□操”，即文獻上惠文王七年將兵平定義渠內亂之庶長操。見《六國表》。發掘報告謂在此前一年僅為秦相魏，表面上免去秦相而相魏，實際上未免秦相。迨至改元七年始命樂池為相，翌年儀複相。其說是也。此戟銘文稱“王四年相邦張義、庶長□操之造”，蓋是年張儀雖在魏為相，仍遙兼秦相，即《魏策一》第二十章所謂“並相秦、魏”，用以推行張儀“連橫”之策略。此戟“內”背面有“錫”字，乃置用地名。在今陝西白河縣東，正當南鄭（今漢中市）東北。南鄭一帶原為秦、蜀爭奪之地，此時為秦之西南邊邑。此時秦屯兵于錫，蓋欲謀取楚之漢水流域也。此戟之流傳至南越，當為其後秦攻取嶺南時所用。
前321,321,周顯王四十八年（西元前三二一年）,4,史料,,,,[梁惠成王后元十四年]薛子嬰來朝。（《孟嘗君列傳·索隱》引《紀年》）
前321,321,周顯王四十八年（西元前三二一年）,5,史料,周,,立,[周顯王]四十八年顯王崩，子慎靚王定立。（《周本紀》）
前321,321,周顯王四十八年（西元前三二一年）,6,考案,周,,,案：慎靚王，《漢書·古今人表》亦作慎靚王，而《華陽國志·蜀志》作慎王，《路史·前紀》注引《志》作靜王，又作順王，《法言·淵騫》篇雲：“周之順報，以成周而西傾”，亦作順。蓋“靜”與“靚”通，“順”與“慎”通，本有兩諡也。
前321,321,周顯王四十八年（西元前三二一年）,7,考案,齊、趙、周、魯,齊威王,卒,又案：《趙策三》第十三章魯仲連曰：“昔齊威王嘗為仁義矣，率天下諸侯而朝周，周貧且微，諸侯莫朝，而齊獨朝之。居歲余，周烈王崩，諸侯皆吊，齊後往，周怒，赴于齊曰：“天崩地坼，天子下席，東藩之臣田嬰齊，後至則斫之。”威王勃然怒曰：“叱嗟！而母婢也。”據《史記》周烈王固崩于齊威王十年，《六國表》周烈王六年《集解》引徐廣曰：“齊威王朝周。”然《史記》誤前威王年世，威王實不及周烈王。考周顯王卒于齊威卒前一年，豈此周烈王乃周顯王之誤歟？然此時周既衰微，焉敢怒齊？恐不足信。
前321,321,周顯王四十八年（西元前三二一年）,8,史料,燕、韓、趙,趙武靈王,卒、立、取,趙武靈王五年取韓女為夫人。（《六國表》，《趙世家》同）[燕]易王立十二年卒，子燕噲立。（《燕世家》）
前321,321,周顯王四十八年（西元前三二一年）,9,史料,韓、魏、晉,張儀,殺,韓宣王謂樛留曰：“吾欲兩用公仲公叔，其可乎？”對曰：“不可。晉用六卿而國分。簡公兩用田成、闞止而簡公殺。魏兩用犀首、張儀而西河之外亡。今王兩用之，其多力者樹其黨，寡力者借外權。群臣有內樹黨以驕主，有外為交以削地（《韓策一》第七章作“群臣或內樹其黨，以擅其主，或外為交，以裂其地”），則王之國危矣。”（《韓非子·說林上》，《韓策一》第七章同）
前321,321,周顯王四十八年（西元前三二一年）,10,考案,秦、齊、楚、韓、魏、周,,取,案：《資治通鑒》系此事於是年，《周季編略》從之，其說可取。樛留，《資治通鑒》作繆留。《韓非子·難一》另有“韓宣王問於樛留”一節，與此大略相同，但所記樛留對曰：“昔魏兩用樓、翟而亡西河，楚兩用昭、景而亡鄢郢。”樓、翟指樓靡與翟強，“樓靡欲合秦、楚外齊”，“翟強欲合齊、秦外楚”，見《魏策三》第十一章，事在“亡西河”之後。楚之亡鄢郢，事在楚頃襄王二十、二十一年，皆非樛留所得知。皆出於誤傳失實。
前321,321,周顯王四十八年（西元前三二一年）,11,史料,秦、齊、韓、魏,張儀,伐,或謂張儀，臣謂齊王曰（原作“張儀謂齊王曰”，鮑本于“張”上補“謂”字，於“儀”下補“臣”字，今從之。“謂”上更補“或”字）：“王不如資韓朋與之逐張儀于魏，魏因相犀首，因以齊、魏廢韓朋，而相公叔以伐秦。公仲聞之，必不入于齊，據公于魏，是公無患。”（《韓策一》第八章）
前321,321,周顯王四十八年（西元前三二一年）,12,考案,韓、魏,張儀,合縱、連橫,案：此時魏以張儀為相，仍用犀首為將，韓以韓朋（即公仲朋）為相，而兼用公叔。公仲支持張儀之連橫，公叔贊助犀首之合縱。魏之兩用張儀與犀首，韓之兩用公仲與公叔，蓋欲相互牽制，企求保持平衡。
前321,321,周顯王四十八年（西元前三二一年）,13,史料,秦、韓,,,謂公叔曰：“乘舟舟漏而弗塞，則舟沉矣。塞漏舟而輕陽侯之波，則舟覆矣。今公自以為辯于薛公而輕秦，是塞漏舟而輕陽侯之波也。願公之察也。”(《韓策二》第八章)
前321,321,周顯王四十八年（西元前三二一年）,14,考案,秦、齊,,,案：“辯”，鮑本作“辨”。鮑注：“辨猶治也，猶言治于高徯。薛公，田嬰。”金正煒雲：“《說文》：辦，致力也。辨、辦字古通用。”此言公叔自以為得齊田嬰之支持，因而輕秦。
前321,321,周顯王四十八年（西元前三二一年）,15,史料,秦、齊、韓、魏,,,或謂：韓公仲曰：“夫季子之相似者，唯其母知之而已。利害之相似者，唯智者知之而已。今公國其利害之相似，正如季子之相似也。得其道為之，則主尊而身安；不得其道，則主卑而身危。今秦、魏之和成，而非公適束之（鮑本“適”下有“兩”字），則韓必謀矣。若韓隨魏以善秦，是為魏從也，則韓輕矣，主卑矣。秦已善韓，必將欲置其所愛信者，令用事于韓以完之，是公危矣。今公與安成君為秦、魏之和，成固為福，不成亦為福。秦、魏之和成而公適束之（鮑本“適”下有“兩”字），是韓為秦、魏之門戶也，是韓重而主尊矣。安成君束重于魏，而西貴于秦，操右契而為公責德于秦、魏之主（鮑本“主”作“王”），裂地而為諸侯，公之事也。若夫安韓、魏而終身相，公之下服，此主尊而身安矣。秦、魏不終相聽者也。齊怒于不得魏，必欲善韓以塞魏；魏不聽秦，必務善韓以備秦；是公擇布而割也（姚注：錢作“擇豨而割之”）。秦、魏和，則兩國德公，不和，則兩國爭事公。所謂成為福，不成亦為福者也。願公之無疑也。”（《韓策三》第一章）
前321,321,周顯王四十八年（西元前三二一年）,16,考案,秦、韓、魏,,,案：據此可知，秦、魏之和，由韓之公仲與安成君促成，其時公仲正為韓相。策士因而謂公仲謀求“安韓、魏而終身相”，並得“裂地而為諸侯”。
前321,321,周顯王四十八年（西元前三二一年）,17,史料,秦、韓、周,,取,或謂公仲曰：“今有一舉而可以忠於主，便於國，利於身，願公之行之也。今天下散而事秦，則韓最輕矣。天下合而離秦，則韓最弱矣。合離之相續，則韓最先危矣。此君國長民之大患也。今公以韓先合于秦，天下隨之，是韓以天下事秦，秦之德韓也厚矣。韓與天下朝秦，而獨厚取德焉。公行之計，是其於主也至忠矣。天下不合秦，秦令而不聽，秦必起兵以誅不服，秦久與天下結怨構難，而兵不決，韓息士民以待其亹。公行之計，是其于國也大便也。昔者，周佼以西周善於秦而封于梗陽，周啟以東周善於秦而封于平原；今公以韓善秦，韓之重于兩周也無計，而秦之爭機也萬于周之時。今公以韓為天下先合于秦，秦必以公為諸侯，以明示天下。公行之計，是其於身大利也。願公之加務也。”(《韓策三》第二章)
前321,321,周顯王四十八年（西元前三二一年）,18,考案,秦、齊、韓、趙、魏、周,蘇秦,攻、取、拔、殺,案：顧觀光以上兩策附于周赧王二十七年，曰：“策言周佼以西周善於秦而封于梗陽。據《六國表》，秦拔趙梗陽在此年，故附此。”此說不確。據以上兩策所言，當是公仲初“以韓先合于秦”並促使魏、韓合于秦之時，與周赧王二十七年前後之形勢不合。從周赧王二十二年起，秦連年大舉向韓、魏進攻，大量殺傷韓、魏之軍，取得河東數百里土地。周赧王二十七年齊、秦並稱東、西帝，蘇秦、李克正約五國共攻秦，是年已是韓釐王八年。公仲為韓相在韓宣惠王、襄王之世，不及韓釐王之時。梗陽、平原俱為趙地，秦不能以此分封周人，當有錯誤。
前321,321,周顯王四十八年（西元前三二一年）,19,史料,韓,,,顏率見公仲，公仲不見。顏率謂公仲之謁者曰：“公仲必以率為陽也（姚注：“陽，劉作傷”。金正煒雲：“陽當為易字之訛”），故不見率也。公仲好內，率曰好士；仲嗇於財，率曰散施；公仲無行，率曰好義。自今以來，率且正言之而已矣。公仲之謁者以告公仲，公仲遽起而見之。”（《韓策一》第十八章）
前321,321,周顯王四十八年（西元前三二一年）,20,考案,秦、齊、韓、魏、周,,救,案：《東周策》第一章記秦興師臨周而求九鼎，周君遭顏率求救于齊，齊使陳臣思（臣當作臣）將兵救周而秦兵罷。齊又求九鼎，顏率往說齊王，齊王乃止。陳臣思即田忌，其事當在周顯王二十八年齊將田忌大敗魏軍于馬陵之前。此時顏率入韓見公仲。
前321,321,周顯王四十八年（西元前三二一年）,21,史料,楚、韓、趙、魏,,,公仲為韓、魏易地，公叔爭之而不聽，且亡。史惕謂公叔曰：“公亡，則易必可成矣。公無辭以後反，且示天下輕公。公不若順之。夫韓地易於上，則害于趙；魏地易於下，則害于楚。公不如告楚、趙，楚、趙惡之，趙聞之，趙兵臨羊腸；楚聞之，發兵臨方城，而易必敗矣。”（《韓策二》第三章）
前321,321,周顯王四十八年（西元前三二一年）,22,史料,楚、韓、趙、魏、周、鄭,,,韓、魏易地，西周弗利。樊餘為周謂楚王曰：“周必亡矣。韓、魏之易地，韓得二縣，魏亡二縣，所以為之者，盡包二周，多於二縣，九鼎存焉。且魏有南陽、鄭地、三川，而包二周，則楚方城之外危；韓兼兩上党以臨趙，則趙羊腸以上危。故易成之日（“日”原作“曰”，今從黃丕烈改正），楚、趙皆輕。”楚王恐，因趙以止易也（鮑本“趙”下有“兵”字，無“也”字）。（《西周策》第十二章）
前321,321,周顯王四十八年（西元前三二一年）,23,考案,秦、楚、韓、趙、魏、周、鄭,張儀,攻、連橫、取,案：繆文遠《戰國策新校注》以為以上二則所謂韓、魏易地，即《古本竹書紀年》所謂：“梁惠成王十三年鄭釐侯使許息來致地：平丘、戶牖、首垣諸邑及鄭馳地，我取枳道，取鄭鹿。”（《水經·河水注》所引）此說不確。《紀年》所言韓與魏交易之地，與以上兩則所說不同。《西周策》謂易地之後，將使魏盡包二周，《紀年》所載韓所致魏之地如平丘、首垣等，皆在魏之東邊，與二周無關。且公仲為韓宣惠王之相，而梁惠王十三年當韓昭侯六年，公仲尚未用事。顧觀光附此二則于周顯王四十七年，其說近是，當在周顯王四十八年。公仲為韓相而親秦，是年促使魏與秦連橫而由張儀為魏相。公仲為韓、魏易地，即聽從張儀之謀，其目的即在便於攻取楚、趙之地，因而為楚、趙所反對，未成事實。公仲之所以願將中原之地交易魏之上党，因韓之上黨僅有太行東南南陽之道與韓之國都相通，若兼有韓、魏兩上黨，則便於防守。
前321,321,周顯王四十八年（西元前三二一年）,24,史料,魏,張儀,,史舉非犀首于王，犀首欲窮之，謂張儀曰：“請令王讓先生以國，王為堯、舜矣，而先生弗受，亦許由也。衍請因令王致萬戶邑于先生。”張儀說，因令史舉數見犀首。王聞之而弗任也，史舉不辭而去。（《魏策二》第四章）
前321,321,周顯王四十八年（西元前三二一年）,25,考案,秦、楚、韓、魏、宋、蔡、代,張儀、范雎,遷,案：時犀首與張儀同為魏之大臣。史舉非犀首于魏王，當在此年前後。史舉為秦相甘茂之師，《甘茂列傳》雲：“甘茂者下蔡人也。事下蔡史舉先生，學百家之說。”《楚策一》第十六章記範環曰：“夫史舉，上蔡之監門也，大不如事君，小不如處室，以苛廉聞于世，甘茂事之順焉。”《韓非子·內儲說》下同。所謂“百家之說”，即指小說家之說。司馬遷言：“《百家》言黃帝，其文不雅馴。”(《史記·五帝本紀贊》)古人所編小說集稱為《百家》。《太平御覽》八六八引《風俗通義》以為宋城門失火，殃及池魚之故事，出於《百家》書中。甘茂常以故事作為遊說之資，即出於“百家之說”。其後範雎自稱“五帝三代之事，百家之說，吾既知之”。見《範雎列傳》。范雎亦常以故事為遊說之張本。
前321,321,周顯王四十八年（西元前三二一年）,26,史料,齊、楚、燕、趙、魏、衛,,伐,齊王將見燕、趙、楚之相于衛，約外魏。魏王懼，恐其謀伐魏也，告公孫衍。公孫衍曰：“王與臣百金，臣請販之。”王為約車，載百金（姚注：“載孫作齎”）。犀首期齊王至之日（“日”原誤作“曰”，今從鮑本改正），先以車五十乘至衛，間齊行以百金，以請先見齊王，乃得見（金正煒曰：“乃當作及”），因久坐，安從容談（金正煒曰：“安猶乃也，詳《經傳釋詞》”）。三國之相怨（鮑本“三”作“二”），謂齊王曰：“王與三國約外魏，魏使公孫衍來，今久與之談，是王謀三國也。”齊王曰：“魏王聞寡人來，使公孫衍勞寡人，寡人無與之語也。”三國之不相信齊王之遇，遇事遂敗。（《魏策一》第二十五章）
前321,321,周顯王四十八年（西元前三二一年）,27,考案,周,,,案：顧觀光系此事于周顯王四十七年。黃式三系於四十八年，今附編於此。
前321,321,周顯王四十八年（西元前三二一年）,28,史料,楚、魯、鄭,,,魯陽公以楚師後城鄭（包山楚墓出土竹簡）。
前321,321,周顯王四十八年（西元前三二一年）,29,考案,楚、周、魯、鄭,楚懷王,,案：包山楚墓出土竹簡，有“魯陽公以楚師後城鄭之歲”，指楚懷王九年。按楚官方習俗，以上一年大事紀年，此事當在楚懷王八年(西元前三二一年)。楚惠王時有魯陽文君，見於《國語·楚語下》與《墨子·魯問》篇。楚懷王時又有魯陽公，可能出於世襲。周慎靚王元年（西元前三二0年）
前321,321,周顯王四十八年（西元前三二一年）,30,史料,秦、齊、楚、燕、韓、趙、魏,齊威王、趙武靈王、魏惠王、楚懷王,,秦惠文王更元五年，魏惠王后元十五年，韓宣惠王十三年，趙武靈王六年，齊威王三十七年，楚懷王九年，燕王噲元年。
前321,321,周顯王四十八年（西元前三二一年）,31,史料,秦、齊、韓、魏、吳,齊威王,攻、殺,秦假道韓、魏以攻齊，齊威王使章子將而應之，與秦交和而舍，使者數相往來，章子為變其徽章以雜秦軍（金正煒曰：“為當讀如偽”）。候者言章子以齊入秦，威王不應。頃之間，候者複言章子以齊兵降秦，威王不應，而此者三。有司請曰：“言章子之敗者，異人而同辭，王何不發將而擊之？”（高誘注：“發，遣。”鮑本“發”作“廢”，注雲：“廢謂罷之。”）王曰：“此不叛寡人明矣，曷為擊之？”頃間言齊兵大勝，秦軍大敗（鮑本“軍”作“兵”）。於是秦王拜西藩之臣而謝于齊（鮑本“拜”作“稱”）。左右曰：“何以知之？”曰：“章子之母啟，得罪其父，其父殺之，而埋馬棧之下，吾使章子將也（姚注：“一吾下有之字”），勉之曰：‘夫子之強，全兵而還，必更葬將軍之母。’對曰：‘臣非不能葬先妾也，臣之母啟得罪臣之父，臣之父未教而死（姚注：“教，劉作葬。”吳師道曰：“《後語》作未赦”，當以“赦”字為是），夫不得父之教而更葬母（“教”亦當改作“赦”），是欺死父也，故不敢。’夫人子而不敢欺死父，豈為人臣欺生君哉？”（《齊策一》第十三章）
前321,321,周顯王四十八年（西元前三二一年）,32,考案,秦、齊、楚、燕、韓、魏、周,張儀、秦惠王、齊威王,伐、攻、立、取、拔、會,案：焦循《孟子正義》雲：“威王未嘗與秦交兵，齊、秦之鬥在宣王時，而伐燕之役將兵者正是章子。則恐誤編于威王策中，即不然亦是威王末年。”錢穆《匡章考》雲：“齊、魏會徐州相王，章子譏惠施學行之相背，又論惠施于梁惠王前，其時章子方當壯年，而嶄然露頭角，其已為勝秦立功之後乎？《年表》秦惠王三年拔韓宜陽……是時梁方怨齊，謀報馬陵之仇，秦或者以其時乘勝韓之餘威游兵及于齊界。”（《先秦諸子系年》第二八四頁）當以威王末年為是。齊、秦相攻，中隔韓、魏，非由韓、魏合秦而攻齊，亦必由韓、魏合齊而攻秦。齊威王末年，張儀正挾秦勢以相魏，時韓、魏合于秦，秦之假道韓、魏以攻齊，當在此時。秦為齊敗，故次年張儀即失魏相，而犀首得以挾齊、楚等國之勢以相魏也。當秦惠王三年秦雖攻取韓之宜陽，尚不能假道韓、魏二國而攻齊。時齊勢力強，正當齊大勝魏于馬陵之後六年，韓、魏之君往朝見齊君再三，決不敢假道予秦以攻齊。于鬯《戰國策年表》定此事在周顯王三十五年，即秦惠王四年，與錢說同，不可從。
前321,321,周顯王四十八年（西元前三二一年）,33,史料,齊,齊威王,,[梁惠王后元]十五年齊威王薨。（《孟嘗君列傳·索隱》引《紀年》）
前321,321,周顯王四十八年（西元前三二一年）,34,史料,齊,齊威王,卒、立,[齊威王]三十六年(當作三十七年)威王卒，子宣王辟疆立。(《田齊世家》)
前321,321,周顯王四十八年（西元前三二一年）,35,史料,秦、齊,蘇秦,,[齊]宣王名辟疆，威王之子也。（《蘇秦列傳·索隱》引《世本》，《漢書·古今人表》同）
前321,321,周顯王四十八年（西元前三二一年）,36,考案,秦、齊、楚、燕、韓、趙、魏、鄭,張儀、魏桓子、秦惠王、齊威王、齊宣王、齊湣王、趙武靈王,伐、攻、救、卒、立、取、殺,案：《六國表》燕王噲及相子之死，在魏哀王五年、齊湣王十年，與《孟子》、《燕策》齊宣王破燕殺王噲之說殊不合。據《紀年》齊威王卒于梁惠王后元十五年，則魏襄王五年已是齊宣王六年，與《孟子》、《燕策》之說若合符節。考《齊策二》載：“韓、齊為與國，張儀以秦、魏伐韓……田臣思曰：‘……子噲與子之國，百姓不戴，諸侯弗與秦伐韓，楚、趙必救之，是天以燕賜我也。’……齊因起兵攻燕，三十日而舉燕國。”而《田齊世家》雲：“桓公午五年秦、魏攻韓……齊桓公召大臣而謀，騶忌曰：‘不若勿救。’段幹朋曰：‘不救則韓且折而入魏，不若救之。’田臣思曰：‘……是天以燕予齊也。’……齊因起兵襲燕國。”此與《齊策二》所雲，明為一事，至騶忌、段幹朋、田臣思之謀則又牽合桂陵之役而誤。錢穆辨之雲，“蓋桓宣字相近，史公既以伐燕為湣王事，乃以意移此於桓公耳。意當時史公所據本文當有‘宣王五年’之說，而史公乃移以為桓公之五年也。然宣王伐燕依《紀年》推之在宣王六年，而今謂五年者，《秦本紀》‘惠王后元十年伐取韓石章，十一年敗韓岸門，惠文王后元十年當齊宣王五年，其十一年當宣王六年，是秦伐韓在宣王五年韓恃救以抗秦，至明年而大敗，齊乃以此際襲燕，歲月情事，皆符恰”(《先秦諸子系年》第三六七頁)。考“桓”“宣”不僅形近，亦且音同通用，如魏桓子，《韓非子·說林上》、《難三》、《十過》作魏宣子。曹宣公，《檀弓》作桓公，鄭注：“宣言桓，聲之誤也。”余疑史公所見舊史，本或作“齊桓王五年”，史公誤以為“齊桓公五年”耳。《趙世家》雲：“武靈王十一年王召公子職于韓，立以為燕王，使樂池送之。”趙武靈王十一年正當秦惠王后元十年，即齊宣王五年，是年趙謀伐齊存燕，則齊之伐燕固斷在宣王五年，于此《紀年》齊君世次年數之可信，又可征矣。
前321,321,周顯王四十八年（西元前三二一年）,37,史料,齊、楚、衛,,立,靜郭君善劑貌辨(《齊策一》第五章“靜”作“靖”，“劑貌辨”作“齊昆辨”)。劑貌辨之為人也多訾(《齊策》“訾”作“疵”)，門人弗說。士尉以證靜郭君，靜郭君弗聽，士尉辭而去。孟嘗君竊以諫靜郭君，靜郭君大怒曰：“劃而類，揆吾家(《齊策》“揆”作“破”)，苟可以俵劑貌辨者(《齊策》“可”下無“以”字，“俵”作“慊”)，吾無辭為也。”於是舍之上舍，令長子禦，朝暮進食(《齊策》“朝”作“旦”)。數年，威王薨，宣王立(鮑本《齊策》改“威王”為“宣王”，改“宣王”為“閔王”，大誤)，靜郭君之交，大不善於宣王，辭而之薛，與劑貌辨俱留。無幾何，劑貌辨辭而行，請見宣王。靜郭君曰：“王之不說嬰也甚，公往必得死焉。”劑貌辨曰：“固非求生也，請必行。”靜郭君不能止。劑貌辨行，至於齊，宣王聞之，藏怒以待之。劑貌辨見，宣王曰：“子靜郭君之所聽愛也。”(《齊策》“也”作“夫”)劑貌辨答曰：“愛則有之，聽則無有。王方為太子之時，辨謂靜郭君曰：太子相不仁(“相”原誤作“之”，從譚戒甫據《齊策》改正)，過賑涿視(《齊策》作“過頤豕視”，鮑注：“過謂豐頤過人，豕多反視。”朱起鳳雲：“字書無賑字，則頤字之訛，過頤，即今俗謂腦後見腮者是也。”譚戒甫雲：“《說文》涿，流下滴也。則涿視亦謂目光如流而斜下視之耳。”)，若是者倍反(“倍”，《齊策》誤作“信”)，不若革太子(《齊策》“革”作“廢”)，更立衛姬嬰兒校師。”(《齊策》作“郊師”)靜郭君泫而曰(《齊策》“泫”作“泣”)：“不可。吾弗忍為也。且靜郭君聽辨而為之也(《齊策》“且靜郭君”作“若”)，必無今日之患也，此為一也。至於薛，昭陽請以數倍之地易薛，辨又曰：‘必聽之’，靜郭君曰：‘受薛于先王，雖惡于後王，吾獨謂先王何乎？且先王之廟在薛，吾豈可以先王之廟予楚乎？又不肯聽辨，此為二也。”宣王太息，動於顏色，曰：“靜郭君之於寡人一至此乎？寡人少，殊不知此。客肯為寡人來靜郭君乎？”劑貌辨答曰：“敬諾。”靜郭君來，衣威王之服，冠其冠(《齊策》作“衣威王之衣冠”)，帶其劍(《齊策》“帶”作“舞”，姚注，“舞，劉作帶。”朱起鳳曰：“帶字形與舞近，因訛為舞”)。宣王自迎靜郭君於郊，望之而泣。靜郭君至，因請相之。靜郭君辭，不得已而受。十日(《齊策》“十”作“七”)，謝病強辭，三日而聽。(《呂氏春秋·知士》，《齊策一》第五章大體相同，僅字略有不同)
前321,321,周顯王四十八年（西元前三二一年）,38,考案,齊、吳,,,案：劑貌辨，《齊策》作齊昆辨，《漢書·古今人表》作昆辨，《元和姓纂》有昆姓，雲：“齊有昆弁，見《戰國策》。”《廣韻》“昆”字下注雲：“《戰國策》有齊賢者昆辨。”是齊為國籍。若齊為國籍，則不應全文上下皆以齊昆辨或劑貌辨連稱。顏師古注《古今人表》引《呂氏春秋》作“劇貌辨”，吳師道校《戰國策》雲：“姚雲《古今人表》作昆辨，師古引此。按一本標雲：《修文御覽》、《北堂書鈔》同《呂覽》作劇貌辨。”是以原本作“劇”，梁玉繩《古今人表考》雲：“《知士》作劑貌辨，蓋亦誤劇為劑。《齊策》吳注、《修文御覽》、《北堂書鈔》與師古引《呂覽》合也。”據此，《呂氏春秋》原作“劇貌辨”，是以劇為姓。
前321,321,周顯王四十八年（西元前三二一年）,39,考案,秦、齊、楚、魏,齊威王、齊湣王、楚懷王,伐、攻,又案：前兩年，楚使昭陽攻魏，破之於襄陵，得八邑，又移兵而攻齊。上年齊威王封田嬰于薛，楚懷王大怒而將伐齊。是時所謂“昭陽請以數倍之地易薛”，蓋一時事。[齊湣王]四年（當作齊威王三十七年）迎婦于秦。（《田世家》，《六國表》同）
前321,321,周顯王四十八年（西元前三二一年）,40,史料,秦,,,秦惠文王更元五年王北遊戎地，至河上。（《六國表》，《秦本紀》作“王遊至北河”）
前321,321,周顯王四十八年（西元前三二一年）,41,考案,秦,,,案：《秦本紀·集解》引徐廣曰：“戎地在河上。”《正義》曰：“按王遊觀北河，至靈、夏州之黃河也。”是時秦與戎和好，秦王因得遊戎地北上直至河套之北河。
前321,321,周顯王四十八年（西元前三二一年）,42,史料,秦、周,,稱王,王五年（指秦惠文王稱王更元五年）上郡疾造，高奴工甖。（五年上郡疾戈銘，見《人文雜誌》一九六〇年第三期周萼生《王五年上郡疾殘戟戈》，此戈現藏陝西省博物館）
前321,321,周顯王四十八年（西元前三二一年）,43,考案,秦、趙、魏、周,張儀、秦昭王,攻、稱王、取,案：另有“王六年上郡守疾之造”戈，與“王七年上郡守疾之造”戈，可知此戈“上郡”下省去“守”字。余於一九四七年所作《上郡守疾戈考釋》，考定“王六年”指秦惠文王稱王更元六年，上郡守疾即惠文王異母弟樗裡疾。秦惠文王十年魏盡獻上郡十五縣于秦，秦從此據有上郡，上郡成為秦向北開拓與防守之重要地區。秦惠文王后元元年張儀為將，攻取魏陝而築上郡塞。後元五年“王北遊戎地，至河上”，即從上郡出發。由於秦王重視上郡，以親屬而號稱“智囊”之樗裡疾為上郡守。樗裡疾以庶長而為上郡守。至秦武王二年升為右丞相。高奴為上郡屬縣，在今陝西延安東北，當時秦之上郡治當在高奴。《水經·河水注》稱“奢延水又東，徑膚施縣南，秦昭王三年置上郡治”。“三”上當脫“十”字，說在周赧王二十一年案語中。此時膚施尚為趙地，未為秦所有。
前321,321,周顯王四十八年（西元前三二一年）,44,史料,齊、趙、周,趙武靈王,,[趙武靈王]六年安平守畋疾、左庫工師戢澌、冶余執齊。(六年安平守劍刻銘，上海博物館藏，《商周青銅器銘文選》第四冊著錄)
前321,321,周顯王四十八年（西元前三二一年）,45,考案,齊、燕、趙、晉、中山,趙武靈王,攻、殺,案：此劍銘為三晉式，“執齊”（“齊”讀作“劑”）一辭，常見趙兵器刻銘。馬承源定為趙器，甚是。安平在今河北安平縣，因地與中山、燕、齊相鄰，設郡防守。《趙世家》載武靈王十九年推廣胡服，王謂公子成曰：“吾國東有河、薄洛之水，與齊、中山同之。”《集解》引徐廣曰：“安平經縣西有漳水，津名薄洛津。”《正義》曰：“安平屬定州。”安平正當河水之西，趙設郡防守，當在趙武靈王六年或稍前。此後趙惠文王四年公子成因與李兌攻殺公子章與田不禮，於是公子成為相，號安平君，安平成為公子成封邑。
前321,321,周顯王四十八年（西元前三二一年）,46,史料,楚,,,☐客監固逅楚（包山楚墓出土竹簡）。
前321,321,周顯王四十八年（西元前三二一年）,47,考案,楚,楚懷王,,案：包山楚墓出土竹簡，有“□客監固追楚之歲”，指楚懷王十年。按楚官方習俗，以上一年大事紀年，此事當在楚懷王九年（西元前三二〇年）。
前321,321,周顯王四十八年（西元前三二一年）,48,史料,,,取,孟子見梁惠王。王曰：“叟不遠千里而來，亦將有以利吾國乎？”孟子對曰：“王何必曰利？亦有仁義而已矣！王曰：何以利吾國，大夫曰何以利吾家，士庶人曰何以利吾身。上下交征利，而國危矣。萬乘之國，弑其君者，必千乘之家；千乘之國，弑其君者，必百乘之家。萬取千焉，千取百焉，不為不多矣，苟為後義而先利，不奪不饜。未有仁而遺其親者也，未有義而後其君者也。王亦曰仁義而已矣！何必曰利？”(《孟子·梁惠王上》)
前321,321,周顯王四十八年（西元前三二一年）,49,史料,,,攻、立,孟子見梁惠王，王立於沼上，顧鴻雁麋鹿，曰：“賢者亦樂此乎？”孟子對曰：“賢者而後樂此，不賢者雖有此不樂也。詩雲：‘經始靈台，經之營之，庶民攻之，不日成之。經始勿亟，庶民子來，王在靈囿，麀鹿攸伏，麀鹿濯濯，白鳥鶴鶴，王在靈沼，於徹魚躍。’文王以民力為台為沼，而民歡樂之，謂其台曰靈台；謂其沼曰靈沼，樂其有麋鹿魚鱉。古之人與民偕樂，故能樂也。湯誓曰：‘時日害喪，予及女偕亡。’民欲與之偕亡，雖有台池鳥獸，豈能獨樂哉？”(《孟子·梁惠王上》)
前321,321,周顯王四十八年（西元前三二一年）,50,史料,,,殺,梁惠王曰：“寡人之于國也，盡心焉耳矣，河內凶，則移其民於河東，移其粟於河內。河東凶亦然。察鄰國之政，無如寡人之用心者，鄰國之民不加少，寡人之民不加多，何也？”孟子對曰：“王好戰，請以戰喻：填然鼓之，兵刃既接，棄甲曳兵而走，或百步而後止，或五十步而後止，以五十步笑百步，則何如？”曰：“不可。直不百步耳，是亦走也。”曰：“王如知此，則無望民之多於鄰國也。不違農時，穀不可勝食也；數罟不入洿池，魚鱉不可勝食也；斧斤以時入山林，材木不可勝用也，穀與魚鱉不可勝食，材木不可勝用，是使民養生喪死無憾也。養生喪死無憾，王道之始也。五畝之宅，樹之以桑，五十者可以衣帛矣。雞豕狗彘之畜，無失其時，七十者可以食肉矣。百畝之田，勿奪其時，數口之家，可以無饑矣。謹庠序之教，申之以孝悌之義，頒白者不負戴于道路矣。七十者衣帛食肉，黎民不饑不寒，然而不王者，未之有也。狗彘食人食而不知檢，塗有餓莩而不知發，人死則曰非我也，歲也；是何異於刺人而殺之，曰非我也，兵也。王無罪歲，斯天下之民至焉。”（《孟子·梁惠王上》）
前321,321,周顯王四十八年（西元前三二一年）,51,史料,,,殺,梁惠王曰：“寡人願安承教。”孟子對曰：“殺人以梃與刃，有以異乎？”曰：“無以異也。”“以刃與政，有以異乎？”曰“無以異也。”曰：“庖有肥肉，廄有肥馬，民有饑色，野有餓莩，此率獸而食人也。獸相食，人且惡之；為民父母，行政，不免於率獸而食人，惡在其為民父母也？仲尼曰：‘始作俑者，其無後乎！’為其象人而用之也，如之何其使斯民饑而死也。”(《孟子·梁惠王上》)
前321,321,周顯王四十八年（西元前三二一年）,52,史料,齊,齊宣王,,孟軻，騶人也。受業子思之門人。道既通，游事齊宣王，宣王不能用。適梁，梁惠王不果所言，則見以為迂遠而闊於事情。（《孟子荀卿列傳》）
前321,321,周顯王四十八年（西元前三二一年）,53,考案,齊、韓、趙、代,孔子、齊宣王,卒,案：《漢書·藝文志》雲：“孟子，子思弟子。”趙岐《孟子題辭》：“師事孔子之孫子思。”（《風俗通·窮通》篇亦謂“孟軻受業於子思”)《孔叢子》等書更載子思與孟子問答，於是韓愈以下，直到清代毛奇齡等人，皆以為孟子學於子思。然細考之，知其不然。自孔子卒，至齊宣王元年，凡一百五十年，孔子卒時，子思為喪主，其時當已年長。子思年壽，《史記》謂六十二，後人有以為六十二或八十二之誤。即使子思年歲八十二，孟子亦不及以為師。孟子自稱“予未得為孔子徒也，予私淑諸人也”，自當以“受業於子思之門人”為是。
前321,321,周顯王四十八年（西元前三二一年）,54,考案,齊、趙、代,齊宣王,,又案：孟子遊歷，《孟子列傳》稱先齊後樑，趙岐《孟子注》、《風俗通·窮通》篇並同。然而與事實不合。《資治通鑒》改為先游梁繼仕齊，甚是。孫奕《示兒編》曰：“七篇之書，以梁惠王冠首，以齊宣王之問繼其後，則先後有序可見矣。”崔述《孟子事實錄》亦雲：“《孟子·梁惠王》皆以時之先後為序，而至梁在篇首，見襄王后乃次之以齊宣，則是見梁惠在先，見齊宣在後也。”清代學者，自顧炎武《日知錄》以下，考孟子遊歷事實，甚為詳確。
前321,321,周顯王四十八年（西元前三二一年）,55,史料,秦、齊、楚、晉,,,梁惠王曰：“晉國天下莫強焉，叟之所知也，及寡人之身，東敗于齊，長子死焉；西喪地于秦七百里，南辱于楚，寡人恥之，願比死者一灑之，如之何則可？”孟子對曰：“地方百里而可以王。王如施仁政於民，省刑罰，薄稅斂，深耕易耨，壯者以暇日，修其孝悌忠信，入以事其父兄，出以事其長上，可使制梃，以撻秦楚之堅甲利兵矣。彼奪其民時，使不得耕耨，以養其父母。父母凍餓，兄弟妻子離散，彼陷溺其民，王往而征之，夫誰與王敵？故曰：仁者無敵，王請勿疑。”(《孟子·梁惠王上》)
前321,321,周顯王四十八年（西元前三二一年）,56,考案,秦、齊、楚、魏、周,齊宣王、魏惠王,卒、會,案：《魏世家》雲：“[魏惠王]三十五年……惠王數被於軍旅，卑禮厚幣，以招賢者，鄒衍、淳于髡、孟軻皆至梁。”崔述《孟子事實錄》雲：“《史記》梁予秦河西地，在襄王五年，盡入上郡于秦，在襄王七年，楚敗魏襄陵，在襄王十二年，皆惠王身後事。而惠王之告孟子乃雲：西喪地于秦七百里，南辱于楚，未來之事，惠王何由預知之而預言之乎？按杜預《左傳後序》雲：“古書《紀年》篇惠王三十六年改元從一年始，至十六年而稱惠成王卒，即惠王也。疑《史記》誤分惠成之世以為後王年也。”然則《史記》所稱會徐州相王者即惠王，非襄王矣；所稱襄王之元年即惠王之後元年，而予河西、入上郡、敗於襄陵皆惠王時事……然則孟子之至梁不在惠王三十五年，而在後元十二年襄陵既敗之後，則孟子與惠王之所雲者，無一語不符矣。孟子與齊宣王問答甚多，而與梁惠殊少，在梁亦無他事，則孟子居梁蓋不久，然猶及見襄王而後去。則孟子之至梁，當在惠王之卒前一二年。于《年表》則周慎靚王之元年、二年也。”崔說甚是。孟子至梁，當在梁惠後元十五年，《史記》誤以惠王改元後之年以為襄王之世，因系孟子至梁在梁惠之三十五年耳。
前321,321,周顯王四十八年（西元前三二一年）,57,考案,秦、齊,張儀,圍、連橫、取、殺,又案：梁惠王在位五十餘年之久，梁之國勢正由盛而衰，孟子評其“好戰”，謂“梁惠王以土地之故，糜爛其民而戰之，大敗，將複之，恐不能勝，故驅其所愛子弟以殉之。”(《孟子·盡心下》)《呂氏春秋·不屈》亦謂：“當惠王之時，五十戰而二十敗，所殺者不可勝數，大將愛子有禽者也。”又謂“圍邯鄲三年而弗能取，士民罷潞，國家空虛”。所謂大將愛子有擒者，先則馬陵之戰為齊大敗，大將龐涓及太子申被擒。後則龍賈之戰為秦大敗，大將龍賈被擒，於是失去河西、上郡，不得不接受張儀連橫之策略，而以張儀為相。從此梁之國勢衰落。
前321,321,周顯王四十八年（西元前三二一年）,58,史料,韓、魏,魏惠王,,魏惠王謂卜皮曰：“子聞寡人之聲聞亦何如焉？”對曰：“臣聞王之慈惠也。”王欣然喜曰：“然則功且安至？”對曰：“王之功至於亡。”王曰：“慈惠行善也，行之而亡，何也？”卜皮對曰：“夫慈者不忍，而惠者好與也，不忍則不誅有過，好予則不待有功而賞。有過不罪，無功受賞，雖亡不亦可乎？”（《韓非子·內儲說上》）
前321,321,周顯王四十八年（西元前三二一年）,59,史料,韓,,,卜皮為縣令，其禦史汙沔而有愛妾，卜皮乃使少庶子佯愛之，以知禦史陰情。（《韓非子·內儲說上》）
前319,319,周慎靚王二年（西元前三一九年）,1,史料,秦、齊、楚、燕、韓、趙、魏,齊宣王、趙武靈王、魏惠王、楚懷王,,秦惠文王更元六年，魏惠王后元十六年，韓宣惠王十四年，趙武靈王七年，齊宣王元年，楚懷王十年，燕王噲二年。
前319,319,周慎靚王二年（西元前三一九年）,2,史料,秦、齊、楚、燕、趙、魏,張儀,,陳軫為秦使于齊，過魏，求見犀首，犀首謝陳軫。陳軫曰：“軫之所以來者事也，公不見軫，軫且行，不得待異日矣。”犀首乃見之。陳軫曰：“公惡事乎？何為飲食而無事？”犀首曰：“衍不肖，不能得事焉，何敢惡事？”陳軫曰：“請移天下之事於公。”犀首曰：“奈何？”陳軫曰：“魏王使李從以車百乘使于楚，公可以居其中而疑之。公謂魏王曰：‘臣與燕、趙故矣，數令人召臣也，曰：無事必來，今臣無事，請謁而往，無久。’旬五之期，王必無辭以止公。公得行，因自言於廷曰：臣急使燕、趙，急約車為行具。”犀首曰：“諾。”謁魏王，王許之，即明言使燕、趙。諸侯客聞之皆使人告其王曰：“李從以車百乘使楚，犀首又以車三十乘使燕、趙。”齊王聞之，恐後天下得魏，以事屬犀首，犀首受齊事。魏王止其行使，燕、趙聞之，亦以事屬犀首。楚王聞之曰：“李從約寡人，今燕、齊、趙皆以事因犀首。犀首必欲寡人，寡人欲之。”乃信李從而以事因犀首，魏王曰：“所以不使犀首者，以為不可，今四國屬以事，寡人亦以事因焉。”犀首遂主天下之事，複相魏。（《魏策一》第十四章，《張儀列傳》附《陳軫傳》有大體相同之記載）
前319,319,周慎靚王二年（西元前三一九年）,3,史料,秦、齊、楚、燕、趙,張儀,奔,陳軫奔楚。楚未之重也，而使陳軫使于秦。過梁，欲見犀首，犀首謝弗見。軫曰：“吾為事來，公不見軫，軫將行，不得待異日。”犀首見之。陳軫曰：“公何好飲也？”犀首曰：“無事也。”曰：“吾請令公厭事可乎？”曰：“奈何？”曰：“田需約諸侯從親，楚王疑之，未信也。公謂于王曰：‘臣與燕、趙之王有故，數使人來，曰：無事何不相見，願謁行于王。’王雖許公，公請毋多車，以車三十乘，可陳之於庭，明言之燕、趙。”燕、趙客聞之，馳車告其王，使人仰犀首。楚王聞之大怒，曰：“田需與寡人約，而犀首之燕、趙，是欺我也。”怒而不聽其事。齊聞犀首之北，使人以事委焉，犀首遂行，三國相事皆斷於犀首。（《張儀列傳》附《陳軫傳》）
前319,319,周慎靚王二年（西元前三一九年）,4,考案,楚、魏,張儀,,案：以上兩則為一事之兩傳。《魏策》言魏使李從于楚，而《張儀列傳》則言魏使田靄與楚王約。《索隱》雲：“靄時為魏相也。”
前319,319,周慎靚王二年（西元前三一九年）,5,史料,楚、魏,張儀,,楚王逐張儀于魏。陳軫曰：“王何逐張子？”曰：“為臣不忠不信。”曰：“不忠，王無以為臣；不信，王勿與為約。且魏臣不忠不信，于王何傷？忠且信，于王無益，逐而聽則可，若不聽，是王令困也，且使萬乘之國免其相，是城下之事也。”(《楚策三》第三章)
前319,319,周慎靚王二年（西元前三一九年）,6,史料,秦、齊、韓、魏,,,以張子之強，有秦、韓之重，齊王惡之，而魏王不敢據也。（《魏策三》第十一章魏太子謂樓虜語）
前319,319,周慎靚王二年（西元前三一九年）,7,史料,秦、韓、魏,張儀,攻,魏王相張儀(“相”上原衍“將”字，從《張儀列傳》附《犀首傳》刪)，犀首弗利，故令人謂韓公叔曰：“張儀以合秦、魏矣（姚注：“以一作已”，鮑本作“已”，《張儀列傳》亦作“已”），其言曰：‘魏攻南陽，秦攻三川，韓氏必亡。’（《張儀列傳》無“韓氏必亡”）且魏所以貴張子者（《張儀列傳》無“且”字），欲得地（《張儀列傳》“地”上有“韓”字），則韓之南陽舉矣（《張儀列傳》“則”作“且”，“舉”上有“已”字）。子盍少委焉以為衍功（《張儀列傳》“盍”作“何不”），則秦、魏之交可廢矣（《張儀列傳》“廢”作“錯”），如此則魏必圖秦而棄儀，收韓而相衍。”公叔以為信（《張儀列傳》“信”作“便”），因委之犀首以為功。果相魏。（《魏策一》第二十一章，《張儀列傳》附《犀首傳》同，“果相魏”下有“張儀去”一句）
前319,319,周慎靚王二年（西元前三一九年）,8,考案,秦、齊、楚、韓、趙、魏,張儀、魏惠王,伐、攻、卒、立,案：《魏世家》雲：“哀王立，張儀複歸秦。”《張儀列傳》又雲：“哀王立，張儀複說哀王，哀王不聽，於是張儀陰令秦伐魏。魏與秦戰，敗。明年……秦複欲攻魏，先敗韓申差軍，斬首八萬，諸侯震恐，而張儀複說魏王……哀王於是乃倍從約而因儀請成于秦。張儀歸，複相秦。”《史記》所謂哀王，當即襄王。《魏世家》謂張儀歸秦再為秦相，在哀王立後，而《張儀列傳》則謂在襄王二年秦敗韓申差軍之後，《六國表》亦謂秦惠文王更元八年，即魏襄王二年，“與韓、趙戰，斬首八萬，張儀複相”。然考《呂氏春秋·開春》篇及《魏策二》，記魏惠王死，葬有日矣，天大雨雪，群臣諫太子弛期更日，勿聽。以告犀首，犀首請告惠子，惠子見太子，乃弛期更擇日。事在惠王卒歲之冬，觀乎群臣以告犀首，犀首請告惠施，知其時犀首已為魏廷領袖，張儀當已離去。蓋是時犀首已為東方諸國所擁立為魏相而逐張儀。《魏策三》魏太子所謂“齊王惡之，而魏王不敢據也”。《楚策三》所謂“楚王逐張儀于魏”。
前319,319,周慎靚王二年（西元前三一九年）,9,史料,秦、楚、晉、周,張儀、秦惠王,伐、取,田莘之為陳軫說秦惠王曰：“臣恐王之如郭君（“郭”讀作“虢”）。夫晉獻公欲伐郭，而憚舟之僑存，荀息曰：《周書》有言，美女破後”（“後”原作“舌”，此語見《逸周書·武稱》，從王念孫、段玉裁改正），乃遺之女樂，以亂其政。”舟之僑諫而不聽，遂去。因而伐郭，遂破之。又欲伐虞而憚宮之奇存。荀息曰：“《周書》有言，美男破老。”乃遺之美男，教之惡宮之奇。宮之奇以諫而不聽，遂亡，因而伐虞，遂取之。今秦自以為王，能害王者之國者（“王者”，姚注：“一本無者字”），楚也。楚知橫門君之善用兵（“橫”下原無“門”字，姚注：“一本有門字”，高誘注：“橫門君秦將。”今據以增補），與陳軫之智，故驕張儀以五國，來必惡是二人，願王勿聽也。”張儀果來辭，因言軫也。王怒而不聽。（《秦策一》第十一章）
前319,319,周慎靚王二年（西元前三一九年）,10,考案,秦、齊、楚、燕、韓、趙、魏、周,張儀,攻、合縱,案：“今秦自以為王”，指秦惠自稱為王，並自以為“王者”。金正煒曰：“王為王霸之王，《西周策》‘則秦孤而不王矣’，《秦王欲見頓弱章》‘橫成則秦帝，從成則楚王’，此即其義。王者，即孟子所謂五百年必有王者興是也”。是時韓、趙、魏、燕、齊合從而欲攻秦，名義以楚為從長，蓋陳軫遊說而促成之，於是公孫衍為魏相而主持其事，張儀見逐。此謂楚“驕張儀以五國”，當即五國合縱事。
前319,319,周慎靚王二年（西元前三一九年）,11,史料,秦,,稱王,王六年（指秦惠文王稱王改元六年）上郡守疾之造，□□□。（王六年上郡守疾戈刻銘，李泰棻《癡盦藏金》、梁上椿《岩窟吉金圖錄著錄》，傳為陝西出土）
前319,319,周慎靚王二年（西元前三一九年）,12,考案,秦、趙,,稱王,案：一九四七年餘作《上郡守疾戈考釋》（上海《中央日報》副刊《文物週刊》第三十三期）考定“王六年”為秦惠文王稱王改元六年，疾即樗裡疾。造下四字刻文模糊，當為製作地名及工師之名，近人有釋“造”下一字從“竹”從“盧”，讀作“膚”，謂即膚施，不確。此時膚施尚為趙地。
前319,319,周慎靚王二年（西元前三一九年）,13,史料,魏,魏惠王,卒,魏惠王三十六年改元從一年始，至十六年而稱惠王卒。（杜預《春秋經傳集解》引古書《紀年篇》）
前319,319,周慎靚王二年（西元前三一九年）,14,史料,魏,,,《紀年》起自黃帝，終於魏之今王。今王者，魏惠成王子……《世本》惠王生襄王而無哀王，然則今王者魏襄王也。（《魏世家·集解》引荀勗轉引和嶠之說）
前319,319,周慎靚王二年（西元前三一九年）,15,史料,魏,,,襄王名嗣。（《魏世家·索隱》引《世本》）
前319,319,周慎靚王二年（西元前三一九年）,16,史料,楚、魏,魏惠王,,魏惠王死，葬有日矣，天大雨雪，至於牛目（《魏策二》第六章此句下有“壞城郭，且為棧道而葬”二句）。群臣多諫于太子者，曰：“雪甚！如此而行葬（《魏策》“行葬”作“喪行”），民必甚疾之（《魏策》“疾”作“病”），官費又恐不給，請更弛期更日。”太子曰：“為人子者以民勞與官費用之故（《魏策》“者”作“而”），而不行先王之葬（《魏策》“葬”作“喪”），不義也。子勿複言。”群臣皆莫敢諫而以告犀首（《魏策》“莫敢諫”作“不敢言”）。犀首曰：“吾末有以言之（《魏策》“末”作“未”），是其唯惠公乎？”（《魏策》姚注：“一作薛公”，非是）請告惠公。惠公曰：“諾。”駕而見太子，曰：“葬有日矣。”太子曰：“然。”惠公曰：“昔王季曆葬於渦山之尾（《魏策》作楚山，《論衡·死偽》篇作滑山），欒水齧其墓（《魏策》“齧其”作“其齧”，姚注：“《後語》作蠻水。”），見棺之前和，文王曰：嘻！先君必欲一見群臣百姓也夫！故使欒水見之（“夫”原誤作“天”，今從王念孫、俞樾據《魏策》及《論衡》改正)，於是出而為之張朝（《魏策》作“張于朝”，姚注：“《後語》：張帳以朝”，鮑本無“於”字）。百姓皆見之，三日而後更葬，此文王之義也。今葬有日矣，而雪甚，及牛目，難以行，太子為及日之故，得無嫌於欲亟葬乎？（《魏策》“無”作“毋”）願太子易日（《魏策》“易”作“更”），先王必欲少留而撫社稷、安黔首也，故使雪甚，因弛期而更為日，此文王之義也。若此而不為（《魏策》“不”作“弗”），意者羞法文王也？”太子曰：“甚善！敬弛期，更擇葬日。”惠子不徒行說也，又令魏太子未葬其先君，而因有說文王之義（《魏策》“君”作“王”，“有”作“又”），說文王之義以示天下，豈小功也哉！（《呂氏春秋·開春篇》，《魏策二》第六章，《論衡·死偽》同）
前319,319,周慎靚王二年（西元前三一九年）,17,史料,,,卒、殺,孟子見梁襄王，出，語人曰：“望之不似人君，就之而不見有所畏焉，卒然問曰：‘天下惡乎定？’吾對曰：‘定於一。’孰能一之？’對曰：‘不嗜殺人者能一之。’孰能與之？’對曰：‘天下莫不與也，王知夫苗乎？七八月之間旱，則苗槁矣，天油然作雲，沛然下雨，則苗浡然興之矣。其如是，孰能禦之？今夫天下之人牧，未有不嗜殺人者也。如有不嗜殺人者，則天下之民，皆引領而望之矣。誠如是也，民歸之，由水之就下，沛然誰能禦之？”(《孟子·梁惠王上》)
前319,319,周慎靚王二年（西元前三一九年）,18,考案,,,立,案：孟子游梁，為時甚暫，梁惠王去世，襄王嗣位，一見印象不佳，即離去。《資治通鑒》記此于襄王初立之年，甚是。
前319,319,周慎靚王二年（西元前三一九年）,19,史料,秦,秦惠王,伐、取,[秦惠文王更元六年]秦伐義渠，取鬱郅。（《後漢書·西羌傳》原文謂在“義渠國亂，秦惠王遣庶長操將兵定之，義渠遂臣于秦”之“後八年”，以此推算知當在此年）
前319,319,周慎靚王二年（西元前三一九年）,20,考案,秦,,攻、取,案：鬱郅在今甘肅慶陽縣東，此乃首次為秦所攻取義渠之城。
前319,319,周慎靚王二年（西元前三一九年）,21,史料,楚,楚懷王,,楚懷王十年城廣陵。（《六國表》）
前319,319,周慎靚王二年（西元前三一九年）,22,考案,楚、越,,滅,案：廣陵在今江蘇揚州市西北，是時楚城廣陵，正謀滅亡越國。
前319,319,周慎靚王二年（西元前三一九年）,23,史料,楚、宋,,聘,宋客盛公翳聘于楚。（包山楚墓出土竹簡）
前319,319,周慎靚王二年（西元前三一九年）,24,考案,楚、宋,楚懷王,稱王、聘,案：包山楚墓出土竹簡，有“宋客盛公翏聘于楚之歲”，指楚懷王十一年。按楚官方習俗，以上一年之大事紀年，此事當在楚懷王十年（西元前三一九年）。此時宋君偃正欲稱王而推行“王政”，遣使聘于楚，蓋欲與楚修好。
前319,319,周慎靚王二年（西元前三一九年）,25,史料,齊、楚、魏,,,魏王令惠施之楚，令犀首之齊，鈞二子者乘數，鈞將測交也。楚王聞之，施因令人先之楚，言曰：“魏王令犀首之齊，惠施之楚，鈞二子者，將測交也。”楚王聞之，因郊迎惠施。（《魏策二》第九章）
前319,319,周慎靚王二年（西元前三一九年）,26,考案,魏、周,魏惠王,,案：顧觀光附此于周慎靚王三年。當為魏惠王末年之事。
前319,319,周慎靚王二年（西元前三一九年）,27,史料,,,,南方有倚人焉曰黃繚，問天地所以不墜、不陷、風雨雷霆之故。惠施不辭而應，不慮而對，遍為萬物說。（《莊子·天下》）
前319,319,周慎靚王二年（西元前三一九年）,28,考案,秦、齊、楚、魏、周,,,案：《釋文》雲：“倚本或作畸。”與“奇”字通用。郭慶藩《集釋》引徐廷槐曰：“《戰國策》載魏王使惠子于楚。楚中善辯者如黃繚輩爭為詰難。”錢穆《南方倚人黃繚考》雲：“是謂繚、施問答在惠子使楚時也。當時言南方率指荊楚。孟子曰：‘陳良楚產，北學於中國。’中國與楚南北對稱，黃亦楚姓。《通志·氏族略》：黃，嬴姓，陵終之後，受封于黃，子孫以國為氏。’余考春申君楚宗姓，而稱黃歇，則南人氏黃者不獨嬴姓矣。徐氏說或可信。”（《先秦諸子系年》第三五七頁）今案：《莊子·德充符》謂惠施以堅白鳴。《莊子·齊物論》又雲“惠施非所明而明之，故以堅白之昧終”。可知惠施所論，“遍為萬物說”，無非宇宙萬物構成之學說。《莊子·天下》謂惠施有十個論點，如“至大無外謂之大一，至小無內謂之小一”等等，皆探討宇宙萬物之原理。周慎靚王三年（西元前三一八年）
前319,319,周慎靚王二年（西元前三一九年）,29,史料,秦、齊、楚、燕、韓、趙、魏,齊宣王、趙武靈王、楚懷王,,秦惠文王更元七年，魏襄王元年，韓宣惠王十五年，趙武靈王八年，齊宣王二年，楚懷王十一年，燕王噲三年。
前319,319,周慎靚王二年（西元前三一九年）,30,史料,秦,,,秦惠文王更元七年五國共擊秦，不勝而還。（《六國表》）
前319,319,周慎靚王二年（西元前三一九年）,31,史料,秦、楚、燕、韓、趙、魏,,,魏、韓、趙、楚、燕擊秦不勝。（《六國表》）
前319,319,周慎靚王二年（西元前三一九年）,32,史料,秦、齊、燕、韓、趙、魏,,攻,[秦惠文王更元]七年韓、趙、魏、燕、齊帥匈奴共攻秦。（《秦本紀》）
前319,319,周慎靚王二年（西元前三一九年）,33,史料,秦、齊、楚,蘇秦、楚懷王,攻,[楚懷王]十一年蘇秦約從山東六國共攻秦，楚懷王為從長。至函谷關，秦出兵擊六國，六國兵皆引而歸，齊獨後。（《楚世家》）
前319,319,周慎靚王二年（西元前三一九年）,34,史料,秦、魏,,攻,[魏]哀王(當作襄王)元年五國共攻秦，不勝而去。(《魏世家》)
前319,319,周慎靚王二年（西元前三一九年）,35,史料,秦、韓、趙,趙武靈王,,[趙武靈王]八年韓擊秦，不勝而去。（《趙世家》）
前319,319,周慎靚王二年（西元前三一九年）,36,史料,秦、楚、燕、晉,,攻,燕噲三年與楚、三晉攻秦，不勝而還。（《燕世家》，《燕策一》第九章同）
前319,319,周慎靚王二年（西元前三一九年）,37,史料,秦、齊、楚、燕、韓、趙、魏、晉、吳,,伐、攻、立,秦伐魏，陳軫合三晉，而東謂齊王曰：“古之王者之伐也，欲以正天下而立功名，以為後世也，今齊、楚、燕、趙、韓、梁之遞甚也，不足以立功名，適足以強秦而自弱也，非山東之上計也。能危山東者強秦也，不憂強秦而遞相罷弱，而兩歸其國于秦，此臣之所以為山東之患，天下為秦相割，秦曾不出刀（“刀”原誤作“力”，吳師道雲：“力一作刀。”關修齡雲：“《戰國策纂》力作刀。”今據改）；天下為秦相烹，秦曾不出薪。何秦之智而山東之愚耶？願大王之察也。古之五帝、三王、五伯之伐也，伐不道者，今秦之伐天下不然，必欲反之，主必辱死，民必死虜，今韓、梁之目未嘗幹而齊民獨不也，非齊親而韓、梁疏也，齊遠秦而韓、梁近。今齊將近矣，今秦欲攻梁絳、安邑，秦得絳、安邑以東下河，必表裡河而東攻齊，舉齊屬之海，南面而孤楚、韓、梁，北向而孤燕、趙、齊，無所出其計矣。願王熟慮之。今三晉已合矣，複為兄弟，約而出銳師以戍梁絳、安邑，此萬世之計也，齊非急，以銳師合三晉，必有後憂。三晉合，秦必不敢攻梁，必南攻楚，楚、秦構難，三晉怒齊之不與己也，必東攻齊，此臣之所謂齊必有大憂，不如急以兵合于三晉。”齊王敬諾，果以兵合于三晉。（《齊策一》第十五章）
前319,319,周慎靚王二年（西元前三一九年）,38,考案,秦、楚、晉、周、吳,蘇秦、秦惠王、楚懷王,攻、合縱、會,案：鮑彪系此事于秦惠王后元七年、五國共攻秦之役。呂祖謙《大事記》附此于周顯王四十七年。吳師道又謂當在周赧王十六年，顧觀光從之。吳師道謂“慎靚王三年，五國合縱，實懷王為長，蘇秦之約，而無與於軫也”。其實，此役與蘇秦無關，《楚世家》誤以此後蘇秦合縱五國之事附會之。吳師道又謂此正楚懷王誘會武關之時，陳軫勸三晉移禍于楚，並無確據，不可信。當以鮑說為是。
前319,319,周慎靚王二年（西元前三一九年）,39,史料,秦、楚、韓、魏,,伐、攻,五國約而攻秦，楚王為從長，不能傷秦，兵罷而留于成皋。魏順謂市丘君曰（鮑本改“市”作“沛”。《孔叢子·論勢》篇作“市丘子》：“五國罷，必攻市丘以償兵費。君資臣，臣請君止天下之攻市丘。”市丘君曰：“善。”因遣之。魏順南見楚王，曰：“王約五國而西伐秦，不能傷秦，天下且以是輕王而重秦。故王胡不蔔交乎？”楚王曰：“奈何？”魏順曰：“天下罷，必攻市丘以償兵費。王令之勿攻市丘，五國重王，且聽王之言而不攻市丘；不重王，且反王之言而攻市丘，然則王之輕重必明矣。”故楚王蔔交而市丘存。（《韓策一》第十一章）
前319,319,周慎靚王二年（西元前三一九年）,40,考案,秦、楚、韓、魏、吳、鄭,楚懷王,伐、攻,案：鮑彪列此于韓釐王十年。《大事記》以此附于李克約五國伐秦之年。吳師道以為事在楚懷王十一年，韓宣惠王十五年，此懷王為縱長。當以吳師道之說為是。《孔叢子·論勢》篇以魏順之言為子順之言，其注謂此乃魏無忌率五國兵敗秦蒙恬時事，此作偽《孔叢子》者，誤為牽合，無當也。吳師道雲：“留成皋而將攻市丘，市丘必韓地。”顧觀光雲：“按《漢書·地理志》，故市屬河南，今鄭州西北。”
前319,319,周慎靚王二年（西元前三一九年）,41,史料,秦、楚、魏、晉、越,,伐、攻、救,五國伐秦，魏欲和，使惠施之楚。楚將入秦而使行和。杜赫謂昭陽曰：“凡為伐秦者，楚也。今施以魏來而公入于秦，是明楚之伐而信魏之和也。公不如無聽惠施，而陰使人以請聽秦。”（姚注：“聽，劉作德。”金正煒曰：“作德者是也，請亦當為講字之訛”）昭子曰：“善。”因謂惠施曰：“凡為攻秦者，魏也，今子從楚為和，楚得其利，魏受其怨；子歸，吾將使人因魏而和。”惠子反，魏王不說。杜赫謂昭陽曰：“魏為子先戰，折兵之半，謁病不聽，請和不得，魏折而入秦，子何以救之？東有越累，北無晉交，西未定于秦，是楚孤也，不如速和。”昭子曰：“善。”因令人謁和于魏。（《楚策三》第七章）
前319,319,周慎靚王二年（西元前三一九年）,42,考案,秦、楚、周、吳,,伐,案：吳師道曰：“凡為伐秦者，楚也，指為從長而言。”顧觀光亦以此事隸于周慎靚王三年。
前319,319,周慎靚王二年（西元前三一九年）,43,史料,秦、魏,張儀,伐、賂,義渠君之魏，公孫衍謂義渠君曰：“道遠，臣不得複過矣（金正煒雲：“過疑當作遇”）。請謁事情。”義渠君曰：“願聞之。”對曰：“中國無事于秦，則秦且燒炳君之國（“君”上原衍“獲”字，從《張儀列傳·索隱》所引刪去），中國為有事于秦，則秦且輕使重幣而事君之國也。”義渠君曰：“謹聞令。”居無幾何，五國伐秦。陳軫謂秦王曰：“義渠君者，蠻夷之賢君，王不如賂之以撫其心。”秦王曰：“善。”因以文繡千匹，好女百人，遺義渠君。義渠君致群臣而謀曰：“此乃公孫衍之所謂也。”因起兵襲秦，大敗秦人于李帛之下。（《秦策二》第四章，《張儀列傳》附《犀首傳》大略相同）
前319,319,周慎靚王二年（西元前三一九年）,44,史料,秦、魏,張儀,伐、會、賂,義渠君朝于魏。犀首聞張儀複相秦，害之。犀首乃謂義渠君曰：“道遠不得複過，請謁國事。”曰：“中國無事，秦得燒掇焚杅君之國，有事，秦將輕使重幣事君之國。”其後五國伐秦，會陳軫謂秦王曰：“義渠君者，蠻夷之賢君也，不如賂之以撫其志。”秦王曰：“善。”乃以文繡千純、婦女百人遺義渠君。義渠君致群臣而謀曰：“此公孫衍所謂邪？”乃起兵襲秦，大敗秦人李伯之下。（《張儀列傳》附《犀首傳》）
前319,319,周慎靚王二年（西元前三一九年）,45,考案,秦、齊、楚、韓、趙、魏,張儀、秦惠王,攻,案：《張儀列傳·索隱》雲：“按表秦惠王后元七年楚、魏、齊、韓、趙五國共攻秦，是其事也。”各家《戰國策》注皆從之。燒焫，顧炎武以為即“燒荒”。見《日知錄》卷二十九“燒荒”條。
前319,319,周慎靚王二年（西元前三一九年）,46,考案,秦、齊、楚、燕、韓、趙、魏、晉、中山,蘇秦、張儀、齊湣王、楚懷王,伐、攻、卒、連橫、盟、會、遷,又案：《楚世家》雲：“楚懷王十一年，蘇秦約從山東六國兵攻秦，楚懷王為從長，至函谷關，秦出兵擊六國，六國兵皆引不歸。”梁玉繩《史記志疑》雲：“是時蘇秦已死四年，約六國以伐秦者李兌也。《國策》甚明，此誤。《古史》及《西溪叢話》已糾之。”考蘇秦在齊湣王時用事，此時非已死，尚年幼也。此時約五國攻秦者，固非蘇秦，然亦非李兌。李兌用事于趙，已非趙惠文王時。然則此役五國攻秦，主其事者誰何？曰：犀首是也。上年《魏策一》稱燕、趙、齊、楚四國以事屬犀首而使犀首相魏。又稱韓公叔委之犀首以為功，犀首因相魏，而《張儀列傳》則謂燕、趙、齊、楚以事委犀首，“三國相事，皆斷於犀首”。又雲：“張儀已卒之後，犀首入相秦，嘗佩五國之相印，為約長。”《呂氏春秋·開春》高誘注亦雲：“犀首，魏人公孫衍也，佩五國相印，能合從連橫。”《史記志疑》論之曰：“繼張儀而為秦相者樗裡疾、甘茂、薛文、樓緩、魏冉，不聞公孫衍相秦之事……至所謂相五國者，即《陳軫傳》相三國事而誇大也。”餘謂犀首佩五國相印之說固為誇大，其嘗約縱五國以攻秦固為事實。上年既有四國以事屬犀首而犀首相魏事，此年即有五國攻秦之役，明五國攻秦乃犀首主其事，此其證一也。《秦本紀》謂是役匈奴亦與焉，所謂匈奴即指義渠之戎，《秦策二》《張儀列傳》謂義渠君至魏，因公孫衍說，于五國伐秦時大敗秦人于李帛之下，是五國伐秦，固公孫衍主其謀，此其證二也。公孫衍與張儀為政敵，公孫衍本為秦大良造，及張儀入秦用事而公孫衍去秦入魏為魏將，張儀為秦相與齊、楚大臣盟會于齧桑，而公孫衍約魏、趙、韓、燕、中山“五國相王”以相抗衡。張儀以秦勢合魏、韓而相魏，公孫衍仍為魏將。及上年，公孫衍以陳軫之謀略，得四國相屬而為魏相，張儀即去魏歸秦而仍為秦相。至此，公孫衍複有約五國攻秦之舉，仍由陳軫為之糾合，陳軫合三晉而東約齊王，亦得齊王許諾。公孫衍與張儀，一縱一橫，其聲勢皆足以傾動天下，此楚之縱橫家景春所以謂：“公孫衍、張儀豈不誠大丈夫哉！一怒而諸侯懼，安居而天下熄”（《孟子·滕文公下》，趙岐注：“景春，孟子時人，為從衡之術者”）。此其明證三也。後世策士，誤以公孫衍之事附諸蘇秦，即司馬遷所謂“然世言蘇秦多異，異時事有類之者皆附蘇秦”（《蘇秦列傳》太史公之言）。於是遂謂蘇秦與張儀同時，一縱一橫，蘇秦曾佩六國相印為縱長，並臆造許多蘇秦、張儀遊說之辭，作為縱橫家之榜樣，不知其全非情實也。
前319,319,周慎靚王二年（西元前三一九年）,47,考案,秦、齊、楚、燕、韓、趙、魏、晉,楚懷王,伐、攻,又案：《楚世家》謂山東六國共攻秦，楚懷王為從長，《秦本紀》則雲韓、趙、魏、燕、齊帥匈奴共攻秦，《六國表》作魏、韓、趙、楚、燕共擊秦，《燕策一》與《燕世家》又雲：“與楚、三晉攻秦。”而《趙世家》於次年雲：“與韓、魏共擊秦。”《韓策一》則雲：“五國約而攻秦，楚王為從長。”《楚策三》又謂“五國伐秦，魏欲和，使惠施之楚，楚將入之秦而使行和。”蓋此役由五國相約共攻秦，五國本三晉與燕、楚，《六國表》與《燕策》之說是也。五國推楚王為從長，《楚世家》與《韓策》之說亦是也。陳軫合三晉而東約齊王，齊王許諾，是齊亦允以兵合三晉抗秦而陰持兩端，此所以《楚世家》言山東六國共攻秦，《秦本紀》亦稱齊參與共攻秦，而《楚世家》又言“秦出兵擊六國，六國兵皆引而歸，齊獨後”。其實三晉先出戰，不勝，楚雖為從長，未嘗作為主力作戰，故杜赫謂昭陽曰：“魏為子戰，折兵之半。”因而“魏欲和”。《楚世家》謂山東六國共攻秦至函谷關，秦即出兵還擊，五國隨即退兵。《楚世家》謂“六國兵皆引而歸，齊獨後”。魏、趙、燕《世家》及《六國表》皆雲“不勝而還”。而秦即跟蹤追擊，出函谷關而長驅直入，於次年大敗三晉聯軍于修魚。
前319,319,周慎靚王二年（西元前三一九年）,48,史料,趙,趙武靈王,,[趙武靈王八年]五國相王，趙獨否，曰：“無其實，敢處其名乎！”令國人謂己曰君。（《趙世家》）
前319,319,周慎靚王二年（西元前三一九年）,49,考案,趙,趙武靈王,稱王、取,案：是年趙武靈王取消“五國相王”時所稱王號，並非是年有“五國相王”之事。
前319,319,周慎靚王二年（西元前三一九年）,50,史料,齊、宋,齊宣王、齊湣王,立,[宋]君偃十一年自立為王。[《宋世家》，《六國表》于齊湣王六年（當作齊宣王二年）記“宋自立為王”]
前319,319,周慎靚王二年（西元前三一九年）,51,考案,齊、宋,齊湣王,立、滅、殺,案：《索隱》雲：“《戰國策》、《呂氏春秋》皆以偃諡曰康王也。”《墨子·所染》、《呂氏春秋·當染》和《順說》、《戰國策·宋策》皆稱為宋康王。《荀子·王霸》又稱為宋獻，楊倞注：“國滅之後，其臣子各私為諡故不同。”《宋世家》謂王偃立四十七年為齊湣王所殺，而《六國表》雲偃立四十三年，《呂氏春秋·禁寒》高誘注亦雲在位四十七年，而《呂氏春秋·順說》高誘注又作四十五年。
前319,319,周慎靚王二年（西元前三一九年）,52,考案,秦、齊、楚、韓、趙、周、宋,,攻、卒、立、稱王、殺、奔,又案：《宋世家》雲：“辟公三年卒，子剔成立。剔成四十一年，剔成弟偃攻襲剔成。剔成奔齊，偃自立為君。君偃十一年自立為王。”《六國表》列辟西元年在周烈王四年（西元前三七二年），剔成年在周烈王七年（西元前三六九年），君偃元年在周顯王四十一年，宋自立為王在周慎靚王三年。考《史記》所謂辟公當為桓侯之誤，據《紀年》剔成肝廢其君璧（即桓侯）而自立。桓公立于周顯王六年，剔成肝即司城子罕，殺桓侯而自立當在周顯王十四年或稍後，已辨在周顯王六年與十四年案語中。若君偃元年在周顯王四十一年，則剔成肝在位不過二十七年，非四十一年。錢穆《先秦諸子系年》“疑四十一年乃桓侯在位之年”，“而剔成則在位三年不壽早死，故其弟偃嗣位尚年少”。因而定偃元年在周顯王三十一年，宋偃稱王為周顯王四十一年而非周慎靚王三年。其說全出推論，並無確據。《宋策》第五章載：“謂大尹曰：君曰長矣，自知政，則公無事。公不如令楚賀君之孝，則君不奪太后之事矣，則公常用宋矣。”《韓非子·說林下》有相同之記述，而作“白圭謂宋大尹”。錢穆據之謂：“白圭時宋君乃偃，初立年少，故太后、大尹主政用事，而偃已務名，長而好行仁政，有以也。”並謂“大尹殆宋君之庶兄”。甚至謂：與孟子問答交際之戴不勝“豈即《宋策》之大尹乎？”(《先秦諸子系年》第二七五頁)考《左傳》哀公二十六年載宋“六卿三族降聽政，因大尹以達。”杜注：“大尹，近官有寵者。”顧棟高《春秋大事表》雲：“當亦奄寺之流。”其說可信。蓋即《月令》之奄尹也。觀乎白圭謂大尹之言，大尹依仗太后用事，知大尹固為奄寺之長無疑，猶趙之宦者令。戴不勝恐非其儔，更未必為宋君之庶兄。
前319,319,周慎靚王二年（西元前三一九年）,53,考案,齊、楚、魏、宋,,取,又案：《宋世家》謂君偃“東敗齊，取五城，南敗楚，取地三百里，西敗魏軍，乃與齊、魏為敵國，盛血以韋囊，縣而射之，命曰射天。淫於酒、婦人，群臣諫者輒射之。於是諸侯皆曰桀宋，宋其複為紂所為，不可不誅”。考之史策，君偃並無敗齊、楚、魏等國之事。射天，淫於酒、婦人等，無非誣衊之辭。《宋策》第八章、《新序·雜事四》亦謂宋康王“欲霸之亟成，故射天笞地”。古書中所述宋王偃之荒唐行為，幾乎與商紂之傳說全同，全出於後人之誤為牽合。詳顧頡剛《宋王偃的紹述先德》（見《語絲》第六期及《古史辨》第二冊）。
前319,319,周慎靚王二年（西元前三一九年）,54,史料,齊、楚、周、宋,,伐、救、取、殺,萬章問曰：“宋小國也，今將行王政，齊楚惡而伐之，則如之何？”孟子曰：“湯居亳，與葛為鄰，葛伯放而不祀，湯使人問之曰：‘何為不祀？’曰：‘無以供犧牲也。’湯使遺之牛羊，葛伯食之，又不以祀。湯又使人問之曰：‘何為不祀？’曰：‘無以供粢盛也。’湯使亳眾，往為之耕，老弱饋食，葛伯率其民，要其有酒食、黍稻者奪之，不授者殺之，有童子以黍肉餉，殺而奪之。書曰：‘葛伯仇餉’，此之謂也。為其殺是童子而征之，四海之內皆曰非富天下也，為匹夫匹婦復仇也。湯始征，自葛載，十一征而無故於天下。東面而征，西夷怨；南面而征，北狄怨，曰：‘奚為我後？’民之望之，若大旱之望雨也。歸，市者弗止，芸者不變，誅其君，吊其民，如時雨降，民大悅。書曰：‘徯我後？後來其無罰！有攸不惟臣，東征，綏厥士女，篚厥玄黃，紹我周王見休，惟臣附于大邑周。’其君子實玄黃於篚，以迎其君子；其小人簞食壺漿，以迎其小人；救民於水火之中，取其殘而已矣。《太誓》曰：‘我武惟揚，侵於之疆，則取於殘，殺伐用張，于湯有光。’不行王政雲爾；苟行王政，四海之內，皆舉首而望之，欲以為君，齊、楚雖大，何畏焉？”（《孟子·滕文公下》）
前319,319,周慎靚王二年（西元前三一九年）,55,史料,齊、楚、宋,,,孟子謂戴不勝曰：“子欲子之王之善之與？我明告子：有楚大夫于此，欲其子之齊語也，則使齊人傅諸？使楚人傅諸？”曰：“使齊人傅之。”曰：“一齊人傅之，眾楚人咻之，雖日撻而求其齊也，不可得矣；引而置之莊嶽之間數年，雖日撻而求其楚，亦不可得矣。子謂薛居州善士也，使之居於王所。在於王所者，長幼卑尊皆薛居州也，王誰與為不善？在王所者，長幼卑尊皆非薛居州也，王誰與為善？一薛居州，獨如宋王何？”（《孟子·滕文公下》）
前319,319,周慎靚王二年（西元前三一九年）,56,史料,,,,戴盈之曰：“什一，去關市之征，今茲未能，請輕之，以待來年，然後已，何如？”孟子曰：“今有人月攘其鄰之雞者，或告之曰：‘是非君子之道。’曰：‘請損之。月攘一雞，以待來年，然後已。’如知其非義，斯速已矣，何待來年？”(《孟子·滕文公下》)
前319,319,周慎靚王二年（西元前三一九年）,57,考案,秦、齊、楚、魏、周、宋、代,,伐、攻、救、連橫,案：崔述《孟子事實錄》謂孟子去齊以後居宋，萬章、盈之之問當在此時。孟子謂戴不勝曰：“子欲子之王之善與？”又曰：“一薛居州，獨如宋王何？”可知當時宋君偃已自稱為王。萬章問曰：“宋小國也，今將行王政，齊、楚惡而伐之，則如之何？”孟子以湯、武“救民於水火之中”答之，以為“苟行王政……齊、楚雖大何畏焉。”據此可知，宋君偃自稱為王，乃以“將行王政”相號召，與以前魏、齊、秦等大國自稱為王，欲小諸侯朝見，借此擴張聲勢與圖謀號令諸侯者不同。《孟子列傳》稱：“天下方務于合從連橫，以攻伐為賢，而孟軻乃述唐、虞三代之德，是以所如者不合。”孟子正周遊列國，遊說齊、梁等國君主，實行所謂“王政”，亦即“仁政”，主張減輕賦稅，“野九一而助，國中什一使自賦”，“去關市之征”等等。戴盈之謂孟子曰：“什一，去關市之征，今茲未能，請輕之，以待來年”，即針對孟子所欲推行之“王政”而言。可知宋君偃稱“王”而以“將行王政”相號召，正與孟子之意願相合。孟子嘗言“師文王，大國五年，小國七年，必為政於天下矣”。宋正以小國而“將行王政”相號召，孟子卻未見宋王而即離去，蓋王所少“善士”，即如孟子所言“一薛居州，獨如宋王何？”
前319,319,周慎靚王二年（西元前三一九年）,58,史料,秦,,,[秦惠文王更元]七年樂池相秦。（《秦本紀》）
前319,319,周慎靚王二年（西元前三一九年）,59,考案,,,會,案：《正義》雲：“樂音嶽。池，徒何反。裴氏音池也。”《史記會注考證》雲：“古鈔、南本‘池’作‘陀’，與《正義》合。”
前319,319,周慎靚王二年（西元前三一九年）,60,史料,秦,,稱王,王七年（指秦惠文王稱王改元七年）上郡守疾之造，□豊（《貞松堂集古遺文》著錄）
前319,319,周慎靚王二年（西元前三一九年）,61,考案,,,,案：“七”字，或釋為“十”。“疾”字或釋為“中”，因刻銘拓本不清，未能確定。姑記于七年。
前319,319,周慎靚王二年（西元前三一九年）,62,史料,秦、楚、燕、晉,,攻,燕噲三年與楚、三晉攻秦，不勝而還。子之相燕，貴重，主斷。……王因收印，自三百石吏而效之子之，子之南面行王事，而噲老不聽政，顧為臣，國事皆決子之。（《燕策一》第九章，《燕世家》同）
前319,319,周慎靚王二年（西元前三一九年）,63,考案,秦、齊、燕、趙、周,齊宣王、燕昭王、趙武靈王,立,案：《六國表》“燕王噲五年君讓其臣子之國，願為臣”。當周慎靚王五年。《趙世家》謂武靈王十年“齊破燕；燕相子之為君，君反為臣”。亦當周慎靚王五年。《趙世家》以燕相子之為君與齊破燕，在同年，不足信。《秦本紀》系燕“君讓其臣子之”于秦惠文王更元十一年，當周赧王元年，更誤後二年。《燕策一》稱燕噲三年讓國於子之，子之三年為齊所破，又二年而燕昭王立。而《趙世家》趙武靈王十一年趙召燕公子職而送立。趙武靈王十一年正當《六國表》王噲六年，亦即子之三年，正當《紀年》齊宣王五年。知《燕策一》之紀年，當本舊史，可信也。
前319,319,周慎靚王二年（西元前三一九年）,64,史料,燕、韓,,,燕君子噲，邵公奭之後也，地方數千里（當作數百里），持戟數十萬，不安子女之樂，不聽鐘石之聲，內不湮汙池台榭，外不罼弋田獵，又親操耒耨，以修畎畝。子噲之苦身以憂民，如此其甚也，雖古之所謂聖王明君者，其勤身而憂世，不甚於此矣。然而子噲身死國亡，奪於子之，而天下笑之。此其故何也？不明乎所以任臣也。（《韓非子·說疑》）
前319,319,周慎靚王二年（西元前三一九年）,65,考案,燕,,,案：據此，燕君子噲“苦身以憂民，如此其甚也”，足見其實行禪讓，確是欲學“聖王明君”之“勤身而憂世”，具有政治改革之目的。
前319,319,周慎靚王二年（西元前三一九年）,66,史料,燕、韓,,,子之相燕，坐而佯言，曰：“走出門者何白馬也？”左右皆言不見，有一人走追之，報曰有。子之以此知左右之不誠信（《韓非子·內儲說上》）。
前319,319,周慎靚王二年（西元前三一九年）,67,史料,秦、齊、燕、韓、代,,救,子之相燕，貴而主斷，蘇代為齊使燕，王問之曰：“齊王亦何如主也？”對曰：“必不霸矣。”燕王曰：“何也？”對曰：“昔桓公之霸也，內事屬鮑叔，外事屬管仲，桓公被發而禦婦人，日游於市，今齊王不信其大臣。”於是燕王因益大信子之。子之聞之，使人遺蘇代金百鎰，而聽其所使。一曰：蘇代為秦使燕，見無益子之，則必不得事而還，貢賜又不出，於是見燕王，乃譽齊王。燕王曰：“齊王何若是之賢也，則將必王乎？”蘇代曰：“救亡不暇，安得王哉？”燕王曰：“何也？”曰：“其任所愛不均。”燕王曰：“其亡何也？”曰：“昔者齊桓公愛管仲，置以為仲父，內事理焉，外事斷焉，舉國而歸之，故一匡天下，九合諸侯。今齊任所愛不均，是以知其亡也。”燕王曰：“今吾任子之，天下未之聞也。”於是明日張朝而聽子之。（《韓非子·外儲說右下》，《燕策一》第九章首段與此同。《燕世家》同于《燕策一》）
前319,319,周慎靚王二年（西元前三一九年）,68,史料,秦、齊、燕、代,蘇秦、齊宣王,,子之相燕，貴重，主斷。蘇代為齊使于燕，燕王問之曰：“齊宣王何如？”（《燕世家》作“齊王奚如？”）對曰：“必不霸。”燕王曰：“何也？”對曰：“不信其臣。”蘇代欲以激燕王以厚任子之也（《燕世家》“厚任”作“尊”），於是燕王大信子之。子之因遺蘇代百金，聽其所使。（《燕策一》第九章首段，《燕世家》同。《蘇秦列傳》亦謂：“齊使代報燕，燕王噲問曰：‘齊王其霸乎？’曰：‘不能。’曰：‘何也？’曰：‘不信其臣。’於是燕王專任子之，已而讓位，燕大亂。”）
前319,319,周慎靚王二年（西元前三一九年）,69,史料,燕、韓、趙,,攻、立、取、聘,潘壽謂燕王曰：“王不如以國讓子之，人所以謂堯賢者，以其讓天下于許由，許由必不受也，則是堯有讓許由之名，而實不失天下也。今王以國讓子之，子之必不受也，則是王有讓子之之名，而與堯同行也。”於是燕王因舉國而屬之，子之大重。一曰：潘壽闞者（乾道本作“闞”，趙用賢本作“隱”）。燕使人聘之，潘壽見燕王曰：“臣恐子之之如益也。”王曰：“何益哉？”對曰：“古者禹死，將傳天下於益，啟之人因相與攻益而立啟。今王信愛子之，將傳國子之，太子之人盡懷印，為子之之人，無一人在朝廷者。王不幸棄群臣，則子之亦益也。”王因收吏璽，自三百石以上皆效之子之，子之大重……一曰：燕王欲傳國於子之也，問于潘壽，對曰：“禹愛益而任天下於益，已而以啟人為吏，及老而以啟為不足任天下，故傳天下於益，而勢重盡在啟也。已而啟與友党攻益而奪之天下，是禹名傳天下於益而實令啟自取之也，此禹之不及堯舜明矣。今王欲傳之子之，而吏無非太子之人者也。是名傳之，而實令太子自取之也。”燕王乃收璽，自三百石以上皆效之子之，子之遂重。（《韓非子·外儲說右下》，《燕策一》第九章取首末兩說，而改末說潘壽之語為或人之語。《燕世家》從之。潘壽《燕策》、《燕世家》作鹿毛壽，《集解》徐廣曰：“一作厝毛”）
前319,319,周慎靚王二年（西元前三一九年）,70,史料,燕、韓,,攻、取,鹿毛壽謂燕王曰：“不如以國讓子之（《燕世家》“子之”上有“相”字)，人謂之堯賢者，以其讓天下于許由，由必不受，有讓天下之名，實不失天下。今王以國讓相子之，子之必不敢受，是王與堯同行也。”燕王因舉國屬子之（《燕世家》“舉國屬”作“屬國於”），子之大重。或曰：“禹授益（《燕世家》“授”作“薦”）而以啟為吏（鮑本“啟”下有“人”字，《燕世家》《韓非子》皆有“人”字。《燕世家》“而”上有“已”字，《韓非子》亦有“已”字）。及老而以啟為不足任天下（《燕世家》“啟”下衍“人”字），傳之益也。啟與支黨攻益而奪之天下（《支》《鮑本》作“友”，《韓非子》亦作“友”，《燕世家》作“交”，《資治通鑒》亦作“交”），是禹名傳天下（《燕世家》“是”作“天下謂”），其實令啟自取之（《燕世家》“其”作“已而”）。今王言屬國子之，而吏無非太子人者，是名屬子之而太子用事。”（《燕世家》“而”下有“實”字）。王因收印自三百石吏而效之子之（《燕世家》“吏”下有“已上”二字）。子之南面行王事，而噲老不聽政，顧為臣，國事皆決子之。（《燕策一》第九章，《燕世家》同）
前319,319,周慎靚王二年（西元前三一九年）,71,史料,燕、韓,,,燕子噲賢子之而非孫卿，故身死為僇。（《韓非子·難三》）
前319,319,周慎靚王二年（西元前三一九年）,72,考案,秦、齊、燕、韓、魏、代,魏惠王,伐、卒,案：禪讓之說，墨子始鼓吹之。墨子尚賢而鼓吹禪讓，謂“舜耕曆山，陶河濱，漁雷澤，堯得之服澤之陽，舉以為天子”(《墨子·尚賢中》)。戰國時代君王首先欲實行者，傳為魏惠王，惠王欲傳國于惠施，不為惠施所接受(《呂氏春秋·不屈》)。蓋惠王欲學堯“而傳之賢者”，而惠施欲學許由為“辭而賢者”。是時燕王噲效法堯，以子之為賢而以國讓子之，子之效法舜而南面行王事，燕王噲反為臣。當時孟子雖亦贊成堯、舜之禪讓，但聲稱“天子不能以天下與人”，舜有天下乃天與之，“天不言，以行與事示之而已矣。”(《孟子·萬章上》)當燕王噲禪讓子之後，齊大臣沈同問孟子“燕可伐與？”孟子曰：“可。子噲不得與人燕，子之不得受燕於子噲。”(《孟子·公孫醜下》)其後，荀子則明確反對禪讓，荀子曰：“堯、舜擅讓是虛言也；是淺者之傳，陋者之說也；不知逆順之理，小大至不至之變者也，未可與及天下之大理者也。”（《荀子·正論》）韓非稱“子噲賢子之而非孫卿”，孫卿即荀子。錢穆《荀子年十五之齊考》雲：“燕王讓國子之，為慎靚王五年（按當作三年），去威王之卒四年（當作二年），其時荀子至少亦當二十四五歲。”（《先秦諸子系年》第三三三至三三五頁）或者是時荀子在齊稷下已有反對堯、舜禪讓之說，因而燕王噲非之也。
前319,319,周慎靚王二年（西元前三一九年）,73,考案,齊、燕、韓、周、衛、宋、鄭,,攻、圍、卒、取、殺,又案：韓非稱：“子之相燕，貴重，主斷。”又稱子之坐而佯言“走出門者何白馬也”，“有一人追之，報曰有，以此知左右之不誠信”。此與韓昭侯用“術”監督考察臣下之事相同。韓非多處論及燕王噲尚賢而禪讓子之之事。如《二柄》雲：“子之托於賢以奪其君者也……其卒子噲以亂死。”《難四》又雲：“燕噲雖舉所賢，而同於用所愛。”《韓非子·說疑》又以燕子之與齊田恒、宋子罕、衛子南勁、鄭太宰欣、周單茶等八人並稱，謂“此九人者之為其臣也。皆朋黨比周以事其君，隱正道而行私曲，上逼君，下亂治，援外以撓內，親下以謀上，不難為也”。田恒等人皆是主張改革而奪取君權者。燕王噲以君權禪讓於子之，太子平、將軍市被因聚眾圍王宮，攻子之，不克。繼而百姓反攻，殺太子平與將軍市被。可知子之深得百姓擁戴者。
前319,319,周慎靚王二年（西元前三一九年）,74,史料,秦、燕、代,蘇秦,,蘇秦之在燕也，與其相子之為婚，而蘇代與子之交。（《燕策一》第九章）
前319,319,周慎靚王二年（西元前三一九年）,75,史料,齊、燕、代,,,燕相子之與蘇代婚，而欲得燕權。乃使蘇代持質子于齊。齊使代報燕，燕王噲問曰：“齊王其伯乎？”曰：“不能。”曰：“何也？”曰：“不信其臣。”於是燕王專任子之，已而讓位。（《燕策一》第十章）
前319,319,周慎靚王二年（西元前三一九年）,76,考案,秦、齊、楚、燕、趙、周、代,蘇秦、樂毅、齊宣王、燕昭王,伐、立、殺、奔,案：《燕策一》第九章雲：“燕王噲既立，蘇秦死于齊。蘇秦之在燕也，與其相子之為婚，而蘇代與子之交。及蘇秦死，而齊宣王複用蘇代。燕噲三年……蘇代為齊使于燕……蘇代欲以激燕王以厚任子之也。於是燕王大信子之，子之因遘蘇代百金，聽其所使。”《燕世家》同。而《燕策一》第十章又雲：“燕相子之與蘇代婚，而欲得燕權，乃使蘇代持質子于齊。齊使代報燕……於是燕王專任子之，已而讓位。燕大亂。齊伐燕，殺王噲、子之。燕立昭王，而蘇代、蘇厲遂不敢入燕，皆終歸齊，齊善待之。”《蘇秦列傳》同。以上兩策，或謂蘇秦與燕相子之為婚，或謂蘇代與燕相子之為婚，未知孰是。據此可知，當子之相燕時，蘇秦、蘇代已奔走遊說于齊、燕之間。《說苑·君道》謂燕昭王師事郭隗三年之後，“蘇子聞之，從周歸燕”。《說苑·尊賢》第五章亦謂：“燕昭王得郭隗，而鄒衍、樂毅以齊、趙至，蘇子、屈景以周、楚至。”皆不足信。此乃縱橫家為遊士張目而臆造者。
前319,319,周慎靚王二年（西元前三一九年）,77,考案,秦、齊、楚、燕、趙,蘇秦、張儀、樂毅、秦昭王、齊湣王、燕昭王,攻、立、合縱、連橫、遷、殺,又案：《燕策一》謂蘇秦死于燕王噲既立之後，《蘇秦列傳》謂蘇秦與燕易王之母私通，懼罪而走齊為客卿。燕王噲既立之後，蘇秦以為燕反間之罪而被殺于齊。其說皆不可信。蘇秦因為燕反間之罪而被殺，當在樂毅破齊之時；已是燕昭王二十八年、齊湣王末年。《張儀列傳》謂蘇秦死于秦惠文王更元十三年大敗楚于丹陽與藍田之後，亦不可信。司馬遷謂“世言蘇秦多異，異時事有類之者皆附之蘇秦”。司馬遷所作蘇秦、張儀列傳，以蘇秦與張儀同時，蘇秦主合縱，張儀主連橫，所載蘇、張遊說辭，皆本《國策》，其實正是以異時事附之蘇秦者，皆與史實不合，蓋後世縱橫家所偽託，前人已多揭發。錢穆《蘇秦考》雖已指出《蘇秦列傳》所載遊說辭皆出後人飾托，非實況，但仍信從蘇秦死于燕王噲既立之後之說。因而以為《國策》所載蘇秦得見齊湣王、孟嘗君、奉陽君，“此皆所謂異時事附之也”，是以“趙奉陽君主合從而造為蘇秦合從之說”(《先秦諸子系年》第二八五至二九四頁)。其實蘇秦正與奉陽君同時主謀合縱攻秦者。長沙馬王堆漢墓出土帛書《戰國縱橫家書》，可以作證。《戰國策》中，既有比較原始之蘇秦資料，又有後人杜撰之蘇秦長篇遊說辭。吾人拋棄杜撰之遊說辭，依據原始之蘇秦資料，亦足證明蘇秦主謀合縱攻秦當在齊湣王、秦昭王並稱東西帝之後，五 $ \underset{\cdot}{國} $合縱攻破齊國之前。
前319,319,周慎靚王二年（西元前三一九年）,78,史料,楚、周,,,東周之客嚳緄胙於栽郢（包山楚墓出土竹簡）。
前319,319,周慎靚王二年（西元前三一九年）,79,考案,楚、周,楚懷王,,案：包山楚墓出土竹簡，有“東周之客嘗絰胙於載郢之歲”，指楚懷王十二年。按楚官方習俗，以上一年大事紀年，此事當在楚懷王十一年(西元前三一八年)，載郢是楚五都之一，當時都城設有宗廟，“胙”是祭祀之肉，此時東周之君遣使到楚都，送宗廟祭肉，用以表示對楚王的尊重。
前317,317,周慎靚王四年（西元前三一七年）,1,史料,秦、齊、楚、燕、韓、趙、魏,齊宣王、趙武靈王、楚懷王,,秦惠文王更元八年，魏襄王二年，韓宣惠王十六年，趙武靈王九年，齊宣王三年，楚懷王十二年，燕王噲四年。
前317,317,周慎靚王四年（西元前三一七年）,2,史料,秦、齊、燕、韓、趙、魏、代,張儀,攻、圍,[秦惠文王更元八年]韓、趙、魏、燕、齊帥匈奴共攻秦，秦使庶長疾與戰修魚，虜其將申差，敗趙公子渴、韓太子奐，斬首八萬二千。（《秦本紀》，原系於“七年”下，《樗裡子列傳·索隱》引《秦本紀》“惠文王后元八年，五國共圍秦，使庶長疾與戰修魚，斬首八萬”。《秦本紀·正義》雲：“修魚，韓邑也。《年表》雲：秦敗我修魚，得韓將軍申差。”不言《秦本紀》與《六國表》年代有差異，可知今本《秦本紀》確有脫誤。原本當作“七年韓、趙、魏、燕、齊帥匈奴共攻秦。八年五國共攻秦，秦使庶長疾與戰修魚……”，中間脫“八年五國共攻秦”七字，下文“八年張儀複相秦”又誤衍“八年”二字。《六國表》作“與韓、趙戰，斬首八萬”)
前317,317,周慎靚王四年（西元前三一七年）,3,史料,秦、齊、韓、趙、魏,趙武靈王,,[趙武靈王]九年與韓、魏共擊秦，秦敗我，斬首八萬級。齊敗我觀澤。（《趙世家》，《六國表》作“與韓、魏擊秦，齊敗我觀澤”）[韓宣惠王]十六年秦敗我修魚，虜得韓將鰻、申差。（《韓世家》，《六國表》作“秦敗我修魚，得韓將軍申差”。《六國表》原脫“韓”字，據《秦本紀·正義》引《年表》補）
前317,317,周慎靚王四年（西元前三一七年）,4,考案,秦、韓、趙、魏、晉、衛,秦惠王,伐、攻、合縱、取,案：是年秦使庶長疾統率大軍出函谷關，追擊從函谷關後退之三晉聯軍。庶長疾即是樗裡疾，時疾正為庶長。《秦本紀》載秦惠文王更元十二年“庶長疾攻趙，虜趙將莊”。《樗裡子列傳》作“使樗裡子為將伐趙，虜趙將軍莊豹”（誤衍“豹”字）。可知《秦本紀》所言庶長疾即是樗裡疾。樗裡疾為秦惠王之異母弟，號為“智囊”。是年統帥大軍追擊三晉之退兵，直至修魚。修魚為韓邑，在今河南原陽縣西南，東靠魏所築、用以保衛大樑之西邊長城，此地已在函谷關以東五百里以外。已深入三晉之腹地，逼得三晉在此與秦決戰，結果秦取得斬首八萬之戰果，並生擒韓將鰻與申差，於是聲勢浩大之五國合縱攻秦之舉，以慘敗告終。
前317,317,周慎靚王四年（西元前三一七年）,5,考案,秦、楚、韓、晉,,攻、救、合縱,又案：《韓世家》原作“秦敗我修魚，虜得韓將鰻、申差於濁澤”，以下接連有：“韓氏急，公仲謂韓王……韓王不聽，遂絕和于秦，秦因大怒，益甲于韓，大戰，楚救不至韓。十九年大破我岸門。”此文又見於《韓策一》第十七章，開首為“秦、韓戰於濁澤，韓氏急，公仲明（當作“朋”）謂韓王”，下文與《韓世家》相同，所記為別一戰役。蓋秦、韓戰於濁澤，韓王誤信楚虛言起兵救韓，絕和于秦，楚救不至，因而為秦大敗於岸門。濁澤之戰與韓宣惠王十九年大敗於岸門相關，而與是年五國合縱攻秦之舉無關。是年秦將樗裡疾大敗三晉于修魚，虜得韓將申差等人，《秦本紀》與《六國表》相同，與濁澤之戰無關。修魚在今河南原陽縣西南，濁澤在今河南長葛縣西北，相距有一百六十裡以上，不可能在修魚大敗三晉之軍，而在濁澤虜得韓將申差等人。《韓世家》“於濁澤”上當脫“秦、韓戰”三字，《韓策一》可以比證，系記別一戰役，說明岸門之戰大敗之原因。今本《韓世家》因脫“秦、韓戰”三字，將“於濁澤”三字誤連於“虜得韓將鰻、申差”。《資治通鑒》作者未能分辨，記此事作“虜其將鰻、申差於濁澤”，仍沿《韓世家》之訛誤，馬非百《秦集史·國君紀事》十五亦沿此誤。
前317,317,周慎靚王四年（西元前三一七年）,6,考案,秦、韓、趙,,,又案：《秦本紀》雲：“敗趙公子渴、韓太子奐。”梁玉繩《史記志疑》雲：“以後文韓太子倉推之，知奐已死矣。”非是也。前此八年，《趙世家》載武靈王元年，韓宣王率太子倉朝趙，後此三年太子倉質秦，其間不應複有太子名奐。殆公子奐之誤，不則太子倉之誤也。
前317,317,周慎靚王四年（西元前三一七年）,7,史料,齊、魏,,,[魏哀王](當作襄王)二年齊敗我觀津。(《魏世家》，《六國表》作“齊敗我觀澤”，《魏世家》“觀津”當為“觀澤”之誤)
前317,317,周慎靚王四年（西元前三一七年）,8,史料,秦、齊、楚、韓、趙、魏,齊宣王、齊湣王、楚懷王,伐,[楚懷王]十二年齊湣王（當作齊宣王）伐敗趙、魏軍，秦亦敗韓，與齊爭長。（《楚世家》）
前317,317,周慎靚王四年（西元前三一七年）,9,史料,齊、魏、宋,齊宣王、齊湣王,攻,[齊湣王]七年(當作齊宣王二年)與宋攻魏，敗之觀澤。(《田世家》)
前317,317,周慎靚王四年（西元前三一七年）,10,考案,秦、齊、趙、魏,,伐,案：是年齊乘趙、魏為秦大敗之時，伐敗趙、魏於觀澤。
前317,317,周慎靚王四年（西元前三一七年）,11,史料,秦,張儀,,[秦惠文王更元]八年張儀複相秦。（《秦本紀》，《六國表》同。）
前317,317,周慎靚王四年（西元前三一七年）,12,考案,秦、齊、韓、魏,張儀、魏惠王,伐、攻、卒、立,案：《張儀列傳》雲：“留魏四歲而魏襄王（當作惠王）卒，哀王（當作襄王）立。張儀複說哀王，哀王不聽，於是張儀陰令秦伐魏。魏與秦戰，敗。明年齊又來敗魏於觀津；秦複欲攻魏，先敗韓申差軍，斬首八萬，諸侯震恐……哀王於是乃倍從約而因張儀請成于秦。張儀歸，複相秦。”其實，張儀于魏惠王未卒前已由魏歸秦，秦敗韓申差軍乃秦出兵還擊“五國共攻秦”，並非由於張儀“陰令秦伐魏”與“秦複欲攻魏”。
前317,317,周慎靚王四年（西元前三一七年）,13,史料,韓、魏,,取、殺,犀首見梁君曰：“臣盡力竭知，欲以為王廣土取尊名，田需從中敗臣，王又聽之，是臣終無成功也。需亡，臣將侍，需侍，臣請亡。”王曰：“需，寡人之股掌之臣也，為子之不便也，殺之亡之，外子毋謂天下何？內之無若群臣何也？今吾為子外之，令毋敢入子之事。入子之事者，吾為子殺之亡之，胡如？”犀首許諾，於是東見田嬰與之約結，召文子而相之魏，身相于韓。（《魏策二》第二章）
前317,317,周慎靚王四年（西元前三一七年）,14,考案,韓、魏、吳,,奔,案：吳師道雲：“田文為魏相，蓋犀首約結於嬰，召其子而相之也，下章與此同。事宜在襄王時，非文奔魏相昭王事也。”又雲：“身相韓，衍欲相韓也。下言田需以稽二人，則衍仍留魏矣。”其說不儘然。衍當不久即相韓。
前317,317,周慎靚王四年（西元前三一七年）,15,史料,齊、韓、魏、代,,,蘇代為田需說魏王曰：“臣請問文之為魏，孰與其為齊也？”王曰：“不如其為齊也。”“衍之為魏，孰與其為韓也？”王曰：“不如其為韓也。”而蘇代曰：“衍將右韓而左魏，文將右齊而左魏，二人者將用王之國，舉事于世，中道而不可，王且無所聞之矣。王之國雖滲樂而從之可也（滲樂，黃丕烈雲：“當作操藥。”金正煒雲：“當是消爍。”後說為是）。王不如舍需於側，以稽二人者所為，二人者曰：需非吾人也，吾舉事而不利於魏。需必挫我于王，二人者必不敢有外心矣。二人者之所為之，利於魏與不利於魏，王厝需於側以稽之（“厝”讀作“揩”，與上文“舍”義同）。臣以為身利而便於事。”王曰：“善。”果厝需於側。（《魏策二》第三章）
前317,317,周慎靚王四年（西元前三一七年）,16,史料,齊、魏、周,,,田需、周宵相善(“田需”上原衍“魏文子”三字，今從金正煒、於鬯刪去)，欲罪犀首，犀首患之，謂魏王曰：“今所患者齊也，嬰子言行于齊王，王欲得齊，則胡不召文子而相之？彼必務以齊事王。”王曰：“善。”因召文子而相之，犀首以倍田需周宵。(《魏策二》第八章)
前317,317,周慎靚王四年（西元前三一七年）,17,考案,秦、齊、楚、趙、魏,張儀,攻、救,案：《魏世家》載襄王九年魏相田需死，昭魚恐張儀、薛公、犀首有一人相魏。張儀、犀首于田需相魏前，皆嘗相魏。證以上列三說，知田文先亦嘗相魏，故昭魚以之與張儀、犀首相提並論。田文相魏為時甚暫，疑在五國攻秦不勝、齊反攻趙、魏之後。故犀首謂魏王曰：“今之所患者齊也”，而召田文以相魏。大司馬惡愲（一作“卓滑”）以將楚邦之師徒以救郙（包山楚墓出土竹簡）。
前317,317,周慎靚王四年（西元前三一七年）,18,考案,楚、越,楚懷王,救、滅,案：包山楚墓出土竹簡，既有“大司馬恐慴以將楚邦之師徒以救郙之歲”，又有“大司馬卓滑救郙之歲”，恐慴即是卓滑，亦即昭滑，指楚懷王十三年，楚官方以上一年大事紀年，當在楚懷王十二年（西元前三一七年），昭滑為楚懷王親信大臣，曾奉命前往越國五年，從而滅越。郙當即莒，在今山東莒縣一帶。古“呂”“甫”二字通用，呂國在今河南南陽西，亦或稱甫。呂在戰國時已滅亡，莒在戰國時尚存在，是所謂“泗上十二諸侯”之一。
前316,316,周慎靚王五年（西元前三一六年）,1,史料,秦、韓、趙、魏,趙武靈王,,秦惠文王更元九年，魏襄王三年，韓宣惠王十七年，趙武靈王
前316,316,周慎靚王五年（西元前三一六年）,2,史料,齊、楚、燕,齊宣王、楚懷王,,十年，齊宣王四年，楚懷王十三年，燕王噲五年。
前316,316,周慎靚王五年（西元前三一六年）,3,史料,秦,,伐、滅,[秦惠文王更元]九年司馬錯伐蜀，滅之。（《秦本紀》，《六國表》作“擊蜀，滅之”）
前316,316,周慎靚王五年（西元前三一六年）,4,史料,秦、韓,張儀、秦惠王,伐、攻,苴、蜀相攻擊，各來告急于秦。秦惠王欲發兵以伐蜀，以為道險狹難至，而韓又來侵秦，秦惠王欲先伐韓，後伐蜀，恐不利；欲先伐蜀，恐韓襲秦之敝，猶豫未能決。（《張儀列傳》，《新序·善謀》第八章大體相同，惟首二句作“秦惠王時蜀亂，國人相攻擊，告急于秦”）
前316,316,周慎靚王五年（西元前三一六年）,5,史料,秦、齊、楚、韓、趙、魏、周、鄭,張儀、秦惠王,伐、攻、救、卒、取、拔,司馬錯與張儀爭論于秦惠王前。司馬錯欲伐蜀，張儀曰：“不如伐韓。”王曰：“請聞其說。”對曰：“親魏善楚，下兵三川，塞輟轅、緱氏之口（《張儀列傳》，《新序·善謀》“輟轅、緱氏”作“什穀”），當屯留之道，魏絕南陽，楚臨南鄭，秦攻新城、宜陽，以臨二周之郊，誅周主之罪，侵楚、魏之地，周自知不救，九鼎寶器必出。據九鼎，按圖籍，挾天子以令天下，天下莫敢不聽，此王業也。今夫蜀，西辟之國，而戎狄之長也（《張儀列傳》“長”作“倫”，《新序·善謀》誤作“偷”；作“倫”於義為長）。弊兵勞眾，不足以成名，得其地不足以為利。臣聞爭名者於朝，爭利者於市，今三川、周室，天下之市朝也，而王不爭焉，顧爭于戎狄，去王業遠矣。”司馬錯曰：“不然。臣聞之，欲富國者，務廣其地；欲強兵者，務富其民；欲王者務博其德。三資者備，而王隨之矣。今王之地小民貧，故臣願從事于易。夫蜀西辟之國也，而戎狄之長也，而有桀、紂之亂，以秦攻之，譬如使豺狼逐群羊也。取其地，足以廣國也；得其財，足以富民；繕兵，不傷眾而彼已服矣。故拔一國而天下不以為暴，利盡西海，諸侯不以為貪，是我一舉而名實兩附，而又有禁暴正亂之名。今攻韓，劫天子。劫天子，惡名也，而未必利也，又有不義之名，而攻天下之所不欲危（《張儀列傳》，《新序》“危”下皆有“矣”，語意較為完善），臣請謁其故：周，天下之宗室也，齊，韓之與國也（“韓”下原衍“周”字，從《張儀列傳》及《新序》刪）。周自知失九鼎，韓自知亡三川，則必將二國並力合謀，以因于齊、趙，而求解乎楚、魏，以鼎與楚，以地與魏，王不能禁。此臣所謂危，不如伐蜀之完也。”惠王曰：“善。寡人聽子。”卒起兵伐蜀，十月取之，遂定蜀。蜀主更號為侯，而使陳莊相蜀。蜀既屬，秦益強、富厚，輕諸侯。（《秦策一》第七章，《張儀列傳》《新序·善謀》第八章同。惟“蜀主更號為侯”作“貶蜀王更號為侯”。“陳莊”《新序》誤作“陳叔”）
前316,316,周慎靚王五年（西元前三一六年）,6,考案,秦、周、代,張儀、秦惠王,攻、滅、殺,案：梁玉繩《史記志疑》雲：“考《紀》、《表》及《華陽國志》皆雲王死蜀滅，無貶號之事，當是因封公子通為蜀侯而誤。”其說非是。秦攻殺蜀王后，仍以蜀為屬國，即《秦策一》所謂“蜀既屬”，《張儀列傳》所謂“蜀既屬秦”，改封蜀王子弟為侯，稱為“蜀國”，封為“蜀侯”。按戰國時代封君制度，封君之相常由國王派遣，因而使陳莊相蜀。《秦本紀》載秦惠文王更元十一年“公子通封于蜀”，公子通當為原蜀王子弟，非秦之公子。《華陽國志》言“周赧王元年秦惠王封子通國為蜀侯”。通國即公子通，《華陽國志》誤為秦惠王之子。
前316,316,周慎靚王五年（西元前三一六年）,7,史料,秦,張儀、秦惠王,伐、卒,秦惠王欲伐蜀，乃刻五石牛，置金其後。……牛下有養卒，以為此天牛也，能便金。蜀王以為然，即發卒千人，使五丁力士拖牛成道。致三枚于成都。秦道得通，石牛力也。後遣丞相張儀等隨石牛道伐蜀。（《藝文類聚》九十四引《蜀王本紀》）
前316,316,周慎靚王五年（西元前三一六年）,8,史料,秦,張儀,伐、滅,張儀伐蜀，蜀王開戰不勝，為儀所滅也。（《秦本紀·索隱》引《蜀王本紀》）
前316,316,周慎靚王五年（西元前三一六年）,9,史料,秦、楚、周,張儀、秦惠王,伐、救、卒、取、奔,蜀王別封弟葭萌于漢中，號苴侯，命其邑曰葭萌焉。苴侯與巴王為好，巴與蜀仇，故蜀王怒，伐苴侯。苴侯奔巴，求救于秦。秦惠王方欲謀楚，群臣議曰：“夫蜀西僻之國，戎狄為鄰，不如伐楚。司馬錯、中尉田真黃曰：‘蜀有桀、紂之亂，其國富饒，得其布帛金銀，足給軍用。水通于楚，有巴之勁卒，浮大舶舩以東向楚，楚地可得。楚亡則天下並矣。”惠王曰：“善。”周慎王五年秋，秦大夫張儀、司馬錯、都尉墨等，從石牛道伐蜀。蜀王自於葭萌拒之，敗績。王遁走至武陽，為秦軍所害。其相、傅及太子退至逢鄉（“逢”當作“逢”），死于白鹿山。開明氏遂亡，凡王蜀十二世。冬十月蜀平，司馬錯因取苴與巴焉。（《華陽國志》卷三《蜀志》）
前316,316,周慎靚王五年（西元前三一六年）,10,考案,周,張儀,取,案：《張儀列傳·集解》徐廣引譙周曰：“益州‘天苴’讀為包黎之包，音與‘巴相近’，以為今之巴郡。《索隱》亦雲：‘苴音巴’。”任乃強《華陽國志校補圖注》則謂：“按本書言封於漢中，號苴侯，則因漢中本褒國，用褒之音。褒、苞同音，此譙周之意，常氏所取也。周之褒國，原封域固當是沔水平原（當漢水上游大河原，今雲漢中平原）。……若蜀王所建苴侯之國，按《華陽國志》此文，則包括沔水平原與西漢水上游，故封於漢中而居於葭萌。其命名為苴，實用褒之舊名。周人作褒，蜀人作苴也。”今按：蜀王所別封之苴侯，居於葭萌，在今四川廣元縣南寶輪院附近。西周之褒，在今陝西漢中市西北，相距甚遠。任氏謂苴即褒，與地理位置不合。春秋早期有鄱國，傳世有春秋早期銅器鄱嬰鼎、簋、壺、盤等。“鄱”字作“鄁”，當即《說文》之“鄀”字。《說文》邑部雲：“鄀，蜀地也，從邑耤聲。”“苴”即“鄀”之音轉。蜀王別封弟葭萌之所在邑，疑即鄱之舊地。
前316,316,周慎靚王五年（西元前三一六年）,11,考案,,,,又案：任乃強《華陽國志校補圖注》雲：“石牛道，謂自漢入蜀之西道。其路線自漢中入陽平關，循水道至葭萌，自葭萌溯清水河谷，逾馬鳴閣（今馬角壩）至江油（今彰明），曆涪、雒，至成都。與今寶成鐵路線同。”
前316,316,周慎靚王五年（西元前三一六年）,12,史料,秦、楚、周,張儀,伐、救、滅、取、奔,周顯王時，楚國衰弱，秦惠文王與巴、蜀為好，蜀王弟苴侯（“侯”字原脫，從廖寅校補）私親于巴。巴蜀世戰爭。周慎王五年蜀王伐苴侯，苴侯奔巴，巴為求救于秦。秦惠文王遣張儀、司馬錯救苴、巴，遂伐蜀滅之。儀貪巴、苴之富，因取巴，執王以歸，置巴、蜀及漢中郡，分其地為四十一縣。（《華陽國志》卷一《巴志》，舊各本作“為一縣”或“為二縣”，《路史·大昊紀》羅注所引作“分為三十二縣”。任乃強據《漢書·高帝紀》劉邦為漢王，王巴、蜀，與漢中三郡共四十一縣，謂是秦置此三郡時共有四十一縣，當以四十一縣為正）
前316,316,周慎靚王五年（西元前三一六年）,13,史料,秦、晉、周,張儀,伐、拔,自司馬氏去周適晉，分散，在秦者名錯，與張儀爭論，於是惠王使錯將伐蜀，遂拔，因而守之。（《太史公自序》）
前316,316,周慎靚王五年（西元前三一六年）,14,考案,秦、韓,張儀、秦惠王,伐、滅、會、殺,案：《秦本紀》但言“司馬錯伐蜀，滅之”，揚雄《蜀王本紀》始言張儀伐蜀而滅之。《華陽國志》等書因而言張儀、司馬錯共伐滅蜀。是時張儀主伐韓，司馬錯主伐蜀，爭論于秦惠王前，王聽信錯言而使錯將伐蜀。《太史公自序》所言甚是。錯因滅蜀而守之。秦惠王末年蜀相陳莊反，殺秦王所封蜀侯通國，王遣甘茂、張儀會司馬錯伐蜀誅陳莊。疑《蜀王本紀》將伐蜀、誅陳莊之役與伐滅蜀之事混為一談，遂誤以為張儀與司馬錯共伐滅蜀。
前316,316,周慎靚王五年（西元前三一六年）,15,考案,秦、周,秦惠王,立、滅,又案：“因而守之”，《集解》引蘇林曰：“守，郡守也。”此說恐不確。秦滅蜀後，仍封蜀王後裔以為屬國，並以陳莊為相，並未立即在蜀設郡。所謂“因而守之”，謂駐軍而守。“守”亦為武職之稱。《華陽國志》稱周赧王元年秦惠王封蜀侯同時，“以陳莊為相”，“以張若為蜀守”。司馬錯為蜀守，蓋為時不久。
前316,316,周慎靚王五年（西元前三一六年）,16,考案,秦、楚、周,秦昭王,攻、滅、取,又案：《華陽國志》謂秦“置巴、蜀及漢中郡，分其地為四十一縣”。其實，三郡之建置非一時事。秦滅巴後，即設郡，滅蜀後，初設封國。直到秦昭王二十二年改設為郡，秦建漢中郡，在秦惠文王后元十三年，即周赧王三年攻取楚漢中地以後。見《秦本紀》。
前316,316,周慎靚王五年（西元前三一六年）,17,史料,秦,秦惠王,,及秦惠王兼巴中，以巴氏為蠻夷君長，世尚秦女，其民爵比不更，有罪得以爵除。其君長歲出賦二千一十六錢，三歲一出義賦千八百錢。其民戶出幏布八丈二尺，雞羽二十鏃。（《後漢書·南蠻傳》）
前316,316,周慎靚王五年（西元前三一六年）,18,考案,秦,商鞅,,案：秦自商鞅“初為賦”，按戶徵收人口稅，此為寬待巴人之特殊征賦之法。
前316,316,周慎靚王五年（西元前三一六年）,19,史料,秦,張儀、秦惠王,救、稱王,及七國稱王，巴亦王焉。秦惠王遣張儀等救苴侯于巴，儀貪巴、苴之富，因執其王以歸，而置巴郡焉，治江州。（《水經·江水注》）
前316,316,周慎靚王五年（西元前三一六年）,20,史料,秦、趙,,伐、取,[秦惠文王更元九年]伐取趙中都西陽。（《秦本紀》）
前316,316,周慎靚王五年（西元前三一六年）,21,史料,秦、趙,趙武靈王,取,[趙武靈王]十年秦取我西都及中陽。（《趙世家》）
前316,316,周慎靚王五年（西元前三一六年）,22,史料,秦、趙,,取,秦惠文王更元九年取趙中都、西陽、安邑。（《六國表》）
前316,316,周慎靚王五年（西元前三一六年）,23,考案,秦、趙,,攻,案：梁玉繩以為當依《趙世家》作西都、中陽，《漢書·地理志》兩地屬河西郡。若中都屬太原，西陽屬山陽，梁說是也。《秦本紀·正義》曾列舉三者之異，蓋《秦本紀》、《六國表》久已有誤。是時秦不能攻至中都、西陽。今本《史記·趙世家》有誤作“中都、西陽”者。
前316,316,周慎靚王五年（西元前三一六年）,24,附編,楚、代,,,【附編】一九八七年湖北荊門市包山二號楚墓中出土竹簡，書寫年代為西元前三二二年至三一六年，記有二十多名楚國封君，如邸陽君、鄴君、陰君、喜君、噩（鄂）君、鄫陽君、羕陵君、鄱君、郟君、陽君、荇君、鄗君、俈陵君、邶君、新楚（野）君、鄶君、坪（平）夜（輿）君、鄹君、抨陵君等。（《包山楚墓》附錄《包山楚墓封君釋地》）
前315,315,周慎靚王六年（西元前三一五年）,1,史料,秦、韓、趙、魏,趙武靈王,,秦惠文王更元十年，魏襄王四年，韓宣惠王十八年，趙武靈王
前315,315,周慎靚王六年（西元前三一五年）,2,史料,齊、楚、燕,齊宣王、楚懷王,,十一年，齊宣王五年，楚懷王十四年，燕王噲六年。
前315,315,周慎靚王六年（西元前三一五年）,3,史料,秦、韓、趙,,伐、取,[秦惠文王更元]十年韓太子倉來質。伐取韓石章。伐敗趙將泥。（《秦本紀》，《集解》徐廣曰：“將一作莊。”）
前315,315,周慎靚王六年（西元前三一五年）,4,史料,秦、趙,趙武靈王,,趙武靈王十一年秦敗我將軍英。（《六國表》）
前315,315,周慎靚王六年（西元前三一五年）,5,考案,秦、齊、韓、趙,,伐,案：《韓世家》載宣惠王十九年“大破我岸門，太子倉質于秦以和”。事在次年，《秦本紀》載太子倉來質在此年，蓋誤上一年。《秦本紀》謂是年伐敗趙將泥，徐廣曰“一作莊”，《六國表》又作將軍英，疑“泥”與“英”皆“莊”字之誤。是時趙莊正為趙將。《趙策四》第九章有“趙使趙莊合從欲伐齊”之事。《秦本紀》、《趙世家》、《六國表》又謂秦惠文王更元十二年虜趙將趙莊。
前315,315,周慎靚王六年（西元前三一五年）,6,史料,齊、燕,齊宣王、齊湣王,伐、攻、圍、卒、立,子之三年燕國大亂，百姓恫怨（《燕世家》“怨”作“恐”），將軍市被、太子平謀（《燕世家》“被”下有“與”字），將攻子之。儲子謂齊宣王（《燕世家》誤作“諸將謂齊湣王曰》：“因而僕之（《燕世家》“僕”作“赴”，“僕”通“赴”），破燕必矣。”王因令人謂太子平曰：“寡人聞太子之義，將廢私而立公，飭君臣之義，正父子之位（《燕世家》“正”作“明”），寡人之國小，不足先後（《燕世家》“不足”下有“以為”二字），雖然，則唯太子所以令人。”太子因數党聚眾（《燕世家》“數”作“要”），將軍市被圍公宮，攻子之不克（此句下原衍“將軍市被及”五字，今刪）。百姓乃反攻，太子平、將軍市被死已殉（《燕世家》“已”作“以”，“已”通“以”）。國構難數月（《燕世家》“國”作“因”），死者數萬眾，燕人恫怨（《燕世家》無“燕”字，“眾”字屬下讀），百姓離意。孟軻謂齊宣王曰：“今伐燕，此文武之時，不可失也。”（按此與《孟子》所載不合，蓋傳聞之誤）王因令章子將五都之兵，以因北地之眾以伐燕。士卒不戰，城門不閉，燕王噲死，齊大勝燕，子之亡。（《燕策一》第九章，《燕世家》大體相同，誤改“儲子謂齊宣王”為“諸將謂齊湣王”）
前315,315,周慎靚王六年（西元前三一五年）,7,考案,秦、燕,燕昭王,攻、圍、立、殺,案：《戰國策》、《史記》“太子因數党聚眾”以下一節，文有誤衍，將軍市被與太子平共攻子之，市被無反攻太子平之理。金正煒以為文衍“將軍市被”四字，“及百姓”三字又清次於下，當作“太子數党聚眾，將軍市被及百姓圍公宮，攻子之不克。反攻太子平，將軍市被已殉國”，“謂子之之徒反攻太子，死者數萬，即從太子以攻子之之百姓也”。此說以“反攻太子平”為一句，缺主詞，仍難通。錢穆《燕昭王乃公子職非太子平辨》以為衍“將軍市被”四字，又“及”字乃上文誤移而下者。當作“太子要党聚眾，將軍市被圍公宮，攻子之不克。百姓反攻太子平，將軍市被死以殉，因構難數月”。謂：“蓋太子平及將軍市被始終共事，並及於難。今《史》《策》此節文均誤，遂謂市被反攻太子平，而市被又反見殺，於事勢情理均難通。”（《先秦諸子系年》第三六七至三六九頁）今按金正煒謂“及百姓”三字移上，不確。“將軍市被及”五字當為衍文，當讀“百姓乃反攻”一句，“太子平、將軍市被死以殉”一句。蓋太子平與將軍市被圍公宮，攻子之不克之後，擁戴子之之百姓起而反攻得勝，殺死太子平與將軍市被。《戰國策》下文雲：“二年燕人立公子平是為燕昭王”，鮑本“公”作“太”，《燕世家》亦作“太”。蓋“公子平”原為“公子職”之誤。讀者不知其誤，反而以為上文有誤，妄加“將軍市被及”五字，讀“將軍市被及百姓乃反攻太子平”為句，又讀“將軍市被死以殉”為句，誤以為將軍市被反叛太子平而攻之，市被因而被殺。其實，太子平與將軍市被皆為擁戴子之之百姓所攻殺，故《索隱》引《古本竹書紀年》雲：“子之殺公子平”，“公子平”乃“太子平”之誤。
前315,315,周慎靚王六年（西元前三一五年）,8,史料,齊、燕,,伐、殺,沈同以其私問曰：“燕可伐與？”孟子曰：“可。子噲不得與人燕，子之不得受燕於子噲。有仕於此，而子悅之，不告于王，而私與之吾子之爵祿，夫士也，亦無王命而私受之於子，則可乎？何以異於是？”齊人伐燕，或問曰：“勸齊伐燕有諸？”曰：“未也。沈同問燕可伐與？吾應之曰可，彼然而伐之也。彼如曰孰可以伐之，則將應之曰：為天吏，則可以伐之。今有殺人者，或問之曰人可殺與？則將應之曰可。彼如曰孰可以殺之？則將應之曰：為士師則可以殺之，今以燕伐燕何為勸之哉？”（《孟子·公孫醜下》）
前315,315,周慎靚王六年（西元前三一五年）,9,考案,齊、燕、趙,齊宣王,伐,案：趙岐注：“沈同，齊大臣。”孟子應之曰：“可，彼然而可伐也。”沈同當為齊掌權之大臣，此以私人身份問孟子。《燕策一》稱儲子謂齊宣王曰：“因而僕之，破燕必矣。”宣王因而令匡章將而伐燕，蓋儲子時為齊相。
前315,315,周慎靚王六年（西元前三一五年）,10,史料,,,,儲子曰：“王使人眮夫子，果有以異於人乎？”孟子曰：“何以異於人哉？堯、舜與人同耳。”(《孟子·離婁下》)
前315,315,周慎靚王六年（西元前三一五年）,11,史料,齊,,,孟子居鄒，季任為任處守，以幣交，受之而不報。處於平陸，儲子為相，以幣交，受之而不報。他日，由鄒之任，見季子；由平陸之齊，不見儲子。屋廬子喜曰：“連得間矣。”問曰“夫子之任，見季子；之齊，不見儲子，為其為相與？”曰：“非也。《書》曰：‘享多儀，儀不及物曰不享，惟不役志於享。’為其不成享也。”屋廬子悅。或問之。屋廬子曰：“季子不得之鄒，儲子得之平陸。”（《孟子·告子下》）
前315,315,周慎靚王六年（西元前三一五年）,12,考案,齊、燕,齊宣王,伐,案：儲子為齊相，僅見于齊宣王伐燕與破燕之時，疑孟子處於平陸，儲子以幣交，儲子見孟子而雲：“王使人瞓夫子果有以異於人乎。”皆在此時。
前315,315,周慎靚王六年（西元前三一五年）,13,史料,燕,,殺,子之殺公子平。（《燕世家·索隱》引《紀年》）
前315,315,周慎靚王六年（西元前三一五年）,14,史料,燕,,,君噲及太子、相子之皆死。（《六國表》，今本系於次年，《燕世家·集解》與《索隱》所引《年表》同）
前315,315,周慎靚王六年（西元前三一五年）,15,考案,齊、燕、韓、趙,燕昭王,攻、卒、立、殺,案：《燕世家·索隱》引《紀年》“子之殺公子平”，“公子平”當是“太子平”之誤。《六國表》言“君噲及太子、相子之皆死”，亦謂太子平已被殺死，可知今本《燕策一》、《燕世家》謂“二年而燕人共立太子平是為燕昭王”，必有訛誤。梁玉繩《史記志疑》雲：“《世家》以為太子平即昭王，餘深疑之。《世家》稱太子平，《年表》、《紀年》稱公子平，塚庶不明，疑一。先是太子與子之爭權，舉兵攻子之不克，百姓反攻太子，則不為國人所戴可知。賢如昭王，不應有此，疑二。齊並燕二年，燕人共立平。夫既攻之而又立之，於理頗乖，且何以遲至二年複立乎？二年之中，太子安在？疑三。昭王語郭隗曰：齊因孤之國亂而襲破燕，齊之入燕，實藉太子為內應。今觀昭王之言，殊不合事情。疑四。考《趙世家》武靈王召公子職于韓，立為燕王，使樂池送之。諸處俱不書（《集解》、《索隱》引《紀年》同，今世所傳《紀年》無之）。《集解》疑趙聞燕亂，遙立職為燕王，雖使樂池送之，竟不能就。斯乃虛揣之辭，未見確證，而《索隱》遽譽裴駰得其旨，豈不惑哉？竊意職為王時，在噲死之後，昭王未立之先。職立二年卒，始立昭王，而昭王並非太子，太子已同君噲及相子之死于齊難矣。徐孚遠亦雲：太子平與昭王，當是二人，或昭王名平，太子不名平。徐說甚覈。《世家》誤仍《國策》來耳。孫侍禦疑昭王即公子職。”今按梁氏所疑甚是。太子平與將軍市被攻子之不克，百姓反攻而殺太子平及市被。太子平已死，昭王當即公子職，無疑。
前315,315,周慎靚王六年（西元前三一五年）,16,史料,秦、齊、楚、燕、韓、趙、魏,張儀,伐、攻、救,韓、齊為與國，張儀以秦、魏伐韓。齊王曰：“韓，吾與國也，秦伐之，吾將救之。”田臣思（臣當作臣）曰：“王之謀過矣，不如聽之。子噲與子之國，百姓不戴，諸侯弗與。秦伐韓，楚、趙必救之，是天以燕賜我也。”王曰：“善。”乃許韓使者而遣之，韓自以為得交于齊，遂與秦戰，楚、趙果遽起兵而救韓。齊因起兵攻燕。三十日而舉燕國。（《齊策二》第一章）
前315,315,周慎靚王六年（西元前三一五年）,17,考案,秦、齊、燕、韓、趙、魏、吳,齊宣王,伐、救、取,案：吳師道謂《田世家》所記桓公五年齊起兵襲燕而取桑丘。威王二十六年(當作四年)齊起兵擊魏，敗之桂陵；宣王二年(當作威王十六年)齊救韓、趙以擊魏，大敗之馬陵，以及是年齊破燕，事前皆謂出於田臣思(即田忌)之獻策。其實，桓公五年與是年田臣思獻策之說，皆出於傳誤。吳氏謂“是史亦誤以宣公伐燕章附之桓公也”。其說甚是。錢穆論之曰：“蓋桓、宣字相近，史公既以伐燕為湣王事，乃以意移此於桓公耳。當時史公所據本文當有宣王五年之說，而史公乃移以為桓公之五年也。考《秦本紀》惠文王后元十年伐韓石章，十一年敗韓岸門，惠文王后元十年，當齊宣王五年，其十一年當宣王六年，是秦之伐韓在宣王五年，韓恃救以抗秦，至明年而大敗，齊以此際襲燕，歲月情事皆恰符。……然則齊伐燕起宣王五年而取燕則在六年。”(《先秦諸子系年》第三六七頁)
前315,315,周慎靚王六年（西元前三一五年）,18,史料,齊、燕,,,齊人禽子之而醢其身也。（《燕世家·集解》引《汲塚紀年》）
前315,315,周慎靚王六年（西元前三一五年）,19,史料,燕、越、吳、中山,,取、奔,惟十四年中山王霅詐（作）鼎，於銘曰：於（鳴）虖（呼）語不悖哉！寡人聞之，耰（與）其汋（溺）于人施（也），寧汋（溺）於淵。昔者郾（燕）君子従（噲），叡弇夫猶（悟），竑（長）為人宗，閈（見）於天下之勿（物）矣，猶覩（迷）惑於子之而迨（亡）其邦，為天下殯（僇），而皇（況）才於少君虖（乎）？昔者，盧（吾）先考成王早棄群臣，寡人幼譴未甬（通）智，惟傅姆氏（是）從，天降休命於朕邦，又（有）厥忠臣騆，克順克卑（俾），亡不率仁，敬順天德，以左右寡人，使智（知）社稷之賁（任），臣宗之宜（義），夙夜不解（懈），以諱（誘）道（導）寡人。今余方壯，智（知）天若否，侖（論）其德，嘗（省）其行，亡不順道。考宅（度）惟型。於（鳴）虖（呼）欣哉！社稷其庶虖（乎）！厥業才（載）祗。寡人聞之，事少女（如）竑（長），事愚女（如）智，此易言而難行施（也）。非恁（信）與忠，其誰能之？其誰能之？惟盧（吾）老賜是克行之。於（鳴）虖（呼）攸哉！天其又（有）刑，於在厥邦。氏（是）以寡人壓（驚）賃（任）之邦，而去之遊，亡慊惕之慮。昔者，盧（吾）先祖桓（桓）王、邵（昭）考成王，身勤社稷，行四方以憂勞邦家。今盧（吾）老賜親率參（三）軍之眾，以征不宜（義）之邦，奮桴（枹）振鐸，辟啟封疆，方數百里，刺（列）城數十，克敵大邦。寡人庸其德，嘉其力，氏（是）以賜之厥命。雖又（有）死皋及參（三）妣（世）亡不若（赦），以明其德，庸其工（功）。盧（吾）老賜奔走不取（聽）命，寡人懼其忽然不可得，憚憚憚，恐隕社稷之光，氏（是）以寡許之恂（謀）慮盧（皆）從，克又（有）工（功），智施（也）。治死之又（有）若（赦），智（知）為人臣之宜（義）施（也）。於（鳴）虖（呼），念之哉！後人其庸庸之。母（毋）忘爾邦。昔者吳人並雪（越），雪（越）人饑（修）教（教）備恁（信），五年覆吳，克並之至於今。爾母（毋）大而慘（肆），母（毋）富而喬（驕），母（毋）眾而囂，哭（鄰）邦難親。我（仇）人在彷（旁）。於（鳴）虖（呼），念之哉！子子孫孫，永定保之，母（毋）竝（替）厥邦。（中山王霅鼎銘文）
前315,315,周慎靚王六年（西元前三一五年）,20,史料,齊、燕、中山、蔡,,救、立、會,惟十四年中山王霅命相邦賙敎（擇）郾（燕）吉金，鈄（鑄）為彝壺，節於醴（禋）酢（齊），可法可尚，以鄉（饗）上帝，以祀先王。穆穆濟濟，嚴敬不敢怠荒。因載所美，邵（昭）蔡皇工（功），詆郾（燕）之訛，以懲嗣王。惟朕皇祖文、武，趄（桓）祖成考，是又（有）純德，遺訓以阤（施）及子孫，用惟朕所放（仿），慈孝寰（宣）惠，舉賢使能，天不臭（敎）其又（有）忨，使得賢在（才）良佐賙，以輔相厥身。余智（知）其忠信施（也），而專賃（任）之邦，氏（是）以遊夕飲飤，寧又（有）慠惕？賙渴（竭）志盡忠，以左右厥辟，不貳其心，受賁（任）佐邦，夙夜篚（匪）解（懈），進賢措能，亡又（有）壇息，以明辟光。敵曹郾君子従(唫)，不辨大宜(義)，不奮(忌)者(諸)侯，而臣宗姤立(位)，以內絕邵(召)公之業，乏其先王之祭祀；外之則將使上勤(覲)于天子之席(廟)，而退與者(諸)侯齒(長)于會同，則上逆於天，下不順于人施(也)，寡人非之。嚅曰：為人臣而反臣其宗，不祥莫大焉。將與盧(吾)君竝立於世，齒(長)于會同，則臣不忍見施(也)。嚅忨(願)從在大夫，以請(靖)郾疆。氏(是)以身蒙牽(皋)胄，以誅不順。郾(燕)旌(故)君子従(唫)、新君子之，不用禮宜(義)，不辨逆順，旌(故)邦亡身死，曾亡鼠(一)夫之救，述(遂)定君臣之謂(位)，上下之體，休又(有)成工(功)，竝(剏)辟封疆。天子不忘其又(有)勳，使其策賞中(仲)父，者(諸)侯虐(皆)賀。夫古之聖王(務)在得賢，其即得民。旌(故)辭禮敬則賢人至，博愛深則賢人親，作斂中則庶民附。於(鳴)悼(呼)！允哉若言，明蔡之于壺而時觀焉。祗祗翼，邵(昭)告後嗣，惟逆生禍，惟順生福，載之簡策，以戒嗣王。惟德附民，惟宜(義)可(長)，子之子，孫之孫，其永保用亡疆。(中山王謇方壺銘文)
前315,315,周慎靚王六年（西元前三一五年）,21,史料,燕,,取、會,胤嗣好盜敢明揚告：昔者先王慈愛百（迫）每（媚），竹（篤）胄亡疆，日夜不忘大去型（刑）罰，以憂厥民之佳（罹）不詆（辜）。或（又）得賢佐司馬睭（賙），而塚（重）胥（任）之邦。逢郾（燕）亡（無）道燙（易）上，子之大臂（辟）不宜（義），餞（反）臣其宗。惟司馬賙訐（斷）諮（諤）戰（俾）忿（怒），不能寧處，率師征郾（燕），大啟邦宇，枋（方）數百里，惟邦之幹。惟朕先王，茅蒐狃（田）獵于皮（彼）新土，其會女（如）林。駿（馭）右和同，四駐（牡）汸汸，以取鮮堇，鄉（饗）祀先王，德行盛皇，隱豫先王。於（鳴）虖（呼）！先王之德弗可複得，霖霖流涕，不敢寧處，敬命新墜（地），雨（禴）祠先王，世世母（毋）逞。以追庸先王之工（功）刺（烈），子子孫孫，母（毋）又（有）不敬，恩（寅）祗丞（蒸）祀。（好盜壺銘文）
前315,315,周慎靚王六年（西元前三一五年）,22,史料,,,,十三年左使車、嗇夫孫固、工昱。塚（重）一石三百卅九刀之塚（重）（好盜壺圈足銘文）
前315,315,周慎靚王六年（西元前三一五年）,23,考案,齊、燕、韓、趙、周、中山,齊宣王,攻、取、殺,案：以上三器，一九七八年出土于河北平山縣三汲之中山王墓中。舒蚩當為中山王譽之太子。據以上三器銘文，可知中山王譽十四年，即齊宣王五年或六年，中山相邦司馬賙統率三軍參與攻殺子之之役，聲稱“辟啟封疆，方數百里，列城數十”，乃誇大之辭。蓋乘齊破燕之時機奪取燕地也。銘中相邦賙，又稱司馬賙，蓋以司馬為氏，官為相邦，又稱為“老賙”，其時賙必年老，又尊為“仲父”，並賜以杖，當為執政之老臣。《中山策》有“司馬憙三相中山”。《韓非子·內儲說下》又謂：“司馬喜，中山君之臣也而善於趙。”《呂氏春秋·應言》又稱“司馬喜難墨者師于中山王前以非攻……曰：‘今王興兵而攻燕，先生將非王乎？’墨者師曰：‘然則相國是攻之乎？’司馬喜曰：‘然。’”據此司馬喜可能即是司馬賙，“喜”“賙”音近通轉。馬承源主編《殷周青銅器銘文選》雲：“賙之與喜，自以賙為正文，喜為假借。賙端組幽部，喜是晚組之部，音未諧。按從喜聲之字如餶、精，字皆在透組，故賙、喜可為聲紐之旁轉，之部與幽部亦為韻之旁轉，故喜讀透聲紐，可與賙為音近假借。”
前315,315,周慎靚王六年（西元前三一五年）,24,史料,燕、韓、趙,趙武靈王,立,[趙武靈王]十一年王召公子職于韓，立以為燕王，使樂池送之。（《趙世家》）
前315,315,周慎靚王六年（西元前三一五年）,25,考案,齊、燕、韓、趙,齊宣王、燕昭王、趙武靈王,伐、攻、立、合縱、殺,案：《集解》于“王召公子職于韓，立以為燕王”下，引徐廣曰：“《紀年》亦雲爾”，于“使樂池送之”下，又雲：“按《燕世家》，子之死後，燕人共立太子平，是為燕昭王，無趙送公子職為燕王之事，當是趙聞燕亂，遙立職為燕王，雖使樂池送之，竟不能就。”《索隱》又雲：“《燕世家》無其事，蓋其疏也。今此雲使樂池送之，必是憑舊史為說。且《紀年》之書，其說又同，則裴駰之解得其旨矣。”《集解》與《索隱》俱謂《紀年》與《趙世家》相同，並斷言《趙世家》“必是憑舊史為說”，可知確實無疑。《集解》謂“當是趙聞燕亂，遙立職為燕王”，事在趙武靈王十一年，即燕王噲六年，是年太子平與將軍市被攻子之不克，百姓反攻太子平與將軍市被而殺之。武靈王遙立公子職為燕王而謀送入燕，蓋欲維持燕王之正統，從而平定燕之內亂。及齊宣王乘燕內亂而攻燕，以討伐子之為名而佔有燕國，使武靈王送入公子職為燕王之計畫受阻，因而圖謀合縱伐齊以存燕。《六國表》于趙武靈王十二年有《集解》引徐廣曰：“《紀年》雲立燕公子職”，則又遲《趙世家》一年，蓋武靈王召公子職立以為燕王在是年，使樂池護送公子職入燕在次年，必欲與合縱伐齊存燕之行動相配合也。《集解》誤信今本《燕世家》燕昭王是太子平之說，遂謂“遙立職為燕王，雖使樂池送之，竟不能就”。其實，公子職即是燕昭王，即為樂池所護送入燕者。雷學淇《竹書紀年義證》謂“昭王乃公子職，《年表》及《趙世家》舊說與《紀年》本合”，“《燕策》立太子平句，本是立公子職之誤”。其說是也。
前315,315,周慎靚王六年（西元前三一五年）,26,史料,秦、楚、韓、周,張儀,伐、救、賂,秦、韓戰於濁澤（帛書《戰國縱橫家書》第二十四章“濁澤”作“蜀潢”，《韓世家》誤作“韓宣惠王十六年秦敗我修魚，虜得韓將鰻、申差於濁澤”，其實“於濁澤”誤脫“秦、韓戰”三字，秦敗韓于修魚為韓宣惠王十六年事，而“秦、韓戰於濁澤”乃十八年事，已辨明在周慎靚王四年案語中），韓氏急（帛書“氏”作“是”），公仲朋謂韓王曰（《韓世家》作“公仲”，帛書作“公中儷”)：“與國不可恃（《韓世家》“不”作“非”，帛書“與”誤作“冶”，“恃”作“持”），今秦之心欲伐楚（《韓世家》作“今秦之欲伐楚久矣”），王不如因張儀為和于秦（帛書“如”作“若”，“儀”作“義”，“為”作“而”），賂之以一名都（帛書“都”作“縣”，《韓世家》此下有“具甲”二字），與之伐楚（《韓世家》、帛書“之”下皆有“南”字），此一易二之計也。”韓王曰：“善。”乃儆公仲之行（《韓世家》“儆”作“警”，帛書作“乃警公中儷”），將西講于秦（帛書“將”下有“使”字，《韓世家》“講”作“購”）。楚王聞之大恐，召陳軫而告之。陳軫曰：“秦之欲伐我久矣（帛書“我”作“王”，《韓世家》作“楚”），今又得韓之名都一而具甲（帛書“又”作“或”，“都”作“縣”），秦、韓並兵南鄉（帛書“鄉”下有“楚”字，《韓世家》“南鄉”作“而伐楚”），此秦所以廟祠而求也（《韓世家》“廟”作“禱”）。今已得之矣，楚國必伐矣。王聽臣，為之儆四境之內（帛書《韓世家》“儆”作“警”，帛書“境”作“竟”），選師言救韓（《韓世家》“選”作“起”，帛書“選”作“興”；無“言”字），令戰車滿道路（《韓世家》“令”作“命”，帛書“令”作“名”，“滿”作“盈”，“道路”作“夏路”），發信臣，多其車（帛書脫“臣多”二字），重其幣（帛書“幣”作“敝”），使信王之救己也（帛書“使”作“史”），縱韓為不能聽我（帛書無“縱”字，《韓世家》無“為”字），韓必德王也（帛書“必”作“之”），必不為雁行以來（帛書“雁行”作“逆”），是秦、韓不和，兵雖至，楚國不大病矣。為能聽我，絕和于秦，秦必大怒，以厚怨韓。韓得楚救（《韓世家》作“韓之南交楚”），必輕秦，輕秦，其應秦必不敬（帛書無“秦”字），是我困秦、韓之兵而免楚國之患也。”楚王大說（《韓世家》“大說”作“曰善”，帛書作“若”，通“諾”），乃儆四境之內，選師言救韓（帛書《韓世家》“選”作“興”，《韓世家》下有“命戰車滿道路”一句），發信臣，多其車，重其幣（帛書下有“使之韓”一句），謂韓王曰：“弊邑雖小（弊邑”，帛書作“不穀”，《韓世家》作“不穀國”），已悉起之矣（《韓世家》“起”作“發”），願大國遂肆意于秦（帛書無“遂”字，《韓世家》“意”作“志”），弊邑將以楚殉韓。”（帛書《韓世家》“弊邑”作“不穀”，帛書“殉”作“隼”，音同通用）韓王大說，乃止公仲（帛書《韓世家》“公仲”下有“之行”二字，帛書無“乃”字）。公仲曰：“不可。夫以實告我者秦也（姚注：“告一作困”。金正煒曰：“告字疑當作苦。”帛書正作“苦”。《韓世家》又作“伐”），以虛名救我者楚也。恃楚之虛名（《韓世家》“恃”上有“王”字），輕絕強秦之敵，必為天下笑矣（《韓世家》“笑矣”作“大笑”，帛書作“天下必笑王”）。且楚、韓非兄弟之國也，又非素約而謀伐秦也（帛書無“約而”二字）。秦欲伐楚（《韓世家》作“已有伐形”，帛書作“已伐刑”，“刑”與“形”通），楚因以起師言救韓（帛書作“因興師言救韓”，《韓世家》作“因發兵言救韓”），此必陳軫之謀也。且王以使人報于秦矣，今不行，是欺秦也（帛書無以上三句），夫輕強秦之禍（帛書作“夫輕絕強秦”，《韓世家》作“夫輕欺強秦”），王必悔之矣。”韓王弗聽，遂絕和于秦（《韓世家》無“和”字）。秦果大怒（帛書、《韓世家》“果”作“因”），興師與韓氏戰於岸門（帛書“興”作“益”，《韓世家》作“益甲伐韓大戰”），楚救不至，韓氏大敗。（《韓策一》第十七章，《韓世家》作“楚救不至韓，十九年大破我岸門，太子倉質于秦以和”。帛書《戰國縱橫家書》第二十四章《韓世家》與此大體相同）
前315,315,周慎靚王六年（西元前三一五年）,27,考案,秦、齊、楚、燕、韓、趙、魏,張儀、秦惠王,伐、攻、救、取,案：濁澤，帛書《戰國縱橫家書》第二十四章作“蜀潢”，“潢”通“潵”，《說文》雲：“潵，小津也。”《集解》引徐廣曰：“長社有濁澤”，《續漢書·郡國志》潁川郡長社有蜀津，地在今河南長葛縣西北，處韓之南邊，故楚興師言救韓，令戰車“盈夏路”。夏路為楚由方城通向北方之大道。濁澤之戰之結果，是秦大敗韓於岸門。秦大敗韓於岸門，在秦惠王更元十一年，即韓宣惠王十九年，濁澤之戰當在上一年。《秦本紀》載惠王更元十年“伐取韓石章”，當是一時事。石章地望不詳，或者即是“蜀潢”之音轉通假。《齊策一》第一章言張儀以秦、魏伐韓，遣使求救于齊，齊王許而遣之，“韓自以為得交于齊，遂與秦戰，楚、趙果遽起兵救韓，齊因起兵攻燕，三十日而舉燕國”。所指當為一時事。是時楚正大興師言救韓，戰車滿夏路，齊即乘此時期燕之內亂，而攻破燕國。
前315,315,周慎靚王六年（西元前三一五年）,28,考案,秦、楚、韓,張儀,伐、攻、救、卒、拔、賂,又案：《韓非子·十過》篇所載秦攻拔宜陽之經過，與此有相同之記述，乃出於不同之傳聞，又有不同之評論，蓋出於縱橫家與法家之觀點相異。《十過》篇載：秦攻宜陽，韓氏急，公仲朋欲因張儀為和于秦，賂以名都而南與伐楚。陳軫為楚謀，進言楚王以虛言救韓，韓使人之楚，楚王因發車騎陳之下路，謂韓使者曰：“報韓君，言弊邑之兵將入境矣。”公仲勸韓君勿聽楚之虛言而輕強秦之實禍，韓君弗聽，公仲怒而歸，十日不朝。宜陽益急，韓令使者趣卒于楚，冠蓋相望而卒無至者，宜陽果拔，為諸侯笑。所謂“發車騎陳之下路”，下路當即夏路。縱橫家重視計謀，故《韓策一》之結論曰：“過聽于陳軫，失計于韓朋。”帛書之結論亦雲：“過聽于陳軫，失計韓儷，故曰：計聽知順逆，雖王可。”此即陳軫謂楚王曰：“計聽知覆逆者，唯（雖）王可也。計者事之本也，聽者存亡之機，計失而聽過，能有國者寡也，故曰：計有一二者難悖也，聽無失本末者難惑。”（《秦策二》第二章）。法家以為戰爭之勝負決定於本身力量，不能依靠外力，因而韓非之結論為“內不量力，外恃諸侯，則國削之患也”。
前315,315,周慎靚王六年（西元前三一五年）,29,史料,趙、魏,,,魏襄王四年改陽曰河雍，向曰高平。（《趙世家·集解》徐廣引《紀年》）
前315,315,周慎靚王六年（西元前三一五年）,30,史料,秦、魏、晉,,會,魏哀王(當作襄王)二十四年(當作四年)改陽曰河雍，改向曰高平。(《秦本紀·集解》徐廣引《紀年》，“陽”原誤作“晉陽”。王國維《輯校》雲：“《紀年》終於今王二十年，不得有二十四年，二十字衍。”日本高山寺舊藏《天養鈔本》正作“四年”，見《史記會注考證校補》)
前315,315,周慎靚王六年（西元前三一五年）,31,史料,韓、晉、鄭,,,鄭侯使韓辰歸晉陽及向，二月城陽、向，更名陽為河雍，向為高平。（《水經·濟水注》引《紀年》，《路史·國名紀甲》引《紀年》同）
前315,315,周慎靚王六年（西元前三一五年）,32,史料,趙、魏、晉、鄭,范雎,,魏襄王四年鄭侯使辰歸晉陽、向，更名陽為河雍，向為高平。（《通鑒地理通釋》卷九少曲注引《括地志》轉引《紀年》。《范雎列傳·正義》引《括地志》轉引《紀年》雲：“鄭侯使辰歸晉陽、向，更名高平。”《趙世家·正義》引《括地志》轉引《紀年》雲：“魏哀王改向曰高平也。”）
前315,315,周慎靚王六年（西元前三一五年）,33,考案,秦、韓、魏、晉、宋、代,,攻、取,案：晉陽亦作陽晉，與封陵同為魏之西邊黃河南端之重要渡口。向在河陽西北，河陽正當孟津對岸，乃黃河中游之重要渡口。是年韓侯使韓辰以晉陽與向兩地歸於魏國，魏即在河陽與向築城防守。程恩澤、顧觀光皆謂《紀年》是年“改陽曰河雍”。陽即河陽，河陽又簡稱為陽，其說甚是。《秦本紀·集解》引《紀年》“陽”誤作“宜陽”。有人認為下文之陽，即指上文之晉陽，亦出於誤解。《秦本紀》載昭王十八年司馬錯“攻垣、河雍決橋取之”。蓋是時河陽、孟津之間已架設浮橋，當司馬錯進攻河雍時，沖決河橋而取得，故雲：“決橋得之。”此地魏、晉以後稱為富平津，設有河陽關，晉泰始中杜預造河橋于富平津，此後成為戍守要地，築有河陽三城。河橋故址在河南孟津西南、孟津東北之黃河上，唐代通稱河陽橋，北宋時尚存。魏襄王四年在此地興建陽、向兩城，此後又架設浮橋，蓋即後來河陽橋之起源。《秦本紀》載昭王五十年“初作河橋”，《正義》雲：“此橋在同州臨晉縣東，渡河至蒲州，今蒲津橋也。”此乃後來蒲津橋之起源。論者以此為黃河上建橋之始，其實河雍之橋更早此三十餘年。
前315,315,周慎靚王六年（西元前三一五年）,34,史料,秦,,伐、取,[秦惠文王更元]十年伐取義渠二十五城。（《秦本紀》，《六國表》作“侵義渠得二十五城”）
前315,315,周慎靚王六年（西元前三一五年）,35,史料,秦,,伐、取,秦伐義渠，取徒經二十五城。（《後漢書·西羌傳》，記在“義渠敗秦師于李伯”之明年）
前315,315,周慎靚王六年（西元前三一五年）,36,考案,秦,,拔,案：徒經即徒涇，西漢屬河西郡，地望不詳。《史記·匈奴列傳》亦雲：“至於惠王，遂拔義渠二十五城。”秦從此兼併義渠大片地區。秦于此時正大力開拓西北原屬義渠之地。
前315,315,周慎靚王六年（西元前三一五年）,37,史料,魏,,,今王（魏襄王）四年碧陽君之諸禦產二龍。（《開元占經》一百十三引《紀年》）
前315,315,周慎靚王六年（西元前三一五年）,38,史料,周,,立、徙都,[周]慎靚王立六年崩，子赧王延立。王赧時東西周分治。王赧徙都西周。（《周本紀》）
前315,315,周慎靚王六年（西元前三一五年）,39,考案,楚、周、鄭,,,案：《索隱》雲：“皇甫謐雲：‘名誕。赧非諡，諡法無赧，正以微弱，竊鐵逃債，赧然慚愧，故號曰赧耳。又按《尚書中候》以赧為然，鄭玄雲：然讀曰赧。王劭按：古音人扇反，今音奴板反。《爾雅》曰：面慚曰赧。”今本《紀年》又作隱王，沈約注：“蓋赧隱聲相近。”疑“赧”亦即“延”之通假，“赧”古音人扇反，與延聲相近。皇甫謐雲名誕，“誕”與“延”亦同音。史文常稱周赧王為王赧，不僅《周本紀》如此，《楚世家》頃襄王十八年亦雲周王赧使武公謂楚相昭子。可知，赧為周王之名，非諡也。
前315,315,周慎靚王六年（西元前三一五年）,40,考案,秦、韓、趙、魏、周,,救、立、遷,又案：周顯王二年西周威公死，公子根在東部爭立，趙、魏助之，於是西周小國分裂為西周與東周兩小國。東周惠公居於洛陽以奉王室，周顯王於是與東周君同居於洛陽。從此周王雖名為天子，實依附于東周之君。及周赧王又從洛陽徙至王城，依附於西周之君，即《周本紀》所謂王赧遷都西周。據《帝王世紀》（《孟子·告子下·正義》所引），秦武王至洛陽舉鼎絕臏而死，事在周赧王八年。《東周策》第三章稱東周與西周戰，韓救西周。或謂東周說韓王曰：“西周故天子之國，多名器重寶。”《周本紀》系于周赧王八年之後，可知周赧王徙居王城，當在八年以後。
前315,315,周慎靚王六年（西元前三一五年）,41,史料,燕、趙、中山,,攻,司馬喜難墨者師于中山王前以非攻，曰：“先生之所術非攻夫？”墨者師曰：“然。”曰：“今王興兵而攻燕，先生將非王乎？”墨者師對曰：“然則相國是攻之乎？”司馬喜曰：“然。”墨者師曰：“今趙興兵而攻中山，相國將是之乎？”司馬喜無以應。（《呂氏春秋·應言》）
前315,315,周慎靚王六年（西元前三一五年）,42,史料,晉、周、衛、中山,,,自司馬氏去周適晉，分散……其在衛者，相中山。（《太史公自序》，《集解》引徐廣曰“名喜也”）
前315,315,周慎靚王六年（西元前三一五年）,43,史料,韓、趙、宋、中山,,卒,昔者司馬喜髭腳于宋，卒相中山。（《鄒陽列傳》載《獄中上書》）司馬喜，中山君之臣也，而善於趙，嘗以中山之謀微告趙王。（《韓非子·內儲說下》）
前315,315,周慎靚王六年（西元前三一五年）,44,史料,趙、中山,,,司馬熹使趙，為己求相中山。公孫弘陰知之。中山君出，司馬熹禦，公孫弘參乘。弘曰：“為人臣，招大國之威，以為己求相，於君何如？”君曰：“吾食其肉，不以分人。”司馬熹頓首於軾，曰：“臣自知死至矣！”君曰：“何也？”“臣抵罪。”君曰：“行！吾知之矣。”居頃之，趙使來為司馬熹求相。中山君大疑公孫弘，公孫弘走出。（《中山策》第四章）
前315,315,周慎靚王六年（西元前三一五年）,45,史料,趙、中山,,立、取,司馬憙三相中山，陰簡難之。田簡謂司馬憙曰：“趙使者來，屬耳，獨不可語陰簡之美乎？趙必請之，君與之，即公無內難矣。君弗與趙，公因勸君立之以為正妻，陰簡之德公無所窮矣。”果令趙請，君弗與。司馬憙曰：“君弗與趙，趙王必大怒，大怒則君必危矣。然則立以為妻，固無請人之妻不得而怨人者也。”田簡自謂取使，可以為司馬憙，可以為陰簡，可以令趙勿請也。（《中山策》第五章）
前315,315,周慎靚王六年（西元前三一五年）,46,史料,趙、周、中山,,立,陰姬與江姬爭為後，司馬熹謂陰姬公曰：“事成則有土子民，不成則恐無身，欲成之何不見臣乎？”陰姬公稽首曰：“誠如君言，事何可豫道者。”司馬熹即奏書中山王曰：“臣聞弱趙強中山。”中山王悅而見之，曰：“願聞弱趙強中山之說。”司馬熹曰：“臣願之趙，觀其地形險阻，人民貧富，君臣賢不肖，商敵為資，未可豫陳也。”中山王遣之，見趙王曰：“臣聞趙，天下善為音，佳麗人之所出也。今者臣來，至境，入都邑，觀人民謠俗，容貌顏色，殊無佳麗好美者。以臣所行多矣，周流無所不通，未嘗見人如中山陰姬者也，不知者特以為神力，言不能及也（王引之雲：“力當是也字之誤，言不能及也乃高注誤入正文者耳”）。其容貌顏色，固已絕人矣，若乃其眉目、准熲、權衡、犀角、偃月，彼乃帝王之後，非諸侯之姬也。”趙王意移，大悅曰：“吾願請之，何如？”司馬熹曰：“臣竊見其佳麗，口不能無道爾，即欲請之，是非臣所敢議，願王無泄也。”司馬憙辭去，歸報中山王曰：“趙王非賢王也，不好道德而好聲色，不好仁義而好勇力，臣聞其乃欲請所謂陰姬者。”中山王作色不悅。司馬憙曰：“趙強國也，其請之必矣，王如不與，即社稷危矣；與之即為諸侯笑。”中山王曰：“為將奈何？”司馬憙曰：“王立為後，以絕趙王之意。世無請後者，雖欲得請之，鄰國不與也。”中山王遂立以為後，趙王亦無請言也。（《中山策》第六章）
前315,315,周慎靚王六年（西元前三一五年）,47,史料,韓、中山,,殺,季辛與愛騫相怨，司馬喜新與季辛惡，因微令人殺愛騫。中山之君以為季辛也，因誅之。（《韓非子·內儲說下》）
前315,315,周慎靚王六年（西元前三一五年）,48,考案,中山,,立,案：陰簡當即陰姬之誤。《中山策》陰簡因司馬憙立為妻事，與陰姬因司馬憙計立為後事，當為一事之兩傳。
前314,314,周赧王元年（西元前三一四年）,1,史料,秦、齊、楚、燕、韓、趙、魏,齊宣王、趙武靈王、楚懷王,,秦惠文王更元十一年，魏襄王五年，韓宣惠王十九年，趙武靈王十二年，齊宣王六年，楚懷王十五年，燕王噲七年。
前314,314,周赧王元年（西元前三一四年）,2,史料,齊、燕,,伐、取,齊人伐燕，勝之。宣王問曰：“或謂寡人勿取，或謂寡人取之，以萬乘之國，伐萬乘之國，五旬而舉之，人力不至於此。不取必有天殃，取之何如？”孟子對曰：“取之而燕民悅則取之，古之人有行之者，武王是也。取之而燕民不悅則勿取，古之人有行之者，文王是也。以萬乘之國，伐萬乘之國，簞食壺漿，以迎王師，豈有他哉？避水火也。如水益深，如火益熱，亦運而已矣。”(《孟子·梁惠王下》)
前314,314,周赧王元年（西元前三一四年）,3,史料,齊、趙,,伐,趙使趙莊合從欲伐齊，齊請效地。趙因賤趙莊。齊明謂趙王曰：“齊畏從人之合也，故效地。今聞趙莊賤，張懃貴，齊必不效地矣。”趙王曰：“善。”乃召趙莊而貴之。（《趙策四》第九章）
前314,314,周赧王元年（西元前三一四年）,4,史料,齊、燕,,伐、救、取、遷、殺,齊人伐燕取之。諸侯將謀救燕。宣王曰：“諸侯多謀伐寡人者，何以待之？”孟子對曰：“臣聞七十裡為政於天下者，湯是也，未聞以千里畏人者也。書曰：‘湯一征，自葛始。’天下信之，東面而征，西夷怨；南面而征，北狄怨，曰：奚為後我？民望之，若大旱之望雲霓也，歸市者不止，耕者不變，誅其君而吊其民，若時雨降，民大悅。《書》曰：‘徯我後，後來其蘇。’今燕虐其民，王往而征之，民以為將拯己於水火中也。簞食壺漿，以迎王師。若殺其父兄，系累其子弟，毀其宗廟，遷其重器，如之何其可也！天下固畏齊之強也，今又倍地，而不行仁政，是動天下之兵也。王速出令反其旄倪，止其重器，謀于燕眾，置君而後去之。則猶可及止也。”（《孟子·梁惠王下》）
前314,314,周赧王元年（西元前三一四年）,5,史料,秦、齊、楚、燕、韓、趙、魏、衛、宋,張儀,伐、攻、救、取,楚許魏六城，與之伐齊而存燕。張儀欲敗之，謂魏王曰：“齊畏三國之合也，必反燕地以下楚，楚、趙必聽之，而不與魏六城，是王失謀于楚、趙，而樹怨于齊、秦也。齊遂伐趙，取乘丘，收侵地，虛、頓丘危，楚破南陽、九夷，內沛，許、鄢陵危。王之所得者新觀也，而道塗宋、衛為制，事敗為趙驅，事成功縣宋衛。”魏王弗聽也，張儀告公仲，令以饑故，賞韓王以近河外。魏王懼，問張子，張子曰：“秦欲救齊，韓欲攻南陽，秦、韓合而欲攻南陽，無異也。且以遇卜王，王不遇，秦、韓之蔔也決矣。”魏王遂尚遇秦，信韓，廣魏，救趙，尺楚人，遽於革下（鮑本“尺”作“斥”，“革”作“革”），伐齊之事遂敗。（《魏策一》第二十二章）
前314,314,周赧王元年（西元前三一四年）,6,史料,齊、楚、燕、趙、魏,樂毅,伐、攻,齊破燕，趙欲存之。樂毅謂趙王曰：“今無約而攻齊，齊必仇趙，不如請以河東易燕地于齊。趙有河北，齊有河東，燕、趙必不爭矣。是二國親也。以河東之地強齊，以燕以趙輔之，天下憎之，必皆事王以伐齊，是因天下以破齊也。”王曰：“善。”乃以河東易齊。楚、魏憎之，令淖滑、惠施之趙，請伐齊而存燕。（《趙策三》第三章）
前314,314,周赧王元年（西元前三一四年）,7,考案,齊、楚、燕、趙、魏,張儀、樂毅、齊宣王、楚懷王,伐、攻、立、合縱、取、遷,案：據《孟子·梁惠王下》孟子對答齊宣王之言，可知齊攻取燕之後，暴虐其民，掠奪其財富，毀其宗廟，遷其重器，因而激起人民之反抗。諸侯謀合縱伐齊而存燕。據《魏策一》第二十二章，楚許魏六城與之伐齊而存燕，為張儀所敗。據《趙策四》第九章，趙使趙將趙莊謀劃合縱伐齊，“齊請效地，趙因賤趙莊”，未能成功。據《趙策三》第三章，樂毅以為不能“無約而攻齊”，必須爭取與國，訂立合縱之約而攻齊。主張以趙之河東易燕地于齊，從而激起楚、魏等國對齊之憎恨，“必皆事王以伐齊”。武靈王“乃以河東易齊，楚、魏憎之，令淖滑、惠施之趙，請伐齊而存燕”。淖滑為楚懷王之外交大臣，惠施為魏襄王之外交大臣，入趙請伐齊而存燕，必然按樂毅之計謀，在趙訂立三國“伐齊而存燕”之合約。
前314,314,周赧王元年（西元前三一四年）,8,史料,燕、周,,,燕人畔王曰：“吾甚慚於孟子。”陳賈曰：“王無患焉，王自以為與周公，孰仁且智？”王曰：“惡！是何言也？”曰：“周公使管叔監殷，管叔以殷畔，知而使之，是不仁也；不知而使之，是不智也。仁智，周公未之盡也，而況于王乎？賈請見而解之。”見孟子，問曰：“周公何人也？”曰：“古聖人也。”曰：“使管叔監殷，管叔以殷畔也，有諸？”曰：“然。”曰：“周公知其將畔而使之與？”曰：“不知也。”“然則聖人且有過與？”曰：“周公弟也，管叔兄也。周公之過，不亦宜乎？且古之君子，過則改之，今之君子，過則順之。古之君子，其過也，如日月之食，民皆見之；及其更也，民皆仰之；今之君子，豈徒順之，又從而為之辭。”（《孟子·公孫醜下》）
前314,314,周赧王元年（西元前三一四年）,9,史料,齊、燕、魏,,攻、殺,齊人攻燕，殺子之，破故國，燕不割而燕國複歸。（《魏策三》第三章須賈謂穰侯，《戰國縱橫家書》第十五章，《穰侯列傳》同）
前314,314,周赧王元年（西元前三一四年）,10,史料,燕、趙、魏,趙武靈王,立,[魏襄王五年，趙武靈王]立燕公子職[為燕王]。（《六國表》趙武靈王十二年《集解》引徐廣曰：“《紀年》雲立燕公子職。”據此推定古本《紀年》此事記在今王五年，即魏襄王五年，是年趙立燕公子職為燕王）
前314,314,周赧王元年（西元前三一四年）,11,考案,秦、齊、楚、燕、韓、趙、魏、中山,樂毅、齊宣王、燕昭王、趙武靈王,伐、立、合縱,案：《趙世家》載“武靈王十一年王召公子職于韓，立以為燕王，使樂池送之”。《集解》徐廣曰：“《紀年》亦雲爾。”樂池原為中山之相，秦惠文王更元七年一度入秦為相，見於《秦本紀》。此時又為趙武靈王護送燕公子職入燕，而立以為燕王，即燕昭王。蓋即推行樂毅聯合楚、魏“伐齊而存燕”之策略（《趙策三》第三章）。當時齊宣王既畏諸侯合縱“伐齊而存燕”，又因燕國人民群起反抗，即《孟子》所謂“燕人畔”。宣王曰：“吾甚慚於孟子。”因而不得不從燕退兵，即須費所稱“燕不割而燕國複歸”。於是樂池送立燕昭王得以不戰而成功。近年燕下都與山東益都、臨朐等地出土有郾王職款之兵器。“職”或作“戩”，足以證明樂池送立之公子職，確是立為燕昭王。山東益都等地出土之郾王職款兵器，當是燕昭王破齊時所遺留。
前314,314,周赧王元年（西元前三一四年）,12,史料,秦、韓、魏,,攻,[秦惠文王更元]十一年樗裡疾攻魏焦，降之。敗韓岸門，斬首萬，其將犀首走。（《秦本紀》）
前314,314,周赧王元年（西元前三一四年）,13,史料,秦、魏,,伐、取、拔,魏哀王(當作魏襄王)五年秦拔我曲沃，歸其人。走犀首岸門。(《六國表》，《魏世家》作“秦使樗裡子伐取我曲沃，走犀首岸門”)
前314,314,周赧王元年（西元前三一四年）,14,史料,秦、韓,,,[韓宣惠王]十九年[秦]大破我岸門。太子倉質于秦以和。（《韓世家》）
前314,314,周赧王元年（西元前三一四年）,15,史料,秦、魏,,取,魏襄王六年秦取我焦。（《路史·國名紀戊》注引《紀年》）
前314,314,周赧王元年（西元前三一四年）,16,考案,秦、韓、魏,張儀,攻、連橫、稱王、取、拔、會,案：秦惠文王八九年間嘗攻取焦與曲沃，十一年因張儀推行連橫策略，又欲於下年召開秦惠稱王，並與韓、魏相王之會，歸焦、曲沃于魏。及是年再度使樗裡疾攻取之。焦與曲沃相鄰，《秦本紀》言是年攻魏焦而降之。《魏世家》言是年秦拔我曲沃，而《紀年》又謂魏襄王六年秦取我焦，較《秦本紀》遲一年，蓋一時事。
前314,314,周赧王元年（西元前三一四年）,17,考案,秦、楚、韓、魏,,救,又案：《韓策一》、《韓世家》及《戰國縱橫家書》二十四章，謂濁澤（或作蜀潢）之戰，韓王聽信楚虛言興師救韓，絕和于秦。秦因而大怒興師，大敗韓軍於岸門。濁澤在今河南長葛西北，岸門在今長葛南、許昌市北，兩地相鄰。是時犀首正為韓相，即《魏策二》第二章載犀首“東見田嬰與之約結，召文子而相之魏，身相于韓”。是年將韓兵抗秦於岸門，為秦大敗而走。《秦本紀》謂“敗韓岸門，斬首萬，其將犀首走”。
前314,314,周赧王元年（西元前三一四年）,18,史料,秦、魏、晉,,,《魏世家》亦雲：“走犀首岸門。”此為三晉又一次大敗于秦。
前314,314,周赧王元年（西元前三一四年）,19,史料,秦,,,亦是犀首合從抗秦策略之又一次大失敗。
前314,314,周赧王元年（西元前三一四年）,20,史料,秦,,,[秦惠文王更元]十一年公子通封于蜀。（《秦本紀》）
前314,314,周赧王元年（西元前三一四年）,21,史料,秦,,,秦惠文王更元十二年公子繇通封蜀。（《六國表》，《索隱》雲：“繇音由，秦之公子。”）
前314,314,周赧王元年（西元前三一四年）,22,史料,秦、周,秦惠王,,周赧王元年秦惠王封子通國為蜀侯，以陳莊為相，置巴郡，以張若為蜀國守。戎伯尚強，乃移秦民萬家實之。（《華陽國志》卷三《蜀志》）
前314,314,周赧王元年（西元前三一四年）,23,考案,秦、周,張儀,伐、取、會、殺,案：《秦本紀》公子通，《六國表》作公子繇通，而《華陽國志》又作通國，《秦本紀》載此後三年“蜀相莊殺蜀侯來降”。《史記會注考證》雲：“按《張儀列傳》及《秦策》雲，司馬錯定蜀，蜀王更號為侯，而使陳莊相，據此則是《紀》所雲“蜀相莊即陳莊，其所殺蜀侯，非蜀王則蜀王子，非秦所封公子通也”。此說非是。《華陽國志》雲：“（周郝王）六年陳莊反，殺蜀侯通國。”陳莊所殺者確是秦所封公子通，亦即通國。其實，公子通本是蜀王子弟而非秦之公子。《秦策》與《張儀列傳》所謂“蜀主更號為侯”，或謂“貶蜀王更號為侯”，即在殺死原有蜀王之後，更封原蜀王子弟為蜀侯耳。據此，秦伐取蜀在前二年，封原蜀王子弟為蜀侯在是年，殆先使陳莊為蜀相治理，至是年始選定原蜀王子弟公子通為蜀侯。蓋“戎伯尚強”，對少數族採用羈縻政策，仍以蜀為屬國，改封蜀王子弟為侯，並設守、相以監護之。同時對於巴族，亦仍保留“蠻夷君長，世尚秦女”（《後漢書·巴郡南蠻傳》）。此後蜀仍連續發生蜀侯反叛之事，秦先後殺死三蜀侯，方鞏固其統治。
前314,314,周赧王元年（西元前三一四年）,24,史料,齊,齊宣王,,齊宣王為大室（“大”原作“太”，從《新序·刺奢篇》第五章改正），大益百畝（《新序》“益”作“蓋”），堂上三百戶。以齊之大（《新序》“齊”下有“國”字)，具之三年而未能成。群臣莫敢諫者(“者”原作“王”，從《新序》改正)。春居問于宣王曰(《新序》“春居”作“香居”)：“荊王釋先王之禮樂而樂為輕(《新序》“輕”作“淫樂”)，敢問荊國為有主乎？”王曰：“為無主。”“賢臣以千數而莫敢諫(“賢臣”疑是“朝臣”之誤，《新序》無此句)，敢問荊國為有臣乎？”王曰：“為無臣。”“今王為大室(“大”原作“太”，據《新序》改正)，其大益百畝，堂上三百戶，以齊國之大(《新序》無以上三句以及下文“具之”二字)，具之三年而弗能成。群臣莫敢諫(《新序》“諫”下有“者”字)，敢問荊國為有臣乎？”王曰：“為無臣。”春居曰(《新序》“春”作“香”)：“臣請辟矣。”(《新序》“辟”作“避”，“辟”“避”通)趨而出。王曰：“春子！春子反！(《新序》以上二句作“香子留”)何諫寡人之晚也，寡人請今止之。”(《新序》無此句)遽召掌書曰(《新序》“掌書”作“尚書”，“尚”與“掌”通)：“書之，寡人不肖，而好為大室(《新序》無“好”字)，春子止寡人。”(《呂氏春秋·驕恣》，《新序·刺奢》第五章同，“春子”作“香子”)
前314,314,周赧王元年（西元前三一四年）,25,史料,齊,齊宣王,,齊宣王問曰：“人皆謂我毀明堂，毀諸？已乎？”孟子對曰：“夫明堂者，王者之堂也，王欲行王政，則勿毀之矣。”王曰：“王政可得聞與？”(《孟子·梁惠王下》)
前314,314,周赧王元年（西元前三一四年）,26,考案,齊、周、代,齊宣王,立、會,案：顧頡剛《明堂》(《史林雜識》第二十六)謂《呂氏春秋》所謂“齊宣王為大室”，即宣王問孟子是否應毀之明堂，蓋“明堂之名，一曰大室”。其說可信。所謂明堂或稱辟雍，起源於氏族聚落公共活動之大屋，建築為廳堂式樣，四周無壁而多設門戶，外戶不閉。齊宣王所建“大室”，大逾百畝，“堂上三百戶”，正是明堂格局。明堂兼具禮堂、會議廳、學校與俱樂部之性質，貴族用以集會、行禮、作樂、習射、聚餐。因而孟子以為王者之堂，在此可以推行“王政”。參看拙作《我國古代大學的特點及其起源》一文，收入拙著《古史新探》（北京中華書局一九六五年十月版）。孟子之平陸，謂其大夫曰：“子之持戟之士，一日而三失伍，則去之否乎？”曰：“不待三。”“然則子之失伍亦多矣。凶年饑歲，子之民，老羸轉於溝壑，壯者散而之四方者，幾千人矣。”曰：“此非距心之所得為也。”“今有受人之牛羊而為之牧之者，則必為之求牧與芻矣。求牧與芻而不得，則反諸其人乎？抑亦立而視其死與？”曰：“此則距心之罪也。”他日，見於王曰：“王之為都者，臣知五人焉。知其罪者，惟孔距心。為王誦之。”王曰：“此則寡人之罪也。”(《孟子·公孫醜下》)
前314,314,周赧王元年（西元前三一四年）,27,考案,齊、燕,齊宣王,伐,案：平陸在今山東汶上縣北，為齊之五都之一。齊未設郡，而有五都之制。除中央有國都臨淄以外，四邊設有四都。平陸為其西南之都。高唐在今山東高唐與禹城之間，為其西北之都。即墨在今山東平度東南，為其東方之都。莒在今山東莒縣，為其南邊之都。五都設有常備兵防守，稱為“技擊”或稱為“持戟之士”，合稱為“五都之兵”或“五家之兵”，為齊國軍隊之主力。齊宣王伐燕，“王令章子將五都之兵，以因北地之眾伐燕”。所謂“五都之兵”即五都之常備兵，所謂“北地之眾”，即在北地所徵發之壯丁。五都設有大夫統率軍隊防守，並統治人民。孔距心即此時平陸之大夫。《孫臏兵法·擒龐涓》記述桂陵之戰，齊城高唐二都大夫當路大敗。齊城即是臨淄。孟子曰：“王之為都者，臣知五人焉。”即謂是時齊設有五都，五都均置有大夫，為行政與軍事長官。
前314,314,周赧王元年（西元前三一四年）,28,史料,齊,,,孟子為卿于齊，出吊于滕，王使蓋大夫王驤為輔行。王驤朝暮見，反齊、滕之路，未嘗與之言行事也。公孫醜曰：“齊卿之位不為小矣，齊、滕之路不為近矣，反之而未嘗與言行事，何也？”曰：“夫既或治之，予何言哉？”(《孟子·公孫醜下》)
前314,314,周赧王元年（西元前三一四年）,29,考案,齊、燕,齊宣王,,案：孟子去齊，當在齊宣王破齊、“燕人畔”之後。前人所作關於孟子行事之考證，多主此說。是時孟子聲望甚高，自負亦極高，自稱“王如用予，則豈徒齊民安，天下之民舉安”。及為齊卿，官位甚高，俸祿甚厚，但不能有所作為。至“燕人畔”以後，孟子致為臣而歸，王欲挽留，“欲中國而授孟子室，養弟子以萬鐘”，為孟子所拒絕。謂“如予欲富，辭十萬而受萬，是為欲富乎？”孟子去齊，宿於晝（在臨淄西北三十裡），三宿而後出晝。自稱“予三宿而出晝，於予心猶以為速，王庶幾改之。王如改諸，則必反予。夫出晝，而王不予追也，予然後浩然有歸志”。見於《孟子·公孫醜下》。
前314,314,周赧王元年（西元前三一四年）,30,史料,秦、楚、宋,,,宋輕將之楚，孟子遇于石丘，曰：“先生將何之？”曰：“吾聞秦、楚構兵，我將見楚王說而罷之。楚王不悅，我將見秦王說而罷之。二王我將有所遇焉。”曰：“軻也，請無問其詳，願聞其指。說之將何如？”曰：“我將言其不利也。”曰：“先生之志則大矣，先生之號則不可。先生以利說秦、楚之王，秦、楚之王悅於利，以罷三軍之師，是三軍之士樂罷而悅於利也。為人臣者懷利以事其君，為人子者懷利以事其父，為人弟者懷利以事其兄，是君臣、父子、兄弟終去仁義，懷利以相接，然而不亡者，未之有也。先生以仁義說秦、楚之王，秦、楚之王悅于仁義，而罷三軍之師，是三軍之士樂罷而悅于仁義也。為人臣者懷仁義以事其君，為人子者懷仁義以事其父，為人弟者懷仁義以事其兄，是君臣、父子、兄弟去利，懷仁義以相接也，然而不王者，未之有也，何必曰利？”（《孟子·告子下》）
前314,314,周赧王元年（西元前三一四年）,31,考案,秦、齊、楚、燕、魏、周、宋,楚懷王,攻、圍、取,案：張宗泰《孟子戰國年表說》雲：“當孟子時，齊、秦所共爭者惟魏，若楚雖近秦，時方強盛，秦尚未敢與爭。惟梁襄王元年癸卯有楚與五國共擊秦不勝之事。而獨與秦戰，則在懷王十七年。孟子是年因燕人畔去齊，疑孟子或有事于宋，而自宋之薛，因與宋輊遇于石丘。”此說近是。綜觀當時形勢，“秦、楚構兵”起于楚懷王十五年末或十六年初，即在十六年“齊助楚攻秦，取曲沃”之前，“楚三大夫張九軍北圍曲沃、於中”之時。是時孟子去齊，有事至宋，因而與宋輊相遇。# 卷 十 一 周赧王二年（西元前三一三年）至 七年（西元前三〇八年）
前313,313,周赧王二年（西元前三一三年）,1,史料,秦、齊、楚、燕、韓、趙、魏,齊宣王、趙武靈王、楚懷王,,秦惠文王更元十二年，魏襄王六年，韓宣惠王二十年，趙武靈王十三年，齊宣王七年，楚懷王十六年，燕王噲八年。
前313,313,周赧王二年（西元前三一三年）,2,史料,秦、魏、晉,,立、會,魏哀王（當作襄王）六年秦來立公子政為太子，與秦王會臨晉。（《六國表》，《魏世家》同，惟“來”誤作“求”）
前313,313,周赧王二年（西元前三一三年）,3,史料,秦、楚、趙、魏,趙武靈王,拔,[趙武靈王]十三年秦拔我藺，虜將軍趙莊。楚、魏王來，過邯鄲。（《趙世家》，《六國表》作“秦拔我藺，虜將趙莊”）
前313,313,周赧王二年（西元前三一三年）,4,史料,秦、趙、晉,秦惠王,伐、攻、拔、會,[秦惠文王更元]十二年王與梁王會臨晉。庶長疾攻趙，虜趙將莊。（《秦本紀》，《樗裡子列傳》作“秦惠王二十五年使樗裡子為將，伐趙，伐虜趙將軍莊豹，拔藺”）
前313,313,周赧王二年（西元前三一三年）,5,考案,秦、齊、燕、趙、晉、代,蘇秦,伐、合縱、殺,案：趙莊，《趙世家》、《六國表》同《秦本紀》作莊。《樗裡子列傳》作莊豹，誤也。《趙世家·正義》雲：“莊一作芘”，更非。《趙策四》有“趙使趙莊合從欲伐齊”章，蓋即此人。《燕策三》、《蘇秦列傳》蘇代曰：“龍賈之戰，岸門之戰，封陵之戰，高商之戰，趙莊之戰，秦之所殺三晉之民數百萬。”所謂“趙莊之戰”，即指此役，亦大戰也。《蘇秦列傳·索隱》雲：“肅侯二十二年趙莊與秦戰敗，秦殺趙莊河西。”肅侯二十二年所殺者乃趙庇，非趙莊。設趙莊已見殺于肅侯時，何得前此二年猶使以謀合縱伐齊乎？秦惠文王更元十二年樗裡子擊藺陽，虜趙將。公子繇通封蜀。（《六國表》，“藺陽”當即“藺”）
前313,313,周赧王二年（西元前三一三年）,6,史料,秦、齊、楚、韓、魏、晉、魯、越、蔡,齊威王、齊宣王、楚懷王,伐、攻、圍、殺,當楚威王之時(“楚威王”當作“楚懷王”)，越北伐齊，齊威王(當作“齊宣王”)使人說越王曰：“越不伐楚，大不王，小不伯。圖越之所為不伐楚者，為不得晉也。韓、魏固不攻楚。韓之攻楚，覆其軍，殺其將，則葉、陽翟危，魏亦覆其軍，殺其將，則陳、上蔡不安。故二晉之事越也，不至於覆軍殺將，馬汗之力不效。所重于得晉者何也？”越王曰：“所求于晉者，不至頓刃接兵，而況於攻城圍邑乎？願魏以聚大樑之下，願齊之試兵南陽、莒地，以聚常、郯之境，則方城之外不南，淮、泗之間不東，商於、析、郿、宗胡之地，夏路以左，不足以備秦，江南、泗上不足以待越矣。則齊、秦、韓、魏得志于楚也，是二晉不戰而分地，不耕而獲之。不此之為，而頓刃于河山之間，以為齊、秦用，所待者如此其失計，奈何其以此王也。”齊使者曰：“幸也，越之不亡也！吾不貴其用智之如目，見毫毛而不見其睫也。今王知晉之失計，而不自知越之過，是目論也。王所待于晉者，非有馬汗之力也，又非可與合軍連和也，將待之以分楚眾也。今楚眾已分，何待于晉？”越王曰：“奈何？”曰：“楚三大夫張九軍，北圍曲沃、於中，以至無假之關者三千七百里；景翠之軍北聚魯、齊、南陽，分有大此者乎？且王之所求者，鬥晉、楚也；晉、楚不鬥，越兵不起，是知二五而不知十也。此時不攻楚，臣以是知越大不王，小不伯。複讎、龐、長沙，楚之粟也；竟澤陵，楚之材也。越窺兵通無假之關，此四邑者不上貢事於郢矣。臣聞之，圖王不王，其敝可以伯。然而不伯者，王道失也。故願大王之轉攻楚也。”於是越遂釋齊而伐楚。（《越世家》）
前313,313,周赧王二年（西元前三一三年）,7,考案,秦、齊、楚、韓、魏、周、魯、越、吳,齊宣王、楚懷王,伐、攻、圍、救、合縱、連橫、滅、取、拔、殺,案：《越世家》系此事于越王無彊時，謂越因此釋齊而伐楚，“楚威王興兵而伐之，大敗越，殺王無彊，盡取故吳地至浙江，北破齊於徐州，而越以此散。”黃以周《史記越世家補並辨》（收入《微季雜著·史說》）以為《越世家》所記大謬，謂楚滅越在楚懷王時，而不在楚威王時。“且遍考秦、漢古書，楚圍徐州之年，並無三大夫圍於中、景翠圍南陽事”，“景翠于楚威王時未任用，至懷王屢使將兵，見《國策》。”黃式三《周季編略》因而校定齊使說越王為此年事。按曲沃在今河南三門峽市西南，正當函谷關東北，原屬魏國，魏襄王五年（即上年）為秦再度攻取。於中在今河南西峽縣東，正當武關以東、楚方城以西地方，於中連同商密（今河南淅川縣西南）一帶合稱商於之地。此處原為楚地，此時已為秦所佔有。魏、韓連年為秦所敗，上年秦又大敗韓軍於岸門，主張合縱抗秦之犀首因大敗而走，魏、韓被迫與秦“連橫”。造成秦、魏、韓三國與楚、齊兩國對峙之形勢。秦所佔有之曲沃與於中，成為秦從函谷關與武關伸向關東之左右矛頭，對楚造成嚴重威脅。《秦策二》第一章謂“齊助楚攻秦，取曲沃”，當即是年事。齊宣王使人說越王曰：“楚三大夫張九軍，北圍曲沃、於中。”當在楚攻取曲沃之前。除此以外未見有楚圍攻曲沃於中之事。與此同時，楚又使景翠統率大軍駐屯于魯、齊兩國邊境，以及韓之南邊，即齊使者謂越王所謂“景翠之軍北聚魯、齊南陽。”景翠為當時楚之柱國，統軍作戰在楚懷王十七年至二十九年間。楚懷王十七年景翠圍攻韓雍氏，見於《韓世家·集解》所引《紀年》，秦因此助韓反攻景座，見於《六國表》韓宣惠王二十一年。景座即景翠，“翠”“座”乃一聲之轉。楚懷王二十一年秦攻韓宜陽，楚使景翠往救，景翠待秦攻拔宜陽之後進兵，秦因而贈以煮棗一地。見於《東周策》。楚懷王二十九年齊秦約攻楚，楚使景翠以六城敗齊，並以太子橫入質于齊。見於《楚策二》。據此可見，“景翠之軍北聚魯、齊南陽”，乃與“楚三大夫張九軍，北圍曲沃、於中”相配合，用以對付秦之連橫策略，圖謀擊退秦攻楚之策劃。
前313,313,周赧王二年（西元前三一三年）,8,史料,秦、齊、楚、韓、宋,張儀、秦惠王,伐、攻、取、賂,齊助楚攻秦，取曲沃。其後秦欲伐齊，齊、楚之交善，惠王患之，謂張儀曰：“吾欲伐齊，齊、楚方歡，子為寡人慮之奈何？”張儀曰：“王其為臣約車並幣，臣請試之。”（以上一節，《楚世家》作“秦欲伐齊，而楚與齊從親，秦惠王患之，乃宣言張儀免相，使張儀南見楚王”。此節以下《楚世家》大體相同）張儀南見楚王曰：“弊邑之王所說甚者無大大王（《楚世家》“說甚”作“甚說”，“無大”作“無先”），惟儀之所甚願為臣者亦無大大王（《楚世家》“惟”作“雖”，“為臣”作“為門闌之廝”，“無大”作“無先”）。弊邑之王所甚憎者亦無先齊王，惟儀之所甚憎者，亦無先齊王（《楚世家》“惟”作“雖”）。今齊王之罪，其於弊邑之王甚厚，弊邑欲伐之，而大國與之歡。是以弊邑之王不得事王，而令儀不得為臣也（“事王”原誤作“事令”，“而”下無“令”字，今從王念孫校正。以上六句，《楚世家》作“而大王和之，是以敝邑之王不得事王，而令儀亦不得為門闌之廝也”）。大王苟能閉關絕齊（《楚世家》作“王為儀閉關而絕齊”），臣請使秦王獻商於之地方六百里（《楚世家》作“今使使者從儀西取故秦所分楚商於之地方六百里”）。若此齊必弱，齊弱則必為王役矣（《楚世家》作“如是則齊弱矣”）。則是北弱齊，西德于秦，而私商於之地以為利也（《楚世家》“利”作“富”），則此一計而三利俱至。”楚王大說，宣言於朝廷曰：“不穀得商於之田方六百里。”（《楚世家》作“乃置相璽于張儀，日與置酒，宣言‘吾得吾商於之地’”）群臣聞見者畢賀（《楚世家》作“群臣皆賀”），陳軫後見獨不賀（《楚世家》作“而陳軫獨吊”）。楚王曰：“不穀不煩一兵，不傷一人，而得商於之地六百里，寡人自以為智矣，諸大夫皆賀，子獨不賀，何也？”（上節《楚世家》作“懷王曰：何故？”）陳軫對曰：“臣見商於之地不可得，而患必至也，故不敢妄賀。”王曰：“何也。”（《楚世家》無上節）對曰：“夫秦所以重王者，以王有齊也。今地未得而齊先絕（《楚世家》“齊”下有“交”字），是楚孤也。秦又何重孤國？（《楚世家》此句下有“必輕楚矣”句）且先出地絕齊（《楚世家》“出地”下有“而後”二字，金正煒曰：“此當有後字，誤脫也”)，秦計必弗為也。先絕齊，後責地，且必受欺于張儀（《楚世家》“且”作“則”，“受”作“見”）。受欺于張儀（《楚世家》“受”作“見”），王必惋之（《楚世家》“惋”作“怨”）。是西生秦患（《楚世家》作“怨之是西起秦患”），北絕齊交，則兩國兵必至矣。”（《楚世家》下有“臣故吊”句）楚王不聽，曰：“吾事善矣！子其弭口無言，以待吾事。”楚王使人絕齊，使者未來，又重絕之。張儀反秦，使人使齊，齊、秦之交陰合（《楚世家》無“曰吾事善矣”以下九句）。楚因使一將軍受地于秦（《楚世家》作“因使一將軍西受封地”）。張儀至，稱病不朝（《楚世家》作“張儀至秦，詳醉墜車，稱病不出三月，地不可得”）。楚王曰：“張子以寡人不絕于齊乎？”（《楚世家》作“儀以吾絕齊為尚薄邪？”）乃使勇士往置齊王（《楚世家》作“乃使勇士宋遺北辱齊王。齊王大怒，折楚符而合于秦”）。張儀知楚絕齊也，出見使者曰：“從某至某，廣從六裡。”（《楚世家》作“秦、齊交合，張儀乃起朝，謂楚將軍曰：子何不受地？從某至某，廣表六裡”）使者曰：“臣聞六百里，不聞六裡。”（《楚世家》作楚將軍曰：“臣之所以見命者六百里，不聞六裡”）儀曰：“儀固以小人，安得六百里？”（《楚世家》無此兩句）使者反報楚王（《楚世家》作“即以歸報懷王”），楚王大怒，欲興師伐秦（《楚世家》作“興師將伐秦”）。陳軫曰：“臣可以言乎？”王曰：“可矣。”（《楚世家》無此問對）軫曰：“伐秦非計也，王不如因而賂之一名都，與之伐齊，是我亡于秦而取償于齊也。楚國不尚全乎？（《楚世家》作“吾國尚可全”）王今已絕齊而責欺于秦，是吾合齊、秦之交也（《楚世家》“交”下有“來天下之兵”五字），國必大傷。”楚王不聽，遂舉兵伐秦（《楚世家》作“遂絕和于秦，發兵西攻秦，秦亦發兵擊之”）。秦與齊合，韓氏從之，楚兵大敗于杜陵。（《秦策二》第一章，《楚世家》懷王十六年與此大體相同，惟首節不同，結尾無以上三句，緊接“十七年春與秦戰丹陽”云云，金正煒雲：“杜陵當作杜陽”）
前313,313,周赧王二年（西元前三一三年）,9,史料,秦、齊、楚、宋,張儀、楚懷王,伐、攻、卒、取、賂、殺,秦欲伐齊，齊、楚從親，於是張儀往相楚。楚懷王聞張儀來，虛上舍而自館之。曰：“此僻陋之國，子何以教之？”儀說楚王曰：“大王誠能聽臣，閉關絕約于齊，臣請獻商於之地六百里，使秦女得為大王箕帚之妾，秦、楚娶婦嫁女，長為兄弟之國。此北弱齊而西益秦也，計無便此者。”楚王大說而許之。群臣皆賀，陳軫獨吊之。楚王怒曰：“寡人不興師發兵得六百里地，群臣皆賀，子獨吊，何也？”陳軫對曰：“不然，以臣觀之，商於之地不可得而齊、秦合，齊、秦合則患必至矣。”楚王曰：“有說乎？”陳軫對曰：“夫秦之所以重楚者，以其有齊也。今閉關絕約于齊，則楚孤。秦奚貪夫孤國，而與之商於之地六百里？張儀至秦，必負王，是北絕齊交，西生患于秦也，而兩國之兵必至。善為王計者，不若陰合而陽絕于齊，使人隨張儀。苟與吾地，絕齊未晚也；不與吾地，陰合謀計也。”楚王曰：“願陳子閉口毋複言，以待寡人得地。”乃以相印授張儀，厚賂之。於是遂閉關絕約于齊，使一將軍隨張儀。張儀至秦，詳失綏墮車，不朝三月。楚王聞之，曰：“儀以寡人絕齊未甚邪？”乃使勇士至宋，借宋之符，北罵齊王。齊王大怒，折節而下秦。秦、齊之交合，張儀乃朝，謂楚使者曰：“臣有奉邑六裡，願獻大王左右。”楚使者曰：“臣受令于王，以商於之地六百里，不聞六裡。”還報楚王。楚王大怒，發兵而攻秦。陳軫曰：“軫可發口言乎？攻之不如割地反以賂秦，與之並兵而攻齊，是我出地于秦，取償于齊也，王國尚可存。”楚王不聽，卒發兵而使將軍屈匄擊秦。秦、齊共攻楚，斬首八萬，殺屈匄，遂取丹陽。（《張儀列傳》）
前313,313,周赧王二年（西元前三一三年）,10,史料,秦、齊、楚,張儀、秦惠王、楚懷王,伐,[秦惠文王更元]十二年張儀相楚。（《秦本紀》，《六國表》雲：“楚懷王十六年張儀來相。”《楚世家》亦謂是年秦惠王“宣言張儀免相，使張儀南見楚王……懷王大悅，乃置相璽于張儀”。《張儀列傳》亦雲：“秦欲伐齊，齊、楚從親，於是張儀往相楚。……楚王……乃以相印授張儀。”)
前313,313,周赧王二年（西元前三一三年）,11,考案,秦、齊、楚、宋,張儀、楚懷王,攻、圍、取,案：《秦策二》第一章、《楚世家》與《張儀列傳》所載，為同一事件之傳說，當以《秦策》所述較為原始，《楚世家》已較《秦策》有增飾，《張儀列傳》則更多增飾。《秦策》未有楚王授相印于張儀之說，《楚世家》、《張儀列傳》授相印之說當出於誇張而增飾。《秦本紀》言是年“張儀相秦”，《六國表》言張儀來相楚，皆不可信。楚使三大夫張九軍北圍秦之曲沃、於中，在楚進一步攻取曲沃之後，當張儀入楚進獻“商於之地”時，雙方正以大軍相對峙，大戰一觸即發。楚懷王雖輕信張儀之欺詐，尚不能輕以相印授予正相對敵之國之相國。《秦策》僅言“乃使勇士往詈齊王”，《楚世家》作“乃使勇士宋遺北辱齊王”，《張儀列傳》又論作“乃使勇士至宋，借宋之符，北罵齊王”。
前313,313,周赧王二年（西元前三一三年）,12,考案,秦、齊、楚、代,張儀、楚懷王,伐、攻、圍、立、取,又案：是時楚正以三大夫張九軍北圍秦之曲沃、於中。當此年齊助楚攻取曲沃之後，楚將進一步攻取於中，秦之形勢頗為不利。秦因而遣使張儀入楚見懷王，進獻楚正在圍攻中之商於之地，以齊、楚絕交為交換條件。此為秦之緩兵之計，以待秦之進一步加強堅守商於之地之兵力，圖謀向楚反攻。《楚世家·集解》雲：“商於之地在今順陽郡南鄉、丹水二縣，有商城在於中，故謂之商於。”《水經·丹水注》亦雲：“丹水徑流兩縣（按指南鄉、丹水）之間，於中之北，所謂商於者也。故張儀說楚絕齊，許以商於之地六百里，謂以此也。”所謂“有商城在於中”，商城即春秋時代楚之商縣。在今河南淅川縣西南，於在今河南西峽縣東，兩地相鄰，因而連稱為商於之地。張儀為秦進獻商於之地于楚，目的在於絕楚、齊之交，分解楚、齊“從親”，使楚孤立，以便秦反攻楚軍得勝。待齊、楚確實絕交之後，張儀目的已達，立即食言。商於之地不過兩縣，本無六百里之廣縱。張儀所謂“商於之地六百里”，本為誇大之辭，食言而改稱“廣從六裡”，乃欺人之談。所謂楚懷王使一將軍受地于秦，此一將軍當即屈句。屈句原為“楚三大夫張九軍北圍秦之曲沃、於中”之一大夫，時屈句正率大軍圍困於中。及張儀食言，懷王大怒，興師進攻，亦即命令屈匄進攻所圍之“商於之地”。《秦策》謂楚王舉兵伐秦，楚兵大敗于杜陵。鮑彪以為杜陵屬京兆，此說不確。杜陵乃因漢宣帝之陵所在而得名，在今陝西西安東南。戰國時不應有杜陵之稱，楚兵亦不能輕易攻至此地，杜陵二字當有訛誤。《楚世家》以為因此懷王十七年“春與秦戰丹陽，秦大敗我軍，斬甲士八萬，虜我大將軍屈匄，裨將軍逢侯醜等七十餘人，遂取漢中之郡”。《張儀列傳》同。《屈原列傳》亦雲：“懷王怒，大興師伐秦，秦發兵擊之，大破楚師於丹、漸，斬首八萬，虜楚將屈匄，遂取楚之漢中地。”丹、漸亦即丹陽，即指丹水東北之地，亦即“商於之地”東部。蓋其時秦已有大敗楚軍之準備，當楚軍攻入“商於之地”東部，即陷入秦軍之重圍，因而大慘敗。
前313,313,周赧王二年（西元前三一三年）,13,史料,楚,楚懷王,伐,屈原者，名平，楚之同姓也。為楚懷王左徒，博聞強志，明於治亂，嫻於辭令，入則與王圖議國事，以出號令，出則接遇賓客，應對諸侯，王甚任之。上官大夫與之同列，爭寵而心害其能，懷王使屈原造為憲令，屈平屬草稿，未定，上官大夫見而欲奪之，屈平不與，因讒之曰：“王使屈平為令，眾莫不知。每一令出，平伐其功曰：以為非我莫能為也。”王怒而疏屈平。（《屈原列傳》）
前313,313,周赧王二年（西元前三一三年）,14,考案,秦、齊、楚、鄭,張儀、楚懷王,伐、滅、賂,案：《屈原列傳》雲：“屈平既絀，其後秦欲伐齊，齊與楚從親，惠王患之，乃令張儀詳去秦，厚幣委質事楚”云云，以為屈原見絀在楚懷王十六年，張儀入楚獻商於之地之前。《新序·節士》第十九章則雲：“秦欲吞滅諸侯，並兼天下，屈原為楚東使于齊，以結強黨。秦國患之，使張儀之楚，貨楚貴臣上官大夫靳尚之屬，上及令尹子闞、司馬子椒，內賂夫人鄭袖，共譖屈原。屈原遂放於外，乃作《離騷》。”《新序》以為屈原見放，在張儀入楚之後。並謂張儀入楚之前，屈原已為楚東使于齊，因而秦使張儀入楚貨賂上官大夫等，共譖屈原。當以《屈原列傳》所記為實，《新序》所述乃出於後人之增飾。
前313,313,周赧王二年（西元前三一三年）,15,考案,秦、楚、趙,,滅、取、殺,又案：梁玉繩《史記志疑》雲：“王逸《離騷·序》雲上官靳尚，蓋仍《新序·節士》篇之誤。考《楚策》靳尚為張旄所殺，在懷王世，而此言上官為子蘭所使，當頃襄王時，必別一人。故《漢書·古今人表》列上官大夫五等，靳尚七等”，其說是也。錢穆《屈原居漢北為三閭大夫考》雲：“《姓纂》雲：‘楚莊王少子蘭為上官大夫，後以為氏。’莊王即頃襄王，子蘭乃莊王弟，懷王稚子，此誤。《通志·氏族略》‘楚王子蘭為上官大夫，因以為氏，秦滅楚，徙隴西之上邽’。亦以子蘭為上官大夫，而上官則為邑名。”（《先秦諸子系年》第三八六頁）其說非是。子蘭與上官大夫非一人，《傳》有明文。上官大夫與左徒同在朝列，則非縣大夫，可知。考秦官有官大夫、五大夫等，此時楚亦已效之。《楚策一》“杜赫說楚王以取趙，王且予之五大夫”，可證。上官大夫蓋即官大夫，稱官大夫為上官大夫者，亦猶柱國或稱上柱國也。
前313,313,周赧王二年（西元前三一三年）,16,史料,秦、楚、魏,,攻,甘茂約秦、魏而攻楚，楚之相秦者屈蓋（金正煒雲“相秦”當為“拒秦”之誤），為楚和于秦，秦啟關而聽楚使。甘茂謂秦王曰：“怵于楚而不使魏制和，楚必曰：‘秦鬻魏。’魏不悅而合于楚，楚、魏為一，國恐傷矣。王不如使魏制和，必悅。王不惡于魏，則寄地必多矣。”（《秦策二》第十四章）
前313,313,周赧王二年（西元前三一三年）,17,考案,秦、楚,張儀、楚懷王,攻,案：金正煒曰：“按屈蓋相秦無考。……《史記》楚懷王十七年秦敗我將屈匄，《索隱》雲：匄音蓋，楚大夫。疑即此策屈蓋，相秦當為拒秦之誤。匄未為秦虜之先，謀和于秦。考楚懷王十七年春，因張儀食言而不獻商於之地，懷王怒，命屈匄大舉攻楚。其時屈匄不能違背王命而謀和于秦。屈匄謀和于秦，必在張儀食言之前。
前313,313,周赧王二年（西元前三一三年）,18,史料,秦、楚、吳、衛,,伐、救、滅、取、盟,又秦嗣王（“又”讀作“有”），敢用吉玉宣璧（“宣”讀作“瑄”），使其宗祝邵磐布湣告於不顯大沈厥湫(“湣”董逌作“忠”，汝帖本無此字，郭沫若據《元至正中吳刊本》作“湣”，謂通“檄”)，以底楚王熊相之多鼻(“鼻”同“罪”，汝帖本缺此九字)。昔我先君穆公及楚成王是繆力同心(“繆”郭沫若作“僇”，通“戮”)，兩邦以壹(“以”，董逌、郭沫若作“若”)絆以婚姻，袗以齋盟(汝帖本缺此八字)，曰葉萬子孫毋相為不利(“葉”同“世”)，親卬大沈厥湫而質焉(“卬”同“仰”)。今楚王熊相康回無道，淫失甚亂(“失”通“佚”，郭沫若作“號”，謂“誇”之異文)，宣奓競從(“奓”通“侈”，“從”通“縱”)，變輸盟制(“輸”通“渝”，郭沫若“制”作“枘”，謂古“約”字)，內之則虢虐不姑(“虢”通“暴”，“姑”通“辜”，絳帖本作“辜”，《告巫咸文》亦作“辜”)，刑戮孕婦，幽刺敕戚(“敕”通“親”，郭沫若作“幽敕敕或”，謂“枘”同“約”，“或”同“馘”)，拘圉其叔父，寘者冥室櫝棺之中(“者”通“諸”，自“變輸”以下，汝帖本只有“刑刺不辜”四字)，外之則冒改厥心，不畏皇天上帝及大沈厥湫之光列威神(“列”通“烈”)，而兼倍十八世之詛盟(“倍”通“背”)，衛者侯之兵以臨加我(“衛”通“率”，“者”通“諸”)，欲劃伐我社稷，伐威我百姓(“威”通“滅”)，求蔑灋皇天上帝及大沈厥湫之卹祠、圭玉羲牲(“灋”同“法”，通“廢”，“羲”通“犧”，汝帖本缺自“灋”以下十一字)，逮取徭邊城新郢及郯、長、敕(“逮”，董逌雲：“一作逮”，郭沫若作“述”，謂通“遂”，“徭”同“吾”，汝帖本缺“逮”“及”二字)，徭不敢曰可(“徭”同“吾”，“可”通“何”)。今又悉興其眾，張矜忑怒(董逌雲：“忑巫鹹本作“意”，郭沫若“矜”作“矜”，“忑”作“意”，讀作“部”，又讀“怒”作“弩”)，飾甲底兵(“飾”通“傷”，“底”通“砥”)，奮士盛師，以偪徭邊競(“偪”通“逼”，“徭”同“吾”，“競”通“境”)，將欲複其蹴速(“蹴”通“兌”，“速”同“跡”，郭沫若“速”作“逮”，謂通“求”)，唯是秦邦之羸眾敝賦，鞫翰棧輿(“鞫”同“鞫”，郭沫若作“翰”)，禮使介老(郭沫若“使”作“僂”，同“叟”)，將之以自救也(絳帖本“也”作“跂”，董逌雲：《告巫咸文》作“跂”)。亦應受皇天上帝及大沈厥湫之幾靈德賜，克劑楚師（汝帖本以下缺），且複略我邊城，敢數楚王熊相之倍盟犯詛，著者石章（“者”通“諸”），以盟大神之威神。（《秦詛楚文》之《告大沈厥湫文》刻石，據容庚《古石刻拾零》所載《絳帖本》與《汝帖本》，參以郭沫若《詛楚文考釋》所據《元至正中吳刊本》）
前313,313,周赧王二年（西元前三一三年）,19,考案,秦、楚、吳、宋,,滅,案：《秦詛楚文》刻石三件，皆秦王使宗祝請神加殃楚王從而“克劑楚師”之文告，文辭相同，惟所祀之神不同。北宋時先後出土《告巫咸文》，嘉祐中出土於鳳翔開元寺，《告大沈厥湫文》，治平中耕者得於朝那湫旁，在今甘肅平涼縣西北，《告亞駝文》傳出於洛陽，或謂亞駝即滹沱，但滹沱水非秦地，何以又出於洛陽，當出仿刻而作偽。原石與原拓，南宋時已不見。據記載，《告巫咸文》出土時有三十四字漫滅，但南宋之《絳帖》與《汝帖》所載以及《元至正中吳刊本》，皆字字完好，蓋已經拼湊而翻刻。《汝帖本》較《絳帖本》字數略少，蓋又有刪節。一九三四年容庚據《絳帖本》、《汝帖本》所載《告巫咸文》與《告大沈厥湫文》，編入《古石刻拾零》，並有考釋。後十年吳公望又影印《元至正中吳刊本》，一九四七年郭沫若又據以作《詛楚文考釋》，收入《郭沫若全集·考古編》（第九卷）。
前313,313,周赧王二年（西元前三一三年）,20,考案,秦、齊、楚、燕、周、魯、宋、鄭、代,,攻、救、盟、奔,又案：《說文》雲：“詛，詶也。”“詶”即“咒”之異文。詛有兩種，一種是先結“盟”而後加“詛”，如《左傳》襄公十一年季武子作三軍，先盟于魯僖公廟之大門，再詛于五父之衢。此後三桓多次先結“盟”而“加詛”，“詛”乃謂彼此在神前相約守盟而加禍於不守盟者。即鄭玄所謂“以禍福之言相要曰詛”（見《詩經·小雅·何人斯·鄭箋》）。另一種是對敵人咒駡而請神加禍於敵人，稱為“詛”。如《左傳》定公五年十月陽虎“大詛，逐公父歜及秦遄，皆奔齊”。即在神前咒駡此兩人而驅逐之。戰國時秦、宋等國流行巫師咒詛敵國君王之巫術，甚至製造敵國君主之像，在神前咒駡而加以射擊。如《燕策二》第一章記蘇代約燕王，雲：秦欲攻安邑，恐齊救之，則以宋委于齊，曰：“宋王無道，為木人以寫寡人，射其面。”《燕策二》第十一章記蘇子謂齊王曰：“今宋王射天笞地，鑄諸侯之象，使侍屏匿，展其臂，彈其鼻。”即指宋使用巫師咒詛敵國君王之巫術。如同以前彝族有此風俗，在與敵作戰前，由巫師咒詛敵人，將草人寫上敵人名字加以咒詛而打擊。《秦詛楚文》言秦王使“宗祝”于巫咸、大沈厥湫等神前，咒駡楚王而欲加禍于楚王，從而克劑楚師。“宗祝”即是宗廟之祝，具有禱告鬼神並於神前咒駡敵人，請神加禍于敵人之巫師性質。《周禮·春官》有“詛祝掌盟、詛、類、造、攻、說、祫、滎之祝號，作盟詛之載辭，以敘國之信用，以質邦國之劑信。”《詛楚文》之載辭，當即出於宗祝邵鬈所作，用於咒詛楚王之巫術。《詛楚文》所以要告于巫咸與大沈厥湫，蓋兩者即為秦巫師所崇拜之天神與地祇。
前313,313,周赧王二年（西元前三一三年）,21,考案,秦、楚,,攻、卒、遷,又案：秦王于秦、楚大戰之前，使宗祝邵繇在雍祭祀巫鹹、咒詛楚王而祈求“克劑楚師”，蓋亦有其特定之原因。當時秦已遷都咸陽，但據《史記·封禪書》所載，秦所有祭祀上帝、天神、日、月、星、辰、風伯、雨師之祠廟以及祖廟，皆在舊都雍（在今陝西鳳翔縣城以南）。秦王三年一度“郊見上帝”之禮，以及重大之典禮，皆必至雍舉行。直到秦始皇時仍如此。據《秦始皇本紀》及《呂不韋列傳》太史公讚語，九年四月秦王年二十二歲，因到雍，先“郊見上帝”，再到祖廟行冠禮，嫪毐乘機作亂，矯太后璽發卒攻秦王所居之蘄年宮。郭沫若據蘇軾之說，以為出土《告巫咸文》刻石之開元寺，即祈年宮之故基。“當更進一步獲得一斷定，即秦之祈年觀所祀者為巫鹹神。”此一推斷不確。祈年宮為秦王行宮，何故祀巫鹹耶？《山海經·海外西經》雲：“巫咸國在女醜北，右手操青蛇，左手操赤蛇，在登葆山，群巫所從上下也。”《大荒西經》又雲：“大荒之中有山名豐沮玉門，日月所入。有靈山，巫咸、巫即、巫盼、巫彭、巫姑、巫真、巫禮、巫抵、巫謝、巫羅十巫，從此升降，百藥愛在。”《海內西經》又雲：“（昆侖）開明東有巫彭、巫抵、巫陽、巫履、巫凡、巫相，夾窫窳之屍，皆操不死之藥以距之。”所謂登葆山、靈山，具有天梯性質，以巫鹹為首之群巫所從升降上下，以溝通人間與天堂。古時巫醫不分，群巫由此采得百藥，與不死之藥。巫咸為巫師之祖師，《說文》雲：“巫，祝也，女能事無形，以舞降神者也。……與工同意。古者巫咸初為巫。”“巫”字甲骨文與金文皆作“巫”，《詛楚文》中巫咸之“巫”，寫法正與甲骨文、金文相同。宗祝邵瞽本為巫師性質，在雍告于巫鹹而舉行咒詛楚王之巫術。蓋巫咸原為巫師之祖師，能溝通人間與天堂而上通於天神，使巫術得以靈驗而生效。
前313,313,周赧王二年（西元前三一三年）,22,考案,秦、楚、魏、晉,,取、遷,又案：宗祝邵謩既在雍告于巫鹹，而咒詛楚王，以上通天堂；又至朝那湫旁告于大沈厥湫而咒詛楚王，以為大沈厥湫能下達地宮。《史記·封禪書》記秦所祀名山大川之神，“湫淵祠朝那。”《漢書·地理志》亦載朝那有湫淵祠。《史記·集解》引蘇林曰：“湫淵在安定朝那縣，方四十裡，停不流冬夏不增減，不生草木。”《正義》引《括地志》曰：“朝那祠在原州平高縣東南二十裡。”在今甘肅固原縣東南，即平涼縣西北。《史記·索隱》雲：“即龍之所處也。”大沈厥湫為秦之水神，猶如實沈為晉之水神。《左傳》昭西元年載晉侯有疾，蔔人曰：“實沈、台駘為祟”，子產謂實沈為高辛氏之季子，遷于大夏。大夏亦為澤名，《淮南子·墜形訓》雲：“西北方曰大夏，曰海澤。”古時祭河常以玉石沉于水中，實沈與大沈厥湫之名，即由此而來。古人以為河伯、水神為地宮之主宰，河伯、水神最能作祟。《秦始皇本紀》稱秦二世夢白虎齧其左驂馬，蔔曰：“涇水為祟。”古時祝巫因而為“河伯娶婦”。魏文侯時西門豹為鄴令，曾革除此風習，秦亦有此風習。《六國表》載秦靈公八年“城塹河瀕。初以君主妻河”。《索隱》雲：“謂初以此年取他女為君主，君主猶公主也。妻河，謂嫁之河伯。”河伯在古神話中，其神力幾與上帝相等。殷人東夷皆重視河伯，卜辭中常見有燎於河，沉於河，埋於河之祭祀。秦原為嬴姓，出自東夷，因而亦重視河伯水神；大沈厥湫亦成為秦巫所崇拜之大神。
前313,313,周赧王二年（西元前三一三年）,23,考案,秦、齊、楚、魏、晉、周、代,張儀、商鞅、楚懷王,攻、圍、滅、取、盟,又案：《秦詛楚文》所咒詛之楚王，董逌推定為楚頃襄王，歐陽修則定為楚懷王，謂文中稱楚王熊相，而《史記》作熊槐，蓋傳寫之誤。近人考釋者皆以為楚懷王。郭沫若據《周官·朝士》“面三槐、三公位焉”，以為三公乃論道經邦之相位，楚懷王蓋名槐而字相。文中稱楚王“率諸侯之兵以臨加我”，考釋者皆謂指楚懷王十一年“山東六國共攻秦，楚懷王為從長”。文中又稱楚王“速取吾邊城新鄣及邲、長、敕，吾不敢曰可（“可”讀作“何”）。今又悉興其眾”。容庚系此事于懷王十六年，惠文王更元十二年，在秦相張儀入楚欺騙楚王獻“商於之地六百里”之後，懷王大怒而發兵西擊秦。此說甚是。是時楚、齊原相聯合，“楚三大夫張九軍以圍秦之曲沃、於中。”楚得齊之助，既攻取曲沃，正謀圍攻“商於之地”，形勢緊急，對秦甚不利。於是秦相張儀入楚，偽獻商於之地六百里，既欲促使楚與齊絕交，瓦解齊、楚聯盟，又作緩兵之計，以便秦調集大軍作好反擊殲滅楚軍主力之準備。及楚與齊絕交，楚王不能得商於之地，於是大怒而向商於發動進攻，秦已作好反擊殲滅楚軍主力之準備。秦王使宗祝於神前咒詛楚王，而祈求“克劑楚師”，即在此時。所謂“速取吾邊城新鄣及邲、長、敕”，即指楚謀求攻取商於之地。考釋者皆謂“邲”即“於”，甚是。所謂“新鄣及邲”，實即商於，長、敕不過是附近之小地名。考此地之商，原名商密，在今河南淅川縣西南，原為鄀之國都。鄀為秦、楚界上小國，楚成王時取得其地，改建為縣，稱為商縣。楚成王嘗使司馬子西為商公。商於之地原為楚地，此時為秦所佔有（詳見拙作《春秋時代楚國縣制的性質問題》所附《楚國商縣考》，《中國史研究》一九八一年第四期）。新鄠疑即秦取得此商縣後改名。秦惠文王常以新得之地改名，如秦惠文君六年“魏納陰晉，陰晉更名甯秦”，十一年“更名少梁曰夏陽”。蓋以陰晉之名有晉為國名，少梁之名有梁為國名，因而加以更改。商縣改名為新鄠，蓋秦已有地名商，即商鞅之封邑。因而將商縣更名。此時秦、楚之間邊城，惟商、於兩城常連稱，稱為“商、於之地”，與此所謂“新鄠及郳”相當。新鄠之即商改名，當可論定。考《水經·丹水注》，謂丹水縣故城西南有密陽鄉，為古商密之地。又雲：“丹水東南流至其縣南，黃水北出芬山黃穀。”可見商密旁有黃水出黃穀。古“黃”與“皇”音同通用。蓋商之改名新鄠，即以水名為城名，此亦古代常見之通例。郭沫若改釋“遂取吾邊城新鄠及郳、長、敦”之“逑”為“述”，並讀“述”為“遂”。以為楚懷王十一年六國攻秦時，“其他五國均損兵折將，而楚獨略有獲，此可補史之缺文”。其說非是。商於之地本屬楚，為秦所攻佔，此後楚未能克復。
前313,313,周赧王二年（西元前三一三年）,24,考案,秦、楚、宋、代,楚懷王,圍、卒、取、盟、殺,又案：郭沫若謂所謂《秦詛楚文》之《亞駝文》一石，出於宋人仿刻，甚是。宋人所刻《絳帖》、《汝帖》中未收《亞駝文》。陳煒湛《詛楚文獻疑》(《古文字研究》第十四輯)以為《詛楚文》三石全出於唐、宋間，好事之徒所偽作，但其所提出四點可疑，尚不足以定為偽作。（一）陳氏謂文字可疑，《詛楚文》字體主要是小篆，而不是戰國文字。其實，戰國時已有兩種字體，銅器所鑄銘文、石刻文字，屬於工整一體，為後來小篆之起源。銅器刻辭、應用器物上文字以及竹簡、帛書，屬於草率一體，即後來隸書之起源。《詛楚文》刻石，屬於工整一體，當然與小篆相近。而且如今所見《詛楚文》已非原石原拓，皆出輾轉摹寫翻刻，難免混入後來字體。（二）陳氏謂情理可疑，以秦、楚關係而論，楚無負于秦而秦常詐楚，理應楚詛秦而不該秦詛楚。殊不知咒詛敵國君主是當時流行之巫術，彼此相互咒詛而不講是非曲直。（三）陳氏謂史實可疑，所謂秦穆公及楚成王以後“十八世之詛盟”，全屬子虛烏有。所羅列楚王之罪狀，如同以往之“暴君”“混蛋”。殊不知此乃巫師咒詛敵國君主“倍盟犯詛”之辭，以史籍所載亡國君主之罪狀強加于敵國君主，已成為當時流行之風習。例如宋亡國之君宋王偃之罪狀，與殷王紂完全相同，詳見顧頡剛《宋王偃的紹述先德》一文（收入《古史辨》第二冊），與《詛楚文》列舉楚王罪狀亦類同。郭沫若依據《詛楚文》，確認楚懷王是“暴君”“混蛋”，固然不當；陳氏據此以為《詛楚文》出於偽作，亦不確。（四）陳氏謂詞語可疑，通篇風格似襲《左傳》文公十三年《呂相絕秦》文，有些詞語是漢代以後才見使用，如“刑戮孕婦”則仿偽《古文尚書·泰誓》“刳剔孕婦”等。《詛楚文》本為巫師咒詛之辭，詞語本多因襲前人。《史記·十二諸侯年表序》稱“鐸椒為楚威王傅，為王不能盡觀《春秋》，採取成敗，卒四十章，為《鐸氏徽》”。此所謂《春秋》，即指《左傳》，前人已有定論。當時《左傳》已成君臣之政治讀物，因而為《詛楚文》所因襲。偽《古文尚書》中“刳剔孕婦”，並非漢代以後才見，《墨子·明鬼下》已謂殷王紂“播棄黎老，賊誅孩子，楚毒無罪，刳剔孕婦”。偽古文乃抄襲《墨子》。前人亦已早有定論，若為唐、宋間文人所偽託，彼輩不知古人有用咒詛之巫術，捏造不出如此宗祝咒詛之文章。蘇東坡《詩》雲：“刳胎殺無罪，親族遭圍絆，計其所稱訴，何啻桀、紂亂。”即對此不能理解。##### 【附編】
前313,313,周赧王二年（西元前三一三年）,25,史料,秦、齊、楚、魏、周,,立、聘、會、奔,曲沃負者(“負”通“婦”)，魏大夫如耳母也。秦立魏公子政為魏太子，魏哀王使使者為太子納妃而美(“哀”當作“襄”)，王將自納焉。曲沃負謂其子如耳曰：“王亂於無別，汝胡不匡之？方今戰國，強者為雄，義者顯焉。今魏不能強，王又無義，何以持國乎？王中人也，不知其為禍耳。汝不言，則魏必有禍矣。有禍必及吾家，汝言以盡忠，忠以除禍，不可失也。”如耳未遇間。會使于齊。負因款王門而上書曰：“曲沃之老婦也，心有所懷，願以聞于王。”王召入，負曰：“妾聞男女之別，國之大節也。婦人脆于志，窳於心，不可以邪開也。是故必十五而笄，二十而嫁，早成其號諡，所以就之也。聘則為妻，奔則為妾，所以開善遏淫也。節成然後許嫁，親迎然後隨從，貞女之義也。今大王為太子求妃，而自納之于後宮，此毀貞女之行而亂男女之別也。自古聖王必正妃匹。妃匹正則興，不正則亂。夏之興也以塗山，亡也以末喜。殷之興也以有嬖，亡也以妲己。周之興也乙太姒，亡也以褒姒。周之康王夫人晏出朝(梁端《校注》：“朝字衍”)，關雎預見(“預見”原誤“起興”，從梁端據《文選注》、《詩考》引校改)，思得淑女，以配君子。夫雎鳩之鳥，猶未嘗見乘居而匹處也。夫男女之盛，合之以禮，則父子生焉，君臣成焉，故為萬物始。君臣、父子、夫婦三者，天下大綱紀也。三者治則治，亂則亂。今大王亂人道之始，棄綱紀之務，敵國五六，南有從楚(“從”通“縱”)，西有橫秦，而魏居其間，可謂僅存矣。王不憂此，而從亂無別(“從”通“縱”)，父子同女，妾恐大王之國政危矣。”王曰：“善。寡人不知也。”遂與太子妃，而賜負三十鐘。如耳還而爵之。王勤行自修，勞來國家，而齊、楚、強秦不敢加兵焉。（《列女傳》卷三）
前313,313,周赧王二年（西元前三一三年）,26,考案,秦、齊、楚、魏、周,,立,案：秦來立魏公子政為太子，在魏襄王六年，此事當在六年後。所謂“齊、楚、強秦不敢加兵焉”，乃誇飾之辭，不可信。周赧王三年（西元前三一二年）
前313,313,周赧王二年（西元前三一三年）,27,史料,秦、齊、楚、燕、韓、趙、魏,齊宣王、趙武靈王、楚懷王,,秦惠文王更元十三年，魏襄王七年，韓宣惠王二十一年，趙武靈王十四年，齊宣王八年，楚懷王十七年，燕王噲九年。
前313,313,周赧王二年（西元前三一三年）,28,史料,秦、魏、越,,,魏襄王七年秦王來見於蒲阪關。四月，越王使公師隅來獻乘舟始罔及舟三百、箭五百萬、犀角、象齒焉。（《水經·河水注》引《紀年》）
前313,313,周赧王二年（西元前三一三年）,29,考案,秦、齊、魏、晉,,會、遷,案：蒲阪在今山西永濟東，蒲阪關在蒲阪西南黃河西岸，與黃河東岸之臨晉關相對。臨晉在陝西大荔東，臨晉關在臨晉東北黃河東岸。此時蒲阪關為魏所有，臨晉關為秦所有，乃秦、魏交界之主要關塞所在。《齊策六》第九章載即墨大夫見齊王建曰：“夫三晉大夫皆不便秦，而在阿、鄄之間者百數，王收而與之百萬之眾，使收三晉之故地，即臨晉之關可以入矣。”《紀年》言是年孟春“秦王來見於蒲阪關”。《秦本紀》言秦惠文王更元十二年“王與梁王會臨晉”，《魏世家》亦雲哀王（當作襄王）六年“與秦會臨晉”，所記當為一事。司馬遷據《秦記》，謂秦王與梁王會于臨晉關。《紀年》乃魏史，則謂秦王來見於蒲阪關。惟《紀年》載在此年，而《史記》載在上年，蓋事在此年年初，《秦記》載于上年。
前313,313,周赧王二年（西元前三一三年）,30,考案,秦、齊、楚、韓、魏、晉、魯、越、吳,,伐、攻、圍,又案：“乘舟”為君王乘坐用以指揮水戰之大船，如春秋時吳王有“乘舟餘皇”，見於《左傳》昭公十年，餘皇為乘舟之名。此謂“乘舟始罔”，始罔亦當為乘舟之名。是年越王以乘舟及戰舟三百、箭五百萬贈予魏，蓋用以支援魏對楚作戰之需要。據《越世家》，是時齊使者遊說越王曰：“且王之所求者，鬥晉、楚也，晉、楚不鬥，越兵不起，是知二五而不知十也。”勸越王此時乘楚兵力分散而進攻，以為“楚三大夫張九軍，北圍曲沃、於中，以至無假之關三千七百里，景翠之軍北聚魯、齊、南陽，分有此者乎？”於是越遂伐楚。是年越以大批水戰所需之軍備支援魏國，即為“鬥晉、楚”。韓公仲相（鮑彪雲四字衍，金正煒謂“當以韓公仲相齊為句，齊下當重齊字，公仲即韓瑉，韓瑉之相齊，屢見《策》及《史記》”。不確），齊、楚之交善，秦、魏遇（“秦”上原衍“秦”字，今刪。鮑本作“秦與魏遇”），且以善齊而絕齊乎楚。楚王使景鯉之秦（“王”上原脫“楚”字，從鮑本補），鯉與于秦、魏之遇。楚王怒景鯉，恐齊以楚遇，為有陰于秦、魏也，且罪景鯉。為謂楚王曰：“臣賀鯉之與於遇也。秦、魏之遇也，將以合齊、秦而絕齊于楚也。今鯉與于遇，齊無以信魏之合己于秦而攻于楚也（金正煒曰：“攻字疑本作外”）。齊又畏楚之有陰于秦、魏也，必重楚。故鯉之與于遇，王之大資也。今鯉不與于遇，魏之絕齊于楚明矣（“明”上鮑本有“信”字。金正煒曰：“絕下衍齊字”）。齊、楚信之（鮑雲“衍楚字”），必輕王，故王不如無罪景鯉，以視齊于有秦、魏，齊必重楚，而且疑秦、魏于齊。”王曰：“諾。”因不罪而益其列。（《韓策一》第二十一章）
前313,313,周赧王二年（西元前三一三年）,31,史料,秦、齊、楚、魏、周、吳,,取,楚使者景鯉在秦，從秦王與魏王遇于境，楚怒。秦令周取謂楚王曰（“令”原誤作“合”，“謂”作“為”，今從吳師道據別本改正）：“魏請無與楚遇而合于秦，是以鯉與之遇也。弊邑之於與遇善之，故齊不合也。”楚王因不罪景鯉而德周、秦。（《秦策四》第六章）
前313,313,周赧王二年（西元前三一三年）,32,史料,秦、齊、楚、魏,,殺,楚王使景鯉如秦，客謂秦王曰：“景鯉，楚王所甚愛，王不如留之以市地。楚王聽則不用兵而得地，楚王不聽，則殺景鯉，更與不如景鯉者市（“者”原作“留”，姚注：“留，曾、劉一作者。”“市”字原脫。王念孫謂“者”字是，“者”下當有“市”字），是便計也。”秦王乃留景鯉。景鯉使人說秦王曰：“臣見王之權輕天下，而地不可得也。臣之來使也，聞齊、魏皆且割地以事秦，所以然者，以秦與楚為昆弟國，今大王留臣，是示天下無楚也。齊、魏有何重于孤國也？楚知秦之孤，不與地而外結交諸侯以圖（鮑本無“諸侯”二字），則社稷必危，不如出臣。”秦王乃出之。（《秦策四》第七章）
前313,313,周赧王二年（西元前三一三年）,33,考案,秦、齊、楚、韓、魏、晉,張儀、楚懷王,連橫、會,案：《韓策一》第二十一章與《秦策四》第六章所記同為一事。景鯉為楚懷王、頃襄王時親于秦之外交大臣。是時景鯉出使于秦，“從秦王與魏王遇于境”，高誘注：“境，秦界也。”是年秦、魏兩王相會于臨晉關與蒲阪關，正是秦、魏兩國界上之關，可知秦、韓兩策所記必為是年之事。是時韓相為公仲，親秦而贊助張儀連橫之策略，齊、楚之交善，齊、楚與秦、魏、韓形成對峙局勢，秦、魏兩王相會於邊境，“且以善齊而絕齊乎楚”，即計謀與齊聯合，而使楚與齊絕交。楚使景鯉從秦王與魏王相會于邊境，楚王恐“齊以楚遇，為有陰于秦、魏也，且罪景鯉”。可知是時楚王甚重視齊、楚之交。楚王輕信張儀進獻商於之地而與齊絕交，當在此次秦、魏兩王相會之後。
前313,313,周赧王二年（西元前三一三年）,34,史料,秦、齊、楚,齊宣王,圍,[秦惠文王更元]十三年楚圍雍氏。（《秦本紀》，《田世家》于湣王十二年亦雲“楚圍雍氏”，實為齊宣王八年）
前313,313,周赧王二年（西元前三一三年）,35,史料,秦、齊、楚、韓、魏、鄭,張儀,伐、攻、圍、救、取,楚圍雍氏，韓令冷向借救于秦（《韓世家》作“韓求救于秦”），秦為發使公孫昧入韓（《韓世家》“為”上有“未”字，當是。當讀“秦未為發”為句）。公仲曰：“子以秦為將救韓乎？其不乎？”（《韓世家》“將”作“且”，無“其不乎”句）對曰：“秦王之言曰：‘請道于南鄭、藍田以入攻楚，出兵於三川以待公，殆不合軍于南鄭矣。’”（《韓世家》作“請道南鄭、藍田，出兵于楚以待公，殆不合矣”）公仲曰：“奈何？”（《韓世家》作“子以為果乎？”）對曰：“秦王必祖張儀之故謀（《韓世家》“謀”作“智”），楚威王攻梁，張儀謂秦王曰：‘與楚攻梁，魏折而入于楚，韓固其與國也，是秦孤也。故不如出兵以勁魏’（《韓世家》“勁魏”作“到之”。《索隱》雲：“到，欺也”），於是攻皮氏，魏氏勁，威王怒（《韓世家》無以上三句），楚與魏大戰，秦取西河之外以歸。今也其將揚言救韓（鮑本“揚”作“陽”，當是。《韓世家》作“今其狀陽言與韓”），而陰善楚（《韓世家》“而”作“其實”），公恃秦而勁（鮑本“恃”作“待”，《韓世家》作“公待秦而到”），必輕與楚戰。楚陰得秦之不用也，必易與公相支也。公戰勝楚，遂與公乘楚，易三川而歸（《韓世家》“易”作“施”，《正義》雲：“施猶設也”）。公戰不勝楚，塞三川而守之（鮑本“塞”上誤多“楚”字），公不能救也。臣甚惡其軍（《韓世家》作“竊為公患之”）。司馬康三反之郢矣（《韓世家》“康”作“庚”，《集解》引徐廣曰：“一作唐”），甘茂與昭敿遇於境（“敿”原誤作“獻”，《韓世家》作“魚”，《索隱》引《戰國策》作“昭敿”，今據以改正。“敿”“魚”同音通用，昭魚，《集解》引徐廣曰：“楚相國”，《韓世家》“境”作“商於”，蓋商於乃楚之邊境），其言曰收璽，其實猶有約也。”（《韓世家》“其實”作“實類”）公仲恐，曰：“然則奈何？”對曰：“公必先韓而後秦，先身而後張儀，以公不如亟以國合于齊、楚（鮑本“以”上補“臣”字，姚雲：“劉去以字”，《韓世家》無“以”字）。秦必委國于公以解伐（《韓世家》作“齊、楚必委國於公”），是公之所以外者儀而已（《韓世家》“以外”作“惡”），其實猶之不失秦也。”（《韓策二》第二章，《韓世家》誤系于韓襄王十二年，並雲：“於是楚解雍氏圍。”）
前313,313,周赧王二年（西元前三一三年）,36,考案,秦、齊、楚、韓、周、宋,張儀、齊湣王、楚懷王,圍、卒,案：《韓世家》系此章于韓襄王十二年下，《集解》徐廣曰：“《秦本紀》惠王后元十三年、周赧王三年、楚懷王十七年、齊湣王十二年皆雲：‘楚圍雍氏’，《紀年》於此亦說‘楚景翠圍雍氏，韓宣王卒，秦助韓共敗楚屈丐’，又雲：‘齊、宋圍煮棗’，皆與《史記·年表》及《田完世家》符同，然則此……說‘楚圍雍氏’以下是楚前圍雍氏，赧王之三年事。”《正義》曰：“徐說非也，徐見下文雲：‘先身而後張儀’及‘公所惡者張儀也’，言張儀尚存楚又兩度圍雍氏，故生此前後之見，甚誤也。然是公孫昧卻述張儀時事，說韓相公仲耳。”余考徐說是也。公孫昧語辭，固非追述張儀時事，至韓襄王十二年不僅張儀已死十年，甘茂亦已去秦六年，史公固誤以楚前圍雍氏事，系於後圍雍氏之役耳。
前313,313,周赧王二年（西元前三一三年）,37,考案,秦、楚、韓、吳、鄭,張儀,攻、救,又案：《韓世家》所載公孫昧轉述秦王之言，與《韓策》不同，雲：“請道南鄭、藍田，出兵于楚以待公，殆不合矣。”吳師道據此雲：“按《史》止作殆不合矣，無軍于南鄭四字，竊謂《史》為是。”黃丕烈又雲：“此當讀殆不合為一句，軍于南鄭矣一句，言待楚、韓之勝也。”而程恩澤又謂：“就本《策》言之，當以上南鄭為漢中，下南鄭為新鄭。”今案程說不當，上下文同一“南鄭”，不應分指兩地。秦王言“請道于南鄭、藍田以入攻楚，出兵於三川以待公”，蓋秦分三路進軍，一軍由南鄭攻楚漢中，一軍由藍田出武關至商於攻楚于中原，另一軍由三川以救韓，前二路欲乘此時機“入攻楚”，即攻入楚境，後一路在三川以待楚、韓決勝負，故公孫昧謂“秦王必祖張儀之故謀”。
前313,313,周赧王二年（西元前三一三年）,38,史料,秦、齊、楚、韓、宋,,圍、卒,《紀年》於此亦說楚景翠圍雍氏。韓宣王卒，秦助韓兵敗楚屈丐，又雲：齊、宋圍煮棗，皆與《史記·年表》及《田完世家》符合。（《韓世家·集解》引徐廣曰）
前313,313,周赧王二年（西元前三一三年）,39,史料,秦、楚、韓,,攻、圍,韓宣惠王三十一年秦助我攻楚，圍景痤。（《六國表》）
前313,313,周赧王二年（西元前三一三年）,40,考案,秦、齊、楚、韓、魏,張儀,攻、圍、連橫、會,案：朱右曾《汲塚紀年存真》據《韓世家》“與秦共攻楚，敗楚將屈匄”，謂“《紀年》當雲韓助秦，今雲“秦助韓，傳鈔誤也”。非是。《史記會注考證》又謂《六國表》“秦助我”乃“我助秦”之誤。中華書局出版之《史記》標點本據此改《六國表》，大誤。是年韓、魏從秦張儀連橫策略，秦、韓、魏與齊、楚成對峙之勢，楚發大軍一面圍韓雍氏，一面攻秦商於之地。秦、韓合力於雍氏、商於兩地反攻，一面反包圍楚將景翠於雍氏，一面又共敗楚將屈匄于商於，因而《六國表》之《韓表》雲：“秦助我攻楚，圍景座。”景座即景翠，“翠”“座”聲轉通用。《紀年》乃魏史，亦雲：“秦助韓共敗楚屈丐。”屈丐即屈匄，並非《紀年》與《六國表》有誤。
前313,313,周赧王二年（西元前三一三年）,41,史料,秦、楚、韓,,攻、卒、立,[韓宣惠王]二十一年與秦共攻楚，敗楚將屈丐，斬首八萬千丹陽。是歲，宣惠王卒，太子倉立，是為襄王。（《韓世家》）
前313,313,周赧王二年（西元前三一三年）,42,史料,秦、楚、韓、魏,楚懷王,取,[楚懷王]十七年春，與秦戰丹陽，秦大敗我軍，斬甲士八萬，虜我大將軍屈匄，裨將軍逢侯醜等七十餘人，遂取漢中之郡。楚懷王大怒，乃悉國兵複襲秦，戰于藍田，大敗楚軍。韓、魏聞楚之困，乃南襲楚，至於鄧。楚聞，乃引兵歸。（《楚世家》）
前313,313,周赧王二年（西元前三一三年）,43,史料,秦、楚,張儀,連橫,楚嘗與秦構難，戰于漢中，楚人不勝，通侯執珪死者七十余人，遂亡漢中。楚王大怒，興師襲秦，戰于藍田，又卻。此所謂兩虎相據也。（《楚策一》第十八章策士所造張儀為秦破從連橫說楚王）
前313,313,周赧王二年（西元前三一三年）,44,史料,秦、楚、韓、魏,,取,秦取楚漢中，再戰于藍田，大敗楚軍。韓、魏聞楚之困，乃南襲至鄧，楚王引歸。（《秦策四》第一章）
前313,313,周赧王二年（西元前三一三年）,45,史料,秦、楚、韓、趙,,盟,日者，秦、楚戰于藍田，韓出銳利以佐秦，秦戰不利，因轉而與楚，不固信盟，唯便是從。（《趙策一》第十一章秦王謂公子仲）
前313,313,周赧王二年（西元前三一三年）,46,史料,秦、齊、楚,張儀,攻、卒、取、殺,楚王不聽，卒發兵而使將軍屈匄擊秦，秦、齊共攻楚，斬首八萬，殺屈匄，遂取丹陽、漢中之地。楚又複益發兵而襲秦，至藍田，大戰，楚大敗，於是楚割兩城以與秦平。（《張儀列傳》）
前313,313,周赧王二年（西元前三一三年）,47,史料,秦、齊、楚、魏,,伐、救、取,懷王怒，大興師伐秦。秦發兵擊之，大破楚師於丹、淅，斬首八萬，虜楚將屈匄，遂取楚之漢中地。懷王乃悉發國中兵以深入擊秦，戰于藍田。魏聞之，襲楚至鄧。楚兵懼，自秦歸。而齊竟怒不救楚，楚大困。（《屈原列傳》）
前313,313,周赧王二年（西元前三一三年）,48,考案,秦、齊、楚、韓、鄭,張儀、楚懷王,攻、圍、救、取,案：《楚世家》、《張儀列傳》、《屈原列傳》皆謂張儀見楚懷王進獻商於之地六百里，既而食言，懷王使屈丐攻秦，所攻即為商於之地，陷入秦之重圍，因而在丹陽大敗。據《韓策二》第二章，此時秦分三路進軍，一由南鄭攻漢中，一由藍田出武關進攻，一由三川以救韓。大敗屈丐者，當即由藍田出武關之秦軍。同時由南鄭攻漢中之秦軍與之配合，取得漢中。《張儀列傳》謂“秦、齊共攻楚”，不確，當為“秦、韓共攻楚”。
前313,313,周赧王二年（西元前三一三年）,49,史料,齊、韓、宋,,圍,齊、宋圍煮棗。（《韓世家·集解》徐廣引《紀年》）
前313,313,周赧王二年（西元前三一三年）,50,史料,秦、齊、楚、韓、魏、宋、鄭、代,蘇秦、張儀,伐、攻、圍、救、立、拔、遷,齊、宋攻魏，楚回（通“圍”）翁氏（即雍氏，《田世家》作“伐魏，楚圍雍氏》)，秦敗屈句(《田世家》作“屈丐》)[蘇秦]胃(通“謂”)陳軫曰(“蘇秦”兩字原無，《田世家》作“蘇代”，今按帛書下文稱“今者秦立于門”，可知是蘇秦而非蘇代。《田世家》“陳軫”作“田軫”。“陳”“田”通用)：“願有謁於公(《田世家》“願”上有“臣”字，當為衍文，蘇秦與陳軫無臣屬關係，不應自稱為臣)，其為事甚完，便楚，利公(《田世家》“便”誤作“使”)，成則為福，不成則為福(《田世家》作“不成亦為福”，“則”當“亦”字之誤)。今者秦立於門(《田世家》“秦”作“臣”)，客有言曰：魏王胃(通“謂”)韓俐、張義(通“儀”)(《田世家》“俐”作“馮”，《集解》徐廣曰：韓之公仲侈也。”“侈”即“儷”字之誤，“朋”“馮”乃一聲之轉)煮棗將將榆(“棗”原寫作“棘”，“榆”通“渝”。《田世家》作“煮棗將拔”)，齊兵有(通“又”)進(《田世家》“有”作“又”)，子來，救[寡]人可也(“寡”字原脫，據《田世家》校增，《田世家》“也”作“矣”)。不救寡人，寡人弗能枝(“枝”通“支”，《田世家》作“拔”)枏(通“轉”)辭也(《田世家》作“此特轉辭也”)。秦、韓之兵毋東，旬余，魏是(通“氏”)枏，韓是(通“氏”)從(《田世家》作“則魏氏轉韓從秦”)。秦逐張義(通“儀”)，交臂而事楚(《田世家》作“事齊、楚”)，此公事成也。”陳軫曰(《田世家》作“田軫”)：“若何史(通“使”)毋東？”(《田世家》作“奈何使無東”)合(通“答”)曰(《田世家》作“對曰”)：“韓俐之救魏之辭(《田世家》“俾”作“馮”)，必不胃(通“謂”)鄭王曰(《田世家》“鄭王”作“韓王”)：“俾以為魏’(《田世家》“俾”作“馮”)，必將曰(《田世家》無“將”字)：“俾將枏(通“專”)三國之兵(《田世家》在此句上有“馮將以秦、韓之兵東卻齊、宋”)，乘屈勺之敝(《田世家》作“弊”)，南割于楚，故地必盡。”(《田世家》作“故地必盡得之矣”)張義(通“儀”)之救魏之辭，必[不]胃(通“謂”)秦王曰：義(通“儀”)以為魏’[必將]曰(《田世家》作“必曰”，按上文例，當作“必將曰”)：“義(通“儀”)且以韓、秦之兵東巨(通“拒”)齊、宋(《田世家》“巨”作“距”)，義(通“儀”)[將]摶（通“摶”）三國之兵，乘屈匄之敝，[東割于]楚，名存亡國，實伐三川而歸，此王業也。公令楚[王與韓氏地，使]秦制和，胃（通“謂”）秦王曰：[請與韓地而王以]施三[川，韓]是（通“氏”）之兵不用而得地[于楚]，□□□□何（《田世家》作“韓馮之東兵之辭且謂奈何”）秦兵[不用而得三川，伐楚、韓以窘]魏，魏是（通“氏”）不敢不聽（《田世家》作“魏氏不敢東，是孤齊也”，下有“張儀之東兵之辭且謂何”），韓欲地而兵案（《田世家》作“秦、韓欲地而兵有案”），聲□發于魏（《田世家》聲下作“威”字），魏是（通“氏”）□□□□□□□□（《田世家》作“魏氏之欲不失齊、楚者有資矣”），魏是（通“氏”）[轉]，秦、韓爭事齊、楚，王欲毋予地（《田世家》作“楚王欲而無與地”），公令秦、韓之兵不[用而得地，有一大]德。秦、韓之王劫于韓儷、張義（通“儀”）而東兵以服魏（《田世家》服”上有“徇”字），公常操□芥而責于[秦、韓]（《田世家》“□芥”作“左券”），此其[善於]公而惡[張]義（通“儀”），多資矣（《田世家》“張儀”作“張子”）。（以上為帛書《戰國縱橫家書》第二十二《蘇秦謂陳軫章》，缺文俱據《田世家》增補。據此可知，司馬遷作《田世家》所據史料與此帛書相同，惟將蘇秦改作蘇代，並改“齊、宋攻魏”為齊“伐魏”）
前313,313,周赧王二年（西元前三一三年）,51,考案,秦、齊、楚、燕、韓、魏、衛、宋,張儀,攻、圍、救,案：煮棗在今山東東明縣南。蓋齊、宋合軍圍煮棗，與楚圍雍氏同時。秦使樗裡疾率軍入三川，先與韓解雍氏之圍，並與韓協助秦將魏章大敗楚將屈匄於丹陽，然後疾又以秦與韓、魏三國之兵東進，即所謂“張儀救魏”，“張儀東兵”，從而解煮棗之圍，大敗齊師於濮上，又助魏攻燕，又與魏攻衛。
前313,313,周赧王二年（西元前三一三年）,52,史料,秦、齊、楚、燕、韓、魏、周、鄭,秦惠王,攻、圍、取,[秦惠文王]更元十三年庶長章擊楚於丹陽，虜其將屈匄，斬首八萬；又攻取漢中，取地六百里，置漢中郡。楚圍雍氏，秦使庶長疾助韓而東攻齊到濮。助魏攻燕。（《秦本紀》，“濮”原誤作“滿”，據《六國表》、《齊策六》改正。《六國表》作“庶長章擊楚，斬首八萬”）[南鄭]縣，故褒之附庸也……至六國時，楚人兼之。懷王衰弱，秦略取焉，周赧王二年（當作三年），秦惠王置漢中郡……即漢中郡治也。（《水經·沔水注》）
前313,313,周赧王二年（西元前三一三年）,53,考案,秦、齊、韓、魏、宋,,伐、攻,案：《秦本紀》原作“東攻齊到滿”，《正義》雲：“滿或作蒲，秦將姓名也。”據《六國表·魏表》，是年“擊齊，虜聲子於濮”，《齊策六》第七章“濮上之事，贅子死，章子走”，可知“滿”“蒲”皆“濮”字之形誤。據《六國表》，是年魏擊齊至濮，《齊策六》記濮上之事，盼子謂齊王曰：“不如易餘糧于宋，宋王必說，梁氏不敢過宋伐齊”。可見伐齊到濮者為魏而非韓。《秦本紀》“秦使庶長疾助韓而東攻齊”，“助韓”當是“助魏”之誤。
前313,313,周赧王二年（西元前三一三年）,54,史料,秦、楚、魏,秦惠王,攻、取,[秦惠王二十六年樗裡子]助魏章攻楚，敗楚將屈丐，取漢中地。秦封樗裡子，號為嚴君。（《樗裡子列傳》）
前313,313,周赧王二年（西元前三一三年）,55,考案,秦、齊、楚、韓、魏,,圍,案：魏章是時為庶長，《秦本紀》稱為庶長章。樗裡子是時亦為庶長，《秦本紀》稱為庶長疾。魏章為秦擊楚于丹陽之主將。樗裡疾為秦入三川助韓、魏反擊楚、齊之主將，先解韓雍氏之圍，又合韓軍助魏章大勝楚師於丹陽，繼而又解魏煮棗之圍，合魏軍大勝齊師於濮上。
前313,313,周赧王二年（西元前三一三年）,56,史料,秦、魏、蔡,張儀、秦惠王,,甘茂者，下蔡人也，事下蔡史舉先生，學百家之術。因張儀、樗裡子而求見秦惠王，王見而說之，使將，而佐魏章略定漢中地。（《甘茂列傳》）
前313,313,周赧王二年（西元前三一三年）,57,考案,秦、魏、鄭,,攻、取,案：甘茂當為秦由南鄭東進漢中之主將。當魏章乘大勝於丹陽之餘威，南下攻取漢中時，甘茂與之配合略定漢中地。
前313,313,周赧王二年（西元前三一三年）,58,史料,楚、魏、鄭、蔡,,伐、取,魏章率師及鄭師伐楚，取上蔡。（《水經·汝水注》引《紀年》）
前313,313,周赧王二年（西元前三一三年）,59,考案,秦、齊、楚、燕、韓、魏、周、蔡,張儀、秦惠王、魏惠王,伐、攻、即位、取,案：《水經注》引此條未記年，今本《紀年》系于周顯王二十三年，即魏惠王二十四年，朱右曾《汲塚紀年存真》從之，不足信。魏章乃隨張儀由魏入秦而為將者，秦武王即位初，張儀與魏章同時被逐走。魏章為秦逐走在魏襄王九年，距魏惠王二十四年已有三十六年。馬非百《秦集史·國君紀事》十五系此條于秦惠王更元十三年魏章與韓師大勝楚於丹陽之後。此說可從，蓋魏章乘勝，率秦師及韓師進而攻取上蔡。[魏哀王]（當作魏襄王）七年攻齊，與秦伐燕。（《魏世家》）魏哀王（當作魏襄王）七年，擊齊，虜聲子於濮，與秦擊燕。六國表》）
前313,313,周赧王二年（西元前三一三年）,60,史料,齊、宋,,伐、攻,濮上之事，贅子死，章子走。盼子謂齊王曰：“不如易餘糧于宋，宋王必說。梁氏不敢過宋伐齊，齊固弱，是以餘糧收宋也。齊國複強，雖複責之宋，可；不償，因以為辭而攻之，亦可。”(《齊策六》第七章)
前313,313,周赧王二年（西元前三一三年）,61,考案,,,,案：顧觀光據《六國表》，以為“贅子”即“聲子”之誤。
前313,313,周赧王二年（西元前三一三年）,62,史料,韓、魏,,伐,[魏]襄王七年韓明率師伐襄丘。（《水經·濟水注》引《紀年》）
前313,313,周赧王二年（西元前三一三年）,63,考案,秦、齊、楚、韓、魏,,攻、連橫、會,案：“明”當為“朋”之誤。韓朋即公仲朋，時為韓相。襄丘時為楚地，《水經·濟水注》又引《紀年》雲：“襄王十年楚庶章率師來會我，次於襄丘。”襄丘在濮水之南，當煮棗之西北，與韓、魏交叉接壤。韓攻楚之襄丘，疑亦在秦、魏聯合大敗齊師於濮上之時，蓋韓正與秦、魏連橫而謀擊敗齊、楚。
前313,313,周赧王二年（西元前三一三年）,64,考案,秦、齊、楚、韓、魏、宋、鄭,張儀,攻、圍、連橫、取、殺,又案：是年秦相張儀迫使韓、魏與秦連橫而鬥齊、楚，形成秦、韓、魏三國與齊、楚混戰之局勢。年初，楚既圍韓之雍氏，又攻秦佔有之商於之地，齊亦以齊、宋聯軍合圍魏之煮棗。秦於是發大軍分三路出擊。一路由藍田出武關至商於應戰，一路由南鄭攻取楚之漢中地，一路出函谷關殽塞入三川，與韓、魏聯合反擊楚、齊兩國之軍。秦庶長樗裡疾率大軍入三川，先與韓反攻楚將景翠於雍氏，繼又與韓軍協助庶長魏章大敗楚將屈丐于商於之丹陽，斬首八萬，擒殺屈丐，後又助魏反攻，合圍煮棗之齊師。大敗齊師於濮上，虜齊將聲子，又敗走齊將匡章。楚乘秦大軍東進之機，深入襲擊至秦之藍田，因韓、魏聯軍南下攻至鄧而退兵。鄧在今湖北襄樊市北。此為秦與楚、齊兩大國初次大規模交戰，結果楚、齊大敗，楚因而失去漢中之地。張儀在秦推行之連橫策略，因而取得成功。
前313,313,周赧王二年（西元前三一三年）,65,史料,趙、魏,趙武靈王,攻,[趙武靈王]十四年趙何攻魏。（《趙世家》）
前313,313,周赧王二年（西元前三一三年）,66,史料,齊,齊宣王,殺,齊宣王八年殺其王后。（《田世家·索隱》引《紀年》）
前313,313,周赧王二年（西元前三一三年）,67,史料,秦、齊、楚、燕、趙、魏、晉、吳,樂毅、燕昭王,伐、卒、即位、取,燕昭王收破燕後即位，卑身厚幣，以招賢者，欲將以報仇。故往見郭隗先生曰：“齊因孤國之亂，而襲破燕。孤極知燕小力少，不足以報。然得賢士與共國，以雪先王之恥，孤之願也！敢問以國報仇者奈何？”郭隗先生對曰：“帝者與師處，王者與友處，霸者與臣處，亡國與役處。詘指而事之，北面而受學，則百己者至；先趨而後息，先問而後嘿，則什己者至；人趨己趨，則若己者至；馮幾據杖，眄視指使，則廝役之人至；若恣睢奮擊，響藉叱咄（吳師道雲：“響當作跔。”），則徒隸之人至矣！此古服道致士之法也。王誠博選國中之賢者而朝其門下，天下聞王朝其賢臣，天下之士，必趨於燕矣。”昭王曰：“寡人將誰朝而可？”郭隗先生曰：“臣聞古之君人有以千金求千里馬者，三年不能得。涓人言於君曰：‘請求之。’君遣之。三月，得千里馬，馬已死，買其首五百金，反以報君。君大怒曰：‘所求者生馬，安事死馬而捐五百金？’涓人對曰：‘死馬且買之五百金，況生馬乎？天下必以王為能市馬，馬今至矣！’於是不能期年，千里之馬至者三。今王誠欲致士，先從隗始。隗且見事，況賢於隗者乎？豈遠千里哉！”於是昭王為隗築宮而師之。樂毅自魏往，鄒衍自齊往，劇辛自趙往，士爭湊燕。燕王吊死問生，與百姓同其甘苦。二十八年，燕國殷富，士卒樂佚輕戰，於是遂以樂毅為上將軍，與秦、楚、三晉合謀以伐齊。齊兵敗，閔王出走于外，燕兵獨追北，入至臨淄，盡取齊寶，燒其宮室宗廟。齊城之不下者，唯獨莒、即墨。（《燕策一》第十二章，《燕世家》略同，《說苑·君道》、《新序·雜事三》有大體相同之章節）
前313,313,周赧王二年（西元前三一三年）,68,考案,秦、齊、楚、燕、韓、趙、魏、周、中山,樂毅、燕昭王,伐、即位、滅,案：《燕策一》、《燕世家》皆謂燕昭王即位後師事郭隗，“樂毅自魏往，鄒衍自齊往，劇辛自趙往，士爭湊燕。”《說苑·君道篇》第二十二章又謂：“居三年，蘇子聞之，從周歸燕；鄒衍聞之，從齊歸燕；樂毅聞之，從趙歸燕；屈景聞之，從楚歸燕。四子畢至，果以弱燕並強齊。”《說苑·尊賢篇》亦雲：“燕昭王得郭隗，而鄒衍、樂毅以齊、趙至，蘇子、屈景以周、楚至。”凡此皆策士臆造之說而為遊說之士張目者。《孟子荀卿列傳》雲：“是以鄒子（即鄒衍）重于齊，適梁，惠王郊迎，執賓主之禮……如燕，昭王擁蓍先驅，請列弟子之座而受業，築碣石宮，身親往師之。”亦不可信。據《趙世家》劇辛為燕將，于趙悼襄王三年為趙將龐煖所擒，時為燕王喜十三年，計去昭王即位已七十年，去昭王伐齊亦已四十二年。梁玉繩《史記志疑》已謂劇辛來燕不能在昭王即位時。錢穆《鄒衍考》更謂：鄒衍至趙見平原君，在信陵君破秦存趙之後，事見《平原君列傳》，其時梁惠王死已七十二年，燕昭王亦已死二十二年。鄒衍與劇辛同僚，見於《韓非子·亡征》，因而斷言：“其自齊赴趙，當齊王建時，在平原君晚節，自趙往燕，則仕燕王喜，絕不與齊宣、燕昭相涉，史公云云，蓋誤于燕、齊方士之說耳。”並謂：“昭王招賢，時僅有一樂毅耳。鄒衍、劇辛皆在後，《史》《策》為盛言士爭趨燕，遂誤攀後來者為說，非情實也。”(《先秦諸子系年》第四三八至四四一頁)其實，樂毅亦非因昭王招賢而來者。《樂毅列傳》稱：樂毅為魏將樂羊之後，魏文侯封樂羊於中山之靈壽，其子孫因家焉。趙滅中山之後，而趙人舉之，及武靈王有沙丘之亂，乃去趙適魏，後為魏昭王使于燕。可知樂毅由趙經魏入燕，已在沙丘之亂以後，已是燕昭王十七年以後事，並非在燕昭王即位之初招賢之時。《資治通鑒》記“昭王以樂毅為亞卿，任以國政”，在周赧王三年，不確。
前311,311,週報王四年（西元前三一一年）,1,史料,秦、齊、楚、燕、韓、趙、魏,齊宣王、燕昭王、趙武靈王、楚懷王,,秦惠文王更元十四年，魏襄王八年，韓襄王元年，趙武靈王十五年，齊宣王九年，楚懷王十八年，燕昭王元年。
前311,311,週報王四年（西元前三一一年）,2,史料,秦、齊、楚、韓、魏、晉、周,張儀,伐、攻,張儀相秦，謂昭雎曰：“楚無鄢郢漢中，有所更得乎？”曰：“無有。”曰：“無昭過、陳軫，有所更得乎？”曰：“無所更得。”張儀曰：“為儀謂楚王逐昭過、陳軫，請複漢中。”（以上兩“昭過”，姚本誤作“昭雎”，今從鮑本。“請複漢中”原誤作“請複鄢郢漢中”，蓋涉上而誤衍“鄢郢”兩字，今刪）昭雎歸報楚王，楚王說之。有人謂昭過曰（“昭過”，姚本亦誤作“昭雎”，今從鮑本）：“甚矣！楚王不察於名者也（“名”上姚本原衍“爭”字，今從鮑本）。韓求相工陳籍而周不聽（“工陳籍”原誤作“工師籍”，從金正煒據《東周策》第十章改正），魏求相綦母恢而周不聽，何以也？周曰：是列縣畜我也。今楚，萬乘之強國也；大王，天下之賢主也；今儀曰：逐君與陳軫，兩王聽之，是楚自待不如周，而儀重于韓、魏之王也。且儀之所行，有功名者秦也，所欲貴富者魏也，欲為攻（“攻”通“功”）于魏，必南伐楚。故攻有道，外絕其交，內逐其謀臣，陳軫夏人也，習于三晉之事，故逐之則楚無謀臣矣。今君能用楚之眾，故亦逐之，則楚眾不用矣，此所謂由攻之者也。而王不知察。今君何不見臣于王，請為王使齊交不絕，齊交不絕，儀聞之，其效漢中必緩矣（“漢中”上原衍“鄢郢”二字，今刪），是昭雎之言不信也。王必薄之。”（《楚策一》第十九章）
前311,311,週報王四年（西元前三一一年）,3,考案,秦、楚、魏,張儀,攻、連橫、取,案：張儀嘗為秦攻取魏之曲沃等地，旋而以曲沃等地歸還于魏，迫使魏與秦連橫，並為魏相而逐走惠施。此時張儀又施故技，欲以新攻取之漢中歸還于楚，逐走楚將昭過與謀臣陳軫，迫使楚與秦連橫，但此謀未得逞。當時秦大臣甘茂即反對以漢中歸還于楚。見《秦策一》。
前311,311,週報王四年（西元前三一一年）,4,史料,秦、楚、吳,張儀,,張儀欲以漢中與楚，請秦王曰：“有漢中蠹，種樹不處者，人必害之，家有不宜之財，則傷本（吳師道雲：“疑當雲：種樹不處則傷本，家有不宜之財，人必害之”）。漢中南邊為楚利，此國累也。”甘茂謂王曰：“地大者固多憂乎？天下有變，王割漢中以和楚，楚必畔天下而與王。王今以漢中與楚，即天下有變，王何以市楚也？”（《秦策一》第九章）
前311,311,週報王四年（西元前三一一年）,5,史料,秦、楚、鄭,張儀、楚懷王,取、殺,[楚懷王]十六年，秦使使約複與楚親，分漢中之半以和楚。楚王曰：“願得張儀，不願得地。”張儀聞之，請之楚。秦王曰：“楚且甘心於子，奈何？”張儀曰：“臣善其左右靳尚，靳尚又能得事，于楚王幸姬鄭袖，袖所言無不從者。且儀以前使負楚以商於之約，今秦楚大戰，有惡，臣非面自謝，楚不解。且大王在，楚不宜敢取儀，誠殺儀以便國，臣之願也。”儀遂使楚。（《楚世家》，《屈原列傳》略同，作“秦割漢中地與楚以和”云云。《張儀列傳》大體相同，惟作“秦要楚欲得黔中地，欲以武關外易之”云云）
前311,311,週報王四年（西元前三一一年）,6,史料,秦、楚、鄭,張儀、楚懷王,攻、遷、殺,楚懷王拘張儀，將欲殺之，靳尚為儀謂楚王曰：“拘張儀，秦王必怒，天下見楚之無秦也，楚必輕矣。”又謂王之幸夫人鄭袖曰：“子亦自知且賤于王乎？”鄭袖曰：“何也？”尚曰：“張儀者秦王之忠信有功臣也。今楚拘之，秦王欲出之。秦王有愛女而美，又簡擇宮中佳麗好玩習音者，以懽從之（“麗”上原衍“玩”字，從鮑彪刪。“懽”同“歡”）。資之金玉寶器，秦以上庸六縣為湯沐邑，欲因張儀內之楚王，楚王必愛（金正煒謂“愛當為受”）。秦女依強秦以為重，挾寶地以為資，勢為王妻以臨子（“子”原誤作“于”，從金正煒校正）。楚王惑于虞樂，必厚尊敬親愛之而忘子，子益賤而日疏矣。”鄭袖曰：“願委之於公，為之奈何？”曰：“子何不急言王出張子，張子得出，德子無已時，秦女必不來，而秦必重子。子內擅楚之貴，外結秦之交，畜張子以為用，子之子孫必為楚太子矣。此非布衣之利也。”鄭袖遽說楚王出張子。（《楚策二》第五章，《楚世家》、《張儀列傳》略同，惟《張儀列傳》增出一節雲：“於是鄭袖日夜言懷王曰：‘人臣各為其主用。今地未入秦，秦使張儀來，至重王，王未有禮，而殺張儀，秦必大怒攻楚，妾請子母俱遷江南，毋為秦所魚肉也。’懷王後悔，赦張儀，厚禮之如故。”
前311,311,週報王四年（西元前三一一年）,7,史料,楚、晉、周、鄭,張儀,立,張儀之楚貧，舍人怒而欲歸。張儀曰：“子必以衣冠之敝故欲歸，子待我為子見楚王。”（諸祖耿《戰國策集注匯考》謂“待”上“子”字當為“乎”之訛）當是之時，南後鄭奭貴于楚，張子見楚王，楚王不說。張子曰：“王無所用臣，臣請北見晉君。”楚王曰：“諾。”張子曰：“王無求于晉國乎？”王曰：“黃金、珠璣、犀象出於楚，寡人無求于晉國。”張子曰：“王徒不絕色耳？”王曰：“何也？”張子曰：“彼鄭周之女，粉白黛黑立於衢間，非知而見之者以為神。”楚王曰：“楚僻陋之國也，未嘗見中國之女如此其美也。寡人之獨何為不好色也？”乃資之以珠玉。南後鄭奭聞之大恐，令人謂張子曰：“妾聞將軍之晉國，偶有金千斤，進之左右，以供芻秣。鄭奭亦以金五百斤。”張子辭楚王曰：“天下關閉不通，未知見日也。願王賜之觴。”王曰：“諾。”乃觴之。張子中飲，再拜而請曰：“非有他人於此也，願王召所便習而觴之。”王曰：“諾。”乃召南後鄭奭而觴之，張子再拜而請曰：“儀有死罪于大王。”王曰：“何也？”曰：“儀行天下遍矣，未嘗見人如此其美也。而儀言得美人，是欺王也。”王曰：“子釋之，吾固以為天下莫若是兩人也。”（《楚策三》第四章）
前311,311,週報王四年（西元前三一一年）,8,史料,秦、楚、魏,張儀,殺,楚王將出張子，恐其欺己也。靳尚謂楚王曰：“臣請隨之，儀事王不善，臣請殺之。”楚小臣，靳尚之仇也，謂張旄曰：“以張儀之知，而有秦、楚之用，君必窮矣。君不如使人微要靳尚而刺之，楚王必大怒儀也，彼儀窮則子重矣。楚、秦相難，則魏無患矣。”張旄果令人要靳尚刺之，楚王大怒秦，構兵而戰。秦、楚爭事魏，張旄果大重。（《楚策二》第六章）
前311,311,週報王四年（西元前三一一年）,9,史料,齊,張儀,殺,是時屈平既疏，不復在位，使于齊，顧反，諫懷王曰：“何不殺張儀？”懷王悔，追張儀不及。（《屈原列傳》）
前311,311,週報王四年（西元前三一一年）,10,史料,秦、齊、楚、鄭,張儀,卒,鄭袖卒言張儀于王而出之。儀出，懷王因善遇儀，儀因說楚王以叛，從約而與秦合親，約婚姻。張儀已去，屈原使從齊來，諫王曰：“何不誅張儀？”懷王悔，使人追儀，弗及。（《楚世家》）
前311,311,週報王四年（西元前三一一年）,11,考案,秦、齊、楚、燕、韓、趙、魏,蘇秦、張儀、秦惠王、齊湣王、燕昭王、趙武靈王、楚懷王,卒、立、即位、取,案：《張儀列傳》謂“張儀既出”之後，“未去，聞蘇秦死，乃說楚王……於是楚王已得張儀而重出黔中地與秦……與秦親。張儀去楚，因遂之韓，說韓王……韓王聽儀計。張儀歸報，秦惠王封儀五邑，號武信君。使張儀東說齊湣王……齊王……乃許張儀。張儀去，西說趙王……趙王許張儀，張儀乃去。北之燕，說燕昭王……燕王聽儀。儀歸報，未至咸陽而秦惠王卒”。《資治通鑒》據此記載於是年。此皆後世策士所偽託，並不可信。《張儀列傳》所記張儀遊說楚、韓、齊、趙、燕等國君王之辭，見於《楚策一》第十八章、《韓策一》第六章、《齊策一》第十七章、《趙策二》第三章與《燕策一》第六章。其遊說辭之內容，皆張儀不及見之事，如說齊王曰：“秦、趙戰於河、漳之上，再戰而再勝秦；戰於番吾之下，再戰而再勝秦，四戰之後，趙亡卒數十萬，邯鄲僅存，雖有勝秦之名，而國破矣。”所談已是戰國末年趙將李牧抗秦之戰役。又如說趙王曰：“今寡君有微甲鈍兵，軍于澠池，願渡河逾漳，據番吾，迎戰邯鄲之下。”而趙王曰：“先王之時奉陽君相，專權擅勢。”所稱先王已是趙武靈王。梁玉繩《史記志疑》已指出：“蓋《史》載儀說列國，皆本於《策》，多不可信。《經史問答》雲：秦所取六國之地，韓、魏最先，次之者楚，其後及趙，然所取必其為秦之界上。今《策》言張儀一出，趙以河間為獻，燕以常山之尾五城為獻，齊以魚鹽之地三百里為獻，非不識地理之言乎？”錢穆《張儀卒乃魏哀王九年非十年辨》亦雲：“又考《儀傳》及《楚世家》張儀以楚懷王十八年重至楚，是年即秦惠王末年。楚囚張儀，既而釋之，儀得返秦，值惠王卒，武王立。武王自為太子時，已不悅張儀，及即位，群臣多讒張儀，遂至魏，以魏哀王九年五月卒，即秦武王之元年也。計其自秦至楚，複返秦而至魏以卒，前後最多不出十七月，其間更無時北說韓、東說齊，又西說趙而北說燕甚明。且儀之去楚，懷王已悔之，使人追儀勿及。時齊尤惡張儀，儀決不敢幸脫楚禍，複說齊、趙；且張儀去秦，乃見逐于武王，又何為之說六國令相率事秦哉？余觀儀生平足跡所到，僅為魏、秦、楚三國，燕、齊非所及。”（《先秦諸子系年》第三八一至三八二頁）
前311,311,週報王四年（西元前三一一年）,12,史料,魏、衛,,圍,魏哀王（當作襄王）八年圍衛。（《六國表》）
前311,311,週報王四年（西元前三一一年）,13,史料,魏、衛,,伐,[魏襄王]八年翟章伐衛。（《魏世家·索隱》引《紀年》）
前311,311,週報王四年（西元前三一一年）,14,史料,秦、趙、魏、周、衛,,伐、攻、拔,[魏哀王](當作襄王)八年伐衛，拔列城二。衛君患之，如耳見衛君曰：“請罷魏兵，免成陵君，可乎？”衛君曰：“先生果能，孤請世世以衛事先生。”如耳見成陵君曰：“昔者魏伐趙，斷羊腸，拔閼與，約斬趙，趙分而為二，所以不亡者，魏為從主也。今衛已迫亡，將西請事于秦。與其以秦醉衛（“醉”讀作“釋”），不如以魏醉衛。衛之德魏必終無窮。成陵君曰：“諾。”如耳見魏王曰：“臣有謁于衛，衛故周室之別也，其稱小國，多寶器。今國迫於難，而寶器不出者，其心以為攻衛醉衛，不以王為主，故寶器雖出，必不入于王也。臣竊料之，先言醉衛者，必受衛者也。”如耳出，成陵君入，以其言見魏王。魏王聽其說，罷其兵，免成陵君，終身不見。（《魏世家》）
前311,311,週報王四年（西元前三一一年）,15,考案,秦、齊、韓、趙、魏、衛,,伐、攻、圍、拔,案：是年秦將樗裡疾既助魏解煮棗之圍，大敗齊師於濮上，又助魏伐衛。魏將翟章拔衛列城二，樗裡疾則圍衛之蒲。如耳見魏成陵君曰：“今衛已迫亡，將西請事于秦。與其以秦醉衛，不如以魏醉衛。”蓋是時秦、魏正合軍攻衛。《趙策四》第十章謂：翟章從梁來，趙王延之為相，辭不受。田駟謂柱國韓向曰：“臣請為卿刺之，客若死，則王必怒而誅建信君。”建信君為趙孝成王之封君，距此有五十年左右，則此從梁入趙之翟章，當為一另外同名之人。
前311,311,週報王四年（西元前三一一年）,16,史料,秦,秦惠王,圍,秦褚裡疾圍蒲不克而秦惠王薨。（《樗裡子列傳·索隱》引《紀年》）
前311,311,週報王四年（西元前三一一年）,17,史料,秦、魏、吳、衛,,伐、攻、取、拔,秦攻衛之蒲(《樗裡子列傳》作“昭王元年樗裡子將伐蒲，蒲守急，請胡衍”)，胡衍謂樗裡疾曰：“公之伐蒲，以為秦乎？以為魏乎？為魏則善，為秦則不賴矣。衛所以為衛者，以有蒲也。今蒲入于秦(“秦”原誤作“魏”，吳師道雲：“一本作秦。”《樗裡子列傳》作“今伐蒲入于魏，衛必折而從之”，《索隱》曰：“《戰國策》雲：今蒲入于秦，衛必折而入于魏，與此文相反也。”則《策》文原本作“秦”，後人據《史記》而誤改作“魏”。今從王念孫據以改正)，衛必折于魏。魏亡西河之外，而弗能取者，弱也。今並衛于魏，魏必強，魏強之日，西河之外必危，且秦王亦將觀公之事，害秦以善魏(《樗裡子列傳》“善”作“利”)，秦王必怨公。”(《樗裡子列傳》作“王必罪公”)樗裡疾曰：“奈何？”胡衍曰：“公釋蒲勿攻，臣請為公入戒蒲守(《樗裡子列傳》作“臣試為公入言之”)，以德衛君。”樗裡疾曰：“善。”胡衍因入蒲，謂其守曰：“樗裡子知蒲之病也，其言曰：吾必取蒲(《樗裡子列傳》作“必拔蒲”)，今臣能使釋蒲勿攻。”(《樗裡子列傳》“今臣”作“衍”)蒲守再拜因效金三百鎰焉(《樗裡子列傳》作“蒲守恐，因再拜曰：‘願以請’，因效金三百斤”)。曰：“秦兵誠去，請厚子于衛君。”(《樗裡子列傳》作“秦兵苟退，請必言子于衛君，使子為南面”)胡衍取金于蒲，以自重于衛(《樗裡子列傳》“取”作“受”，“重”作“貴”，下雲：“於是解蒲而去”)，樗裡子亦得三百金而歸，又以德衛君也。(《衛策》第十一章，《樗裡子列傳》大體相同)
前311,311,週報王四年（西元前三一一年）,18,考案,秦、魏、越、衛,秦惠王、秦昭王,伐、攻,案：《樗裡子列傳》系此事于秦昭王元年，不確。當從《紀年》定在秦惠王末年。據《魏世家》所載如耳見成陵君所說，《衛策》所載胡衍見樗裡疾所說，是年秦、魏正合攻衛。若在秦武王四年或昭王元年，秦伐魏皮氏，秦、魏正不合，秦何得越魏而攻衛乎？《樗裡子列傳》稱昭王元年樗裡子“解蒲而去，還擊皮氏，皮氏未降，又去”，與史實不符。
前311,311,週報王四年（西元前三一一年）,19,史料,秦、齊、楚、韓、趙、魏、越,,伐、卒、立、取、殺,[秦惠文王更元]十四年伐楚，取召陵。丹犁臣。蜀相壯殺蜀侯來降。惠王卒，子武王立。韓、魏、齊、楚、越皆賓從。（《秦本紀》。越，《集解》徐廣曰：“一作趙”）
前311,311,週報王四年（西元前三一一年）,20,史料,秦,,,[秦]惠文王享國二十七年，葬公陵，生悼武王。（《秦始皇本紀》引《秦記》）
前311,311,週報王四年（西元前三一一年）,21,史料,秦,,,武王名蕩。（《秦本紀·索隱》）
前311,311,週報王四年（西元前三一一年）,22,史料,秦,,立,悼武王十九年而立。（《秦始皇本紀》引《秦記》）
前311,311,週報王四年（西元前三一一年）,23,史料,秦,,立,武烈王十九年而立，立三年。（《秦始皇本紀·索隱》引《世本》）
前311,311,週報王四年（西元前三一一年）,24,考案,秦、周,,,案：《正義》引《括地志》雲：“秦惠文王陵在雍州咸陽縣西北一十四裡。”在今陝西咸陽市以北周陵中學北邊，參看周赧王八年案語中論及公陵、永陵之所在。
前311,311,週報王四年（西元前三一一年）,25,史料,秦,張儀、秦惠王,滅、取,秦惠王二十七年遣張儀與司馬錯等滅蜀（“滅”當作“定”）……遂置蜀郡焉，王莽改之曰導江。儀築成都，以象咸陽。……初，張儀築城取土處，去城十裡，因以養魚，今萬頃池是也。（《水經·江水注》）
前311,311,週報王四年（西元前三一一年）,26,考案,秦、周、代,張儀、秦惠王,伐、滅,案：《秦本紀》謂武王元年誅蜀相莊，而《華陽國志》記“陳莊反”與“誅陳莊”在同年，惟記在周赧王六年，蓋誤上二年。是年秦惠王遣張儀與司馬錯伐蜀誅陳莊，當在是年惠王去世以前之事。《水經注》“滅蜀”當是“定蜀”之誤。儀城成都，當在同時。《華陽國志》卷一《巴志》謂“儀城江州”，未著年代，亦當在是時。
前311,311,週報王四年（西元前三一一年）,27,史料,秦、周,張儀,伐、殺,[周赧王]六年(當作四年)陳莊反，殺蜀侯通國。秦遣庶長甘茂、張儀、司馬錯複伐蜀，誅陳莊。（《華陽國志》卷三《蜀志》）
前311,311,週報王四年（西元前三一一年）,28,史料,秦,張儀、秦惠王,滅,秦惠王討滅蜀王，封公子通為蜀侯。惠王二十七年使張若與張儀築成都城。（《文選·蜀都賦》李善注引揚雄《蜀王本紀》）
前311,311,週報王四年（西元前三一一年）,29,史料,秦,張儀、秦惠王,,秦惠王遣張儀、司馬錯定蜀，因築成都而縣之。都在赤裡街，張若徙少城內，始造府縣寺舍，今與長安同制。（《太平寰宇記》卷七十二引《蜀王本紀》）
前311,311,週報王四年（西元前三一一年）,30,史料,秦、周,,取,[周]赧王五年(當作“四年”)，[秦]惠王二十七年，儀與若城成都，周回十二裡，高七丈。鄲城周回七裡，高六丈。臨邛城周回六裡，高五丈。造作下倉，上皆有屋，而置觀樓、射蘭(讀作“闌”)。成都縣本治赤裡街。若徙置少城。內城營廣府舍，置鹽、鐵、市官並長、丞。修整裡闠，市張列肆，與咸陽同制。其築城取土，去城十裡，因以養魚，今萬歲池是也(廖寅雲：“歲當作頃”)。惠王二十七年也。(《華陽國志》卷三《蜀志》)
前311,311,週報王四年（西元前三一一年）,31,史料,秦、周,張儀,滅,府城本呼為錦城。秦滅蜀，張儀所築也。每面各三裡，周回十二裡，高七丈。屢皆傾倒。忽有大龜，周行其所，躡而築之，功果就焉，故亦號為龜城。（《太平御覽》一百九十二引《成都記》）
前311,311,週報王四年（西元前三一一年）,32,史料,秦,張儀、秦惠王,取,成都郡，秦惠王二十七年張儀築，以象咸陽，沃野千里，號曰陸海。今萬歲池，即築城取土之處也。（《太平御覽》一百九十三引《郡國志》）
前311,311,週報王四年（西元前三一一年）,33,考案,秦,張儀,滅、會,案：是時成都築城，以秦都咸陽為模式，因而有小咸陽之稱。董說《七國考》卷十四有“小咸陽”條。《太平寰宇記》卷七十二又引李膺《益州記》雲：“少城與大城俱築，惟西、南、北三壁，東即大城之西墉。”蓋咸陽如此佈局，沿用中原各國都城東面大郭連結西面內城之制。少城為官署與市所在。赤裡街為蜀王故治，裡以赤名，因蜀之先祖開明徙治成都，開明尚赤。張若徙治所於少城。志謂“內城營廣府舍，置鹽、鐵、市官並長、丞”，所謂“營廣府舍”，即指官署之府舍。所謂“置鹽、鐵、市官並長、丞”，蓋設置鹽、鐵、市官於少城，當即鹽鐵手工業作坊與市場所在。左思《蜀都賦》雲：“內則議殿爵堂……華闕雙邈，重門洞開……外則軌躅八達，裡閉對出，比屋連甍，千廡萬室，亦有甲第，當衢向術……亞以少城，接乎其西，市廛所會，萬商之淵，列隧百重，羅肆巨千，賄貨山積。”“內則議殿爵堂”云云，蓋三國時，蜀于此建都，少城之官署已改建為宮殿。“外則軌躅八達，裡閈對出”云云，蓋外城即大城，為甲第與居民之裡所在。所謂“亞以少城，接乎其西”，蓋少城正連接於大城即外城之西。“市廛所會”云云，蓋市場即在少城。李善注：“少城，小城也。在大城西，市在其中也。”任乃強《華陽國志校補圖注》謂大城乃張儀在滅蜀初所築，少城乃張若做蜀守後所築，並謂內城即大城，鹽、鐵、市官在內城，而“少城唯民居，而以商業繁盛見稱”。皆與史料不合，並不可信。鹽、鐵、市官之所在，必為市場與鹽鐵業所在，不容分處兩城。
前311,311,週報王四年（西元前三一一年）,34,史料,秦、齊、楚、燕、韓、趙、魏、周、吳、宋、蔡,張儀,攻,客卿為韓謂秦王曰：“韓瑉之議，知其君不知異君，知其國不知異國。彼公仲者，秦勢能詘之。秦之強，首之者瑉為疾矣（金正煒雲：“首”為“冒”之誤）。進齊、宋之兵，至首垣，遠薄梁郭，所以不及魏者（鮑本“及”作“反”），以為成而過南陽之道，欲以四國西首也。所以不者，皆曰燕亡于齊（“曰”下原衍“以”字，從鮑校刪），魏亡于秦，陳、蔡亡于楚，此皆絕地形，群臣比周以蔽其上，大臣為諸侯輕國也。今王位正（“位”通“蒞”，“正”通“政”），張儀之貴，不得議公孫郝，是從臣不事大臣也。公孫郝之貴，不得議甘茂，則大臣不得事近臣矣。貴賤不相事，各得其位，輻湊以事其上，則群臣之賢不肖可得而知也。王之明一也。公孫郝嘗疾齊、韓而不加貴（金正煒雲：“疾”疑當作“挾”），則大臣不敢為諸侯輕國矣。齊、韓嘗因公孫郝而不受，則諸侯不敢因群臣以為能矣。外內不相為，則諸侯之情偽可得而知也。王之明二也。公孫郝、樗裡疾請無攻韓，陳四辟去（吳師道雲：“四”疑當作“而”），王猶攻之也。甘茂約楚、趙而反敬魏（“敬”通“儆”），是其講我（“講”通“構”），茂且攻宜陽，王猶校之也。群臣之知無幾于王之明者！臣故願公仲之國以侍于王，而無自左右也。”（《韓策三》第十二章）
前311,311,週報王四年（西元前三一一年）,35,考案,秦、周,張儀,即位,案：時當秦武王初即位時，張儀尚在朝中。“今王位正”，王念孫雲：“位”讀為“蒞”，“正”讀為“政”，言自今王蒞政以來。據此可知，原來“群臣比周以蔽其上，大臣為諸侯輕”，武王蒞政以來，加以糾正，使群臣“各得其位，輻湊以事其上”，“外內不相為”，大權集中于國王，原來張儀、甘茂、公孫郝、樗裡疾分別挾諸侯以為重，相互爭奪權力。張儀成為甘茂、樗裡疾、公孫郝政治上之仇敵。
前311,311,週報王四年（西元前三一一年）,36,史料,韓、衛,,,如耳說衛嗣公，衛嗣公說而太息，左右曰：“公何為不相也？”公曰：“夫馬似鹿者而題之千金，然而有百金之馬，而無千金之鹿者，何也？馬為人用也。今如耳萬乘之相也。外有大國之意，其心不在衛，雖辯智，亦不為寡人用，吾是以不相也。”（《韓非子·外儲說右上》）
前311,311,週報王四年（西元前三一一年）,37,史料,韓、魏、衛,,,衛嗣君重如耳，愛世姬，而恐其皆因其愛重以壅己也，乃貴薄疑以敵如耳，尊魏姬以耦世姬，曰：“以是相參也。”(《韓非子·內儲說上》，《荀子·王制》楊注引“君”作“公”，“魏姬”作“魏妃”)
前311,311,週報王四年（西元前三一一年）,38,考案,魏、衛,,伐,案：《魏世家》哀王八年魏伐衛，如耳見衛君請罷魏兵，如耳因說魏王而罷兵。如耳之為衛所重，疑自此年始，而薄疑之用事于衛，亦與如耳相先後。
前311,311,週報王四年（西元前三一一年）,39,史料,衛,,,薄疑說衛嗣君以王術，嗣君應之曰：“所有者千乘也，願以受教。”薄疑對曰：“烏獲奉千鈞，又況一斤？”(《呂氏春秋·務大》)
前311,311,週報王四年（西元前三一一年）,40,史料,衛,,,衛嗣君欲重稅以聚粟，民弗安，以告薄疑，曰：“民甚愚矣，夫聚粟，將以為民也，其自藏之，與在於上奚擇？”薄疑曰：“不然。其在於民而君弗知，其弗如在上也；其在上而民弗知，其不如在民也。”(《呂氏春秋·審應》)
前311,311,週報王四年（西元前三一一年）,41,史料,韓、晉、衛、蔡,,,衛嗣君謂薄疑曰：“子小寡人之國，以為不足仕，則寡人力能仕子，請進爵以子為上卿。”乃進田萬頃。薄子曰：“疑之母親，以疑為能相萬乘，所不窕也，然疑家巫有蔡嫗者，疑母甚愛信之，屬之家事焉，疑智足以言家事，疑母盡以聽疑也，然已與疑言者，亦必複決之于蔡嫗也。故論疑之智能，以疑為能相萬乘而不窕也，論其親，則子母之間也，然猶不免議之于蔡嫗也。今疑之於人主也，非子母之親也，而人主皆有蔡嫗，人主之蔡嫗，必其重人也。重人者，能行私者也，夫行私者，繩之外也，而疑之所言，法之內也。繩之外與法之內，仇也，不相受也。”一曰：衛君之晉，謂薄疑曰：“吾欲與子皆行。”薄疑曰：“媼也在中，請歸與媼計之。”衛君自請，薄媼曰：“疑，君之臣也，君有意從之甚善。”衛君曰：“吾以（已）請之媼，媼許我矣。”薄疑歸言之媼也，曰：“衛君之愛疑，奚與媼？”媼曰：“不如吾愛子也。”“衛君之賢疑，奚與媼也？”曰：“不如吾賢子也。”“媼與疑計，家事已決矣，乃更請決之于卜者蔡嫗，今衛君從疑而行，雖與疑決計，必與他蔡嫗敗之，則疑不得長為臣矣。”（《韓非子·外儲說右上》）
前311,311,週報王四年（西元前三一一年）,42,史料,韓、衛,,,衛嗣君之時，有人于縣令之左右，縣令發蓐而席弊甚，嗣公還，令人遺之席曰：“吾聞汝今者發蓐而席弊甚，賜汝席。”縣令大驚，以君為神也。（《韓非子·內儲說下》）
前311,311,週報王四年（西元前三一一年）,43,史料,韓、衛,,,衛嗣君使人為客過關市，關市苛難之，因事關市，以金與關吏，乃舍之。嗣公為關吏曰：“某時有客過而所，與汝金，而汝因遣之。”關市乃大恐，而以嗣公為明察。（《韓非子·內儲說上》）
前311,311,週報王四年（西元前三一一年）,44,史料,韓、魏、衛,,立,衛嗣君之時，有胥靡逃之魏，因為襄王之後治病。衛嗣君聞之，使人請以五十金買之，五反而魏王不予。乃以左氏易之。群臣左右諫曰：“夫以一都買胥靡，可乎？”王曰：“非子之所知也，夫治無小而亂無大，法不立而誅不必，雖有十左氏無益也。法立而誅必，雖失十左氏，無害也。”魏王聞之，曰：“主欲治而不聽之，不祥。”因載而往，徒獻之。（《韓非子·內儲說上》，《衛策》第十四章略同，惟無魏王獻胥靡事）
前311,311,週報王四年（西元前三一一年）,45,史料,秦,秦惠王,取、殺,東方之墨者謝子將西見秦惠王（《說苑·雜言篇》第二章“謝子”作“祁射子”）。惠王問秦之墨者唐姑梁（《淮南子·修務訓》作“唐姑梁”，《說苑·雜言》作“唐姑”）。唐姑梁恐王之親謝子賢於己也，對曰：“謝子，東方之辯士也，其為人甚險，將奮於說以取少主也。”（《淮南子》作“謝子山東辯士，固權說以取少主”）王因藏怒以待之。謝子至，說王，王弗聽。謝子不說，遂辭而行。……不以善為之愨，而徒以取少主為之悖，惠王失所以為聽矣。用志若是，見客雖勞，耳目雖弊，猶不得所謂也。此史定所以得行其邪也，此史定所以得飾鬼以人，罪殺不辜，群臣擾亂，國幾大危也。人之老也，形益衰，而智益盛。今惠王之老也，形與智皆衰邪？（《呂氏春秋·去宥》）
前311,311,週報王四年（西元前三一一年）,46,史料,秦,,,公孫竭與陰君之事，而反告之樗裡相國，以仕秦五大夫，功非不大也，然而不得入三都，又況乎無此其功而有行乎？（《呂氏春秋·無義》）
前311,311,週報王四年（西元前三一一年）,47,考案,秦,秦惠王,殺,案：史定“飾鬼以人，罪殺不辜，群臣擾亂，國幾大危”之事不詳，當發生于秦惠王之晚年，故《呂氏春秋》謂“今惠王之老也，形與智皆衰邪？”公孫竭參與“陰君之事”，亦不詳，疑與史定相關。公孫竭先參與而後向樗裡疾告密，因而“陰君之事”得以消除，其功非不大，但因彼嘗參與“陰君之事”，罰之“不得入三都”。
前311,311,週報王四年（西元前三一一年）,48,史料,秦、楚,秦惠王,,墨者有田鳩，欲見秦惠王，留秦三年而弗得見。客有言之于楚王者，往見楚王，楚王說之，與將軍之節以如秦，至，因見惠王。告人曰：“之秦之道，乃之楚乎？”(《呂氏春秋·首時》，《淮南子·道應訓》略同，雲：“出舍喟然而歎，告從者曰：‘吾留秦三年不得見，不識道之可以從楚也。’”)
前311,311,週報王四年（西元前三一一年）,49,史料,秦、楚、韓、晉、鄭,,,楚王謂田鳩曰：“墨子者，顯學也，其身體則可，其言多而不辯，何也？”曰：“昔秦伯嫁其女于晉公子，令晉為之飾裝，從衣文之媵七十人，至晉，晉人愛其妾而賤公女，此可謂善嫁妾，而未可謂善嫁女也。楚人有賣其珠于鄭者，為木蘭之櫝，薰以桂椒，綴以珠玉，飾以玫瑰，輯以翡翠，鄭人買其櫝而還其珠。此可謂善賣櫝矣，未可謂善鬻珠也。今世之談也，皆道辯說文辭之言，人主覽其文而忘有用。墨子之說，傳先王之道，論聖人之言，以宣告人。若辯其辭，則恐人懷其文而忘其直（通“值”），以文害用也。此與楚人鬻珠、秦伯嫁女同類，故其言多不辯。”（《韓非子·外儲說左上》）
前311,311,週報王四年（西元前三一一年）,50,史料,韓,,,《田俅子》三篇。（《漢書·藝文志》列墨家，班固注：“先《韓子》。”）
前311,311,週報王四年（西元前三一一年）,51,考案,,,,案：馬驌、梁玉繩、孫詒讓皆以為即田鳩，“鳩”“俅”音近。
前311,311,週報王四年（西元前三一一年）,52,史料,秦,秦惠王,殺,腹薜為墨者钜子，居秦，其子殺人。秦惠王曰：“先生之年長矣，非有他子也。寡人已令吏弗誅矣。先生之以此聽寡人也。”腹薜對曰：“墨者之法，殺人者死，傷人者刑，此所以禁殺傷人也。夫禁殺傷人者，天下之大義也，王雖為之賜，而令吏弗誅，腹薜不可不行墨者之法。”不許惠王而遂殺之。（《呂氏春秋·去私》）
前311,311,週報王四年（西元前三一一年）,53,考案,秦、楚,秦惠王,殺,案：當秦惠王時，墨為顯學，流行於楚、秦兩國。秦惠王嘗親秦之墨者唐結果。墨者田鳩留秦三年而未得見秦惠王，後為楚之使者如秦而得見。墨者钜子腹蘚又居於秦，嘗得秦惠王之優待，甚至其子殺人，王令吏勿誅。
前310,310,周赧王五年（西元前三一〇年）,1,史料,秦、齊、楚、燕、韓、趙、魏,齊宣王、燕昭王、趙武靈王、楚懷王,,秦武王元年，魏襄王九年，韓襄王二年，趙武靈王十六年，齊宣王十年，楚懷王十九年，燕昭王二年。
前310,310,周赧王五年（西元前三一〇年）,2,史料,秦、魏,張儀,,秦武王元年誅蜀相莊。張儀、魏章皆死于魏。（《六國表》）
前310,310,周赧王五年（西元前三一〇年）,3,史料,秦、魏、晉,張儀、魏惠王,伐、會,[秦]武王元年與魏惠王（當作魏襄王）會臨晉，誅蜀相莊。張儀、魏章皆東出之魏。伐義渠、丹、犁。（《秦本紀》）
前310,310,周赧王五年（西元前三一〇年）,4,史料,秦、魏、周,張儀、秦昭王,伐、卒、立、殺,[秦]惠王卒，武王立，張儀、魏章去，東之魏。蜀侯煇、相莊反，秦使甘茂定蜀。（《甘茂列傳》）案：《華陽國志》謂周赧王六年“陳莊反，殺蜀侯通國，秦遣庶長甘茂、張儀、司馬錯伐蜀”，甘茂主持平定陳莊之反。蜀侯煇反在秦昭王六年，不與“陳莊反”同時，《甘茂列傳》有誤。
前310,310,周赧王五年（西元前三一〇年）,5,史料,宋,張儀,卒,[張儀以]今王九年五月卒。（《張儀列傳·索隱》引《紀年》，宋“耿秉本”、明“遊明本”誤作“今主”，宋“黃善夫本”、清“殿本”作“哀王”，“汲古閣單刻索隱本”作“安僖王”）
前310,310,周赧王五年（西元前三一〇年）,6,史料,秦,張儀,即位、取,[秦]武王自為太子時，不說張儀。及即位，群臣多讒張儀曰：“無信，左右賣國以取容。秦必複用之，恐為天下笑。”諸侯聞張儀有卻武王，皆畔衡，複合從。（《張儀列傳》）
前310,310,周赧王五年（西元前三一〇年）,7,考案,秦、楚、韓、趙、魏、周,張儀、秦惠王、秦昭王、趙武靈王,卒、立、殺,案：《趙世家》以秦惠王卒于趙武靈王十六年，秦武王卒于趙武靈王十八年，其記秦惠之卒遲《秦本紀》一年，記武王之卒又早一年，與《世本》武王立三年之說合。《韓世家·集解》引徐廣曰：“一雲周赧王六年韓襄哀王三年張儀死，赧王九年襄哀王六年秦昭王立。”徐廣所引或說，秦昭立年則又遲《秦本紀》一年。考之《呂氏春秋·去宥》，秦惠晚年嘗罪殺不辜，群臣擾亂，國幾大危，余疑秦惠卒、秦武立時，秦廷群臣擾亂，延至此年，尚未逾年改元，蜀亦叛離。及張儀、魏章亡魏，甘茂定蜀，秦之政局始大定，至明年始改元而以樗裡子甘茂為左右丞相。此史公所以于《趙世家》誤以惠王卒於此年歟？《秦本紀》雲：“[武王]二年……張儀死于魏”，《六國表》于《魏表》亦雲“魏哀王十年張儀死”，《魏世家》同與《秦本紀》合，但《六國表》于《秦表》又雲“秦武王元年張儀、魏章皆死于魏”。《張儀列傳》又謂：秦武王元年儀重至魏，“張儀相魏一歲，卒于魏也。”又以儀卒在秦武王二年，即魏襄王十年，而《索隱》引《紀年》又雲：“梁哀王九年五月卒”，《韓世家·集解》徐廣雲：“魏哀王十九年，《紀年》於此亦說‘楚入雍氏，楚人敗’，然其時張儀已死十年矣。”余謂張儀之卒，自當從《紀年》在魏襄王九年，《六國表》、《張儀列傳》誤遲一年，亦緣秦武王以內亂逾二年定位更元而誤也。
前310,310,周赧王五年（西元前三一〇年）,8,史料,秦、魏,張儀、秦惠王,卒、立,秦惠王卒，太子武王立，逐張儀、魏章，而以樗裡子、甘茂為左右丞相。（《樗裡子列傳》）
前310,310,周赧王五年（西元前三一〇年）,9,史料,秦、齊、楚、韓、魏,張儀,伐、立、取,楚王令昭雎之秦重張儀，未至，惠王死。武王逐張儀，楚王因收昭雎以取齊。桓臧為雎謂楚王曰：“橫親之不合也，儀貴惠王而善雎也。今惠王死，武王立，儀走，公孫郝、甘茂貴。甘茂善魏，公孫郝善韓，二人固不善雎也，必以秦合韓、魏，韓、魏之重儀，儀有秦而雎以楚重之。今儀困秦，而雎收楚，韓、魏欲得秦，必善二人者，二人將收韓、魏輕儀而伐楚，方城必危。王不如複雎而重儀于韓、魏，儀據楚勢，挾魏重，以與秦爭，魏不合秦，韓亦不從，則方城無患。”（《楚策三》第五章）
前310,310,周赧王五年（西元前三一〇年）,10,史料,秦、齊、楚、韓、魏、周,張儀、秦惠王,伐、卒、立,張儀事秦惠王，惠王死，武王立，左右惡張儀曰：“儀事先王不忠。”言未已，齊讓又至。張儀聞之，謂武王曰：“儀有愚計，願效之王。”王曰：“奈何？”曰：“為社稷計者，東方有大變，然後王可以多割地。今齊王甚憎儀，儀之所在，必舉兵而伐之，故儀願乞不肖身之梁，齊必舉兵而伐之，齊、梁之兵連於城下，不能相去，王以其間伐韓，入三川，出兵函穀而無伐，以臨周，祭器必出，挾天子，案圖籍，此王業也。”王曰：“善。”乃具革車三十乘納之梁，齊果舉兵伐之。梁王大恐，張儀曰：“王勿患，請令罷齊兵。”乃使其舍人馮喜之楚，藉使之齊，齊楚之事已畢，因謂齊王：“王甚憎張儀，雖然，厚矣王之托儀于秦王也。”齊王曰：“寡人甚憎儀，儀之所在，必舉兵伐之，何以托儀也？”對曰：“是乃王之托儀也，儀之出秦，固與秦王約曰：‘為王計者，東方有大變，然後王可以多割地，齊王甚憎儀，儀之所在，必舉兵伐之，故儀願乞不肖身而之梁，齊必舉兵伐梁。梁、齊之兵連於城下不能去，王以其間伐韓，入三川，出兵函穀而無伐，以臨周，祭器必出，挾天子，案圖籍，是王業也。’秦王以為然，與革車三十乘，而納儀于梁，而果伐之，是王內自罷而伐與國，廣鄰敵以自臨，而信儀于秦王也。此臣之所謂托儀也，”王曰：“善。”乃止。（《齊策二》第二章，《張儀列傳》同，列于秦武王元年，“乃止”作“乃使解兵”。並雲：“張儀相魏一歲，卒于魏也。”）
前310,310,周赧王五年（西元前三一〇年）,11,史料,魏,張儀,,張儀走之魏，魏將迎之。張醜諫于王欲勿內，不得于王。張醜退，複諫于王曰：“王亦聞老妾事其主婦者乎？子長色衰，重家而已（“家”當讀作“嫁”，姚注“一本作嫁”，鮑本作“嫁”）。今臣之事王，若老妾之事其主婦者。”魏王因不納張儀。（《魏策一》第十七章）
前310,310,周赧王五年（西元前三一〇年）,12,考案,秦、齊、楚、韓、魏、周,張儀、秦惠王,伐、卒、立、即位、連橫,案：以上五則，皆有關張儀為秦逐走之事。《魏策一》第十七章謂張醜以老婦再嫁自比而諫于魏王，魏王因不納張儀。鐘鳳年《戰國策勘研》雲：“魏不納儀事，恐不確。緣事若在秦惠文時，則據《策》、《史》，俱可證儀方貴重于秦，必不宜出亡。若在秦武之際，則《策》、《史》俱稱儀相魏，此章所言不近事理，故不足信。”今案《史》稱儀複相魏一年之說不確，所謂“魏王不因納張儀”，乃謂未接納以為相。《楚策三》謂“惠王死，武王逐張儀”，《樗裡子列傳》稱“秦惠王卒，太子武王立，逐張儀、魏章，而以樗裡子、甘茂為左右丞相”，《秦本紀》亦謂“張儀、魏章東出之魏”，“出”即出亡也。《甘茂列傳》亦雲：“惠王卒，武王立，張儀、魏章去，東之魏。”“去”亦即出走也。秦惠王死，武王即位，武王不悅張儀，大臣甘茂、公孫郝、樗裡疾皆與張儀不合，群臣惡之以為張儀“無信”。張儀因而被逐出走。《齊策二》謂張儀因秦之群臣惡之，齊讓又至，乃請武王送入魏國，謂齊王甚憎儀，見儀入魏，必舉兵伐之，秦即可以其間伐韓，入三川以臨周，挾天子以成王業。武王乃具革車納儀之魏，齊果舉兵伐魏，張儀乃使其舍人遊說齊王，使齊停止伐魏。《張儀列傳》從之，並以為“張儀相魏一歲，卒于魏也”。今案《齊策》所載，當為策士所臆造，用以見張儀之計謀成功者，並不足信。張儀前曾挾秦之威勢，迫魏與秦連橫而為魏相，又以秦、魏連橫之勢而伐齊，此時張儀見逐于秦而出走之魏，張儀已失去秦之威勢，齊又何必因此而伐魏？魏又何必再任以為相？《魏世家》載是年魏相田需死，楚相昭魚恐田需死後，張儀、犀首（即公孫衍）、薛公（即田文）中有一人為魏相，蓋此三人皆曾為魏相。《魏世家》謂是年“太子果相魏”，可知終於由太子為相。《張儀列傳》所謂張儀複相一歲，蓋出於策士之誇說，非其實也。
前310,310,周赧王五年（西元前三一〇年）,13,史料,秦、齊、楚、韓、魏、代,張儀,,田需死，昭魚謂蘇代曰：“田需死，吾恐張儀、薛公、犀首之有一人相魏者。”代曰：“然則相者以誰而君便之也？”昭魚曰：“吾欲太子之自相也。”代曰：“請為君北見梁王，必相之矣。”昭魚曰：“奈何？”代曰：“君其為梁君，代請說君。”昭魚曰：“奈何？”對曰：“代也從楚來，昭魚甚憂。”代曰：“君何憂？”曰：“田需死，吾恐張儀、薛公、犀首有一人相魏者。”代曰：“勿憂也，梁王長主也，必不相張儀。張儀相魏，必右秦而左魏；薛公相魏，必右齊而左魏；犀首相魏，必右韓而左魏。梁王長主也，必不使相也。”（《魏世家》“使相”作“便”）王曰：“然則寡人孰相？”（八字原脫，從《魏世家》補）代曰：“莫如太子之自相。是三人皆以太子為非固相也，皆將務以其國事魏，而欲丞相之璽，以魏之強，而三萬乘之國輔之，魏必安矣，故曰不如太子之自相也。”遂北見梁王，以此語告之，太子果自相。（《魏策二》第十三章，《魏世家》大體相同，系于魏哀王九年，當即魏襄王九年）
前310,310,周赧王五年（西元前三一〇年）,14,史料,秦、楚、魏、晉、代,張儀,會,[魏哀王](當作襄王)九年與秦王會臨晉。張儀、魏章皆歸於魏。魏相田需死，楚害張儀、犀首、薛公。楚相昭魚謂蘇代曰：……太子果相魏。(《魏世家》，“薛公”下當脫“有一人相魏”五字。“楚相昭魚謂蘇代曰”以下，與《魏策二》第十三章相同)
前310,310,周赧王五年（西元前三一〇年）,15,考案,齊、楚、魏,,奔,案：所謂楚相昭魚，蓋昭魚為楚令尹。昭魚，《史記》又作“昭敭”。《索隱》謂即昭奚恤，不確。昭奚恤為楚宣王之令尹。《索隱》又謂太子即襄王，亦不當，太子當即魏昭王。梁玉繩雲：“薛公奔魏當魏昭王十一二年間……此敘在哀王九年，前乎薛公奔魏廿六七年，是時孟嘗方相齊，何以居魏乎？”考田文于田需相魏前，嘗一度相魏。
前310,310,周赧王五年（西元前三一〇年）,16,史料,韓、魏,,攻,陳需，魏王之臣也，善於荊王，而令荊攻魏。荊攻魏，陳需因請為魏王解之，因以荊勢相魏。（《韓非子·內儲說下》）
前310,310,周赧王五年（西元前三一〇年）,17,考案,楚、魏,張儀,,案：陳需即田需。田需死後，楚令尹昭魚恐張儀、薛公、犀首之有一人相魏，對楚不利，則田需固親楚者。
前310,310,周赧王五年（西元前三一〇年）,18,史料,韓、魏,,拔,田需貴于魏王，惠子曰：“子必善左右，今夫楊，橫樹之則生，倒樹之則生，折而樹之又生。然使十人樹楊，一人拔之，則無生楊矣。故以十人之眾，樹易生之物，然而不勝一人者何也？樹之難而去之易也。今子雖自樹于王，而欲去子者眾，則子必危矣。”（《魏策二》第十三章，《韓非子·說林上》同，惟“田需”作“陳軫”）
前310,310,周赧王五年（西元前三一〇年）,19,考案,秦、楚、韓、魏,,,案：顧廣圻謂《韓非子》陳軫當依《策》作需，是也。《太平御覽》九百五十七引《春秋後語》，作“魏哀王以田需為相，甚貴信之，惠子謂田需曰：子必善左右”云云。陳軫遊說于秦、楚兩國，未嘗貴于魏王。
前310,310,周赧王五年（西元前三一〇年）,20,史料,魏,,,公孫衍為魏將，與其相田需不善。季子為衍謂梁王曰：“王獨不見夫服牛驂驥乎？不可以行百步，今王以衍為可使將，故用之也。而聽相之計，是服牛驂驥也。牛馬俱死，而不能成其功，王之國必傷矣，願王察之。”(《魏策一》第二十七章)
前310,310,周赧王五年（西元前三一〇年）,21,考案,秦,,,案：于鬯以為季子即楊朱之友季梁，見其所著《戰國策注》及《香草·續校書》中的《莊子·則陽》篇。錢穆《季梁考》同。季梁與惠施、莊子同時。（《先秦諸子系年》第二四四至二四五頁）
前310,310,周赧王五年（西元前三一〇年）,22,史料,韓,,殺,陳需殺張壽而犀首走。（《韓非子·內儲說下·經三》）
前310,310,周赧王五年（西元前三一〇年）,23,史料,韓、魏,,殺,犀首與張壽為怨，陳需新入，不善犀首，固使人微殺張壽，魏王以為犀首也，乃誅之。（《韓非子·內儲說下·說三》，王先慎以為“誅之疑逐之之誤”)
前310,310,周赧王五年（西元前三一〇年）,24,考案,秦、楚、魏,,殺,案：顧廣圻雲：“張壽，張旄也。陳需，田需也，大致與《戰國策·楚策》所雲張旄果令要靳尚而刺之為一事，傳之不同也。”王先慎曰：“上言犀首走，此誅之疑逐之之誤。”是也。呂祖謙《大事記》據此謂“衍去秦後，終為魏所殺”，不確。
前310,310,周赧王五年（西元前三一〇年）,25,史料,秦、齊、楚,,伐,齊明說卓滑以伐秦，滑不聽也。齊明謂卓滑曰：“明之來也，為樗裡疾蔔交也。明說楚大夫以伐秦，皆受明之說也，唯公弗受也，臣有辭以報樗裡子矣。”卓滑因重之。（《楚策四》第五章）
前310,310,周赧王五年（西元前三一〇年）,26,考案,秦、齊、楚、燕、韓、趙、魏,張儀、秦惠王,伐、卒,案：卓滑，《趙策三》作淖滑，楚嘗使之趙請伐齊存燕。賈誼《新書》、《甘茂列傳》作召滑，《韓非子·內儲說下》作邵滑，“淖”“卓”“召”“邵”，實皆“昭”之假。此當秦惠王卒時，樗裡疾等與張儀、魏章爭權時事，樗裡疾本秦惠王異母弟，與張儀不合，及秦惠王卒，群臣惡張儀，樗裡子蓋欲借楚以去之，故遣齊明說楚以伐秦乎？《秦策一》第八章雲：“張儀之殘樗裡疾也，重而使之楚，因令楚王為之請相于秦。張子謂秦王曰：‘重樗裡疾而使之者，將以為國交也，今身在楚，楚王因為請相于秦，臣聞其言曰：‘王欲窮于秦乎？臣請助王。’楚王以為然，故為請相也。今王誠聽之，彼必以國事楚王。’秦王大怒，樗裡疾出走。”張儀與樗裡疾不合，當為事實，樗裡疾以楚勢謀相秦，亦當為事實，謂疾以張儀之忌，而逼使疾出走，虛妄也。樗裡疾于惠王時連年將兵出戰得勝，封為嚴君，武王時為右丞相。詳《樗裡子列傳》，未見出走事。
前310,310,周赧王五年（西元前三一〇年）,27,史料,秦、韓,,,秦武王令甘茂擇所欲為於僕與行，孟卯曰：“公不如為僕，公所長者使也，公雖為僕，王猶使之於公也，公佩僕璽而為行事，是兼官也。”(《韓非子·說林上》)
前310,310,周赧王五年（西元前三一〇年）,28,考案,秦,,,案：此當為甘茂相秦武王前事。
前310,310,周赧王五年（西元前三一〇年）,29,史料,齊、代,,卒、立、會,初田嬰有子四十餘人，其賤妾有子名文，文以五月五日生，嬰告其母曰：“勿舉也”，其母竊舉生之。及長，其母因兄弟而見其子文于田嬰。田嬰怒其母曰：“吾令若去此子而敢生之，何也？”文頓首因曰：“君所以不舉五月子者何故？”嬰曰：“五月子者，長與戶齊，將不利其父母。”文曰：“人生受命於天乎？將受命於戶乎？”嬰默然。文曰：“必受命於天，君何憂焉？必受命于戶，則高其戶耳，誰能至者？”嬰曰：“子休矣！”久之，文承間問其父嬰曰：“子之子為何？”曰：“為孫。”“孫之孫為何？”曰：“為玄孫。”“玄孫之孫為何？”曰：“不能知也。”文曰：“君用事相齊，至今三王（當作“二王”）矣，齊不加廣，而君私家富累萬金，門下不見一賢者，文聞將門必有將，相門必有相，今君後宮蹈綺縠，而士不得裒褐（“裒”，各本誤作“短”，張文虎雲：“據《索隱》短本作裒，故音豎”，《史記會注考證》雲：“楓山”、“三條本”作“裒”。今從之）。僕妾餘粱肉，而士不厭糟糠，今君又尚厚積余藏，欲以遺所不知何人，而忘公家之事日損。文竊怪之。”於是嬰乃禮文，使主家待賓客，賓客日進，名聲聞于諸侯，諸侯皆使人請薛公田嬰，以文為太子，嬰許之。嬰卒，諡為靖郭君，而文果代立于薛，是為孟嘗君。
前310,310,周赧王五年（西元前三一〇年）,30,考案,齊、代,,,案：封君養士之風，蓋開創于靖郭君田嬰。據《呂氏春秋·知士》、《齊策一》，靖郭君嘗善齊貌辨而舍之上舍，令長子禦，朝暮進食，其後孟嘗君養士，客有魚客、車客之別，客舍有代舍、幸舍、傳舍之分，皆承其父之遺風。觀乎《呂氏春秋》等言靖郭君善齊貌辨而孟嘗君諫，則靖郭君之養士，由來久矣。
前310,310,周赧王五年（西元前三一〇年）,31,考案,齊、韓,,卒,又案：《史記》稱嬰卒諡靖郭君。《索隱》曰：“靖郭或封邑號，故漢齊王舅父駟鈞封靖郭侯。”雷學淇《竹書紀年義證》以郭乃近濉邑名，靖謂安靜之，是生時稱號。然考田嬰初封彭城，後封薛，《紀年》稱之薛子，《韓非子》等書又稱之薛公，未聞其封邑有郭，余疑靖郭君、孟嘗君皆是封號，猶犀首、馬服之類耳。
前310,310,周赧王五年（西元前三一〇年）,32,考案,楚、魏,張儀,,又案：田文于田需相魏前，嘗一度相魏，而《魏策二》、《魏世家》稱是年田需死時，楚昭魚恐張儀、犀首、薛公有一人相魏。張儀、犀首前嘗相魏，此雲薛公必指田文，蓋恐其有一人複相也。是則田文繼田嬰而封于薛，必在此年或稍前。
前310,310,周赧王五年（西元前三一〇年）,33,史料,,,,孟嘗君在薛，招致諸侯賓客及亡人有罪者，皆歸孟嘗君。孟嘗君舍業，厚遇之，以故傾天下之士，食客數千人，無貴賤，一與文等。孟嘗君待客坐語，而屏風後常有侍史，主記君所與客語，問親戚居處客去，孟嘗君已使使有問獻遺其親戚。（《孟嘗君列傳》）
前310,310,周赧王五年（西元前三一〇年）,34,考案,代,,遷,案：《孟嘗君列傳》雲：“食客數千人，無貴賤，一與文等”，不確。觀馮驥有幸舍、代舍之遷可知。《孟嘗君列傳》又雲：“有一人蔽火光，客怒，以飯不等，輟食而去。孟嘗君起，自持其飯比之，客慚自到，士以此多歸孟嘗君。”亦為虛誇之辭。
前310,310,周赧王五年（西元前三一〇年）,35,史料,趙、吳,趙武靈王,立,趙武靈王十六年吳廣入女生子何，立為惠文王后。（《六國表》）
前310,310,周赧王五年（西元前三一〇年）,36,史料,趙、吳,,,[趙武靈]王遊大陵，他日夢見處女鼓琴而歌，詩曰：“美人熒熒兮，顏若苕之榮，命乎命乎，曾無我嬴？”異日，王飲酒樂，數言所夢，想見其狀，吳廣聞之，因夫人而內其女娃嬴，孟姚也。孟姚甚有寵于王，是為惠後。（《趙世家》武靈王十六年下）
前310,310,周赧王五年（西元前三一〇年）,37,考案,趙,,會,案：《趙世家》雲：“趙簡子疾，五日不知人……居二日半，簡子寤，語大夫曰：‘我之帝所甚樂……帝告我：……今余思虞舜之勳。余將以其胄女孟姚，配而七世之孫。’”即指武靈王納孟姚事，蓋附會之神話也。
前310,310,周赧王五年（西元前三一〇年）,38,考案,吳,,會,又案：曾無我嬴，《集解》引綦毋邃曰：“言有命祿，生遇其時，人莫知己貴盛盈滿也。”《正義》曰：“嬴，姓嬴也。言世眾名其美好，曾無我好嬴也。”《列女傳》卷七載此詩作“逢天時而生，曾莫我嬴嬴”。疑原作“嬴嬴”，“嬴”通“盈”，言有命祿，別人無有如我盈滿也。吳廣納其女娃嬴于武靈王，則附會此詩，以嬴為姓。《索隱》謂：“虞吳音相近，故舜後亦姓吳”，是也。
前310,310,周赧王五年（西元前三一〇年）,39,考案,趙,,立,又案：《列女傳》卷七謂：“孟姚甚有色焉，王愛幸之不能離，數年生子何，孟姚數微言後有淫意，太子無慈幸之行，王乃廢後與太子，而立孟姚為惠後，以何為王，是為惠文王。”《趙世家》未見有廢太子之事，此謂孟姚數微言而王乃廢後與太子，蓋出於《列女傳》作者所誣加。
前310,310,周赧王五年（西元前三一〇年）,40,史料,魏、周,,,魏襄王九年洛入成周，山水大出。（《水經·洛水注》引《紀年》）
前310,310,周赧王五年（西元前三一〇年）,41,考案,魏、晉、周,,,案：《水經·洛水注》于河南縣下記周公作大邑成周，南系于洛水，北因於郟山，引《竹書紀年》“晉定公二十年洛絕于周，魏襄王九年洛入成周，山水大出”。所謂周或成周，即指當時河南縣（今洛陽迤西）一帶洛水與郟山之間。
前310,310,周赧王五年（西元前三一〇年）,42,史料,秦、韓、魏,張儀、秦惠王,,秦惠王死，公孫衍欲窮張儀。李讎謂公孫衍曰：“不如召甘茂于魏，召公孫顯于韓，起樗裡子于國，三人者皆張儀之仇也。公用之，則諸侯必見張儀之無秦矣。”(《秦策一》第三章)
前310,310,周赧王五年（西元前三一〇年）,43,考案,秦、魏,,,案：此章與事實不合，是時公孫衍在魏，甘茂、公孫顯正在秦。當出策士偽託。
前310,310,周赧王五年（西元前三一〇年）,44,史料,秦、楚、韓、鄭,張儀,,鄭強之走張儀于秦，曰：“儀之使者必之楚矣，故謂太宰曰：公留儀之使者，強請西圖儀于秦，故因而請秦王曰：張儀使人致上庸之地，故使使臣再拜謁秦王。”秦王怒，張儀走。（《韓策一》第十三章）
前310,310,周赧王五年（西元前三一〇年）,45,考案,秦、鄭,張儀,,案：張儀出走，主要由於秦大臣之交惡與武王之不悅，此謂由於鄭強遊說而激怒秦王，蓋出於遊士之誇張，不足信。
前309,309,周赧王六年（西元前三0九年）,1,史料,秦、齊、楚、燕、韓、趙、魏,齊宣王、燕昭王、趙武靈王、楚懷王,,秦武王二年，魏襄王十年，韓襄王三年，趙武靈王十七年，齊宣王十一年，楚懷王二十年，燕昭王三年。
前309,309,周赧王六年（西元前三0九年）,2,史料,秦,,,[秦武王]二年初置丞相，樗裡疾、甘茂為左右丞相。（《秦本紀》，《六國表》作“初置丞相，樗裡子、甘茂為丞相”）
前309,309,周赧王六年（西元前三0九年）,3,史料,秦、魏,張儀、秦惠王,卒、立,秦惠王卒，太子武王立，逐張儀、魏章，而以樗裡子、甘茂為左右丞相。（《樗裡子列傳》）
前309,309,周赧王六年（西元前三0九年）,4,史料,秦、蔡,,,秦使甘茂定蜀還，而以甘茂為左丞相，以樗裡子為右丞相。（《甘茂列傳》，《新序·雜事二》第二章亦雲：“甘茂，下蔡人也。西入秦，數有功，至武王，以為左丞相，樗裡子為右丞相。”）
前309,309,周赧王六年（西元前三0九年）,5,考案,秦,張儀,立,案：秦原以爵位作為官職高低之稱呼。以大良造庶長為最高爵位而執政，相當於別國之“相”。秦惠文王十年張儀為相，官名為“相邦”，開始效法東方國家之官制。是年又創置分設“左右丞相”之制，但此後“相邦”之官名仍沿用。秦兵器刻辭，有十四年、廿年、卅一年、相邦冉戈以及較多之相邦呂不韋戈。同時又用丞相官名，如丞相觸戈、十七年丞相啟狀戈。《呂不韋列傳》稱“莊襄王元年以呂不韋為丞相，封文信侯”，“太子政立為王，尊呂不韋為相國，號稱仲父。”
前309,309,周赧王六年（西元前三0九年）,6,史料,秦、韓,張儀、商鞅,伐、變法,[秦武王]二年十一月己酉朔，朔日，王命丞相戊(“戊”通“茂”)、內史匽，□□(兩字有殘缺)更修為田律：田廣一步，袤八則為畛。畝二畛。一百道(“百”通“陌”)，百畝為頃，一千道(“千”通“阡”)。道廣三步。封，高四尺，大稱其高。捋(“捋”通“埒”)。高尺，下厚二尺。以秋八月，修封、捋(“捋”通“埒”)。正疆畔，及發千百之大草(“千百”通“阡陌”)。九月大除道及險險。十月為橋，修波隄，利津梁，鮮草離。非除道之時，而有陷敗不可行，相為之(“相”有殘缺，或釋為“輒”)。背面有關聯之記述：“四年十二月不除道者：□二日，□一日，□一日，□九日，□一日，□一日，□一日，戊一日。”(一九八〇年四川青川戰國墓出土木牘，計一百二十一字，見《四川省青川縣戰國墓發掘簡報》，《文物》一九八二年第一期)案：“戊”古通“茂”，即甘茂。甘戊見於《韓策一》第十九章及《說苑·雜言》。秦武王二年十一月，按董作賓《中國年曆總譜》，確為己酉朔。青川地處甘肅、陝西、四川之間，屬當時蜀境內。上年蜀相陳莊反叛，秦遣甘茂、張儀、司馬錯伐蜀平定，甘茂因功是年升為左丞相，是年王又命甘茂及內史匽更修“為田律”。據一九七七年安徽阜陽雙古堆西漢墓中出土竹簡，有“卅步為則”之記載，可知“為田律”，“田廣一步，裒八則”，共長二百四十步，正商鞅變法後二百四十步為一畝之制。餘釋“畛”為一畝田兩端之小道（《釋青川秦牘的田畝制度》，《文物》一九八二年第七期）。羅開玉以為指一畝田兩端開溝而築畛（《青川秦牘為田律所規定的為田制》，《文物》一九八八年第八期）。
前309,309,周赧王六年（西元前三0九年）,7,史料,齊、趙、中山,趙武靈王,,[趙武靈王]十七年王出九門，為野台，以望齊、中山之境。（《趙世家》）
前309,309,周赧王六年（西元前三0九年）,8,史料,趙,趙武靈王,,本有宮室而居，趙武靈王改為九門。（《趙世家·正義》引《戰國策》）
前309,309,周赧王六年（西元前三0九年）,9,考案,齊、趙、魏、晉、中山、代,趙武靈王,滅、遷,案：“九門”，《集解》徐廣曰：“在常山”，《正義》雲：“本戰國時趙邑”。考漢常山郡有九門縣，在今河北正定縣東南。“野台”，《集解》徐廣曰：“野一作望”。《正義》引《括地志》雲：“野台一名義台，在定州新樂縣西南六十三裡。”在今河北新樂縣北。若如其說，九門、野台皆在當時中山之境內，當趙未滅中山之前，武靈王不能到此登臺，且不能由此瞭望齊境。疑此“野台”乃“叢台”之誤。趙都邯鄲外郭有叢台，《漢書·高後紀》載高後元年“夏五月而申趙王宮叢台災”，顏注：“連聚非一，故名叢台，蓋本六國時趙王故台也。在邯鄲城中。”《水經·濁漳水注》雲：“今遺基舊墉尚在。”今遺址在邯鄲市東北部中華路南側人民公園內，高達二十六米。一九六三年八月邯鄲大雨，叢台東南面坍塌，從斷面可看到內層是夯土，其築法與戰國城牆相同，在夯土中央雜有戰國陶片及瓦片。楊守敬《水經注疏》雲：“《文選·魏都賦》‘趙建叢台于後’，薛琮注：《史記》曰趙武靈王起叢台，坐實《史記》有叢台事，則所見本作叢台可知。”其說甚是。據《正義》引《戰國策》雲：“本有宮室而居，趙武靈王改為九門。”蓋此地原為趙之宮室所在，趙之宮室原建於“大城”東北部，大城之建築年代較早。邯鄲原為晉大夫趙午封邑，當創建於春秋晚期，其宮室即建於今叢台遺址。當戰國初期趙敬侯遷都邯鄲時，當即沿用之。其後在“大城”西南建築宮、城，即今所謂趙王城，於是此地之宮室不用，趙武靈王用以改建為苑囿，九門當即新建苑囿之名。叢台乃趙武靈王新建于苑囿中供遊樂之台。如同魏都大樑之宮城，附近所設“梁囿”中之文台。趙武靈王可以由此登高瞭望齊與中山之境。《趙世家》又載惠文王二十八年“罷城北九門大城”，蓋是時趙王已于宮城附近新建有苑囿，於是廢棄九門不用，因九門在大城之東北部，故雲罷城北九門於大城也。是時大郭已成為商業與手工業發達之都市，已不便為趙王出入遊樂之處。
前309,309,周赧王六年（西元前三0九年）,10,史料,楚、魏,,會,魏襄王十年楚庶章率師來會我，次於襄丘。（《水經·濟水注》引《紀年》）
前309,309,周赧王六年（西元前三0九年）,11,史料,趙、魏,,,魏襄王十年十月大霖雨，疾風，河水溢酸棗郛。（《水經·濟水注》引《紀年》，《永樂大典》本、朱謀垾本作“十年”，而趙一清、戴震校本作“九年”）
前308,308,周赧王七年（西元前三0八年）,1,史料,秦、齊、楚、燕、韓、趙、魏,齊宣王、燕昭王、趙武靈王、楚懷王,,秦武王三年，魏襄王十一年，韓襄王四年，趙武靈王十八年，齊宣王十二年，楚懷王二十一年，燕昭王四年。
前308,308,周赧王七年（西元前三0八年）,2,史料,秦、韓、魏、晉、周,,伐、卒、會,[魏哀王]十一年與秦武王會應。（《魏世家》，《六國表》作“與秦會應”）[秦武王]三年與韓襄王會臨晉外。南公揭卒。樗裡疾相韓（“相韓”二字疑誤）。武王謂甘茂曰：“寡人欲容車通三川，窺周室，死不恨矣。”其秋，使甘茂、庶長封伐宜陽。（《秦本紀》，“封”當為“壽”之形誤）
前308,308,周赧王七年（西元前三0八年）,3,史料,秦、韓、晉,,攻、會,[韓]襄王四年與秦武王會臨晉。其秋，秦使甘茂攻我宜陽。（《韓世家》，《六國表》作“與秦會臨晉，秦擊我宜陽”）
前308,308,周赧王七年（西元前三0八年）,4,考案,秦、韓、周,,伐、卒、立、拔,案：《秦本紀》謂是年“樗裡疾相韓”，“相韓”二字疑誤。若樗裡疾以秦之重臣而相韓，韓必與秦相合，不可能秦有伐宜陽之事。梁玉繩《史記志疑》雲：“疾無相韓事，時疾以右丞相出使于周，見本傳，疑相韓二字是使周之誤。”是時秦武王欲容車遁三川，以窺周室，故甘茂伐韓拔宜陽，樗裡疾以車百乘訪周。據《樗裡子列傳》，秦武王卒，昭王立，樗裡子又益尊重，秦武王時疾無相韓之事。
前308,308,周赧王七年（西元前三0八年）,5,考案,秦、韓、魏、代,秦昭王,伐、攻、卒、取,又案：《秦本紀》言“使甘茂、庶長封伐宜陽”，庶長封不見其他記載。《秦策二》第六章、《甘茂列傳》謂甘茂欲約魏共伐韓，武王令向壽輔行。《甘茂列傳》《韓策一》第十九章又記向壽守宜陽，將以伐韓，韓公仲使蘇代謂向壽曰：“禽困覆車，公破韓，辱公仲”，又雲：“今公取宜陽以為功”，則向壽嘗參與“破韓”、“取宜陽”之役，因而鎮守宜陽。可知《秦本紀》“庶長封”必為“庶長壽”之形誤。鮑彪注謂“宜陽蓋壽議攻，而甘茂攻之”，猶為未達一間。《秦策二》第八章“甘茂攻宜陽，三鼓之而卒不上，秦之右將有尉對曰”云云，鮑彪《注》：“尉，軍尉。”既稱“右將”，不應又稱“有尉”，“有尉”亦當為“向壽”之誤，形似而論。向壽為秦昭王母宣太后之外族，武王時已任職用事，官至庶長，昭王時向壽為相。
前308,308,周赧王七年（西元前三0八年）,6,史料,,,,向壽者，宣太后外族也，而與昭王 $ \underset{\cdot}{少} $相長， $ \underset{\cdot}{故} $任用。（《甘茂列傳》）
前308,308,周赧王七年（西元前三0八年）,7,考案,秦、楚、韓,秦昭王,立,案：《甘茂列傳》又載范娟謂楚王曰：“夫向壽之于秦王親也，少與之同衣，長與之同車，以聽事。”《楚策一》范環謂楚王，向壽又作公孫郝，《韓非子·內儲說下》又作“共立”，舊注雲“共立一作公子赫”，“共立”當為“赫”之字誤，蓋向壽、公孫赫皆與秦昭王“少相長”也。
前308,308,周赧王七年（西元前三0八年）,8,史料,秦、韓、魏、周、魯、中山,張儀,伐、攻、卒、取、拔、盟、殺,秦武王三年謂甘茂曰：“寡人欲容車通三川（《秦策二》第六章無“容”字。《新序·雜事二》第二章作“寡人欲容車至周室者”），以窺周室，而寡人死不朽矣。”甘茂曰：“請之魏，約以伐韓。”（《秦策》無“以”字）而令向壽輔行。甘茂至（《秦策》“至”下有“魏”字），謂向壽曰：“子歸言之于王曰（《秦策》“言之”作“告”)：“魏聽臣矣，然願王勿伐。”事成，盡以為子功。”向壽歸以告王，王迎甘茂於息壤。甘茂至，王問其故，對曰：“宜陽大縣也，上黨、南陽積之久矣，名為縣，其實郡也。今王倍數險，行千里而攻之，難（《秦策》“難”下有“矣”字）。昔曾參之處費，魯人有與曾參同姓名者殺人（《秦策》“魯”作“賈”，“姓名”作“名族”），人告其母曰曾子殺人（《秦策》作人告曾子之母，曾子之母曰：“吾子不殺人”），其母織自若（《秦策》無“其母”二字）。頃之一人又告之曰（《秦策》作“有頃人又曰”)：“曾參殺人”，其母尚織自若也。頃又一人告之曰：“曾參殺人”，其母投杼下機，逾牆而走（《秦策》作“其母懼，投杼逾牆而走”）。夫以曾參之賢而其母信之也，三人疑之，其母懼焉（《秦策》作“則慈母不能信也”）。今臣之賢不若曾參，王之信臣又不如曾參之母信曾參也，疑臣者非特三人（《秦策》“非特”作“不適”，“適”“啻”聲同通用），臣恐大王之投杼也（《秦策》“昔曾參”一節在下節之後）。始張儀西並巴蜀之地（《秦策》“始”作“臣聞”），北開西河之外（《秦策》“開”作“取”），南取上庸，天下不以多張儀而賢先王。魏文侯令樂羊將而攻中山，三年而拔之，樂羊返而論功（《秦策》“返”作“反”，“論”作“語”），魏文侯示之謗書一篋，樂羊再拜稽首曰：“此非臣之功也，主君之力也。”今臣，羈旅之臣也，樗裡子、公孫奭二人者挾韓而議之，王必聽之，是王欺魏而臣受公仲侈之怨也。”（《秦策》“魏”下有“王”字，“侈”作“朋”）王曰：“寡人不聽也，請與子盟。”卒使丞相甘茂伐宜陽（《秦策》作“於是與之盟於息壤，果攻宜陽”），五月而不拔（《秦策》“不”下有“能”字），樗裡子、公孫奭果爭之（《秦策》作“樗裡疾、公孫奭二人在，爭之王”）。武王召甘茂（《秦策》作“王將聽之，召甘茂而告之”），甘茂曰：“息壤在彼。”王曰：“有之。”因大悉起兵（《秦策》無“大”字），使甘茂擊之（《秦策》“使”上有“複”字），斬首六萬（《秦策》無此一句），遂拔宜陽。韓襄王使公仲侈入謝，與秦平。（《甘茂列傳》，《秦策二》第六章大體相同。《新序·雜事二》第二章同于《秦策二》）
前308,308,周赧王七年（西元前三0八年）,9,考案,秦、楚、韓、魏,,立,案：《甘茂列傳》公孫奭，《秦策二》誤作“公孫衍”。《大事記》謂公孫郝、公孫顯、公孫奭為一人，是也。奭、赫、郝、顯，皆聲近通用。公孫郝與樗裡子皆為秦公子，其外家為韓，因與韓親。《楚策三》雲：“今惠王死，武王立，儀走，公孫郝、甘茂貴，甘茂善魏，公孫郝善韓。”又《甘茂列傳》公仲侈、《集解》徐廣曰：“一作馮”。“侈”乃“儷”之訛，“馮”“儷”乃聲之轉。
前308,308,周赧王七年（西元前三0八年）,10,史料,秦、韓,,,樗裡子及公孫子皆秦諸公子也，其外家韓也。（《新序·雜事二》第二章）
前308,308,周赧王七年（西元前三0八年）,11,史料,秦、齊、韓、趙、魏,,攻、救、賂,甘茂為秦約魏以攻韓宜陽，又北之趙。冷向謂強國曰：“不如令趙拘甘茂勿出，以與齊、韓、秦市，齊王欲求救宜陽，必效縣狐氏；韓欲有宜陽，必以路涉端氏賂趙，秦王欲得宜陽，不愛名寶。且拘茂也，且以置公孫赫、樗裡疾。”(《趙策一》第十三章)
前308,308,周赧王七年（西元前三0八年）,12,考案,秦、韓、趙、魏,,攻,案：據此可知甘茂為秦約魏以攻韓之宜陽，又嘗北至趙。冷向欲強國令趙拘甘茂，此謀當未成。
前308,308,周赧王七年（西元前三0八年）,13,史料,秦、楚、韓,,拔,宜陽之役，馮章謂秦王曰：“不拔宜陽，韓、楚乘吾弊，國必危矣。不如許楚漢中以歡之，楚歡而不進，韓必孤，無奈秦何矣。”王曰：“善。”果使馮章許楚漢中而拔宜陽，楚王以其言責漢中于馮章，馮章謂秦王曰：“王遂亡臣。”因謂楚王曰：“寡人固無地而許楚王。”（《秦策二》第七章）
前308,308,周赧王七年（西元前三0八年）,14,考案,秦、楚、韓,,攻、取,案：據此秦攻取韓宜陽之前，秦嘗使使者偽許楚歸漢中。
前308,308,周赧王七年（西元前三0八年）,15,史料,秦、楚、韓,,,宜陽之役，楚畔秦而合于韓，秦王懼。甘茂曰：“楚雖合韓，不為韓氏先戰，韓亦恐戰而楚有變其後，韓、楚必相禦也。楚言與韓而不余怒于秦，臣是以知其禦也。”(《秦策二》第十章)
前308,308,周赧王七年（西元前三0八年）,16,考案,秦、楚、韓,,攻,案：據此可知秦攻宜陽時，楚嘗合于韓。
前308,308,周赧王七年（西元前三0八年）,17,史料,秦、楚、韓,,伐、拔,秦伐宜陽，楚王謂陳軫曰：“寡人聞韓侈（當作韓倗）巧士也，習諸侯事，殆能自免也。為其必免，吾欲先據之以加德焉。”陳軫對曰：“舍之，王勿據也。以韓侈（當作韓倗）之知，於此困矣。今山澤之獸 $ \underset{\cdot}{無} $黠於麋，麋知獵者張罔前而驅己也，因還走而冒人至數，獵者因其詐，偽舉罔而進之，麋因得矣。今諸侯明知此多詐，偽舉罔而進者必眾矣，舍之，王勿據也。韓侈（當作韓倗）之知，於此困矣。”楚王聽之，宜陽果拔。陳軫先知之也。（《楚策三》第九章）
前308,308,周赧王七年（西元前三0八年）,18,考案,秦、楚、韓,楚懷王,伐,案：據此可知，當秦伐韓宜陽時，楚懷王嘗欲援助韓相公仲，因謀士陳軫反對而舍之勿據。
前308,308,周赧王七年（西元前三0八年）,19,史料,秦、楚、韓、趙、周、吳,,攻、救、拔,秦攻宜陽，周君謂趙累曰：“子以為何如？”對曰：“宜陽必拔也。”君曰：“宜陽城方八裡，材士十萬，粟支數年，公仲之軍二十萬，景翠以楚之眾，臨山而救之，秦必無功。”對曰：“甘茂羈旅也，攻宜陽而有功，則周公旦也。無功則削跡于秦。秦王不聽群臣父兄之義而攻宜陽（鮑本“義”作“議”），宜陽不拔，秦王恥之，臣故曰拔。”君曰：“子為寡人謀，且奈何？”對曰：“君謂景翠曰：‘公爵為執圭，官為柱國，戰而勝則無加焉矣，不勝則死。不如胥秦拔宜陽（“胥”原作“背”，“拔”原作“援”，從吳師道、金正煒改正。胥，待也，言待秦既拔宜陽而後進兵）。公進兵，秦恐公之乘其弊也，必以寶事公。公仲慕公之為己乘秦也，亦必盡其寶。’”秦拔宜陽，景翠果進兵，秦懼，遽效煮棗，韓氏果亦效重寶。景翠得城于秦，受寶于韓，而德東周。（《東周策》第二章）
前308,308,周赧王七年（西元前三0八年）,20,考案,秦、齊、楚、韓、魏、宋,,攻、圍、救、拔,案：據此可知，當秦攻韓宜陽時，楚柱國景翠正率大軍前往救援。因估計秦攻宜陽勢在必拔，欲待秦、韓激戰，待秦拔宜陽之後再進兵，秦懼而以煮棗效楚。煮棗原為魏地，四年前曾為齊、宋合圍，秦出兵救之，大敗齊師於濮上，煮棗遂為秦所有。煮棗在今山東東明縣南，不與秦相接，此時因楚將景翠進兵而與楚。
前308,308,周赧王七年（西元前三0八年）,21,史料,秦、齊、楚、韓、趙、魏,,圍、拔,秦圍宜陽，遊騰謂公仲曰：“公何不與趙藺、離石、祁，以質許地，則樓緩必敗矣；收韓、趙之兵以臨魏，樓鼻必敗矣；韓、趙為一，魏必倍秦（“倍”通“背”），甘茂必敗矣；以成陽資翟強于齊，楚必敗之，須（“須”當讀為句，須，即須臾，少待之意），秦必敗。秦失魏，宜陽必不拔矣。”（《韓策一》第十五章）
前308,308,周赧王七年（西元前三0八年）,22,史料,秦、韓、周,,攻、救,宜陽之役，楊達謂公孫顯曰：“請為公以五萬攻西周。得之，是以九鼎抑甘茂也（“抑”原作“卬”，或作“市”，又作“印”，“印”“抑”古為一字）。秦攻西周，天下惡之，其救韓必疾，則茂事敗矣。”（《韓策一》第十四章）
前308,308,周赧王七年（西元前三0八年）,23,史料,秦、韓、吳,,伐、攻、卒、拔,甘茂攻宜陽，三鼓之而卒不上。秦之右將有尉（“有尉”當作“向壽”，形近而訛，見案語）對曰（即對甘茂言）：“公不論兵，必大困。”甘茂曰：“我羈旅而得相秦，我以宜陽餌王。今攻宜陽不拔，公孫衍、樗裡疾挫我于內（公孫衍當作公孫顯，顯一作郝，又作奭，但作“衍”乃音近而訛），而公中以韓窮我於外（“公中”讀作“公仲”），是無茂之日已（“茂”原作“伐”，吳師道雲：“一本作茂，蓋字訛”，今據改）。請明日鼓之而不可下，因以宜陽之郭為墓。”於是出私金以益公賞。明日鼓之，宜陽拔。（《秦策二》第八章）
前308,308,周赧王七年（西元前三0八年）,24,史料,秦、韓,,攻、拔,宜陽未得，秦死傷者眾，甘茂欲息兵。左成謂甘茂曰：“公內攻於樗裡疾、公孫衍（當作公孫顯），而外與韓侈為怨（當作“韓倗”，“倗”“侈”形近而誤），今公用兵無功，公必窮矣。公不如進兵攻宜陽，宜陽拔則公之功多矣，是樗裡疾、公孫衍無事也（“公孫衍”當作“公孫顯”），秦眾盡怨之深矣。”（《秦策二》第九章）
前308,308,周赧王七年（西元前三0八年）,25,考案,秦、韓、代,,伐、攻、拔,案：宜陽大縣，為韓之重鎮，勢在必守，因而甘茂伐宜陽五月而不拔，秦死傷者眾，甘茂欲息兵，但甘茂為相，以宜陽餌武王，而為樗裡疾、公孫顯所反對，因而欲罷不能，必決死戰，因而“以宜陽之郭為墓”，終於攻克，向壽於此役為右將而有大功。此後向壽即守宜陽，韓公仲使蘇代謂向壽曰：“禽困覆軍，公破韓”，即指此而言。《秦策二》第八章之“右將有尉”，“有尉”必是“向壽”之形訛，鮑彪釋“尉，軍尉”，不確。既是右將，不得又為尉。
前308,308,周赧王七年（西元前三0八年）,26,史料,楚、周,,伐、取,[周赧王]七年封公子惲為蜀侯，司馬錯率巴蜀眾十萬，大舶船（張本“船”作“舡”）米六百萬斛，浮江伐楚，取商於之地，為黔中郡。（《華陽國志》卷三《蜀志》）
前308,308,周赧王七年（西元前三0八年）,27,史料,楚,,取,司馬錯自巴涪水，取楚商於地，為黔中郡。（《華陽國志》卷一《巴志》）
前308,308,周赧王七年（西元前三0八年）,28,史料,秦、楚,,取,涪陵郡，巴之南鄙。從枳南入，折丹涪水（“折”，廖本作“析”，《太平寰宇記》引作“泝”，他本多作“折”），本與楚商於之地接。秦將司馬錯由之取楚商於地，為黔中郡。（《華陽國志》卷一《巴志》）
前308,308,周赧王七年（西元前三0八年）,29,史料,楚,,取、會,《華陽記》曰：枳縣在江州巴郡東四百里，治涪陵水會。……其水南導武陵郡。昔司馬錯拆舟此水，取楚黔中地。（《水經·江水注》）
前308,308,周赧王七年（西元前三0八年）,30,考案,秦、楚,,伐、攻、取,案：是年秦遣司馬錯率水師十萬，乘船由巴伐楚，從積南入，攻取楚商於之地，即楚黔中地，在今湖南省西部及貴州省東北部，積在今四川涪陵，涪陵水即今烏江。所謂“其水南導武陵郡”，指其水東南流向湖南省西部。任乃強《華陽國志校補圖注》謂：“商於地為楚鹽商行鹽所至之地，如鱉與且蘭、毋斂、平夷、朱提、楚道等民族部落之地”。皆為推測之辭，並無確據。鱉在今貴州遵義，且蘭在今貴州黃平附近，平夷在貴州西部畢節附近，朱提在今雲南昭通，僰道在今四川宜賓，皆非此時楚之勢力所能及。
前308,308,周赧王七年（西元前三0八年）,31,史料,楚、周,,立,周共太子死，有五庶子，皆愛之，而無適立也。司馬翦謂楚王曰：“何不封公子咎而為之請太子？”左成謂司馬翦曰：“周君不聽，是公之知困而交絕于周也。不如謂周君曰：‘孰欲立也？微告翦，翦令楚王資之以地。’公若欲為太子，因令人謂相國禦展子、廧夫空曰：‘王類欲令若為之。此健士也，居中，不便於相國。’”相國令之為太子。（《東周策》第二十四章，《周本紀》略同。）
前308,308,周赧王七年（西元前三0八年）,32,史料,楚、周,,立,西周武公之共太子死，有五庶子，毋適立。司馬翦謂楚王曰：“不如以地資公子咎，為請太子。”左成曰：“不可。周不聽，是公之知困而交疏于周也。不如請周君孰欲立（“請”當據《東周策》改作“謂”），以微告翦，翦令楚資之以地。”(“資”原誤作“賀”，從《東周策》改正)果立公子咎為太子。（《周本紀》列于周赧王八年前）
前308,308,周赧王七年（西元前三0八年）,33,考案,秦、楚、魏、周,張儀,救,案：《周本紀》列此事于週報王八年前。《周本紀》作“西周武公之共太子死”，而《索隱》雲：“按《戰國策》作東周武公。”是今本《戰國策》有脫文。《正義》謂司馬翦為楚臣。鮑彪雲：“司馬，楚卿，疑即昭翦。楚王，懷王也。”左成遊說于秦、楚兩國，與甘茂同時。《秦策一》第六章載“張儀欲秦兵以救魏，左成謂甘茂”云云，《秦策二》第九章載“宜陽未得，秦死傷者眾，甘茂欲息兵，左成謂甘茂”云云。于此左成又獻策于楚司馬翦。《周本紀》列在週報王八年前，當有依據。
前308,308,周赧王七年（西元前三0八年）,34,史料,秦,,立,[秦悼武王]立三年渭水赤三日。（《秦始皇本紀》引《秦記》）
前308,308,周赧王七年（西元前三0八年）,35,考案,秦,,,案：又見《水經·渭水注》。《漢書·五行志》列在秦武王二年，《洪範五行傳》亦作三年。
前308,308,周赧王七年（西元前三0八年）,36,史料,齊、楚、韓、周,,攻、救、取,東周與西周戰，韓救西周。為東周謂韓王曰：“西周，故天子之國也，多名器重寶。案兵而勿出，可以德東周，西周之寶，可盡矣。”（《東周策》第三章，《周本紀》系于王赧八年後）東周與西周爭，西周欲和于楚、韓。齊明謂東周君曰：“臣恐西周之與楚、韓寶，令之為己求地于東周也。不如謂楚、韓曰：‘西周之欲入寶，持兩端。今東周之兵不急西周，西周之寶不入楚、韓。’楚、韓欲得寶，即且趣我攻西周，西周寶出，是我為楚、韓取寶以德之也，西周弱矣。”（《東周策》第四章）
前308,308,周赧王七年（西元前三0八年）,37,史料,周,,,東周欲為稻，西周不下水，東周患之。蘇子謂東周君曰：“臣請使西周下水，可乎？”乃往見西周之君，曰：“君之謀過矣！今不下水，所以富東周也。今其民皆種麥，無他種矣。君若欲害之，不若一為下水，以病其所種。下水，東周必復種稻，種稻而複奪之，若是則東周之民，可令一仰西周，而受命於君矣。”西周君曰：“善。”遂下水。蘇子亦得兩國之金也。（《東周策》第五章）
前308,308,周赧王七年（西元前三0八年）,38,史料,楚、周,,殺,昭翦與東周惡，或謂昭翦曰：“為公畫陰計。”昭翦曰：“何也？”“西周甚憎東周，嘗欲東周與楚惡，西周必令賊賊公，因宣言東周也。以西周之于王也善。”（“善”字原在下文“昭翦曰”下，今從金正煒移至“昭翦曰”之上）昭翦曰：“吾又恐東周之賊己而以誣西周惡之于楚（“誣”原作“輕”，從王引之改正。王引之曰：“輕當為誣，謂恐東周殺翦，而因以殺翦之事誣西周，惡之于楚也）。”遽和東周。（《東周策》第二十七章）
前308,308,周赧王七年（西元前三0八年）,39,史料,周,,立、殺,宮他亡西周之東周(“宮”原誤作“昌”，從鮑彪改正，下同)，盡輸西周之情于東周。東周大喜，西周大怒。馮旦曰：“臣能殺之。”君予金三十斤，馮旦使人操金與書間遺宮他，書：“告宮他，事可成，勉成之，不可成，亟亡來，事久且泄，自令身死。”因使人告東周之侯曰：“今夕有奸人，當入者矣。”侯得而獻東周，東周立殺宮他。（《東周策》第二十六章）
前308,308,周赧王七年（西元前三0八年）,40,史料,齊、周、越,,立、取,司寇布為周取謂周君曰：“君使人告齊王以周取不肯為太子也，臣為君不取也。函冶氏為齊太公買良劍，公不知善，歸其劍而責之金。越人請買之千金，折而不賣。將死而屬其子曰：‘必無獨知。’今君之使取為太子，獨知之契也，天下未有信之者也。臣恐齊王之為君實立果，而讓之於取，以嫁之齊也。君為多巧，取為多詐，君何不買信貸哉？奉養無有愛於取也，使天下見之。”(《西周策》第九章)
前308,308,周赧王七年（西元前三0八年）,41,史料,齊、周,,取、賂,謂齊王曰：“王何不以地齎周取以為太子也？”齊王令司馬悍以賂進周取于周，左尚謂司馬悍曰：“周不聽，是公之知因而交絕于周也。公不如謂周君曰：‘何欲置？’令人微告悍。悍請令王進之以地。”左尚以此得事。（《西周策》第十五章）
前308,308,周赧王七年（西元前三0八年）,42,史料,秦、韓,秦惠王,立,甘茂相秦惠王(“惠”當作“武”，《秦策二》第十三章無“惠王”二字)，惠王愛公孫衍(“惠”當作“秦”，《秦策》作“秦”。“衍”當作“顯”)。與之間有言(《秦策》“言”誤作“立”)，曰(《秦策》“曰”上有“因自謂之”)：“寡人將相之。”甘茂之吏道穴聞之(《秦策》“穴”誤作“而”)，以告甘茂。甘茂入見王曰：“王得賢相，臣敢再拜賀。”王曰：“寡人托國于子，安更得賢相？”對曰：“將相犀首。”王曰：“子安聞之？”對曰：“犀首告臣。”王怒犀首之泄，乃逐之。(《韓非子·外儲說右上》，《秦策二》第十三章同)
前308,308,周赧王七年（西元前三0八年）,43,考案,秦、魏、周,,,案：此章之“公孫衍”（即犀首）乃出於“公孫顯”之誤傳。公孫顯為秦之公子，因而為秦王所愛。公孫衍此時正為魏將，所謂“逐之”，不可信。# 卷十二 周赧王八年（西元前三〇七年）至 十三年（西元前三〇二年）
前307,307,周赧王八年（西元前三0七年）,1,史料,秦、齊、楚、燕、韓、趙、魏,齊宣王、燕昭王、趙武靈王、楚懷王,,秦武王四年，魏襄王十二年，韓襄王五年，趙武靈王十九年，齊宣王十三年，楚懷王二十二年，燕昭王五年。
前307,307,周赧王八年（西元前三0七年）,2,史料,秦、楚、燕、魏,,立、取、拔,[秦武王]四年拔宜陽，斬首六萬。涉河，城武遂。魏太子來朝。武王有力，好戲，力士任鄙、烏獲、孟說皆至大官。王與孟說舉鼎，絕臏。八月武王死，族孟說。武王取魏女為後，無子。立異母弟，是為昭襄王。昭襄王母楚人，姓羋氏，號宣太后。武王死時，昭襄王為質于燕，燕人送歸，得立。（《秦本紀》，《六國表》亦作“拔宜陽城，斬首六萬，涉河，城武遂”）
前307,307,周赧王八年（西元前三0七年）,3,史料,秦、韓,,拔,[韓襄王]五年秦拔我宜陽，斬首六萬。（《韓世家》，《六國表》同）
前307,307,周赧王八年（西元前三0七年）,4,考案,秦、齊、楚、韓、魏,楚懷王,攻、合縱、拔,案：是年秦拔韓宜陽，並北上渡河占武遂築城，次年秦又歸武遂于韓，此乃當時震動各國之大事。武遂在今山西垣曲縣東南，黃河以北，正當宜陽以北，為韓重要之關塞，並有重要之通道，南下渡河可通大縣宜陽，北上可直達韓之舊都平陽（今山西臨汾市西南）。“隧”常用以指山嶺、河流上以及地面下穿鑿之通道，武遂即利用黃河與山嶺穿鑿而成，用以貫通韓南北之通道。《秦本紀》與《六國表》皆謂秦拔韓宜陽之後，即渡河佔有武遂而築城防守，絕斷韓貫通南北之通道，以此作為威脅要脅韓國屈服之手段。《楚世家》載是時楚臣昭雎見楚懷王曰：“秦破韓宜陽，而韓猶複事秦者，以先王墓在平陽，而秦之武遂去之七十裡，以故尤畏秦。”又曰：“韓已得武遂于秦，以河山為塞，所報德莫如楚厚，臣以為其事王必疾。”武遂為利用河山之天險穿鑿而成之通道，故昭雎謂韓得歸武遂，“以河山為塞。”由武遂北上可直達平陽，其實不止七十裡，共有二百里，《韓世家》、《六國表》皆謂韓釐王六年與秦武遂地二百里，即指此而言。《楚世家·正義》謂武遂近平陽，不確。《讀史方輿紀要》謂武遂在平陽西七十裡，非是。《韓世家·正義》又謂武遂為宜陽近地，亦無當。由武遂渡河南下至宜陽，亦有百里之遙。秦嘗兩次佔有武遂而複歸武遂，以此為要脅韓屈從之手段。韓襄王十六年孟嘗君合縱，齊合韓、魏之師攻秦入函谷關，迫使秦求和，秦即以河外及武遂歸還韓，又以河外及封陵歸還魏，蓋武遂與封陵為韓、魏防守之要地。
前307,307,周赧王八年（西元前三0七年）,5,史料,秦、楚、周,,卒、立,[秦]武王竟至周而卒于周，其弟立為昭王，王母宣太后楚女也。（《甘茂列傳》）
前307,307,周赧王八年（西元前三0七年）,6,史料,秦,,,[秦]悼武王享國四年，葬永陵。（《秦始皇本紀》引《秦記》）
前307,307,周赧王八年（西元前三0七年）,7,史料,秦、燕、趙、代,趙武靈王,立,[趙武靈王]十八年(當作十九年)秦武王與孟說舉龍文赤鼎，絕臏而死。趙王使代相趙固迎公子稷于燕，送歸，立為秦王，是為昭王。（《趙世家》）
前307,307,周赧王八年（西元前三0七年）,8,史料,秦,,立,昭襄王生十九年而立。（《秦始皇本紀》引《秦記》）
前307,307,周赧王八年（西元前三0七年）,9,史料,趙,,,按：《趙世家》昭王名稷，《世本》雲名側也。（《甘茂列傳·索隱》）
前307,307,周赧王八年（西元前三0七年）,10,考案,秦、齊、燕、趙、周、代,趙武靈王,,案：《秦本紀》謂“昭襄王為質于燕，燕人送歸”，據《趙世家》，乃趙武靈王使代相趙固迎于燕而送歸。《秦本紀·索隱》亦雲：“昭王名則，一名稷。”蓋“側”、“稷”音轉通用，猶如齊都臨淄之稷門又稱側門。秦武公（當作“秦武王”）好多力之士，烏獲之徒皆歸焉。秦王于洛陽舉周鼎，烏獲兩目出血。六國時人也。（《孟子·告子下·正義》引《帝王世紀》）
前307,307,周赧王八年（西元前三0七年）,11,史料,秦、齊,,拔,秦武王好多力之人，齊孟賁之徒並歸焉。孟賁生拔牛角，是謂之勇士也。（《孟子·公孫醜上·正義》引《帝王世紀》）
前307,307,周赧王八年（西元前三0七年）,12,史料,秦、齊,,拔,秦武，六國時秦武王也，而王壯力多，好有力之人，時齊人孟賁及任鄙、焉獲（當即“烏獲”）之徒皆歸焉，秦王與之舉鼎，兩目出[血]，絕臏而死。孟賁能生拔牛角。（《琱玉集》卷十二引《帝王世紀》）
前307,307,周赧王八年（西元前三0七年）,13,史料,秦,,,[悼武王]葬畢，今安陵西畢陌。（《秦始皇本紀·集解》引皇甫謐雲）
前307,307,周赧王八年（西元前三0七年）,14,考案,秦、齊、韓、趙、晉、周、衛,張儀、秦惠王,伐、攻、卒、滅、拔,案：《秦本紀》謂“武王有力，好戲”，“戲”指角力。《國語·晉語九》記趙簡子戎右少室周與牛談角力，稱為“戲”。韋昭注：“戲，角力也。”《秦本紀》、《趙世家》皆謂武王與孟說舉鼎絕臏而死，即是與孟說比武舉鼎，絕臏而死。《甘茂列傳》謂武王至周而卒于周，則《帝王世紀》謂武王至洛陽舉周鼎，因兩目出血、絕臏而死，其說可信。《秦策一》載司馬錯與張儀爭論于秦惠王前，張儀主伐韓，以為下兵三川，以臨周，九鼎寶器必出。“據九鼎，按圖籍，挾天子以令天下，此王業也。”《秦策二》載秦武王謂甘茂曰：“寡人欲容車通三川，以窺周室，而寡人死不朽矣。”甘茂因而伐韓攻拔宜陽，樗裡疾又以車百乘入周訪問。《資治通鑒》記周赧王八年“八月王與孟說舉鼎，絕脈而死”，胡三省注：“按《史記·甘茂列傳》雲：武王至周而卒于周，蓋舉鼎者，舉九鼎也。”據《趙世家》，武王所舉者為龍紋赤鼎，武王因與孟說比武舉鼎而死，孟說因而滅族。《帝王世紀》謂“孟貴能生拔牛角”，“孟貴”乃“孟說”之誤。孟說為力士，齊人；孟貴為勇士，衛人。範雎雲：“烏獲、任鄙之力焉而死，成荊、孟貴、王慶、夏育之勇焉而死。”見《範雎列傳》。
前307,307,周赧王八年（西元前三0七年）,15,考案,秦、魏、晉、周、代,,,又案：秦惠文王之公陵與秦武王之永陵，在今陝西咸陽市以北周陵中學北邊，魏晉以來，誤以為周文王、周武王之陵。《秦本紀·集解》引《皇覽》雲：“秦武王家在扶風安陵縣西北畢陌中大家是也。一以為周文王家，非也。”《秦始皇本紀·正義》引《括地志》雲：“秦武悼王陵在雍州咸陽西北十五裡，俗名周武王陵，非也。”顧炎武《日知錄》卷二十二：“歷代帝王陵寢”條，對此有進一步之辨明。蓋渭水流域有兩處名畢或畢原，一在渭水以南西周國都鎬東南柱中，即《元和郡縣圖志》萬年縣西南二十八裡之畢原。另一在渭水以北秦都咸陽西北，即《元和郡縣圖志》咸陽之畢原，亦稱畢陌。魏晉以來誤以咸陽之畢原為鎬京之畢原，因而誤以秦惠文王陵與秦武王陵為周文王陵、周武王陵。原來周文王、武王之塚尚無丘陵之制，而秦惠文王陵、秦武王陵已有高三丈以上之丘陵。“陵”之名稱亦由丘陵而來。
前307,307,周赧王八年（西元前三0七年）,16,史料,秦、齊、楚、韓、周、衛、蔡,智伯,伐、攻、卒、拔,秦令樗裡疾以車百乘入周(《樗裡子列傳》作“秦使甘茂攻韓，拔宜陽，使樗裡子以車百乘入周”)，周君迎之以卒(《傳》作“周以卒迎之”)，甚敬(《傳》作“意甚敬”)。楚王怒，讓周，以其重秦客。游騰謂楚王曰(《傳》“謂”作“為周說”，《太平御覽》四百六十引此作“為周君謂楚王”)：“昔智伯欲伐公由(《傳》“欲”作“之”，“公由”作“仇猶”)，遺之大鐘，載以廣車(《傳》無“大鐘載以”四字)，因隨入以兵(《傳》“入”作“之”)，公由卒亡(《傳》“卒”作“遂”)，無備故也。桓公伐蔡也(《傳》“桓公”上有“齊”字)，號言伐楚(《傳》作“號曰誅楚”)，今秦者虎狼之國也，兼有吞周之意(《傳》無此句)，使樗裡疾以車百乘入周，周君懼焉，以蔡、公由戒之(《傳》作“周以仇猶、蔡觀焉”)，故使長兵在前(《傳》“兵”作“戟”)，強弩在後，名曰衛疾，而實囚之也。周君豈能無愛國哉(《傳》無此句)？恐一日之亡國而憂大王。”(《傳》“日”作“旦”，“而”作“以”)楚王乃悅。（《西周策》第三章，《樗裡子列傳》同）
前307,307,周赧王八年（西元前三0七年）,17,史料,秦、齊、楚、韓、趙、魏、晉、周、越、吳、宋,張儀、句踐、智伯,伐、圍、卒、取、會,謂秦王曰：“臣竊惑王之輕齊易楚而卑畜韓也。臣聞：王，兵勝而不驕；伯，主約而不忿。勝而不驕，故能服世；約而不忿，故能從鄰。今王廣德魏、趙而輕失齊，驕也。戰勝宜陽，不恤楚交，忿也。驕忿非伯主之業也。臣竊為大王慮之而不取也。《詩》雲：‘靡不有初，鮮克有終’，故先王之所重者，惟始與終。何以知其然？昔智伯瑤殘范、中行，圍逼晉陽，卒為三家笑。吳王夫差棲越於會稽，勝齊于艾陵，為黃池之遇，無禮于宋，遂與句踐禽死於幹隧。梁君伐楚勝齊，制趙、韓之兵，驅十二諸侯以朝天子于孟津，後子死，身布冠而拘于秦（當作徐）。三者，非無功也，能始而不能終也。今王破宜陽，殘三川，而使天下之士不敢言；雍天下之國（“雍”通“壅”），徙兩周之疆，而世主不敢交；陽侯之塞（金正煒雲：“當作塞陽侯”，陽侯隘道，塞，斷絕也。《司馬錯與張儀章》，“塞犰轅緱氏之口，與此義並同也”），取黃棘，而韓、楚之兵不敢進。王若能為此尾，則三王不足四，五伯不足六。王若不能為此尾而後患，則臣恐諸侯之君，河、濟之士，以王為吳、智之事也。《詩》雲（金正煒雲“詩疑當作語”）：“行百里者，半於九十。”此言末路之難。今大王皆有驕色，以臣之心觀之，天下之事，依世主之心，非楚受兵，必秦也。何以知其然也？秦人援魏以拒楚，楚人援韓以拒秦，四國之兵敵而未能複戰也。齊、宋在繩墨之外以為權，故曰：先得齊、宋者伐（“伐”下原衍“秦”字，今從金正煒刪。伐，功也。此言先得齊、宋即有功也）。秦先得齊、宋則韓氏鑠，韓氏鑠則楚孤而受兵也。楚先得齊，則魏氏鑠，魏氏鑠則秦孤而受兵矣。若隨此計而行之，則兩國者必為天下笑矣。”（《秦策五》第一章）
前307,307,周赧王八年（西元前三0七年）,18,考案,秦、齊、楚、韓、趙、魏、周,秦昭王、楚懷王,伐、攻、取、盟,案：秦王，高誘注：“秦始皇也”，非是。顧觀光以此附于周赧王八年，是也。或謂秦王曰：“今王廣德魏、趙而輕失齊，驕也。戰勝宜陽，不恤楚交，忿也。”又曰：“今王破宜陽，殘三川，而使天下之士不敢言；雍（通“壅”）天下之國，徙兩周之疆，而世主不敢交；塞陽侯，取黃棘，而韓、楚之兵不敢進。”正秦武王時事。所謂“徙兩周之疆”，即《東周策》第七章所謂“秦假道于周以伐韓”。所謂“塞陽侯，取黃棘”，蓋秦在“破宜陽，殘三川”之後，又攻取韓、楚之間南陽，黃棘即在南陽。《楚世家》載懷王二十五年“懷王入與秦昭王盟，約于黃棘”，《秦本紀》同，《正義》謂黃棘“蓋在房、襄二州”。胡三省《通鑒注》雲：“《班志》南陽郡有棘陽縣，應劭曰：縣在棘水之陽。”棘陽在今新野縣東北七十裡。黃棘是時已為秦所攻取，成為秦地，故楚懷王入秦，于此與秦昭王結盟約。
前307,307,周赧王八年（西元前三0七年）,19,史料,秦、楚、韓、周,,伐,秦假道于周以伐韓（《周本紀》作“秦借道兩周之間將以伐韓”），周恐假之，而惡于韓（《周本紀》“假”作“借”，“惡”作“畏”下同），不假而惡于秦。史黶謂周君曰（《周本紀》“黶”作“厭”)：“君何不令人謂韓公叔曰（《周本紀》無“君”“韓”二字）：秦敢絕塞而伐韓者（《周本紀》“塞”作“周”），信東周也。公何不與周地，發重使使之楚（《周本紀》“重”作“質”，不重“使”字），秦必疑（《周本紀》“疑”下有“楚”字），不信周，是韓不伐也。’又謂秦王曰（《周本紀》無“王”字）：韓強與周地，將以疑周于秦，寡人不敢不受。（《周本紀》“寡人”作“周”)秦必無辭而令周弗受，是得地于韓而聽于秦也。”（《東周策》第七章，《周本紀》系于赧王八年下，“得”作“受”）
前307,307,周赧王八年（西元前三0七年）,20,史料,秦、楚、周、代,,伐、攻、救、取,[周赧王]八年秦攻宜陽，楚救之，而楚以周為秦故，將伐之。蘇代為周說楚王曰：“何以周為秦之禍也？……言周之為秦甚于楚者，欲令周入秦也，故謂周秦也。周知其不可解，必入于秦，此為秦取周之精者也。為王計者，周于秦，因善之，不于秦亦言善之，以疏之于秦，周絕于秦，必入於郢矣。”（《周本紀》）
前307,307,周赧王八年（西元前三0七年）,21,史料,秦、韓、魏、周,,攻,秦召西周君，西周君惡往（《西周策》作“難惡”），故令人謂韓王曰（《策》作“或為周君謂魏王曰》：“秦召西周君，將以使攻王之南陽也（《策》作“將以使攻魏之南陽”），王何不出兵於南陽（《策》作“王何不出兵于河南”）？周君將以為辭于秦（《策》作“周君聞之將以為辭于秦而不往”），周君不入秦，秦必不敢逾河而攻南陽矣。”（《周本紀》系于周赧王八年後）
前307,307,周赧王八年（西元前三0七年）,22,考案,秦、韓、魏、周,,伐、攻、即位、取,案：梁玉繩《史記志疑》雲：“《策》所言河南是也，《史》言南陽，非。《史》所雲韓王是也，《策》言魏王非，西周與韓近也。”秦自攻取韓之宜陽之後，即進而謀攻取韓之南陽。《東周策》、《周本紀》記是時“秦假道于周以伐韓”，即為攻取韓之南陽。是時秦伐韓，取宜陽，殘三川，並南取南陽，無非為“車通三川，窺周室”，欲挾天子以令天下，成王業。《韓非子·定法》雲：“惠王死，武王即位，甘茂以秦殉周。”其實並非“以秦殉周”，欲以秦殉周耳。秦武王在打通三川之後，即親往周都洛陽，與力士在此比武而舉鼎，所舉者未必真是九鼎。但在其心目中，周鼎為傳國之神器，為天下最高權力所憑依，必欲親往舉之而後甘心。
前307,307,周赧王八年（西元前三0七年）,23,史料,秦、楚、韓、魏,秦昭王、楚懷王,伐、圍、救、立,楚懷王怨前秦敗楚于丹陽而韓不救，乃以兵圍韓雍氏。韓使公仲侈告急于秦。秦昭王新立，太后楚人，不肯救。公仲因甘茂，茂為韓言于秦昭王曰：“公仲方有得秦救，故敢扞楚也。今雍氏圍，秦師不下殽，公仲且仰首而不朝，公叔且以國南合于楚。楚、韓為一，魏氏不敢不應，然則伐秦之形成矣。不識坐而待伐孰與伐人之利？”王曰：“善。”乃下師於殽以救韓。楚兵去。（《甘茂列傳》）
前307,307,周赧王八年（西元前三0七年）,24,史料,秦、楚、韓、周,,攻,楚攻雍氏，周粃秦、韓，楚王怒周，周之君患之。為周謂楚王曰：“以王之強而怒周，周恐，必以國合於所與粟之國，則是勁王之敵也，故王不如速解周恐。彼前得罪而後得解，必厚事王矣。”（《東周策》第八章）
前307,307,周赧王八年（西元前三0七年）,25,史料,秦、楚、韓、周、代,,圍、卒、拔,雍氏之役，韓征甲與粟于周，周君患之，告蘇代。蘇代曰：“何患焉？代能為君令韓不征甲與粟于周，又能為君得高都。”周君大悅，曰：“子苟能，寡人請以國聽。”蘇代遂往見韓相國公仲曰：“公不聞楚計乎？昭應謂楚王曰：‘韓氏罷於兵，倉廩空，無以守城，吾收之以饑，不過一月必拔之。’今圍雍氏五月不能拔，是楚病也。楚王始不信昭應之計矣，今公乃征甲及粟于周，此告楚病也。昭應聞此，必勸楚王益兵守雍氏，雍氏必拔。”公仲曰：“善。然吾使者已行矣。”代曰：“公何不以高都與周？”公仲怒曰：“吾無征甲與粟于周，亦已多矣，何為與高都？”代曰：“與之高都，則周必折而入于韓。秦聞之，必大怒，而焚周之節，不通其使，是公以弊高都得完周也，何不與也？”公仲曰：“善。”不征甲與粟于周，而與高都，楚卒不拔雍氏而去。（《西周策》第四章，《周本紀》系于周赧王八年，作“韓征甲與粟于東周，東周君恐”，文較《西周策》為略）
前307,307,周赧王八年（西元前三0七年）,26,史料,秦、楚、韓、魏,,伐、圍、救,楚圍雍氏五月，韓令使者求救于秦，冠蓋相望也；秦師不下。韓又令尚靳使秦，謂秦王曰：“韓之于秦也，居為隱蔽，出為雁行，今韓已病矣，秦師不下殽，臣聞之，唇揭者其齒寒，願大王之熟計之。”宣太后曰：“使者來者眾矣！獨尚子之言是。”召尚子入，宣太后謂尚子曰：“妾事先王也，先王以其髀加妾之身，妾困不支也（“支”原作“疲”，從姚引錢劉本及鮑本改正）。盡置其身妾之上，而妾弗重也。何也？以其少有利焉。今佐韓，兵不眾，糧不多，則不足以救韓。夫救韓之危，日費千金，獨不可使妾少有利焉。”尚靳歸書報韓王，韓王遣張翠，張翠稱病，日行一縣。張翠至，甘茂曰：“韓急矣，先生病而來。”張翠曰：“韓未急也，且急矣。”甘茂曰：“秦重國知王也，韓之急緩莫不知，今先生言不急，可乎？”張翠曰：“韓急則折而入于楚矣，臣安敢來？”甘茂曰：“先生毋複言也。”甘茂入，言秦王曰：“公仲柄，得秦師，故敢捍楚。今雍氏圍而秦師不下殽，是無韓也。公仲且抑首而不朝，公叔且以國南合于楚，楚、韓為一，魏氏不敢不聽，是楚以三國謀秦也。如此則伐秦之形成矣。不識坐而待伐，孰與伐人之利？”秦王曰：“善。”果下師於殽以救韓。（《韓策二》第一章）
前307,307,周赧王八年（西元前三0七年）,27,考案,秦、楚、韓,秦昭王、楚懷王,圍、救、立、拔,案：《甘茂列傳》謂“楚懷王怨前秦敗楚丹陽而韓不救，乃以兵圍韓雍氏”，其實，秦合韓兵大敗楚師於丹陽。此時楚乘秦昭王新立，宣太后掌權之時機，對韓報復，再次圍韓雍氏，五月不能拔，仍因秦師下般救韓而退兵。
前307,307,周赧王八年（西元前三0七年）,28,史料,秦、楚、魏、衛,秦昭王,卒、立、即位、滅,魏冉者，秦昭王母宣太后弟也。其先楚人，姓羋氏。秦武王卒，無子，立其弟為昭王。昭王母故號羋八子。及昭王即位，羋八子號為宣太后。宣太后非武王母，武王母號曰惠文後，先武王死。宣太后二弟，其異父長弟曰穰侯，姓魏氏，名冉，同父弟曰羋戎，為華陽君；而昭王同母弟曰高陵君、涇陽君。而魏冉最賢，自惠王武王時，任職用事。武王卒，諸弟爭立，唯魏冉力為能立昭王。昭王即位，以冉為將軍，衛咸陽。誅季君之亂，而逐武王后出之魏，昭王諸兄弟不善者皆滅之，威振秦國。昭王少，宣太后自治，任魏冉為政。（《穰侯列傳》）
前307,307,周赧王八年（西元前三0七年）,29,考案,秦、楚、魏、衛,秦惠王,卒、立、滅、殺,案：秦武王卒，無子，因而王室爆發爭奪君位之內亂，先後持續三年之久。是時武王母惠文後，即惠王后，與武王后支持公子壯立為君，即所謂“季君”。而昭王（即公子稷）母羋八子（即宣太后）支持昭王立為君，同時有兩君並立。《秦本紀》言昭王二年“庶長壯與大臣、諸公子為逆，皆誅，及惠文後皆不得良死。悼武王后出歸魏”。《六國表》作“季君為亂，誅”。《穰侯列傳·索隱》引《紀年》雲：“秦內亂，殺其太后及公子雍、公子壯。”《索隱》又雲：“季君即公子壯，僭立而號為季君。穰侯力能立昭王，為將軍，衛咸陽，誅季君及惠文後，故《本紀》言伏誅。又雲：及惠文後皆不得良死，蓋謂惠文後時党公子壯，欲立之。及壯誅而太后憂死，故雲不得良死，亦史諱之也。又逐武王后出之魏，亦事勢然也。”據此可知《穰侯列傳》言惠文後“先武王死”，亦是諱言。《秦本紀·集解》引徐廣，以惠文後即“迎婦于楚者”，非是。《六國表》記秦惠王四年“魏夫人來”，當即惠文後。《秦始皇本紀》引《秦記》曰：“武王生十九年而立”，知武王乃秦惠王九年惠文後所生。《紀年》雲：“殺其太后”，即指惠文後，是惠文後與公子雍、公子壯同時被殺，並非“憂死”。《秦本紀》言“及惠文後皆不得良死”，蓋秦史諱之。《秦本紀》稱公子壯為庶長壯，蓋壯時為庶長。秦之庶長常統軍作戰，故壯能與昭王爭立。《秦本紀》稱“庶長壯與大臣、諸公子為逆”，《穰侯列傳》又謂“昭王諸兄弟不善者皆滅之”。蓋昭王之異母諸兄弟多支持庶長壯為君，因而“皆滅之”。
前307,307,周赧王八年（西元前三0七年）,30,史料,秦、楚、周,,伐,獻則謂公孫消曰：“公，大臣之尊者也，數伐有功，所以不為相者，太后不善公也。羋戎者（“羋”原誤作“辛”，從鮑本改正），太后之親也，今亡于楚，在東周。公何不以秦、楚之重，資而相之于周乎？楚必便之矣。是羋戎有秦、楚之重，太后必悅公，公相必矣。”（《秦策五》第三章）
前307,307,周赧王八年（西元前三0七年）,31,考案,秦、楚、周,秦昭王,立,案：高誘注雲：“太后，楚女，孝文皇后，莊襄王母也，號華陽夫人者也。羋戎楚人，自楚亡在東周。”鮑彪注：“戎時未入秦，知昭王初也。”蓋當秦昭王初立時。
前307,307,周赧王八年（西元前三0七年）,32,史料,秦、齊、楚、韓、趙、代,,,公仲數不信于諸侯，諸侯錮之。南委國于楚，楚王弗聽。蘇代為楚王曰（姚注：“劉為下添謂字。”鮑本“為”作“謂”。按“為”猶“謂”也）：“不若聽而備其反也。朋之反也（“朋”原誤作“明”，今從鮑本），常仗趙而畔楚，仗齊而畔秦。今四國錮之，而無所入矣，亦甚患之，此方其為尾生之時也。”（《韓策一》第二十五章）
前307,307,周赧王八年（西元前三0七年）,33,考案,秦、齊、楚、韓、趙、周,,攻、連橫、拔,案：顧觀光系此于周赧王九年。當在周赧王七至九年間，公仲朋原為韓相而親秦者。秦惠文王時，韓嘗與秦連橫，大敗楚、齊之師，故此雲：“公仲數不信于諸侯”。及秦武王時，秦下兵三川而攻拔韓之大縣宜陽，因而造成趙、楚、齊、秦“四國錮之，而無所入矣”，因而謂公仲朋當如尾生為守信而死。
前307,307,周赧王八年（西元前三0七年）,34,史料,秦、齊、楚、韓、趙、魏,,攻、救、立、取,或謂公仲曰：“聽者聽國，非必聽，貴也（“貴”原作“實”，今從金正煒改正）。故先王聽諺言於市，願公之聽臣言也。公求中立于秦而弗能得也，善公孫郝以難甘茂，勸齊兵以止魏（“止”上原有“勸”字，金正煒雲：“涉上而衍”，今刪去），楚、趙皆公之仇也，臣恐國之以此為患也，願公之複求中立于秦也。”公仲曰：“奈何？”對曰：“秦王以公孫郝為黨於公而弗之聽，甘茂不善於公而弗為公言，公何不因行願以與秦王語？行願之為秦王臣也公。臣請為公謂秦王曰：‘齊、魏合與離，于秦孰利？齊、魏別與合，于秦孰強？’秦王必曰：‘齊、魏離則秦重，合則秦輕，齊、魏別則秦強，合則秦弱。’臣即曰：‘今王聽公孫郝，以韓、秦之兵應齊而攻魏，魏不敢戰，歸地而合于齊，是秦輕也。臣以公孫郝為不忠。今王聽甘茂，以韓、秦之兵據魏而攻齊，齊不敢戰，不求割地而合于魏，是秦輕也。臣以甘茂為不忠。故王不如令韓中立，以攻齊、魏（“齊魏”原作“齊齊”，金正煒雲：“當作齊、魏，謂使齊、魏相攻。”今據以改正）。王言救魏以勁之。齊、魏不能相聽，久離兵事（“事”原作“史”，今從金正煒改正。“離”讀作“罹”，遭受也），王欲則信公孫郝于齊，為韓取南陽，易穀川而歸，此惠王之願也。王欲則信甘茂于魏，以韓、魏之兵，據魏以郤齊（姚注：“郤一作郤”，閔本作“卻”，古通用，退也），此武王之願也。臣以為令韓中立以勁齊，最秦之大急也。公孫郝党于齊而不肯言，甘茂薄而不敢謁也。此二人，王之大患也。願王之熟計之也。”(《韓策一》第二十章)
前307,307,周赧王八年（西元前三0七年）,35,考案,秦、齊、韓、魏、周,秦昭王,攻、救、立、拔、奔,案：顧觀光附此于周赧王九年，即秦昭王元年，當為秦昭王初立而甘茂出奔齊以前事。韓公仲以宜陽被拔而與甘茂不善，說者因勸行願以與秦王語。時齊、魏將相攻，說者勸中立而言救魏，以勁之。
前307,307,周赧王八年（西元前三0七年）,36,史料,秦、魏,,伐、拔,[魏哀王](當作“襄王”)十二年太子朝于秦，秦來伐我皮氏，未拔而解。(《魏世家》，《六國表》作“太子往朝秦”。《六國表》“秦擊皮氏，未拔而解”，系于魏哀王十三年)
前307,307,周赧王八年（西元前三0七年）,37,史料,秦、魏,,伐、圍、救,魏襄王十二年秦公孫爰(“爰”當作“疾”)率師伐我，圍皮氏。翟章率師救皮氏圍，疾西風(“風”當為“去”字之誤)。(《水經·汾水注》引《紀年》
前307,307,周赧王八年（西元前三0七年）,38,考案,秦、魏,秦惠王、秦昭王,伐、攻、拔,案：秦伐魏皮氏，《魏世家》與《竹書紀年》均記在魏襄王十二年，即秦武王四年，而《六國表》記在魏襄王十三年，即秦昭王元年，則遲一年。《樗裡子列傳》亦雲：“昭王元年……還擊皮氏，皮氏未降，又去。”惟湖北雲夢睡虎地出土秦簡《編年記》又雲：“[昭王]二年攻皮氏”，又遲一年。蓋皮氏之役起于武王四年底，而結束于昭王二年初。朱右曾釋《紀年》雲：“疾蓋人名，西風地名。”陳逢衡以為公孫爰即樗裡疾。陳夢家《六國紀年考證》又謂：“《紀年》或稱之褚裡疾，或稱之公孫爰，爰假作緩疾之緩，與疾名字相應。”此說尚無確據。梁玉繩《史記志疑》于《秦本紀》惠文君十一年論及此事雲：“公孫爰疑即樗裡子，樗裡為秦惠王弟，稱公孫，疾訛爰。”此說是也。考是時秦攻皮氏之主將確為樗裡疾，既見於《樗裡子列傳》，又見於《魏策二》第十五章與《魏策三》第十一章。《樗裡子列傳》稱樗裡子“解蒲而去，還擊皮氏，皮氏未降，又去”。《魏策三》載：“乃請樗裡子曰：攻皮氏，此王之首事也，而不能拔。”攻皮氏既為“王之首事”，主攻者必為主將。是時秦之主將未見有公孫爰其人，“爰”當為“疾”之訛，與下文之“疾”正相呼應。“西風”當為“西去”之誤。“疾西去”，即《樗裡子列傳》所謂“皮氏未降，又去”。亦即《魏策三》所謂“不能拔”，《六國表》與《魏世家》所謂“未拔而解”。未見有地名西風者。或以為“疾西風”為記天異，《紀年》為魏史，豈能于“攻皮氏”與“城皮氏”之敘事中夾敘天異乎？“風”字必為“去”字之形訛無疑。
前307,307,周赧王八年（西元前三0七年）,39,史料,秦、楚、魏,,攻、圍,秦、楚攻魏，圍皮氏。為魏謂楚王曰：“秦、楚勝魏，魏王之恐見亡矣，必合于秦（“合”原作“舍”，姚注一作“合”，當以作“合”為是）。王何不信秦而與魏王，魏王喜，必內太子，秦恐失楚，必效城地于王，王雖複與之攻魏可也。”楚王曰：“善。”乃倍秦而與魏，魏內太子于楚。秦恐，許楚城地，欲與之複攻魏。樗裡疾怒，欲與魏攻楚，恐魏之以太子在楚不肯也。為疾謂楚王曰：“外臣疾使臣謁之曰：敝邑之王，欲效城地，而為魏太子之尚在楚也，是以未敢。王出魏，質臣請效之（姚注：“質臣，曾作太子”），而複固秦、楚之交，以疾攻魏。”楚王曰：“諾。”乃出魏太子，秦因合魏以攻楚。
前307,307,周赧王八年（西元前三0七年）,40,史料,秦、齊、楚、韓、魏、吳,,伐、攻、救、取、拔,魏太子在楚。謂樓子于鄢陵曰（鮑本改“謂”為“為”，非是）：“公必且待齊、楚之合也，以救皮氏。今齊、楚之理必不合矣。彼翟子之所惡于國者，無公矣。其人皆欲合齊、秦，外楚以輕公，公必謂齊王曰：‘魏之受兵，非秦實首伐之也，楚惡魏之事王也，故勸秦攻魏。’齊王故欲伐楚，而又怒其不己善也，必令魏以地聽秦而為和。以張子之強，有秦、韓之重，齊王惡之，而魏王不敢據也。今以齊、秦之重，外楚以輕公，臣為公患之。鈞之出地以為和于秦也，豈若由楚乎？秦疾攻楚，楚還兵（鮑彪謂衍“楚”字，非是），魏王必懼。公因寄汾北以予秦而為和（金正煒雲：“寄，委也。鮑改為割，無取”），合親以孤齊、秦，楚重公，公必為相矣。臣意秦王與樗裡疾之欲之也，臣請為公說之。”乃請樗裡子曰：“攻皮氏，此王之首事也，而不能拔，天下且以此輕秦。且有皮氏于以攻韓、魏利也。”樗裡子曰：“吾已合魏矣，無所用之。”對曰：“臣願以鄙心意公，公無以為罪。有皮氏，國之大利也（鮑本“之”下有“所”字），而以與魏，公終自以為不能守也，故以與魏。今公之力有餘守之，（姚注：“公，曾作攻”），何故而弗有也？”樗裡子曰：“奈何？”曰：“魏王之所恃者齊、楚也，所用者樓、翟強也（吳師道曰：“廨，字書無此字”，《韓策》作“鼻”），今齊王謂魏王曰：‘欲講，攻于齊，王兵之辭也（鮑本“王”作“主”，吳師道曰：“講當作構，構攻猶言構兵”），是弗救矣。’楚王怒于魏之不用樓子，而使翟強為和也，怨顏已絕之矣，魏王之懼也見亡。翟強欲合齊、秦外楚以輕樓、樓廨欲合秦、楚外齊以輕翟強，公不如按魏之和，使人謂樓子曰：‘子能以汾北與我乎？請合楚外齊以重公也，此吾事也。’樓子與楚王必疾矣。又謂翟子：‘子能以汾北與我乎？必為合齊外于楚以重公也。’翟強與齊王必疾矣。是公外得齊、楚以為用，內得樓麞、翟強以為佐，何故不能有地於河東乎？”（《魏策三》第十章）
前307,307,周赧王八年（西元前三0七年）,41,考案,秦、魏,秦惠王,攻、取、拔,案：皮氏在今山西河津縣西一裡，即黃河之龍門所在。不僅形勢險要，且為河西通往河東之橋頭堡。秦惠王五年魏納秦河西地，九年秦渡河取汾陰、皮氏。不久，皮氏歸魏，此時秦又欲攻取。所謂“有皮氏，國之大利也”，因而魏盡力堅守，秦攻之不能拔。
前307,307,周赧王八年（西元前三0七年）,42,史料,趙,趙武靈王,,趙武靈王亦變俗胡服，習騎射，北破林胡、樓煩。（《史記·匈奴列傳》）
前307,307,周赧王八年（西元前三0七年）,43,史料,趙,趙武靈王,,趙武靈王十九年初胡服。（《六國表》）
前307,307,周赧王八年（西元前三0七年）,44,史料,秦、燕、韓、趙、中山、代,趙武靈王,救、立、取,[趙武靈王]十九年春正月，大朝信宮，召肥義與議天下，五日而畢。王北略中山之地，至於房子，遂之代，北至無窮，西至河，登黃華之上。召樓緩謀曰：“我先王因世之變，以長南藩之地，屬阻漳、滏之險，立長城，又取藺、郭狼，敗林人於荏，而功未遂。今中山在我腹心，北有燕，東有胡，西有林胡、樓煩、秦、韓之邊，而無強兵之救，是亡社稷，奈何？夫有高世之名，必有遺俗之累，吾欲胡服。”樓緩曰：“善。”群臣皆不欲。（《趙世家》）
前307,307,周赧王八年（西元前三0七年）,45,考案,秦、趙、周,趙武靈王,滅,案：《趙世家》載：當道者謂趙簡子曰：“及主君之後嗣，且有革政而胡服，並二國于翟。”即指武靈王而言。《正義》解釋“革政而胡服”雲：“今時服也，廢除裘裳也。”即廢除原有之裘裳，改用胡人服裝，改穿短衣與褲，束皮帶，用帶鉤，戴武冠，穿皮靴，以便發展騎射，從而增強兵力。《後漢書·輿服志》雲：“武冠一曰武弁、大冠，諸武官服之。侍中中常侍加黃金璫附蟬為文，貂尾為飾，謂之趙惠文冠。胡廣說曰：趙武靈王效胡服，以金貂飾首，前插貂尾為貴職，秦滅趙，以其君冠賜近臣。”劉昭補注：“又名鶉鶉冠。”蓋胡服冠飾，既有貂蟬、鳥羽之殊，而鳥羽中又有鶡與鶇鷸之別。《趙策二》載武靈王賜周紹胡服，“衣冠具帶，黃金師比”。具帶乃黃金具帶之略稱，猶如《漢書·篡不疑傳》之雲楅具劍，《王莽傳》之雲玉具劍。胡名則謂郭洛帶或鉤絡帶。師比乃帶鉤之胡名，或作鮮卑、胥紕、犀毗。《淮南子·主術訓》雲：“趙武靈王貝帶鴝鵒而朝，趙國化之。”“貝帶”乃“具帶”之誤，“鴝鵒”乃“鴝鷯”之誤。《漢書·武五子傳》稱“故昌邑王衣短衣大絝，冠惠文冠”，即胡服也。《太平御覽》六百九十八引《釋名》雲：“靴，本胡名也。趙武靈王始服之。”今本《釋名》有訛脫。王國維著有《胡服考》，收入《觀堂集林》卷二二。
前307,307,周赧王八年（西元前三0七年）,46,史料,秦、齊、燕、韓、趙、晉、越、吳、中山、代,,圍、卒、立、取,武靈王平晝閒居，肥義侍坐，曰：“王慮世事之變，權甲兵之用，念簡、襄之跡，計胡、狄之利乎？”王曰：“嗣立不忘先德，君之道也；錯質務明主之長，臣之論也。是以賢君靜有道民便事之教，動有明古先世之功（以上一節，《趙世家》改作“於是肥義侍，王曰：“簡、襄主之烈，計胡、翟之利”）。為人臣者，窮有弟長辭讓之節（《趙世家》作“寵有孝弟長幼順明之節”），通有補民益主之業。此兩者君、臣之分也。今吾欲繼襄主之業（《趙世家》“業”作“跡”），啟胡、翟之鄉（《趙世家》“啟”作“開於”），而卒世不見也。敵弱者用力少而功多（《趙世家》“敵”上有“為”字），可以無盡百姓之勞，而享往古之勳（《趙世家》“享”作“序”）。夫有高世之功者，必負遺俗之累；有獨知之慮者，必被庶人之恐（《趙世家》作“任驁民之怨”）。今吾將胡服騎射以教百姓，而世必議寡人矣。”（《趙世家》“矣”作“奈何”）肥義曰：“臣聞之，疑事無功，疑行無名。今王即定負遺俗之慮（《趙世家》無“今”字，“即”作“既”），殆毋顧天下之議矣。夫論至德者，不和於俗；成大功者，不謀於眾。昔舜舞有苗，而禹袒入裸國，非以養欲而樂志也，欲以論德而要功也（《趙世家》“欲”作“務”，“要”作“約”）。愚者暗于成事，智者見於未萌（《趙世家》“見於未萌”作“睹未形”），王其遂行之。”《趙世家》作“則王何疑焉”)王曰：“寡人非疑胡服也(《趙世家》作“吾不疑胡服也”)，吾恐天下笑之(《趙世家》“之”作“我也”)，狂夫之樂，知者哀焉；愚者之笑，賢者戚焉(《趙世家》“戚”作“察”)。世有順我者，則胡服之功未可知也，雖盛世以笑我(《趙世家》“敺”作“驅”)，胡地中山，吾必有之。”(《鮑本》“地”作“服”，“胡服”屬上句)王遂胡服(《趙世家》作“於是遂胡服矣”)。使王孫繯告公子成曰(《趙世家》無“孫”字)：“寡人胡服且將以朝，亦欲叔之服之也，家聽于親，國聽於君，古今之公行也。子不反親，臣不逆主，先王之通誼也(《趙世家》“主”作“君”，“先王”作“兄弟”，“誼”作“義”)。今寡人作教易服，而叔不服，吾恐天下議之也。夫制國有常，而利民為本；從政有經，而令行為上。故明德在於論賤(《趙世家》“在於論賤”作“先論于賤”)，行政在於信貴(《趙世家》“在於信貴”作“先信於貴”)。今胡服之意，非以養欲而樂志也，事有所出，功有所止(姚注：“曾本出改作止，止改作出”，乃依《趙世家》。《趙世家》“出”作“止”，“止”作“出”)。事成功立，然後德且見也(《趙世家》“德且見”作“善”)。今寡人恐叔逆從政之經，以輔公叔之議，且寡人聞之，事利國者行無邪，因貴戚者名不累，故寡人願慕公叔之義，以成胡服之功，使繯謁之叔，請服焉。”公子成再拜曰(《趙世家》“再拜”下有“稽首”二字)：“臣固聞王之胡服也，不佞寢疾(《趙世家》“不佞”上有“臣”字)，不能趨走，是以不先進(《趙世家》作“未能趨走以滋進也”)，王今命之(《趙世家》無“今”字)，臣固敢竭其愚忠(《趙世家》“固敢”作“敢對因”)。臣聞之中國者(《趙世家》無“之”字)，聰明睿知之所居也(《趙世家》“睿知”作“徇智”)，萬物財用之所聚也，賢聖之所教也，仁義之所施也，詩書禮樂之所用也，異敏技藝之所試也，遠方之所觀赴也，蠻夷之所義行也，今王釋此，而襲遠方之服(《趙世家》“釋”作“舍”)，變古之教，易古之道，逆人之心，畔學者(《趙世家》“畔”作“佛”，“佛”上有“而”字)，離中國，臣願大王圖之。”使者報王，王曰：“吾固聞叔之病也。”（《趙世家》無“固”字，“病”作“疾”，下有“我將自往請之”一句）即之公叔成家，自請之曰（《趙世家》“即”作“王遂往”，“自”上有“因”字）：“夫服者所以便用也，禮者所以便事也。是以聖人觀其鄉而順宜，因其事而制禮，所以利其民而厚其國也，祝發文身（《趙世家》“祝”作“翦”），錯臂左衽，甌越之民也（甌，姚注：“一作林”，又注：“林越，《春秋後語》作臨越”，注雲：“臨亦百越之一名也”），黑齒雕題，鯷冠秫縫（姚注：“一作鮭冠黎絑”，《趙世家》作“卻冠秫絀”），大吳之國也，禮服不同，其便一也。是以鄉異而用變，事異而禮易，是故聖人苟可以利其民，不一其用，果可以便其事，不同其禮。儒者一師而禮異，中國同俗而教離（上二句，《趙世家》“禮”作“俗”，“俗”作“禮”），又況山谷之便乎？（《趙世家》“又況”作“況於”），故去就之變，知者不能一，遠近之服，聖賢不能同，窮鄉多異，曲學多辨（《趙世家》“辨”作“辯”），不知而不疑，異於己而不非者，公於求善也（《趙世家》作“公焉而眾求盡善也”）。今卿之所言俗也（《趙世家》“卿”作“叔”），吾之所言者所以制俗也，今吾國東有河、薄洛之水，與齊、中山同之，而無舟楫之用；自常山以至代、上黨，東有燕、東胡之境，西有樓煩、秦、韓之邊，而無騎射之備（《趙世家》“而”作“今”）。故寡人且聚舟楫之用（《趙世家》“且聚”作“無”），求水居之民（《趙世家》“求”作“夾”），以守河、薄洛之水（《趙世家》“以”上有“將何”二字）。變服騎射，以備其參胡、樓煩、秦、韓之邊（《趙世家》“其”作“燕”，“參胡”作“三胡”，鮑本改“其”為“燕”。《索隱》雲：“林胡、樓煩、東胡，是三胡也。”吳師道雲：“參當作東”。且昔者簡主不塞晉陽以及上黨，而襄主兼戎取代（《趙世家》“兼”作“並”），以攘諸胡，此愚知之所明也。先時中山負齊之強，兵侵掠吾地（《趙世家》“掠”作“暴”），系累吾民，引水圍鄗，非社稷之神靈（《趙世家》“非”作“微”），即鄗幾不守（《趙世家》“即”作“則”），先王忿之（《趙世家》“忿”作“醜”），其怨未能報也（《趙世家》“其”作“而”。今騎射之服，近可以備上黨之形，遠可以報中山之怨，而叔也順中國之俗（《趙世家》無“也”字），以逆簡、襄之意，惡變服之名，而忘國事之恥（《趙世家》作“以忘鄙事之醜”），非寡人所望於子。”（《趙世家》“於子”作“也”）。公子成再拜稽首，曰：“臣愚不達于王之議（《趙世家》“議”作“義”），敢通世俗之聞（“聞”原作“間”，姚注“間一作聞”。鮑本作“聞”，《趙世家》作“聞”，今改“間”為“聞”，《趙世家》下有“臣之輦也”一句）。今欲繼簡、襄之意（《趙世家》“欲”作“王將”），以順先王之志，臣敢不聽令。”（“令”原誤作“今”，從鮑本改正。《趙世家》作“命”）再拜，乃賜胡服。（《趙策二》第四章，《趙世家》以下有“明日，服而朝，於是始出胡服令也”十三字）
前307,307,周赧王八年（西元前三0七年）,47,史料,齊、趙、周、魯、越、吳、代,,滅、遷,趙文進諫曰：“農夫勞而君子養馬（鮑本于“勞”下補“力”字），政之經也；愚者陳意而知者論焉，教之道也。臣無隱忠，君無蔽言，國之祿也。臣雖愚，願竭其忠。”王曰：“慮無惡擾（鮑本“惡”作“變”），忠無過罪，子其言乎？”趙文曰：“當世輔俗，古之道也。衣服有常，禮之制也。循法無愆（“循”原作“修”，姚注：“一作循禮”。鮑本改作“循”，今從之），民之職也。三者先聖之所以教，今君釋此而襲遠方之服，變古之教，易古之道，故臣願王之圖之。”王曰：“子言世俗之間（“間”當作“聞”），常民溺于習俗，學者沉于所聞，此兩者所以成官而順政也，非所以觀遠而論始也。且夫三代不同服而王，五伯不同教而政，知者作教而愚者制焉，賢者議俗，不肖者拘焉。夫制於服之民，不足與論心，拘於俗之眾，不足與致意。故勢與俗化，而禮與變俱，聖人之道也。承教而動，循法無私，民之職也。知學之人，能與聞遷達，於禮之變（姚注：“一本無於字”），能與時化，故為己者不待人，制今者不法古，子其釋之。”趙造諫曰：“隱忠不竭，奸之屬也；以私誣國，賊之類也（“賊”原作“賤”，姚注：“劉改賤為賊”。作“賊”為是）。犯奸者身死，賊國者族宗（“賊”原作“賤”，姚注：“劉改賤作賊”，金正煒曰：“劉改是也”)。有此兩者(“有”原作“反”，鮑改為“有”，今從之)，先聖之明刑，臣下之大罪也。臣雖愚願盡其忠，無遁其死。”王曰：“竭意不諱，忠也，上無蔽言，明也，忠不辟危，明不距人，子其言乎？”趙造曰：“臣聞之，聖人不易民而教，知者不變俗而動，因民而教者，不勞而成功，據俗而動者，慮徑而易見也。今王易初不循俗，胡服不顧世，非所以教民而成禮也。且服奇者志淫，俗辟者亂民，是以蒞國者不襲奇辟之服，中國不近蠻夷之行，非所以教民而成禮者也。且循法無過，循禮無邪，臣願王之圖之。”(《趙世家》無“趙文進諫”一段，無王辯駁趙文一段，更無“趙造諫曰”到此一段，而概括為“趙文、趙造、周袑、趙俊皆諫止王毋胡服，如故法便”)王曰：“古今不同俗(《趙世家》“古今”作“先王”)，何古之法？帝王不相襲，何禮之循？宓戲、神農教而不誅，黃帝、堯、舜誅而不怒。及至三王，觀時而制法，因事而制禮，法度制令，各順其宜，衣服器械，各便其用。故理世不必一道(《趙世家》“理世”作“禮也”)，便國不必法古，聖人之興也，不相襲而王，夏、殷之衰也，不易禮而滅。然則反古未可非，而循禮未足多也，且服奇而志淫，是鄒、魯無奇行也，俗辟而民易，是吳、越無俊民也(《趙世家》“俊民”作“秀士”)。是以聖人利身之謂服(《趙世家》“是以”作“且”)，便事之謂教，進退之謂節(《趙世家》作“夫進退之節”)，衣服之制所以齊常民，非所以論賢者也。故聖與俗流(《趙世家》作“聖”作“齊民”)，賢與變俱(《趙世家》“賢”下有“者”字)，諺曰：“以書為禦者，不盡于馬之情；以古制今者，不達於事之變”(《趙世家》“書”下無“為”字，無兩“於”字，鮑本亦無兩“於”字)。故循法之功，不足以高世；法古之學，不足以制今，子其勿反也。”(《趙策二》第四章，《趙世家》同，下有“遂胡服招騎射”六字)
前307,307,周赧王八年（西元前三0七年）,48,考案,燕、趙、魏、晉、周、中山、代,趙武靈王,攻、取,案：趙武靈王推行胡服，先行於家與朝，然後推行于吏、于軍、于國。王曰：“寡人胡服且將以朝”，先以身作則，行之於朝。《淮南子·主術訓》雲：“趙武靈王貝帶鶉鶇而朝，趙國化之”，確是事實。所謂“初胡服”，僅推行於家族與朝中大臣，以為表率。《趙策二》載趙燕後胡服，王令讓之曰：“寡人胡服，子獨弗服，逆主罪莫大焉”，趙燕再拜稽首曰：“前吏命胡服，施及賤臣，臣以失令過期。”是胡服之令，施及群臣，蓋次第為之。《水經·河水注》引《紀年》雲：魏襄王十七年“又命將軍、大夫、適子、戍吏皆貉服”。貉服即胡服。魏襄王十七年即趙武靈王二十四年。是命將軍、大夫、適子、戍吏胡服在“初胡服”之後五年矣。《趙世家》載武靈王二十五年“使周詔胡服傅王子何”，可知是年胡服尚未大行，周詔為王子之傅尚需特施之。考《趙世家》載武靈王二十年攻中山，共五軍，王並將右、左、中三軍，另由牛翦將車騎，趙希並將胡、代。五軍中惟牛翦一軍為車騎，趙希所將胡、代中亦當有騎，皆不在王所將三軍之中。知是時車騎尚非趙軍之主力，僅用以奇襲或衝鋒之用，與他國兵制相同。及至二十六年複攻中山，攘地北至燕代，西至雲中、九原，攻取林胡、樓煩之地，胡騎行動飄忽，若欲驅逐之，或臣服之，非徒兵足以勝任。其勢不得不以騎兵為主力，此武靈王所以必欲胡服騎射，亦猶春秋時晉攻無終及群狄，不得不毀車以為行也。
前307,307,周赧王八年（西元前三0七年）,49,考案,燕、趙、周,,立,又案：今以《趙世家》與《趙策二》第四章相校，《趙世家》先言王召樓緩謀欲胡服，“群臣皆不欲”。下文緊接“於是肥義侍，王曰”云云，文義扞格，頗感突兀。《趙策》開首作：“武靈王平晝閒居，肥義侍坐，曰：‘王慮世事之變，權甲兵之用，念簡、襄之跡，計胡、狄之利乎？’王曰：‘嗣立不忘先德，君之道也；錯質務明主之長，臣之論也。是以賢君靜有道民便事之教，動有明古先世之功。為人臣者，窮有弟長辭讓之節，通有補民益主之業，此兩者君、臣之分也。今吾欲繼襄主之業，啟胡、翟之鄉”云云。《趙世家》刪去“武靈王平晝閑，肥義侍坐”，改作“於是肥義侍”。並刪去肥義開首之發問，而以“念簡、襄之跡，計胡、狄之利乎”，改作“簡、襄主之烈，計胡、翟之利”，作為王之開首兩句，刪去“嗣立不忘先德”至“動有明古先世之功”等語，而下接“為人臣者，寵有孝弟長幼順明之節，通有補民益主之業”云云，文義又相扞格難通。《趙世家》又略去趙文、趙造之諫辭與王駁複趙文之辭，而混言“趙文、趙造、周詔、趙俊皆諫止王毋胡服，如故法便”，更以王駁複趙造之辭作為總駁諸臣之辭。《趙世家》據策文刪改增補，痕跡顯然，可知策文乃較為原始之史料。梁玉繩《史記志疑》以《趙世家》“趙文、趙造、周詔、趙俊皆諫”有誤，雲：“周詔、趙俊皆諫”為“周詔、趙俊”，為“周詔、趙俊皆諫”，其逆令，疑史誤“燕”為“俊”，然二人未有諫胡服事，《史》誤耳”。
前307,307,周赧王八年（西元前三0七年）,50,考案,趙、代,商鞅,立、變法、滅,又案：《趙策二》此章與《史記·商君列傳》、《商君書·更法》、《新序·善謀篇》第七章商鞅與持異議者駁辯，有許多相同之處，並有許多相襲之辭。此雲“武靈王平晝閒居，肥義侍坐”；《商君書》作“孝公平晝，公孫鞅、甘龍、杜摯三大夫禦于君”。此處肥義曰：“王慮世事之變”云云，《商君書》亦謂三大夫“慮世事之變，討正法之本，求使民之道”。此處王曰：“嗣立不忘先德，君之道也；錯質務明主之長，臣之論也”；《商君書》亦有君曰：“代立不忘社稷，君之道也。錯法務民主張，臣之行也。”孫詒讓《劄迻》曰：“錯法務民主張，義殊不可通，《新序·善謀》作錯法務明主長是也，當據校正。《趙策》武靈王與肥義、趙造論胡服章文，與此多同，明長二字與《新序》同，可以互證。”此處肥義曰：“臣聞之，疑事無功，疑行無名，今王即定負遺俗之慮，殆毋顧天下之議矣。夫論至德者，不和于俗，成大功者，不謀於眾。……愚者暗于成事，智者見於未萌，王其遂行之。”《商君書》公孫鞅亦曰：“臣聞之，疑行無成，疑事無功，君亟定變法之慮，殆無顧天下之議之也。……語曰：愚者暗於成事，知者見於未萌……郭偃之法曰：論至德者不和于俗，成大功者不謀於眾……”此處王駁趙文曰：“子言世俗之間，常民溺于習俗，學者沉于所聞，此兩者所以成官而順政也，非所以觀遠而論始也。且夫三代不同服而王，五伯不同教而政，知者作教而愚者制焉，賢者議俗，不肖者拘焉。……”《商君書》公孫鞅駁甘龍亦曰：“子之所言，世俗之言也。夫常人安于故習，學者溺于所聞，此兩者所以居官而守法，三代不同禮而王，五霸不同法而霸，故知者作法而愚者制焉，賢者更禮而不肖者拘焉。……”此處王駁趙造曰：“古今不同俗，何古之法？帝王不相襲，何禮之循？宓戲、神農教而不誅，黃帝、堯、舜誅而不怒。及至三王，觀時而制法，因事而制禮，法令制度，各順其宜，衣服器械，各便其用。故理世不必一道，便國不必法古，聖人之興也，不相襲而王，夏、殷之衰也，不易禮而滅。然則反古未可非，而循禮未足多也……”《商君書》公孫鞅駁杜摯亦曰：“前世不同教，何古之法？帝王不相複，何禮之循？伏羲、神農教而不誅，黃帝、堯、舜誅而不怒，及至文、武各當時而立法，因事而制禮。禮法以時而定，制令各順其宜，兵甲器備各便其用。臣故曰：治世不一道，便國不必法古。湯、武之王也，不循古而興，殷、夏之滅也，不易禮而亡。然則反古未必可非，循禮者未足多是也。君無疑矣。”兩者用辭相襲非常明顯。按《商君書》晚出，彙編成書已在長平之戰以後。諸祖耿《戰國策集注匯考》雲：“作《商君書》者前于史公，《更法篇》文必有所襲，其所襲者，當即《策》文無疑。然則非《策》抄《商君書》，乃《商君書》抄自策文也。”其說甚是。據《策》文，趙文言“衣服有常，禮之制也”，因而反對“釋此而襲遠方之服”。王駁趙文謂“三代不同服而王，五伯不同教而政”，確是就胡服而辯論。據《策》文，趙造言“聖人不易民而教，知者不變俗而動”，“是以蒞國者不襲奇辟之服”，王駁趙造謂三王“法令制度，各順其宜，衣服器械，各便其用”，亦就胡服而辯論。而《商君書》公孫鞅駁杜摯，謂文、武“制令各順其宜，兵甲器備各便其用”。商鞅變法之主旨並不在於“兵甲器備各便其用”。《趙世家》謂武靈王與趙文、趙造辯論之結果，為“遂胡服招騎射”，頗為確切。而《商君書·更法》之結論，為“於是遂出墾草令”。但“墾草令”與上述公孫鞅與甘龍、杜摯之辯論無關。
前307,307,周赧王八年（西元前三0七年）,51,史料,燕、趙,,伐、立,趙燕後胡服，王令讓之，曰：“事主之行，竭意盡力，微諫而不嘩，應對而不怨，不逆上以自伐，不立私以為名，子道順而不拂，臣行讓而不爭。子用私道者家必亂，臣用私義者國必危，反親以為行，慈父不子；逆親以自成，惠主不臣也。寡人胡服，子獨弗服，逆主，罪莫大焉。以從政為累，以逆主為高，行私莫大焉。故寡人恐親犯刑戮之罪，以明有司之法。”趙燕再拜稽首曰：“前吏命胡服，施及賤臣，臣以失令過期，更不用侵，辱教，王之惠也。臣敬修衣服（“修”原作“循”，姚注“一作修”，今據以改正），以待令甲”（“令甲”原作“今日”，黃丕烈雲：“今本今日作‘令甲’，當以‘令甲’為是”）。（《趙策二》第六章）
前307,307,周赧王八年（西元前三0七年）,52,考案,燕、趙,,,案：趙燕後胡服，當在此年或稍後。《史記·惠景間侯者年表》“長沙王者著令甲”。《漢書·宣帝紀》雲：“令甲，死者不可生。”顏注引如淳曰：“令有先後，故有令甲、令乙、令丙。”
前306,306,周赧王九年（西元前三0六年）,1,史料,秦、齊、楚、燕、韓、趙、魏,秦昭王、齊宣王、燕昭王、趙武靈王、楚懷王,,秦昭王元年，魏襄王十三年，韓襄王六年，趙武靈王二十年，齊宣王十四年，楚懷王二十三年，燕昭王六年。
前306,306,周赧王九年（西元前三0六年）,2,史料,楚、越,楚懷王,,且王（指楚懷王）前嘗用召滑於越，而內行章義之難，越國亂，故楚南塞厲門而郡江東。計王之功所以能如此者，越國亂而楚治也。（《甘茂列傳》范蜎謂楚王，“內行章義之難”，《索隱》引舊注雲：“一雲內句章、昧之難。”）且王嘗用[召]滑於越(“召”字原脫，從鮑彪補)，而納句章、昧之難，越亂，故楚南察瀨胡而野江東。計王之功所以如此者，越亂而楚治也。（《楚策一》第十六章范環謂楚王）
前306,306,周赧王九年（西元前三0六年）,3,史料,楚、韓、越,,,前時王使邵滑之越，五年而能亡越，所以然者，越亂而楚治也。（《韓非子·內儲說下》幹象對楚王語）
前306,306,周赧王九年（西元前三0六年）,4,考案,秦、齊、楚、燕、韓、趙、魏、周、越、吳、代,樂毅、句踐、楚懷王,伐、攻、滅、取、會、遷、殺,案：召滑或作邵滑，亦作卓滑、淖滑，“召”、“邵”、“卓”、“淖”，並為“昭”之通假。昭滑乃楚懷王時楚三大族中之重臣。賈誼《過秦論》雲：“齊明、周最、陳軫、昭滑、樓緩、翟景、蘇厲、樂毅之徒通其意。”昭滑蓋與齊明等人同時。《楚策四》第五章雲：“齊明說卓滑以伐秦，滑不聽也。”可知昭滑為楚掌權之大臣。《趙策三》第三章謂：“齊破燕，趙欲存之。”楚、魏“令淖滑、惠施之趙，請伐齊而存燕”。蓋昭滑常主持楚之外交，是時楚使昭滑於越，即乘越內亂之時機，圖謀滅亡越國。越之內亂情況，因史文缺佚，已不可考。《甘茂列傳》謂“內行章義之難”，《楚策一》又作“納句章、昧之難”。鮑彪謂：“昧，唐昧，楚將”，“此言楚雖有唐昧之難而能得越地，以召滑亂之也。”此說不足信，與下文“越國亂而楚治”不合。金正煒以“納句章”為一句，“昧之難”為一句，謂“納其句章之地于楚”，“越太子諸咎弑其君翳，此雲昧之難，疑即其事”，亦不可信。句章在今浙江余姚東南，楚在滅越之前不可能佔有其地。諸咎弑君之年代較早，與此不合。張琦《戰國策釋地》又謂“昧蓋越地”，而不能詳定。蒙文通《越人遷徙考》又創新說雲：“句章為漢會稽屬縣，昧或即會稽之大末縣，疑皆越諸王之封地。楚王遣召滑之越，離間諸王，煽其內訌，楚遂乘機攻越。《太平御覽》卷五五六引《吳越春秋》，言麋王與楚搖王戰，搖王殺麋王云云（今本佚此文，《越絕書·記吳地傳》有訛誤），即其事也。楚懷王於是乃得滅麋王之國，取江東之地，是所謂亡越者，非盡有越地也，亡越麋王之國而已。”（《越史叢考》第三三至三四頁）此說亦難令人首肯。蒙氏據《吳越春秋·句踐陰謀外傳》“所謂句亶、鄂、[越]章，人號麋侯、翼侯、魏侯也”，以為楚熊渠所封之越章王又號麋侯，越之麋王即在故楚麋侯所居之地，即秦之鄣郡、漢丹陽郡地。丹陽郡轄境當今安徽長江以南、江蘇大茅山及浙江天目山以西及浙江新安江支流武強溪以北地區。今按楚之越章王是否又號麋侯，並無確證，謂越之麋王即在楚越章王之封地，更無所據。江東原指故吳地，丹陽郡未聞有江東之稱。句章在會稽之東，封于句章之王亦不可能與居於丹陽之麋王相爭。《韓非子》明雲：“王使邵滑之越，五年而能亡越，所以然者，越亂而楚治也。”是則楚所亡者明為越國，非越別封之麋王也。《甘茂列傳》謂“楚南塞厲門而郡江東”，《韓非子》則雲：“五年而能亡越。”蓋楚滅越後設郡于江東也。《春申君列傳》稱黃歇“獻淮北十二縣，請封于江東”，“春申君因故吳墟以自為都邑。”蓋吳地原有江東之稱，楚滅越取得故吳地而設郡。顧觀光據此以為“江東嘗為郡”，是也。策文作“南察瀨胡而野江東”。“野”當為“郡”字之誤。
前306,306,周赧王九年（西元前三0六年）,5,考案,秦、齊、楚、韓、魏、周、魯、越、吳,張儀、秦昭王、楚懷王,伐、攻、圍、立、即位、連橫、滅、取、拔、殺,又案：《越世家》謂楚威王“大敗越，殺王無疆，盡取故吳地至浙江”，“而越以此散”，不可信。《越世家》所載齊使遊說越王“釋齊伐楚”之辭，所謂“楚三大夫張九軍，北圍曲沃、於中，景翠之軍北聚魯、齊南陽”，皆楚懷王十六七年間事。可知楚之滅越，必在楚懷王時，已辨在周赧王二年案語中。黃以周《史越世家補並辨》（收入《儆季雜著·史說》）以為楚之敗越，殺王無疆在周赧王八年，即楚懷王二十二年，其言曰：“時秦攻宜陽，兵罷，秦與楚和親（見《戰國策》、《秦記》、《甘茂列傳》），而越適亂，楚遂乘而滅之。其明年齊王遺書楚王為從，而楚臣昭雖有‘王雖東取地於越，不足以刷恥，秦破宜陽，韓猶事秦’之語，皆就當日事情，規戒其君（見《楚世家》）。當從徐廣說在二十二年）。則楚之得故吳地，在懷王二十三年前，當秦拔宜陽時可知矣。舊史知敗越在秦拔宜陽時，而楚圍徐州之年，亦適有秦拔宜陽事（見《韓世家》），故牽連及之，而不察其違也。周赧王十年齊使甘茂于楚，懷王新與秦合婚而歡，而秦聞甘茂在楚，欲相之，懷王問範蜎，蜎曰：“王前用召滑於越，而內行章義之難，越國亂，故楚南塞厲門而郡江東，今王已用之於越，忘之于秦，臣以為王钜速忘矣。”（見《楚策》《年表》《甘茂列傳》）雲钜速忘者，敗越尚在三年中也。而謂王無疆當楚威王圍徐州時已為楚滅，可乎哉？”今按黃氏以楚滅越在楚懷王二十二年，其說是。嚴格言之，當在楚懷王二十三年秦複歸韓武遂之後。不與秦拔宜陽同時。是時昭雎進諫楚王之辭，兩次述及“韓已得武遂于秦”云云，秦歸武遂于韓已在秦昭王元年，即楚懷王二十三年。范蜎答楚王言及楚南塞厲門而郡江東，在“楚懷王新與秦合婚而歡”之後，見《甘茂列傳·集解》徐廣曰：“昭王二年時迎婦于楚”，已是楚懷王二十四年。《越世家》載齊使人說越王，謂其時“楚三大夫張九軍，北圍曲沃、於中”云云，“於是越釋齊而伐楚”。時在楚懷王十六年，次年楚大敗於丹陽，並失去漢中。韓、魏又攻楚至鄧。再次年秦又伐楚取召陵。楚當無餘力以攻越。楚使昭滑入越並謀攻滅越國，當開始于楚懷王十八九年間、秦武王即位以後。秦武王逐走張儀魏章，放棄與韓、魏連橫而攻楚齊之策略，正用力攻拔韓之宜陽，殘三川，以窺周室，於是楚得有餘力以攻越。及楚懷王二十二年，秦昭王繼立，時昭王年少，宣太后當權，宣太后楚人，欲與楚修好，楚才得以全力攻越，因而于楚懷王二十三年滅越。懷王自十九年開始謀滅越，至二十三年完成，前後正五年。可知《韓非子》所載“王使邵滑於越，五年而能亡越”屬實。
前306,306,周赧王九年（西元前三0六年）,6,考案,秦、齊、楚、燕、韓、趙、魏、周、魯、越、吳、衛,秦惠王、楚懷王,攻、立、滅、取、會、殺,又案：《越世家》言楚“大敗越，殺王無彊，盡取故吳地，至浙江……而越以此散，諸族子爭位，或為王，或為君，濱於江南海上，服朝于楚”。黃以周據此雲：“蓋謂自此避居浙江會稽，會稽本近海也。或者因此謂是時會稽已失，濱在台州臨海地。考之《楚世家》，頃襄王十八年，楚人有以弱弓說楚王者，曰：‘王北游目于燕之遼東，而南登於越之會稽’，是越之會稽，至楚頃襄王時猶未失也。其失會稽，在秦並楚之後，故《秦記》雲：定楚江南地，降越君，置會稽郡也。王無彊雖敗，而浙東會稽為越故土，仍未失，《世家》雲楚取吳地至浙江，斯言本不誣也。”蒙文通亦有相同之見解，以為楚頃襄王時越之會稽尚未失，楚始終未滅越，至秦王政二十五年定楚江南地，為秦所滅（《越史叢考》第三六至四〇頁）。此說未可盡信，楚懷王“亡越”而“郡江東”，當為事實。楚滅越之後，保留越君系統在會稽，使服朝于楚而便於統治越族。猶如秦惠王滅巴蜀之後，仍保留蜀王子弟為蜀侯，保留巴王子弟為君長，而便於統治巴人、蜀人。楚頃襄王十八年楚人有以弋射進說楚王者，先言“秦、魏、燕、趙者，鯕雁也；齊、魯、韓、衛者，青首也；騶（鄒）、費、郯、邳者，羅鷥也；外其餘則不足射者。”越即在不足射者之列，甚至不如鄒、費、郯、邳等所謂泗上十二諸侯，蓋越已滅亡，獨立之越國已不存在。以弋射進說者繼而列舉楚王可以張弓而射之地，最後雲：“北游目于燕之遼東而南登望於越之會稽，此再發之樂也。”越之會稽僅作為登望之處，而非射之目標所在，蓋越之會稽，已成為楚之屬地，越之君長已服朝于楚。《秦始皇本紀》載：“二十四年王翦、蒙武攻荊，破荊軍，昌平君死，項燕遂自殺。二十五年王翦遂定荊江南地，降越君，置會稽郡。”蓋越已為楚所滅，僅留有降服之越君。秦將王翦率六十萬大軍攻破楚國，當定楚江南地時，連帶降服越君，並在此設會稽郡。就越君系統而言，楚滅越後繼續保留，當秦平定楚江南時，仍然保留。“降越君”而未廢，但越君已為降服之君長，越國久已亡矣。
前306,306,周赧王九年（西元前三0六年）,7,史料,秦、楚、韓、晉、越,,伐,楚王欲伐越(“楚”下原有“莊”字，從《荀子·議兵》楊倞注所引校刪)，杜子諫曰(《荀子》楊倞注“杜子”作“莊子”)：“王之伐越何也？”曰：“政亂兵弱。”杜子曰：“臣愚患之。智如目也，能見百步之外而不能自見其睫。王之兵自敗于秦、晉，喪地數百里，此兵之弱也。莊躋為盜於境內，而吏不能禁，此政之亂也。王之弱亂非越之下也，而欲伐越，此智之如目也。”王乃止。(《韓非子·喻老》)
前306,306,周赧王九年（西元前三0六年）,8,考案,秦、齊、楚、韓、魏、晉、越,楚懷王,伐、攻、滅、殺,案：今本《韓非子》作“楚莊王欲伐越”。錢穆《楚頃襄王又稱莊王考》以為楚莊王即楚頃襄王之異諡，但《荀子·議兵》楊倞注引此無“莊”字，“莊”字當是誤衍，當從楊注校刪。楚王當為楚懷王，懷王言越“政亂兵弱”而欲伐越，正與上引范蜎對楚懷王所說因“越亂”而“亡越”相合。杜子謂“王之兵自敗于秦、晉，喪地數百里”，當即指楚懷王十七年秦與韓、魏大敗楚於丹陽，攻佔楚之漢中等地。楚頃襄王時未有“敗于秦、晉，喪地數百里”之事。據此可見，當楚懷王二十三年滅越之前，莊躋已為盜於境內而吏不能禁。及楚懷王二十八年楚為齊、魏、韓聯軍大敗于方城，殺楚大將唐蔑（即唐昧），莊躋遂乘機攻入楚都郢而使“楚分為三四”。
前306,306,周赧王九年（西元前三0六年）,9,史料,秦、韓,,,[韓襄王]六年秦複與我武遂。（《韓世家》，《六國表》同）
前306,306,周赧王九年（西元前三0六年）,10,史料,秦、魏,,,[秦]昭襄王元年嚴君疾為相，甘茂出之魏。（《秦本紀》）
前306,306,周赧王九年（西元前三0六年）,11,史料,秦,,,[秦]昭王元年……還擊皮氏，皮氏未降，又去。（《樗裡子列傳》）
前306,306,周赧王九年（西元前三0六年）,12,史料,秦、魏,,拔,魏哀王（當作襄王）十三年秦擊皮氏，未拔而解。（《六國表》）
前306,306,周赧王九年（西元前三0六年）,13,史料,魏,,,[魏襄王]十三年城皮氏。（《水經·汾水注》引《紀年》）
前306,306,周赧王九年（西元前三0六年）,14,史料,秦、齊、楚、韓、魏、代,,伐、攻、取,秦使向壽平宜陽，而使樗裡子、甘茂伐魏皮氏。向壽者，宣太后外族也，而與昭王少相長，故任用。向壽如楚，楚聞秦之貴向壽，而厚事向壽。向壽為秦守宜陽，將以伐韓。韓公仲使蘇代謂向壽曰（《韓策一》第十九章誤作“韓公仲謂向壽曰》：“禽困覆車。公破韓，辱公仲，公仲收國複事秦，自以為必可以封。今公與楚解口地（《韓策一》作“今公與楚解中”，《索隱》雲：“解口，秦地名，近韓，今將與楚也。”《正義》雲：“解口猶開口得言，向壽于秦開口，則楚人必得封地也。”當以《正義》之說為是），封小令尹以杜陽（《韓策一》作桂陽，當以杜陽為是。《漢書·地理志》杜陽屬右扶風），秦、楚合，複攻韓，韓必亡。韓亡，公仲且躬率其私徒以閼于秦（《韓策一》“閼”作“鬥”），願公孰（通“熟”）慮之也。”向壽曰：“吾合秦、楚非以當韓也，子為壽謁之公仲，曰秦、韓之交可合也。”蘇代對曰（《韓策一》脫“蘇代”二字）：“願有謁於公。人曰貴其所以貴者貴。王之愛習公也，不如公孫奭（《韓策一》作公孫郝，“郝”、“奭”音同通用）；其智能公也，不如甘茂。今二者皆不得親于秦事，而公獨與王主斷于國者何？彼有以失之也。公孫奭党于韓，而甘茂党于魏，故王不信也。今秦、楚爭強，而公党于楚，是與公孫奭、甘茂同道也，公何以異之？人皆言楚之善變也，而公必亡之，是自為責也（《韓策一》“必”下無“亡”字，“責”誤作“貴”）。公不如與王謀其變也，善韓以備楚，如此則無患矣。韓氏必先以國從公孫奭，而後委國于甘茂。韓，公之仇也。今公言善韓以備楚，是外事不僻仇也。”向壽曰：“然，吾甚欲韓合。”對曰：“甘茂許公仲以武遂，反宜陽之民，今公徒收之（《韓策一》“徒”下有“令”字），甚難。”向壽曰：“然則奈何？武遂終不可得也？”對曰：“公奚不以秦為韓求穎川于楚？此韓之寄地也，公求而得之，是令行于楚而以其地德韓也。公求而不得，是韓、楚之怨不解而交走秦也。秦、楚爭強，而公徐過楚以收韓（《集解》徐廣曰：“過一作適”，“適”當與“謫”通）。向壽曰：“奈何？”對曰：此善事也。甘茂欲以魏取齊，公孫奭欲以韓取齊，今公取宜陽以為功，收楚、韓以安之，而誅齊、魏之罪，是以公孫奭、甘茂無事也。”（《甘茂列傳》，自“韓公仲使蘇代謂向壽曰”至此，與《韓策一》第十九章相同）
前306,306,周赧王九年（西元前三0六年）,15,史料,秦、韓、魏,秦昭王,伐,甘茂竟言秦昭王，以武遂複歸之韓。向壽、公孫奭爭之，不能得。向壽、公孫奭由此怨，讒甘茂。茂懼，輟伐魏蒲阪，亡去（“蒲阪”當為“皮氏”之誤）。樗裡子與魏講，罷兵。（《甘茂列傳》）
前306,306,周赧王九年（西元前三0六年）,16,考案,魏,,伐、拔,案：“茂懼，輟伐魏蒲阪，亡去”下，《集解》徐廣曰：“昭王元年擊魏皮氏，未拔去。”梁玉繩雲：“蒲阪乃皮氏之誤，徐廣已言之。”
前306,306,周赧王九年（西元前三0六年）,17,史料,秦、楚、韓,,立,公仲使韓瑉之秦求武隧，而恐楚之怒也，唐客謂公仲曰：“韓之事秦也，且以求武隧也，非弊邑之所憎也。韓已得武隧，其形乃可以善楚。臣願有言而不敢為楚計。今韓之父兄得眾者，毋相，韓不能獨立，勢必不善楚。王曰：吾欲以國輔韓瑉而相之，可乎？父兄惡瑉，瑉必以國保楚。”公仲說，士（通“仕”）唐客于諸公，而使之主韓楚之事。（《韓策三》第十章）
前306,306,周赧王九年（西元前三0六年）,18,考案,秦、齊、韓,齊湣王,,案：韓瑉一作韓呡，《戰國縱橫家書》作韓曼，韓臣之親秦者，是時公仲朋使之秦求歸還貳遂。其後韓瑉曾因親秦而為齊湣王之相。
前306,306,周赧王九年（西元前三0六年）,19,史料,秦、楚、韓、吳,,,謂公叔曰：“公欲得武遂于秦，而不患楚之能揚河外也。公不如令人恐楚王（吳師道雲“揚疑傷字訛”。金正煒雲：“揚疑當為易，恐當作慫”），而令人為公求武遂于秦。謂楚王曰：發重使，為韓求武遂于秦，秦王聽，是令得萬乘之主也。韓得武遂以恨秦（鮑改“恨”為“限”，金正煒雲：“當作限”），毋秦患而得楚，韓、楚之縣而已。秦不聽，是秦、韓之怨深而交楚也。”（《韓策二》第七章）
前306,306,周赧王九年（西元前三0六年）,20,史料,秦、韓,,,公仲以宜陽之故仇甘茂，其後秦歸武遂于韓，已而秦王固疑甘茂以武遂解于公仲也。杜赫為公仲謂秦王曰：“朋也，願因茂以事王。”(“朋”原誤作“明”，從鮑改正)秦王大怒于甘茂，故樗裡疾大說杜赫。(《韓策一》第十六章，“赫”字原誤作“聊”，據上文改正)
前306,306,周赧王九年（西元前三0六年）,21,史料,秦、齊、楚、燕、韓、趙、魏、周、越、吳、代,張儀、秦惠王、齊湣王、楚懷王,伐、攻、救、立、取,[楚懷王]二十六年（當作二十三年）齊湣王（當作宣王）欲為從長，惡楚之與秦合，乃使使遺楚王書曰：“寡人患楚之不察於尊名也。今秦惠王死，武王立（梁玉繩雲：“當作秦武王死，今王立’”），張儀走魏（此句因上文誤作“秦惠王死，武王立”而誤衍），樗裡疾、公孫衍用（“公孫衍”當作“公孫郝”），而楚事秦。夫樗裡疾善乎韓，而公孫衍善乎魏（“公孫衍”當作“公孫郝”），楚必事秦，韓、魏恐，必因二人求合于秦，則燕、趙亦宜事秦。四國爭事秦，則楚為郡縣矣。王何不與寡人並力收韓、魏、燕、趙，與為從而尊周室，以案兵息民，令於天下？莫敢不樂聽，則王名成矣。王率諸侯並伐，破秦必矣。王取武關、蜀、漢之地，私吳、越之富而擅江海之利，韓、魏割上党，西薄函谷，則楚之強百萬也。且王欺于張儀，亡地漢中，兵銼藍田，天下莫不代王懷怒。今乃欲先事秦，願大王孰（“孰”通“熟”）計之。”楚王業已欲和于秦，見齊王書，猶豫不決，下其議群臣。群臣或言和秦，或曰聽齊。昭雎曰：“王雖東取地於越，不足以刷恥，必取地于秦，而後足以刷恥于諸侯。王不如深善齊、韓，以重樗裡疾，如是則王得韓、齊之重以求地矣。秦破韓宜陽，而韓猶複事秦者，以先王墓在平陽，而秦之武遂去之七十裡，以故尤畏秦。不然，秦攻三川，趙攻上党，楚攻河外，韓必亡。楚之救韓，不能使韓不亡，然而存韓者楚也。韓已得武遂于秦，以河山為塞，所報德莫如楚厚，臣以為其事王必疾。齊之所信于韓者，以韓公子昧為齊相也。韓已得武遂于秦，王甚善之；使之以齊、韓重樗裡疾，疾得齊、韓之重，其主弗敢棄疾也。今又益之以楚之重，樗裡子必言秦，複與楚侵地矣。”於是懷王許之，竟不合秦，而合齊以善韓。（《楚世家》）
前306,306,周赧王九年（西元前三0六年）,22,考案,秦、楚、韓,楚懷王,取、拔,案：原作“楚懷王二十六年”，《索隱》雲：“下文始言二十四年，又更有二十六年，則此錯。雲二十六年，衍字也，當是二十年事。”《集解》引徐廣曰：“懷王之二十二年，秦拔宜陽，取武遂，二十三年秦複歸韓武遂，然則已非二十年事矣。”蘇轍《古史》列此於二十二年，《大事記》列此於二十三年，當以二十三年為是。
前306,306,周赧王九年（西元前三0六年）,23,史料,秦、齊、韓、魏、代,蘇秦、齊湣王,遷,甘茂亡秦，且之齊，出關，遇蘇子（《甘茂列傳》作“逢蘇代”，按下文雲：“蘇秦為謂王曰”，蘇子當指蘇秦，司馬遷改為“蘇代”）曰：“君聞夫江上之處女乎？”蘇子曰：“不聞。”曰：“夫江上之處女，有家貧而無燭者，處女相與語，欲去之，家貧無燭者將去矣，謂處女曰：‘妾以無燭故，常先至掃室布席，何愛餘明之照四壁者，幸以賜妾，何妨于處女？妾自以有益於處女，何為去我？’（諸祖耿雲：“以上兩女字上處字，疑涉上下文而衍。”）處女相語以為然而留之。今臣不肖，棄逐于秦而出關，願為足下掃室布席，幸無我逐也。”蘇子曰：“善。請重公于齊。”乃西說秦王曰：“甘茂賢人，非恒士也，其居秦累世矣，自殽塞溪谷（《甘茂列傳》“溪穀”作“鬼穀”，疑有錯誤），地形險易盡知之，彼若以齊約韓、魏，反以謀秦，是非秦之利也。”秦王曰：“然則奈何？”蘇代曰（“蘇代”當為“蘇秦”之誤）：“不如重其贄、厚其祿以迎之，彼來則置之槐谷（《甘茂列傳》“槐穀”作“鬼穀”，疑有錯誤），終身勿出，天下何從圖秦？秦王曰：“善。”與之上卿，以相印迎之齊，甘茂辭不往。蘇秦為謂齊王曰(“齊”字原脫，今從鮑本補。《甘茂列傳》作“蘇代謂齊湣王曰”，姚宏雲：“一作‘蘇代偽謂齊湣王曰’，當系據《甘茂傳》改者。為‘與偽通’。”：“甘茂賢人也，今秦與之上卿以相印迎之，茂德王之賜，故不往，願為王臣。今王何以禮之？王若不留，必不德王。彼以甘茂之賢，得擅用強秦之眾，則難圖也。”齊王曰：“善。”賜之上卿命而處之。（《秦策二》第十二章，《甘茂列傳》此下更有“秦因複甘茂之家以市于齊”一句）
前306,306,周赧王九年（西元前三0六年）,24,考案,秦、齊、燕、代,蘇秦,立、奔,案：策文開首稱蘇子，其後又有“蘇代曰”云云、與“蘇秦為謂王曰”云云。《甘茂列傳》皆作“蘇代”。當以蘇秦之記載較原始。今以《戰國策》、《戰國縱橫家書》中蘇秦史料與《史記》相校，若干原作蘇秦者，史公皆改作蘇代，蓋史公誤以蘇秦死于燕王噲初立時，因而將若干蘇秦之事改作蘇代所為。此條史料亦是如此，《甘茂列傳》已改作蘇代，而《戰國策》尚留有一處作蘇秦，一處已按《史記》改作蘇代。策文較為原始，首言“甘茂亡秦，且之齊，出關，遇蘇子”，甘茂稱：“今臣不肖，棄逐于秦而出關”，而《甘茂列傳》首言“甘茂之亡秦奔齊，逢蘇代。代為齊使于秦”，甘茂稱：“今臣困而君方使秦，當路矣。”
前306,306,周赧王九年（西元前三0六年）,25,史料,秦、齊、韓、魏、代,齊湣王,即位、會、奔,甘茂之亡秦奔齊，逢蘇代。代為齊使于秦。甘茂曰：“臣得罪于秦，懼而遁逃，無所容跡。臣聞貧人女與富人女會績，貧人女曰：‘我無以買燭，而子之燭光幸有餘，子可分我餘光，無損子明而得一斯便焉。’今臣困而君方使秦，當路矣。茂之妻子在焉。願君以餘光振之。”蘇代許諾。遂致使于秦。已，因說秦王曰：“甘茂，非常士也。其居於秦，累世重矣。自般塞及至鬼穀，其地形險易皆明知之。彼以齊約韓、魏反以圖秦，非秦之利也。”秦王曰：“然則奈何？”蘇代曰：“王不若重其贄、厚其祿以迎之，使彼來則置之鬼穀，終身勿出。”秦王曰：“善。”即賜之上卿，以相印迎之于齊，甘茂不往。蘇代謂齊湣王曰：“夫甘茂賢人也。今秦賜之上卿，以相印迎之。甘茂德王之賜，好為王臣，故辭而不往。今王何以禮之？”齊王曰：“善。”即位之上卿而處之。秦因複甘茂之家，以市于齊。（《甘茂列傳》）
前306,306,周赧王九年（西元前三0六年）,26,考案,齊,,會,案：甘茂所述江上貧人女與富人女同燭會績之故事，亦見於《列女傳》卷六，謂齊東海上貧婦人徐吾與鄰婦李吾之屬“會燭相從夜績”云云。
前306,306,周赧王九年（西元前三0六年）,27,史料,秦、齊、楚、趙、吳、鄭、代,蘇秦、秦惠王、秦昭王,伐、攻、立、連橫、稱帝、取,蘇秦始將連橫，說秦惠王曰(“秦惠王”當作“秦昭王”)：“大王之國，西有巴、蜀、漢中之利，北有胡、貉、代馬之用，南有巫山、黔中之限，東有肴、函之固，田肥美，民殷富，戰車萬乘，奮擊百萬，沃野千里，蓄積饒多，地勢形便，此所謂天府，天下之雄國也。以大王之賢，士民之眾，車騎之用，兵法之教，可以並諸侯，吞天下，稱帝而治。願大王少留意，臣請奏其效。”秦王曰：“寡人聞之，毛羽不豐滿者，不可以高飛；文章不成者，不可以誅罰；道德不厚者，不可以使民；政教不順者，不可以煩大臣。今先生儼然不遠千里而庭教之，願以異日。”蘇秦曰：“臣固疑大王之不能用也。昔者神農伐補遂，黃帝伐涿鹿而禽蚩尤，堯伐騅兜，舜伐三苗，禹伐共工，湯伐有夏，文王伐崇，武王伐紂，齊桓任戰而伯天下。由此觀之，惡有不戰者乎？古者使車轂擊（“擊”下原衍“馳”字，從吳師道、金正煒刪。吳師道雲：“《後語》注，結音吉，此古韻協也，下文悉然”），言語相結，天下為一。約從連橫，兵革不藏，文士並飭，諸侯亂惑，萬端俱起，不可勝理。科條既備，民多偽態；書策稠濁，百姓不足；上下相愁，民無所聊；明言章理，兵甲愈起；辯言偉服，戰攻不息；繁稱文辭，天下不治；舌弊耳聾，不見成功；行義約信，天下不親。於是乃廢文任武，厚養死士，綴甲厲兵，效勝於戰場。夫徒處而致利，安坐而廣地，雖古五帝、三王、五伯，明主賢君，常欲坐而致之，其勢不能，故以戰續之（孫詒讓曰：“續古文作賡，從庚貝，古與庚通。《月令》鄭注雲：庚之言更也，言以戰更之也”）。寬則兩軍相攻，迫則杖戟相撞，然後可建大功。是故兵勝於外，義強於內，威立於上，民服於下。今欲並天下，淩萬乘，詘敵國，制海內，子元元，臣諸侯，非兵不可。今之嗣主，忽於至道，皆惽於教，亂於治，迷於言，惑於語，沉於辯，溺於辭。以此論之，王固不能行也。”說秦王書十上而說不納。黑貂之裘弊，黃金百斤盡。資用乏絕，去秦而歸。羸滕履躋，負書擔橐，形容枯槁，面目犁黑（“犁”通“黧”），狀有愧色（“愧”原作“歸”，高誘注：“歸當作愧”，今據改）。歸至家，妻不下紝，嫂不為炊，父母不與言。蘇秦喟然歎曰：“妻不以我為夫，嫂不以我為叔，父母不以我為子，是皆秦之罪也。”乃夜發書，陳篋數十，得《太公陰符》之謀，伏而誦之，簡練以為揣摩，讀書欲睡，引錐自刺其股，血流至踵（“踵”原作“足”，從王念孫據《蘇秦列傳·集解》及《太平御覽》人事部、器物部所引改正），曰：“安有說人主不能出其金玉錦繡，取卿相之尊者乎？”期年揣摩成，曰：“此真可以說當世之君矣。”（《秦策一》第二章，此下敘述蘇秦遊說趙王，趙王大悅，封以為武安君，受相印，於是約縱散橫以抑強秦，當將說楚王路過洛陽時，父母郊迎三十裡，嫂匍匐自跪而謝云云）
前306,306,周赧王九年（西元前三0六年）,28,史料,秦、齊、周,蘇秦,取,蘇秦者，東周雒陽人也。東事師于齊，而習之于鬼谷先生。出遊數歲，大困而歸。兄弟嫂妹妻妾竊皆笑之，曰：“周人之俗，治產業，力工商，逐什二以為務。今子釋本而事口舌，困，不亦宜乎！”蘇秦聞之而慚，自傷，乃閉室不出，出其書遍觀之，曰：“夫士業已屈首受書，而不能以取尊榮，雖多亦奚以為！”於是得《周書陰符》，伏而讀之，期年，以出揣摩，曰：“此可以說當世之君矣。”（《蘇秦列傳》）
前306,306,周赧王九年（西元前三0六年）,29,考案,秦、趙、周、代,蘇秦,,案：《趙策一》第八章記蘇秦說李兌，自稱雒陽乘軒裡蘇秦。《蘇秦列傳》稱蘇秦兄弟三人，“弟曰代，代弟蘇厲”。《索隱》引譙周雲：“秦兄弟五人，秦最少，兄代，代弟厲及辟、鵠，並為遊說之士。”但未見有關辟、鵠之資料。所謂鬼谷先生，不可考，當出偽託。今本《鬼穀子》乃偽作。
前306,306,周赧王九年（西元前三0六年）,30,考案,秦、齊、燕、韓、趙、魏、周、宋,蘇秦、知伯、秦昭王、齊湣王、燕昭王,伐、攻、立、連橫、滅、取,又案：《史》、《策》稱蘇秦先遊說秦王未見用，當是事實。秦昭王元年甘茂由秦亡之齊，出關遇蘇秦，秦為之西說秦王，可知秦之遊說秦王當在此時。所說者為秦昭王，《史》、《策》誤作惠王，以致所說形勢不合于惠王初立時，考辨者因此以為晚出偽託之作。其實不然。篇首稱秦以“連橫”說秦王，亦有誤。其主旨並不在連橫，而是主張“廢文任武”，以武力“並天下，淩萬乘，詘敵國，制海內，子元元，臣諸侯”。如此以為武力可以統一天下而“制海內，子元元”，“子元元”謂愛民如子，此乃兵家言，與《呂氏春秋·振亂》和《蕩兵》等篇類似。蘇秦揣摩之《太公陰符》，亦為兵家言，蓋兵家講究用間諜配合軍事以取勝之著作。《孫子兵法》已有《用間》篇，論述使用間諜之重要及其方法，其結論曰：“昔殷之興也，伊摯在夏（伊摯即伊尹）；周之興也，呂牙在殷（呂牙即太公望）。故惟明君賢將能以上智為間者，必成大功。此兵之要，三軍所恃而動也。”兵家蓋推尊伊尹與太公望為遣使入敵國作間謀而成功之榜樣。此“《太公陰符》之謀”，乃兵家依託太公而講究使用間諜取勝之陰謀策略者。《蘇秦列傳·索隱》雲：“《戰國策》雲得《太公陰符》之謀，則陰符是太公之兵符也。”實乃派出間諜推行陰謀策略之兵符，故而稱為“陰符”。《太公陰符》又稱《周書陰符》，蓋太公為周之大臣，為“周之興”而推行陰謀制勝之策略。亦或簡稱為《周書》。《韓非子·說林上》與《魏策一》第一章同載：知伯索地于魏，任章主張“與之”以驕知伯，如此則知氏之命將不長。任章引《周書》曰：“將欲敗之，必姑輔之；將欲取之，必姑與之。”其後知伯果因此滅亡。王應麟雲：“任章引《周書》豈蘇秦所讀《周書陰符》歟？《老子》之言，范蠡、張良之謀皆出於此。”（《困學紀聞》卷二）。此說目光銳利，蘇秦為間諜之陰謀確從此而來，並得成功。蘇秦嘗與燕昭王訂密約，燕使蘇秦入齊，助齊對付秦而用兵滅宋，齊湣王因封而相之。燕先曾出兵二萬助齊攻宋，後又出兵二萬從齊參與五國伐秦，使齊對燕十分信賴，“虛北地以行其兵”。但燕之陰謀目的，欲使齊疲于滅宋之戰爭，以便聯合秦、趙伐破齊國。《燕策二》第十一章謂齊“興兵伐宋，三覆宋，宋遂舉，燕王聞之絕交于齊，率天下之兵以伐齊，大戰一，小戰再，頓齊國，成其名，故曰：因其強而強之，乃可折也，因其廣而廣之，乃可缺也”。此四句結論，與上引《周書》四句，用意基本相同。蘇秦以間諜罪而被“車裂”於市，而蘇秦之間諜行為得到成功。因而一九七二年山東臨沂銀雀山漢墓出土《孫子兵法》竹簡，在“周之興也，呂牙在殷”二句之後，新加“燕之興也，蘇秦在齊”二句。
前306,306,周赧王九年（西元前三0六年）,31,史料,秦、齊、楚、韓、趙、魏、中山、代,趙武靈王,,〔趙武靈王〕二十年王略中山地，至寧葭。西略胡地，至榆中，林胡王獻馬。歸，使樓緩之秦，仇液之韓，王賁之楚，富丁之魏，趙爵之齊。代相趙固主胡，致其兵。（《趙世家》）
前306,306,周赧王九年（西元前三0六年）,32,考案,秦、齊、楚、趙、魏、周、宋,秦昭王、趙武靈王,,案：樓緩、仇液、王賁、富丁、趙爵，乃趙武靈王時主持外交之大臣，樓緩嘗贊趙武靈王胡服騎射以教百姓，為親秦之外交大臣。《趙策三》第五章稱“樓緩欲以趙合秦楚”，秦昭王十年樓緩入秦為相。仇液即仇赫，《穰侯列傳》稱“趙人樓緩來相秦，趙不利，乃使仇液之秦，請以魏冉為秦相”。《索隱》雲：“《戰國策》作仇郝，蓋是一人而記別也。”《正義》雲“音亦”。蓋液、郝聲近通用。仇郝亦作仇赫。《東周策》第十九章或人謂周冣曰：“仇赫之相宋，將以觀秦之應趙、宋，敗三國。”《趙策三》第五章，稱“富丁欲以趙合齊、魏”。蓋趙臣之親齊、魏者。《趙策三》第六章謂“魏因富丁且合于秦”。是富丁在魏又嘗合秦、魏之交。王賁、趙爵之事無可考。
前306,306,周赧王九年（西元前三0六年）,33,考案,秦、趙、魏、代,趙武靈王,攻、卒,又案：榆中在秦上郡之北，北河之南，在今陝西榆林縣以北，原為林胡之地，故趙武靈王“西略胡地至榆中，林胡王獻馬以示歸附”。《水經·河水注》雲：“河水又南，諸次之水入焉：……其水東徑榆林塞，世又謂之榆林山，即《漢書》所謂榆溪舊塞者也。自溪西去，悉榆柳之藪矣，緣曆沙陵，屆龜茲縣西去，故謂廣長榆也。王恢雲樹榆為塞，謂此矣。蘇林以為榆林在上郡，非也。考龜茲縣在今陝西榆林縣北，可知榆林縣以北地區，即是榆林，蓋以廣大榆柳之林而得名，猶如魏國南北有因森林所在而地名林者，亦或稱為林中。榆中原為胡人放牧之榆林地帶，林胡當即因此得名。”《趙世家》惠文王十六年蘇厲遺趙王書曰：“秦之上郡近挺關，至於榆中者千五百里。”《趙策三》第九章“挺關”作“扞關”，《戰國縱橫家書》第二十一章又作“麋關”。程恩澤曰：“以地形考之，當在今陝西膚施縣一帶。”在今榆林縣南。此關即上郡與榆中之交界。王破原陽，以為騎邑。牛贊進諫曰：“國有固籍，兵有常經，變籍則亂，失經則弱。今王破原陽以為騎邑，是變籍而棄經也。且習其兵者輕其敵，便其用者易其難。今民便其用而王變之，是損君而弱國也（損，姚注：“一作捐”）。故利不百者不變俗，功不什者不易器。今王破卒散兵以奉騎射，臣恐其攸獲之利（“攸”原作“攻”，今從金正煒改正），不如所失之費也。”王曰：“古今異利，遠近易用。陰陽不同道，四時不一宜。故賢人觀時而不觀于時，制兵而不制於兵。子知官府之籍，不知器械之利；知兵甲之用，不知陰陽之宜；故兵不當于用，何兵之不可易？教不便於事，何俗之不可變？昔者先君襄主與代交地，城境封之，名曰無窮之門，所以昭後而期遠也。今重用修兵（“修”原作“循”，姚注“循一作修”，今據改），不可逾險，仁義道德，不可以來朝。吾聞信不棄功，知不遺時。今子以官府之籍，亂寡人之事，非子所知。”牛贊再拜，稽首曰：“臣敢不聽令乎？”王遂胡服（“王”原作“至”，姚注“集，劉作王”，鮑本亦作“王”，今據改）。出於遺遺之門，逾九限之固，絕五陘之險，至榆中，辟地千里。（《趙策二》第七章）
前306,306,周赧王九年（西元前三0六年）,34,考案,秦、趙、代,趙武靈王,攻、取,案：原陽在今內蒙古呼和浩特市東南，為秦、漢雲中郡屬縣，在雲中東北。武靈王破原陽以為騎邑。鮑注謂騎邑騎士所居，蓋用作訓練騎射之地。胡貉之族善尚騎射，趙武靈王欲以騎兵為主力，方能攻取榆中而辟地千里。《趙世家》稱是年“西略胡地，至榆中，林胡王獻馬”，又稱“代相趙固主胡，致其兵”。蓋林胡王獻馬表示歸附，由代相趙固主管之而收編其兵，從而增強趙之兵力。
前305,305,周赧王十年（西元前三0五年）,1,史料,秦、齊、楚、燕、韓、趙、魏,秦昭王、齊宣王、燕昭王、趙武靈王、楚懷王,,秦昭王二年，魏襄王十四年，韓襄王七年，趙武靈王二十一年，齊宣王十五年，楚懷王二十四年，燕昭王七年。
前305,305,周赧王十年（西元前三0五年）,2,史料,秦、魏,秦昭王,,[秦昭王]二年，彗星見。庶長壯與大臣、諸公子為逆，皆誅。及惠文後皆不得良死。悼武王后出歸魏。（《秦本紀》，“諸”下原衍“侯”字，今從“古鈔本”刪去）
前305,305,周赧王十年（西元前三0五年）,3,考案,秦,,會,案：《秦本紀》“諸”下原有“侯”字，《史記會注考證》雲：“古鈔本無‘侯’字。”《資治通鑒》作“諸公子”，亦無“侯”字。《穰侯列傳·索隱》與《集解》引《秦本紀》皆無“諸侯”二字。可知“侯”為衍文。諸侯未參與此次內亂。
前305,305,周赧王十年（西元前三0五年）,4,史料,秦,秦昭王,,秦昭王二年彗星見。季君為亂，誅。（《六國表》，“季”原誤作“桑”，今從《穰侯列傳·集解》徐廣引《年表》改正）
前305,305,周赧王十年（西元前三0五年）,5,史料,秦、魏、衛,,即位、滅,[秦]昭王即位，以冉（魏冉）為將軍，衛咸陽。誅季君之亂，而逐武王后出之魏，昭王諸兄弟不善者皆滅之，威振秦國。昭王少，宣太后自治，任魏冉為政。（《穰侯列傳》）
前305,305,周赧王十年（西元前三0五年）,6,史料,秦,,殺,秦內亂，殺其太后及公子雍、公子壯。（《穰侯列傳·索隱》引《紀年》）
前305,305,周赧王十年（西元前三0五年）,7,史料,秦、魏,,,[魏哀王](當作襄王)十四年秦來歸武王后。(《魏世家》，《六國表》同)
前305,305,周赧王十年（西元前三0五年）,8,考案,秦、魏、周,秦昭王,立、殺,案：秦武王死後無子，秦諸公子爭奪君位，內亂持續，首尾三年。至是年，秦昭王母宣太后之弟魏冉，以將軍名義，殺死武王母惠文後以及大臣、諸公子，擁立昭王成功，並逐武王后出歸魏。已明辨在周赧王八年案語中。
前305,305,周赧王十年（西元前三0五年）,9,史料,秦、齊、楚,秦昭王、楚懷王,立、賂,[楚懷王]二十四年倍齊而合秦。秦昭王初立，乃厚賂于楚。楚往迎婦。（《楚世家》）
前305,305,周赧王十年（西元前三0五年）,10,史料,秦、楚,楚懷王,,楚懷王二十四年秦來迎婦。（《六國表》）
前305,305,周赧王十年（西元前三0五年）,11,考案,秦、齊、楚、周,秦昭王、楚懷王,,案：《屈原列傳》雲：“時秦昭王與楚婚。”可知秦所迎楚婦，即昭王后。《甘茂列傳》雲：“齊使甘茂于楚，楚懷王新與秦合婚而歡。”《集解》徐廣曰：“昭王二年時迎婦于楚。”《楚世家》作“楚往迎婦”，疑為“秦往迎婦”之誤。黃式三《周季編略》作“楚迎婦于秦，秦迎婦于楚”，未必可信。
前305,305,周赧王十年（西元前三0五年）,12,史料,秦、齊、楚,楚懷王,,齊使甘茂于楚，楚懷王新與秦合婚而歡。而秦聞甘茂在楚，使人謂楚王曰：“願送甘茂于秦。”（《甘茂列傳》）
前305,305,周赧王十年（西元前三0五年）,13,史料,秦、楚、韓、越、蔡,張儀,立、取,楚王問于範環曰(《甘茂列傳》“範環”作“範蜎”)，《韓非子·內儲說下》又作“幹象”)：“寡人欲置相于秦，孰可？”對曰：“臣不足以知之。”王曰：“吾相甘茂可乎？”範環對曰：“不可。”王曰：“何也？”曰：“夫史舉，上蔡之監門也(《甘茂列傳》“上蔡”作“下蔡”，《韓非子》亦作“上蔡”)。大不如事君，小不如處室，以苛廉聞于世，甘茂事之順焉。故惠王之明，武王之察，張儀之好譖(《甘茂列傳》《韓非子》“好譖”皆作“辯”)，甘茂事之，取十官而無罪，茂誠賢者也。然而不可以相秦。秦之有賢相，非楚國之利也。且王嘗用召滑於越(“滑”上原無“召”字，今從《甘茂列傳》補，《韓非子》作“邵滑”)，而納句章、昧之難(《甘茂列傳》作“而內行章義之難”)，越亂，故楚南察瀨胡而野江東(《甘茂列傳》作“故楚南塞厲門而郡江東”。《韓非子》無以上四句，而作“前時王使邵滑之越，五年而能亡越”)。計王之功，所以能如此者，越亂而楚治也。今王以用之於越矣，而忘之于秦，臣以為王钜速忘矣(《甘茂列傳》作“臣以王為钜過矣”，《韓非子》作“不亦太亟亡乎？”“亡”通“忘”)。王若欲置相于秦，若公孫郝者可(《甘茂列傳》作“則莫若向壽可。”《韓非子》作“不如相共立”，“共立”當為“赫”字之誤)，夫公孫郝之于秦王(《甘茂列傳》“公孫郝”作“向壽”，《韓非子》誤作“共立”)，親也，少與之同衣，長與之同車，被王衣以聽事，真大王之相已。王相之，楚國之大利也。”(《楚策一》第十六章，《甘茂列傳》《韓非子·內儲說下》大體相同。末句《韓非子》作“且利以亂秦矣”)
前305,305,周赧王十年（西元前三0五年）,14,考案,韓,,,案：《甘茂列傳》“範蜎”，《集解》徐廣曰：“一作環”，《索隱》雲：“《戰國策》一作蝝字。”《策》文正作“環”，《韓非子》又作“幹象”。“象”當為“彖”字之誤。蜎、象聲同，蜎之作環，則又聲之轉，亦猶環淵或作蜎淵也。
前305,305,周赧王十年（西元前三0五年）,15,史料,秦、楚、魏,楚懷王,卒,[楚懷王]於是使使請秦相向壽于秦，秦卒相向壽。而甘茂竟不得複入秦，卒于魏。（《甘茂列傳》敘述于范蜎對答楚懷王“欲置相于秦”之後）
前305,305,周赧王十年（西元前三0五年）,16,考案,秦、楚、韓、魏、代,秦昭王、楚懷王,立、奔,案：《穰侯列傳》稱宣太后弟魏冉，“誅季君之亂”而“立昭王”，“威振秦國。昭王少，宣太后自治，任魏冉為政。”《甘茂列傳》記蘇代對向壽曰：“王之愛習公也，不如公孫奭；其智能公也，不如甘茂。今二人者皆不得親于秦事，而公獨與王主斷于國者何？彼有以失之也。公孫奭党于韓，而甘茂党于魏，故王不信也。”可知在甘茂出亡以前，向壽已與昭王主斷于國。武王時樗裡疾與甘茂為左右丞相。昭王元年甘茂出奔，樗裡疾單獨為相。故《秦本紀》雲：“嚴君疾為相，甘茂出之魏。”向壽者，宣太后外族，宣太后楚人，是年秦昭王又與楚婚，迎婦于楚，向壽於是由於楚懷王之推薦，得補甘茂之缺。此後即不見樗裡疾用事。蓋疾已虛擁相名，國事已由宣太后自治，而命魏冉、向壽任事矣。
前305,305,周赧王十年（西元前三0五年）,17,史料,秦,秦昭王,攻,[秦昭王]二年攻皮氏。（秦簡《編年記》）
前305,305,周赧王十年（西元前三0五年）,18,考案,秦、魏,,攻、拔,案：皮氏為河西通往河東之橋頭堡，自秦武王四年以來，秦屢次進攻，魏堅守未拔。
前305,305,周赧王十年（西元前三0五年）,19,史料,趙、中山、代,趙武靈王,攻、取,[趙武靈王]二十一年攻中山，趙袑為右軍，許鈞為左軍，公子章為中軍，王並將之。牛翦將車騎，趙希並將胡、代。趙與之陘，合軍曲陽，攻取丹邱、華陽、鴟之塞。王軍取鄗、石邑、封龍、東垣，中山獻四邑請和，王許之，罷兵。（《趙世家》）
前305,305,周赧王十年（西元前三0五年）,20,考案,趙,,,案：“趙與之陘”，《集解》徐廣曰：“一作陸，又作陘，或宜言趙與之陘，陘者山絕之名。”《正義》“陘音荊，陘，陘山也，在並州陘縣東南十八裡”。《集解》徐廣曰：“華一作爽”，“鴟一作鴻”。
前305,305,周赧王十年（西元前三0五年）,21,史料,秦、楚、魏、晉,,,管鼻(當作樓鼻)之令翟強與秦事。謂魏王曰：“鼻之與強，猶晉人之與楚人也。晉人見楚人之急，帶劍而緩之，楚人惡其緩而急之，今鼻之入秦之傳舍(“今”原作“令”，從鮑本改正)，舍不足以舍之。強之入，無蔽于秦者。強，王貴臣也，而秦若此其甚，安可？”（《魏策四》第十四章）
前305,305,周赧王十年（西元前三0五年）,22,史料,秦、齊、楚、魏,,,魏相翟強死，為甘茂謂楚王曰：“魏之幾相者，公子勁也。勁也相魏，魏、秦之交必善。秦、魏之交完，則楚輕矣。故王不如與齊約，相甘茂于魏。齊王好高人以名，今為其行人請魏之相，齊必喜，魏氏不聽，交惡于齊，齊、魏之交惡，必爭事楚。魏氏聽，甘茂與樗裡疾，貿首之仇也，而魏、秦之交必惡，又交重楚也。”（《楚策二》第一章）
前305,305,周赧王十年（西元前三0五年）,23,考案,秦、齊、楚、魏、周,張儀,圍、連橫、取、奔,案：魏相翟強死，有人為甘茂說楚王，請王與齊約，推薦甘茂為魏相，並稱甘茂為齊之行人，並謂“魏氏聽，甘茂與樗裡疾，貿首之仇也，而魏、秦之交必惡”。可知其時甘茂已奔齊，而樗裡疾尚為秦之丞相，是則翟強為魏相必在此年以前。《魏策三》第十一章記秦圍魏皮氏時，魏太子在楚，有人請樗裡疾曰：“魏王之所恃者，齊、楚也；所用者樓膺、翟強也。”又雲：“翟強欲合齊、秦外楚，以輕樓膺；樓膺欲合秦、楚外齊，以輕翟強。”可知此時魏重用之大臣翟強與樓膺皆主以魏合秦，服從于秦之連橫策略，但翟強主以魏合秦、齊而外楚，樓膺主以魏合秦、楚而外齊。《魏策四》第二十章載：“周取善齊，翟強善楚，二子者欲傷張儀于魏。”據此可知當張儀挾秦勢為魏相時，翟強已仕于魏，乃魏臣中之善楚者。
前304,304,周赧王十一年（西元前三0四年）,1,史料,秦、韓、趙、魏,秦昭王、趙武靈王,,秦昭王三年，魏襄王十五年，韓襄王八年，趙武靈王二十二年，
前304,304,周赧王十一年（西元前三0四年）,2,史料,齊、楚、燕,齊宣王、燕昭王、楚懷王,,齊宣王十六年，楚懷王二十五年，燕昭王八年。
前304,304,周赧王十一年（西元前三0四年）,3,史料,秦、楚,秦昭王,會,[秦昭王]三年王冠，與楚王會黃棘，與楚上庸。（《秦本紀》）
前304,304,周赧王十一年（西元前三0四年）,4,史料,秦、楚,秦昭王、楚懷王,盟、會,[楚懷王]二十五年懷王入與秦昭王盟，約于黃棘，秦複與楚上庸。（《楚世家》，《六國表》作“與秦王會黃棘，秦複歸我上庸”）
前304,304,周赧王十一年（西元前三0四年）,5,史料,秦、楚、鄭,,伐、圍,楚吾得帥師及秦伐鄭，圍綸氏。（《水經·伊水注》引《紀年》，《後漢書·黃瓊傳》注引《紀年》作“楚及秦伐鄭綸氏”，《太平寰宇記》卷四西京潁陽縣引《紀年》作“楚及秦伐鄭，圍綸氏”。《路史·後紀》卷十三下注引《紀年》作“楚吾得及秦師伐鄭，圍綸”）
前304,304,周赧王十一年（西元前三0四年）,6,史料,楚、周,,,楚兵在山南，吾得將，為楚王屬怒于周（鮑本“怒”作“怨”）。或謂周君曰：“不如令太子將軍正，迎吾得於境，而君自郊迎，令天下皆知君之重吾得也，因泄之楚，曰：‘周君所以事吾得者，器名曰某’，楚王必求之，而吾得無效也，王必罪之。”（《西周策》第七章）
前304,304,周赧王十一年（西元前三0四年）,7,考案,秦、齊、楚、韓、魏、晉、周,秦昭王,伐、圍、立、盟、會、賂,案：《水經注》引此條《紀年》，未記年。雷學淇《考訂竹書紀年》、《竹書紀年義證》列于魏襄王十五年；朱右曾《汲塚紀年存真》從之。《義證》雲：“《戰國策·周策》曰：楚師在山南，吾得將，為楚王屬怨于周。……《楚世家》曰：懷王二十年合齊而善韓，二十四年倍齊而合秦。秦昭王初立，乃厚賂于楚，楚往迎婦。二十五年懷王入與秦昭王盟，約于黃棘，秦複與楚上庸，據《策》記諸說與《紀年》皆符，蓋此時秦、楚複合，故同往伐韓也。”余按雷說甚是。《紀年》謂吾得率楚師會合秦師伐韓，圍綸氏。綸氏在今河南伊川縣與登封縣之中間，正當緱氏、鑲鑲諸山之南，故《西周策》雲：“楚兵在山南”，高誘注：“在周之山南也。”今本《紀年》系此條于周顯王三十五年，不當。余知古《渚宮舊事》三：“張何謂吾得曰：何能令公貴于三柱國，請為公說王曰：吾得出于晉國，好廉而善劍，不如使其掌客。”遂言于懷王，王從之。”當即此吾得。
前304,304,周赧王十一年（西元前三0四年）,8,史料,鄭,,救,翟章救鄭，次於南屈。（《水經·河水注》引《紀年》，《漢書·地理志注》與《太平寰宇記》卷四十八慈州、《路史·國名紀戊》引《紀年》同）
前304,304,周赧王十一年（西元前三0四年）,9,考案,秦、楚、鄭,,伐、圍,案：諸書引《紀年》，未記何年。雷學淇以為與“楚吾得帥師及秦伐鄭，圍綸氏”為一時事。朱右曾從之。
前304,304,周赧王十一年（西元前三0四年）,10,史料,秦,秦昭王,,奢延水又東，徑膚施縣南，秦昭王三年置上郡治。（《水經##### 河水注》）
前304,304,周赧王十一年（西元前三0四年）,11,考案,秦、趙、魏、周、中山,秦昭王,滅、遷,案：《秦本紀》稱秦惠文王十年“魏納上郡十五縣”。《魏世家》作“魏盡入上郡于秦”。可知二十四年前秦已有魏之上郡。此後秦不斷擴大上郡割境。但此時膚施尚未為秦所有。《趙世家》稱惠文王三年“滅中山，遷其王于膚施”。趙惠文王三年當秦昭王十一年，可知此時膚施尚為趙地。《水經注》“秦昭王三年”當為“十三年”之誤，說詳周赧王二十年案語中。
前304,304,周赧王十一年（西元前三0四年）,12,史料,秦,,,三年漆工配、丞詘造，工隸臣牟。禾石，高奴。（高奴禾石銅權正面所鑄凸起陽文，反面加刻秦始皇二十六年詔書及“高奴石”三字，其後加刻秦二世元年詔書，見陝西省博物館《西安市西郊高寨村出土秦高奴銅石權》，刊於《文物》一九六四年第九期）
前304,304,周赧王十一年（西元前三0四年）,13,考案,秦,秦昭王,滅,案：此權一九六四年出土于西安阿房宮遺址。禾石，謂稱粟所用，重一石。高奴在今陝西延安東北。當年鑄造發給高奴使用，始皇二十六年嘗調回檢定，秦二世又加檢定，未及發還而秦滅亡，故權留阿房宮。此權可能造于秦昭王三年，或莊襄王三年，或秦始皇三年，或以“三”上有缺字，乃秦昭王十一年或卅一年。據實測，一石一百二十斤，重三○七五○克，折算每斤合二五八點三克。據此可知秦之衡制確實長期沿用而未變，蓋歷經朝廷檢校之結果。
前304,304,周赧王十一年（西元前三0四年）,14,史料,秦、齊、楚、燕、韓、趙、魏,秦昭王、齊宣王、燕昭王、趙武靈王、楚懷王,,秦昭王四年，魏襄王十六年，韓襄王九年，趙武靈王二十三年，齊宣王十七年，楚懷王二十六年，燕昭王九年。
前304,304,周赧王十一年（西元前三0四年）,15,史料,秦、韓,,取,[韓襄王]九年秦複取我武遂。（《韓世家》，《六國表》作“秦取武遂”）
前304,304,周赧王十一年（西元前三0四年）,16,史料,秦、魏、晉,,拔,魏哀王（當作襄王）十六年秦拔我蒲阪、晉陽、封陵。（《六國表》，《魏世家》蒲阪作蒲反。“晉陽”作“陽晉”。《索隱》引《紀年》作“晉陽、封穀”)
前304,304,周赧王十一年（西元前三0四年）,17,史料,秦,秦昭王,取,[秦昭王]四年取蒲阪。（《秦本紀》）
前304,304,周赧王十一年（西元前三0四年）,18,史料,秦,秦昭王,攻,[秦昭王]四年攻封陵。（秦簡《編年記》）
前304,304,周赧王十一年（西元前三0四年）,19,考案,晉,,,案：《紀年》之封谷即是封陵，即今山西永濟縣南封陵渡。蒲阪、晉陽、封陵皆為河西通往河東之重要渡口，為軍事上必爭之地。
前304,304,周赧王十一年（西元前三0四年）,20,史料,秦、齊、楚、韓、魏,楚懷王,攻、救,[楚懷王]二十六年齊、韓、魏為楚負其從親而合于秦，三國共攻楚，楚使太子入質于秦而請救。秦乃遣客卿通將兵救楚，三國引兵去。（《楚世家》，《六國表》亦雲：“太子質秦。”）
前304,304,周赧王十一年（西元前三0四年）,21,史料,秦、齊、楚,蘇秦,伐、攻,薛公相齊也(“齊”原誤作“脊”)，伐楚九歲，功(通“攻”)秦三年。（《戰國縱橫家書》八《蘇秦謂齊王章》）
前304,304,周赧王十一年（西元前三0四年）,22,史料,秦、齊、楚、韓、魏、周、代,,攻、取,薛公以齊為韓、魏攻楚，又與韓、魏攻秦，而藉兵乞食於西周。韓慶為西周謂薛公曰（《孟嘗君列傳》作“孟嘗君怨秦，將以齊為韓、魏攻楚，因與韓、魏攻秦，而借兵食於西周。蘇代為西周謂曰》：“君以齊為韓、魏攻楚，九年取宛、葉以北，以強韓、魏，今又攻秦以益之。……”（《西周策》第一章，《孟嘗君列傳》大體相同）
前304,304,周赧王十一年（西元前三0四年）,23,考案,秦、齊、楚、燕、韓、魏、周、宋、代,蘇秦、齊宣王、齊湣王、燕昭王、楚懷王,伐、攻、立、滅、取、殺,案：“薛公以齊為韓、魏攻楚”，鮑彪注：“楚懷王二十六年齊、韓、魏攻楚，此[週報王]十二年也。”“又與韓、魏攻秦”，鮑彪注：“此[週報王]十七年也。”梁玉繩雲：“時為報王十七年，齊與韓、魏攻秦，而齊於前三年共秦、韓、魏攻楚，於前五年與韓、魏伐楚，則言九年非也，取宛、葉亦妄。”今按：《楚世家》言楚懷王二十六年齊、韓、魏為楚負其從親而合于秦，三國共攻秦，當為孟嘗君所主持。《荀子·王霸》篇稱齊閔、薛公“用強齊……故強南足以破楚，西足以詘秦，北足以敗燕，中足以舉宋”。以“破楚”為齊湣王孟嘗君所主持，蓋孟嘗君已相齊而用事。《戰國縱橫家書》八《蘇秦謂齊王章》開首即雲：“薛公相齊也，伐楚九歲，攻秦三年，欲以殘宋，取淮北。”《西周策》亦謂“薛公以齊為韓、魏攻楚……韓慶為西周謂薛公曰：‘君以齊為韓、魏攻楚，九年取宛、葉以北，以強韓、魏。’”《孟嘗君列傳》同，惟作“蘇代為西周謂曰”。所謂“伐楚九歲”，或“攻楚九年”，“九”皆“五”字之訛。《燕策一》第八章記蘇代見燕昭王（今本誤作燕王噲）曰：“今夫齊王，長主也，而自用也，南攻楚五年，畜積散，西困秦三年，民憔瘁，士罷弊，北與燕戰，覆三軍，獲二將，而又以其餘兵，南面而舉五千乘之勁宋而包十二諸侯。”可知齊合韓、魏之師，嘗連年出戰，先破楚，再困秦，更敗燕軍，又滅宋。楚懷王二十六年即齊宣王十七年，三國共攻楚；楚懷王二十八年即齊湣王立年，大敗楚而殺楚將唐昧；至楚懷王三十年即齊湣王二年，孟嘗君入秦為相，首尾共五年，齊正合韓、魏用力于攻楚，皆由孟嘗君即薛公主其事。蓋孟嘗君于齊宣王晚年已為齊相而執政矣。
前304,304,周赧王十一年（西元前三0四年）,24,史料,齊、韓,,,齊王問于文子曰：“治國何如？”對曰：“夫賞罰之為道，利器也。君固握之，不可以示人。如臣者，猶獸鹿也，唯薦草而就。”（《韓非子·內儲說上》）
前304,304,周赧王十一年（西元前三0四年）,25,考案,齊,,,案：文子當即孟嘗君，齊王問以治國，當在其初為相國時。據此，孟嘗君殆亦嘗聞申不害學說之餘緒者。
前304,304,周赧王十一年（西元前三0四年）,26,史料,秦、齊,秦昭王,,孟嘗君為從，公孫弘謂孟嘗君曰：“君不若使人西觀秦王，意者，秦王帝王之主也，君恐不得為臣，何暇從以難之？意者秦王不肖主也，君從而難之，未晚也。”孟嘗君曰：“善，願因請公往矣。”公孫弘敬諾，以車十乘之秦，秦昭王聞之，而欲醜之以辭（《齊策四》“醜”作“媿”，“媿”即“醜”字，鮑本作“愧”。《齊策》高誘注“醜或作恥”），以觀公孫弘。公孫弘見昭王，昭王曰：“薛之地大小幾何？”公孫弘對曰：“百里。”昭王笑曰：“寡人之國地數千里，猶未敢以有難也。今孟嘗君之地方百里，而因欲以難寡人，猶可乎？”公孫弘對曰：“孟嘗君好士，大王不好士。”昭王曰：“孟嘗君之好士，臣亦善士也。”士何如？”公孫弘曰：“義不臣乎天子，不友乎諸侯，得意則不慚為人君，不得意則不肯為人臣，如此者三人。能治可為管、商之師，說義聽行，其能致主霸王，如此者五人。萬乘之嚴主，辱其使者，退而自刎也，必以血污其衣，有如臣者七人（《齊策》作“十人”）。昭王笑而謝焉，曰：“客胡為若此，寡人善孟嘗君，欲客之必謹喻寡人之意也。”公孫弘敬諾。（《呂氏春秋·不侵》，《齊策四》第二章同）
前304,304,周赧王十一年（西元前三0四年）,27,考案,秦、齊、韓、魏、周,秦昭王、齊湣王,攻、立、合縱,案：《呂氏春秋·不侵》敘記此事之後，評論曰：“公孫弘可謂不侵矣。昭王，大王也；孟嘗君，千乘也；立千乘之義而不可淩，可謂士矣。”《齊策二》亦有相同評論，惟“可謂士矣”作“可謂足使矣”。可知《齊策》乃依據《呂氏春秋》而輯入。孟嘗君以齊相而主謀合縱攻秦，秦昭王接見其使公孫弘，欲醜之以辭，不以齊與秦相提並論，而以孟嘗君封邑薛與秦相比。其實，孟嘗君未嘗以薛之封邑為主而主謀合縱。《呂氏春秋》之評論以孟嘗君之千乘與昭王之大王相比，仍沿用昭王醜公孫弘之辭。鮑彪因此謂事在孟嘗君于齊襄王初年中立為諸侯時，並不恰當。今案：孟嘗君于齊湣王二年入秦為相，次年回齊，又以齊合韓、魏而攻秦入函谷關，迫使秦歸還韓河外及武遂，歸還魏河外及封陵。當齊襄王初年，孟嘗君當已熟知秦昭王之為人，孟嘗君使使入秦觀昭王之為人，必在昭王新立不久、孟嘗君未入秦為相前。黃式三《周季編略》列此于週報王十三年，其說近是。余謂當在週報王十一年昭王成年舉行冠禮而親理政務之後，是時孟嘗君為齊相而主謀合縱，因而特遣公孫弘入秦見昭王而觀察之。
前304,304,周赧王十一年（西元前三0四年）,28,史料,趙、中山,趙武靈王,攻,[趙武靈王]二十三年攻中山。（《趙世家》）
前304,304,周赧王十一年（西元前三0四年）,29,史料,齊、燕、韓、魯,齊湣王,卒、立,[魯平公]二十二年（下“二”字衍）平公卒，子賈立，是為文公。（“文”當作“閔”，《魯世家》作“閔公”，《索隱》引《世本》作“湣公”，《漢書·古今人表》作“湣公”，《律曆志》作“緡公”）案：文公《索隱》雲：“《世本》作湣公，鄒誕亦同。《世家》或作文公。”《漢書·古今人表》作魯湣公，注雲：“平公子。”《漢書·律曆志》作“緡公”。“湣”、“湣”、“緡”，俱音同通用，則《世家》“文公”必為“閔公”之缺誤。猶《燕世家》湣公，《索隱》引《世本》作閔公，而引《紀年》誤作文公。《韓非子·內儲說上》齊湣王，《太平御覽》五百十一亦誤作文王。
前304,304,周赧王十一年（西元前三0四年）,30,考案,秦、楚、魯,秦惠王、楚懷王,卒、即位、拔,又案：平公《六國表》作十九年，《漢書·律曆志》作二十年，證以《魯世家》“文公七年楚懷王死于秦”，則二十年之說是也。今本《魯世家》作“二十二年”，蓋誤衍下“二”字。武內義雄《六國表訂誤》亦從《漢志》之說，並謂“《漢志》雲平公《世家》即位二十年，此《世家》即指《魯世家》”。而錢穆又辨之曰：“餘讀《漢志》《世家》煬公即位六十年”，而今《史記·魯世家》煬公僅六年，又雲：“獻公即位五十年”，而今《魯世家》獻公僅三十二年，又武公“《世家》即位二年”，而今《魯世家》作九年，則《漢志》所稱《世家》自別有據，非即《史記》之《魯世家》，又可見矣。今證《魯世家》平公二十二年乃二十年之誤者，即據《魯世家》本文“平公十二年秦惠王卒”、“文公七年楚懷王死于秦”，兩語合算已定。至漢《志》之魯平公二十年，僅足為其旁證，不得謂《漢志》本《魯世家》也。又雲：“據本文秦惠王卒楚懷王死兩語對勘，非文公五年楚懷王死，即平公二十年而卒，《世家》兩語，必有一誤。證之於其下頃公二年秦拔郢一條，知定誤在平公也。”（《先秦諸子系年》第四六八至四六九頁）其說至是。余考楚懷王之死，《史記》本誤後三年，實當魯閔公之四年耳。
前304,304,周赧王十一年（西元前三0四年）,31,史料,秦、楚、魏、晉、周、鄭、蔡,,圍,城渾出周，三人偶行，南游于楚，至於新城。城渾說其令曰：“鄭、魏者，楚之耎國（“耎”與“軟”通，弱也），而秦，楚之強敵也。鄭、魏之弱，而楚以上樑應之（金正煒雲：“上樑疑當作上蔡”），宜陽之大也，楚以弱新城圍之（“圍”原作“圍”，從金正煒、於鬯改正）。蒲反、平陽相去百里（於鬯以為“平陽”當作“安邑”，非是。“平陽”乃“晉陽”之誤，晉陽即陽晉），秦人一夜而襲之，安邑不知；新城、上樑相去五百里，秦人一夜而襲之，上樑亦不知也。今邊邑之所恃者，非江南、泗上也，則楚王何不以新城為主郡也？邊邑甚利之。”新城公大說，乃為具駟馬乘車五百金之楚，城渾得之，遂南交于楚，楚王果以新城為主郡。（《楚策一》第十三章）
前304,304,周赧王十一年（西元前三0四年）,32,考案,秦、楚、韓、魏、晉、周、鄭、蔡,,攻、拔,案：城渾說楚以新城為主郡，以禦秦之宜陽，則新城建郡必在周赧王八年秦得韓宜陽後、周赧王十五年秦拔楚新城之前。新城在今河南伊川縣西南，正當宜陽之東南。楚於新城設郡防守，可以防備秦從宜陽進攻。上樑，張琦以為即南梁。南梁在今河南臨汝縣西，若楚在南梁設郡，僅能用以防韓，不能用以防韓、魏兩國，此與“鄭、魏之弱，而楚以上樑應之”不合。且新城與南梁相距不過百里，又與“新城、上樑相去五百里”不合。金正煒疑“上樑”是“上蔡”之誤。《楚世家》楚頃襄王十八年楚人有以弋射進說楚王者，雲：“王朝張弓而射魏之大樑之南，加其右臂而徑屬之于韓，則中國之路絕而上蔡之郡壞矣。”上蔡之郡此時屬於楚，正用防韓、魏。新城與上蔡之間相距約五百里。至於“蒲反、平陽相去百里，秦人一夜而襲之，安邑不知”，當指周赧王十二年秦拔魏蒲阪、晉陽、封陵之事。“平陽”當即“晉陽”之誤。晉陽即陽晉，在封陵之北。此言蒲阪、晉陽、封陵等地，不過相距百里，是時魏以安邑為主郡，蒲阪等地皆屬之，但當秦人突然襲擊時，安邑尚不知也。據此可知，是時魏以安邑為主郡用以防秦；楚以上蔡為主郡，用以防韓、魏。又新設新城為主郡，用以防秦從宜陽進攻。
前304,304,周赧王十一年（西元前三0四年）,33,史料,秦、周,秦昭王,,秦昭王四年彗星見。（《六國表》，《秦本紀》同）周赧王十三年（西元前三0二年）
前304,304,周赧王十一年（西元前三0四年）,34,史料,秦、韓、趙、魏,秦昭王、趙武靈王,,秦昭王五年，魏襄王十七年，韓襄王十年，趙武靈王二十四年，
前304,304,周赧王十一年（西元前三0四年）,35,史料,齊、楚、燕,齊宣王、燕昭王、楚懷王,,齊宣王十八年，楚懷王二十七年，燕昭王十年。
前304,304,周赧王十一年（西元前三0四年）,36,史料,秦、楚,楚懷王,殺,[楚懷王]二十七年秦大夫有私與楚太子鬥，楚太子殺之而亡歸。（《楚世家》）
前304,304,周赧王十一年（西元前三0四年）,37,史料,秦、魏,,,[秦昭襄王]五年魏王來朝應亭，複與魏蒲阪。（《秦本紀》，《六國表》作“魏王來朝”）
前304,304,周赧王十一年（西元前三0四年）,38,史料,秦、魏、晉,,會,[魏哀王](當作襄王)十七年與秦會臨晉，秦予我蒲反。(《魏世家》，《六國表》同，惟“秦予我蒲反”作“複我蒲阪”)
前304,304,周赧王十一年（西元前三0四年）,39,史料,秦,秦昭王,,[秦昭王]五年歸蒲反。（秦簡《編年記》）
前304,304,周赧王十一年（西元前三0四年）,40,考案,秦、韓、魏、晉,秦昭王,攻、取、會,案：《漢書·地理志》河東郡有蒲反縣，注引應劭曰：“秦始皇東巡見長阪，故加反雲。”此說不確。戰國時此地已稱蒲反或蒲阪、蒲阪。注又引臣瓚曰：“《秦世家》（當作《秦本紀》）雲以垣為蒲反，然則本非蒲也。”韓連琪《睡虎地秦簡編年記考證》以臣瓚之說為是。雲：“蒲反即魏垣，非故蒲也。秦昭王十七年攻魏取垣，始以垣為蒲反，是在魏則謂之垣，在秦則謂之蒲反，實一地而異名，史多混稱。”（《先秦兩漢史論叢》第三二三至三二四頁）此說不可信。《秦本紀》載昭王十七年“秦以垣為蒲阪、皮氏”，《索隱》雲：“為當為易字之訛也。”《索隱》之說未是。《秦本紀》言昭王十五年“攻魏取垣，複予之”。秦簡《編年記》又言十八年“攻蒲反”。足見《索隱》系臆說，但臣瓚之說亦不確，所有地理沿革之記載，垣未有改稱蒲反之說。考垣在今山西垣曲縣西南，蒲反在今山西永濟縣東，皮氏在今山西河津縣，皆為魏沿大河之重要城邑，秦不可能將垣改稱蒲反，混淆兩地之名稱。秦簡《編年記》載昭王十七年“攻垣、枳”，十八年“攻蒲反”。可知《秦本紀》昭王十七年“秦以垣為蒲阪、皮氏”，當為“秦攻垣及蒲阪、皮氏”之誤。韓襄王十年太子嬰與秦會臨晉，因至咸陽而歸。（《六國表》，《韓世家》作“太子嬰朝秦而歸”）
前304,304,周赧王十一年（西元前三0四年）,41,考案,秦、韓、魏、晉,范雎,會,案：《秦本紀》言是年“魏王來朝應亭”，而《魏世家》、《六國表》俱謂“與秦會臨晉”。梁玉繩以為《秦本紀》“應亭”為“臨晉”之誤，《年表》、《魏世家》可證。此說不確。《范雎列傳》“秦封范雎以應”。《索隱》引劉氏雲：“河東臨晉有應亭。”范雎封邑當然不在臨晉，但臨晉確有應亭。前此十一年，魏襄王六年襄王曾與秦惠文王會于臨晉。蓋黃河東岸之臨晉關與黃河西岸之蒲阪關，是時正為秦、魏交界之主要關塞所在，因而成為兩國君主相會之地點。應亭當為秦臨晉靠近關塞之要地，因而成為魏王來朝之處。是年韓太子嬰來朝秦，蓋與魏襄王同來，《資治通鑒》記此事作“秦王、魏王、韓太子嬰會于臨晉，韓太子嬰至咸陽而歸”。當有所據。
前304,304,周赧王十一年（西元前三0四年）,42,史料,魏,,遷,魏襄王十七年邯鄲命吏大夫奴遷于九原，又命將軍、大夫、適子、戍吏皆貉服矣。（《水經·河水注》引《紀年》）
前304,304,周赧王十一年（西元前三0四年）,43,考案,秦、燕、趙、魏、中山、代,趙襄子,攻、遷,案：今本《紀年》“戍吏”作“代史”，“貉服”作“貂服”。“貉服”即是胡服。“貉”或作“貊”。貉與胡，均為當時對北方少數民族之通稱。《荀子·強國》雲：秦“北與胡貉為鄰”。《匈奴列傳》亦雲：“趙襄子逾句注而破並代，以臨胡、貉。”《趙世家》稱武靈王二十六年複攻中山，攘地北至燕代，西至雲中九原。但《竹書紀年》稱魏襄王十九年趙命吏大夫奴遷九原。據此則武靈王二十四年已攘地至雲中、九原矣。
前304,304,周赧王十一年（西元前三0四年）,44,史料,齊,,,鄒忌事宣王，仕人眾，宣王不悅。晏首貴而仕人寡，王悅之。鄒忌謂宣王曰：“忌聞以為有一子之孝，不如有五子之孝，今首之所進仕者以幾何人。”宣王因以晏首壅塞之。（《齊策一》第十一章）
前304,304,周赧王十一年（西元前三0四年）,45,史料,齊,,立、取,淳於髡一日而見七士于宣王，王曰：“子來也，寡人聞之，千里而一士，是比肩而立；百世而一聖，若隨踵而至也。今子一朝而見七士，則士不亦眾乎？”淳於髡曰：“不然。夫鳥同翼者而聚居，獸同足者而俱行，今求柴胡、桔梗於沮澤，則累世不得一焉。及之睪黍、梁父之陰，則郤車而載耳。夫物各有疇。今髡，賢者之疇也，王求士於髡，譬若挹水於河，而取火於燧也。髡將複見之，豈特七士也。”（《齊策三》第十章）
前304,304,周赧王十一年（西元前三0四年）,46,史料,齊,,,[齊]宣王喜文學遊說之士，自如騶衍(當作騶忌)、淳于髡、田駢、接子、慎到、環淵之徒七十六人，皆賜列第，為上大夫，不治而議論，是以齊稷下學士複盛，且數百千人。(《田世家》系于宣王末年，《孟子荀卿列傳》作“自如淳於髡以下，皆命曰列大夫，為開第康莊之衢，高門大屋尊寵之”)
前304,304,周赧王十一年（西元前三0四年）,47,考案,齊、魏,,卒,案：淳于髡于威王初年即見重，疑威王時已有稷下之學，故《田世家》稱宣王時稷下複盛也。《新序·雜事二》第六章又有“騶忌既為齊相，稷下先生淳于髡之屬七十二人皆輕忌”云云。《田世家》“騶衍”當即“鄒忌”之字誤。鄒忌以鼓琴說威王，亦文學遊說之士，其失相後，疑仍留稷下。孟子于齊，既致為臣欲歸，宣王欲中國而授室，養弟子以萬鐘，蓋齊自有此風習也。宣王初年鄒忌、淳於髡仍留稷下，年輩最長，故《齊策》有“鄒忌事宣王，仕人眾”，“淳於髡一日而見七士于宣王”云云。《田世家》系此于宣王卒前一年，本以意為之，非有所據，亦猶《魏世家》系孟子游梁于梁惠王卒前一年也。今以騶忌淳於髡年世考之，知此當為宣王初年事。
前304,304,周赧王十一年（西元前三0四年）,48,史料,齊、楚、趙,,,慎到，趙人。田駢、接子，齊人。環淵，楚人。皆學黃老道德之術，因發明序其指意。故慎到著十二論，環淵著上、下篇，而田駢、接子皆有所論焉。（《孟子荀卿列傳》）
前304,304,周赧王十一年（西元前三0四年）,49,史料,韓,,,《慎子》四十二篇。（《漢書·藝文志》列法家，班固自注：“名到，先申、韓，申、韓稱之。”）
前304,304,周赧王十一年（西元前三0四年）,50,考案,,,,案：今《慎子》存殘本五篇。《群書治要》卷三十七存有二篇節本。據現存著作，可知慎到乃由道家分化而出之法家，主張國君無為而治，充分發揮臣下之才能，並提倡法治而重勢。
前304,304,周赧王十一年（西元前三0四年）,51,史料,齊,,,《田子》二十五篇。（《漢書·藝文志》列道家，班固自注：“名駢，齊人，遊稷下號天口駢。”）
前304,304,周赧王十一年（西元前三0四年）,52,史料,齊,,,齊人見田駢，曰：“聞先生高議，設為不宦，而願為役。”田駢曰：“子何聞之？”對曰：“臣聞之鄰人之女。”田駢曰：“何謂也？”對曰：“臣鄰人之女，設為不嫁，行年三十而有七子，不嫁則不嫁，然嫁過畢矣。今先生設為不宦，此言養千鐘，徒百人。不宦則然矣，而富過畢也。”田子辭。（《齊策四》第八章）
前304,304,周赧王十一年（西元前三0四年）,53,史料,齊、代,,取,田駢以道術說齊，齊王應之曰：“寡人所有者齊國也，願聞齊國之政。”田駢對曰：“臣之言，無政而可以得政。譬之若林木，無材而可以得材。願王之自取齊國之政也。駢猶淺言之也，博言之，豈獨齊國之政哉？變化應來而皆有章，因性任物而莫不宜當。彭祖以壽，三代以昌，五帝以昭，神農以鴻。”(《呂氏春秋·執一》)
前304,304,周赧王十一年（西元前三0四年）,54,史料,,,,《捷子》二篇。（《漢書·藝文志》列在《道家》）
前304,304,周赧王十一年（西元前三0四年）,55,考案,,,,案：《漢書·古今人表》亦作捷子。古“接”“捷”音同通假。
前304,304,周赧王十一年（西元前三0四年）,56,史料,齊,齊宣王,,《尹文子》一篇。（《漢書·藝文志》列名家，班固自注：“說齊宣王，先公孫龍。”）
前304,304,周赧王十一年（西元前三0四年）,57,考案,齊、宋,,,案：今《道藏》本《尹文子》上、下二篇。《呂氏春秋·正名》高誘注：“尹文，齊人，作《名書》一篇，在公孫龍前，公孫龍稱之。”《漢書》顏師古注引劉向雲：“與宋鈃俱遊稷下。”
前304,304,周赧王十一年（西元前三0四年）,58,史料,齊,齊宣王、齊湣王,,齊宣王謂尹文曰：“人君之事何如？”尹文對曰：“人君之事，無為而能容下。夫事寡易從，法省易因，故民不以政獲罪也。大道容眾，大德容下，聖人寡為而天下治矣。《書》曰：‘睿作聖。’詩人曰：‘岐有夷之行，子孫其保之。’”宣王曰：“善。”（《說苑·君道篇》）案：《呂氏春秋·正名》篇記述尹文見齊湣王主張“見侮而不鬥”，不當以為辱，可知至湣王時尚在稷下。
前304,304,周赧王十一年（西元前三0四年）,59,史料,宋,,,《宋子》十八篇。（《漢書·藝文志》列小說家，班固自注：“孫卿道宋子，其言黃老意。”）
前304,304,周赧王十一年（西元前三0四年）,60,考案,韓、宋,,,案：顧頡剛《宋鈃書入小說家》（《史林雜識》第五十四）謂宋鈃好以故事宣傳其道家主張，“含有通俗文學之意”，因而被列入小說家。宋鈃即宋輕，亦作宋榮。主張寡欲寬恕，見侮不辱，使人不鬥，同時學者所作評論，見於《荀子·正論》、《解蔽》，《韓非子·顯學》，《莊子·天下》等篇。
前304,304,周赧王十一年（西元前三0四年）,61,史料,齊、趙,,,荀卿，趙人。年五十始來遊學于齊。（《孟子荀卿列傳》）
前304,304,周赧王十一年（西元前三0四年）,62,史料,齊,齊宣王,,方齊宣王威王之時，聚天下賢士於稷下尊寵之……是時孫卿有秀才，年五十，始來遊學。（劉向《序荀卿書》，《郡齋讀書志》引“年五十”作“年十五”，《風俗通義·窮通》篇亦作“年十五”）
前304,304,周赧王十一年（西元前三0四年）,63,考案,齊、周,,,案：當以“年十五”為是。黃以周雲：“遊學必幼年事，五十遊學斷無是理。”《孟子荀卿列傳》雲：“齊襄王時，而荀卿最為老師，齊尚修列大夫之缺，而荀卿三為祭酒焉。”以此下距襄王時，近四十年，故最為老師而三為祭酒焉。##### 卷十三
前301,301,周赧王十四年（西元前三0一年）,1,史料,秦、齊、楚、燕、韓、趙、魏,秦昭王、齊宣王、燕昭王、趙武靈王、楚懷王,,秦昭王六年，魏襄王十八年，韓襄王十一年，趙武靈王二十五年，齊宣王十九年，楚懷王二十八年，燕昭王十一年。
前301,301,周赧王十四年（西元前三0一年）,2,史料,齊,齊宣王,卒、立,[齊宣王]十九年宣王卒，子湣王地立。（《田世家·索隱》雲：“《世本》名遂”。）
前301,301,周赧王十四年（西元前三0一年）,3,考案,秦、齊、楚、燕、韓、趙、魏、周、代,樂毅、齊威王、齊宣王、齊湣王,伐、攻、卒、立,案：《六國表》記齊宣王元年在周顯王二十七年，記齊湣王元年在周顯王四十六年，如此則伐燕子之者為湣王，與《孟子》、《戰國策》稱齊宣王伐燕不合，其年代顯然錯誤。《資治通鑒》為此將齊威王年世加多十年，齊宣王年世移後十年。《大事記》則以湣王年世縮短十年，宣王年世延長十年。以求齊伐燕年代與《孟子》、《戰國策》相合。考《孟嘗君列傳·索隱》引《紀年》雲：“梁惠王后元十五年齊威王薨。”據此可見，威王之卒與宣王之立，當周慎靚王元年。若按《田世家》宣王十九年卒，則宣王之卒與湣王之立，當在周赧王十四年。雷學淇《竹書紀年義證》定湣王元年在周赧王十四年，錢穆《先秦諸子系年》則定在十五年。惟錢氏雲：“《紀年》於今王二十年稱齊王，以宣王亦未卒，尚無諡，故《紀年》惟有威王無宣王可證，宣王卒在魏襄二十年後，亦證威、宣非一王兩諡矣。”（《先秦諸子系年》第三九五頁）若信如其說，則齊宣王之卒，尚在周赧王十六年後；湣王之元不在周赧王十五年矣。然考《荀子·王霸》篇已稱齊閔、薛公用強齊，“南足以敗楚”，《樂毅列傳》亦謂：“當是時齊湣王強，南敗楚相唐昧於重丘。”《趙策二》第二章記蘇子謂秦王曰：“夫齊威、宣，世之賢主也，德博而地廣，國富而民用，將武而兵強。宣王用之，後（當作“複”）富（讀如“逼”）韓威魏，以南伐楚，西攻秦。秦為齊兵困於般塞之上，十年攘地，秦人遠跡不服而齊為虛戾。”“宣王用之”當為“湣王用之”之誤，否則，上文既雲“齊威、宣，世之賢主也”云云，下文又作“宣王用之”，文義不相承，於事亦相乖。“南伐楚，西攻秦”，以及“秦人遠跡不服而齊為虛戾”，皆為湣王時事。凡此皆足證此年“南伐楚”，已在湣王初立之年。蓋《紀年》亦同《史記》，以齊宣王十九年卒，《田世家》、《六國表》雖誤其年世，而其在位年數固不誤，《索隱》因而未嘗引《紀年》以記異，並非《紀年》無宣王而宣王之卒在魏襄王二十年之後。
前301,301,周赧王十四年（西元前三0一年）,4,史料,秦、齊、楚、韓、魏,楚懷王,攻、取、殺,[楚懷王]二十八年秦乃與齊、韓、魏共攻楚，殺楚將唐昧，取我重丘而去。（《楚世家》，《六國表》作“秦、韓、魏、齊敗我將軍唐昧于重丘”）
前301,301,周赧王十四年（西元前三0一年）,5,史料,秦、楚、韓,,伐,[韓襄王]十一年與秦伐楚，敗楚將唐昧。（《韓世家》，《六國表》作“與秦擊楚”）
前301,301,周赧王十四年（西元前三0一年）,6,史料,秦、楚、魏,,伐,〔魏哀王]（當作襄王）十八年與秦伐楚。（《魏世家》，《六國表》作“與秦擊楚”）
前301,301,周赧王十四年（西元前三0一年）,7,史料,秦、齊、楚,齊宣王、齊湣王,,[齊湣王]二十三年(當作齊宣王十九年)與秦擊敗楚於重丘。(《田世家》)
前301,301,周赧王十四年（西元前三0一年）,8,史料,秦、齊、楚,齊宣王、齊湣王,,齊湣王二十三年（當作齊宣王十九年）與秦擊楚，使公子將，大有功。（《六國表》，黃式三雲：“公子”當作“章子”）
前301,301,周赧王十四年（西元前三0一年）,9,史料,秦、齊、楚,秦昭王,伐、攻,[秦昭襄王]六年庶長奐伐楚，斬首二萬。涇陽君質于齊。（《秦本紀》）[秦昭王]六年攻新城。（秦簡《編年記》）
前301,301,周赧王十四年（西元前三0一年）,10,考案,秦、楚,秦昭王、楚懷王,拔、殺,案：《編年記》又雲：“七年新城陷。”《秦本紀》亦雲昭王七年“拔新城”。《六國表》楚懷王二十九年（即秦昭王七年）“秦敗我襄城，殺景缺”。襄城即新城。
前301,301,周赧王十四年（西元前三0一年）,11,史料,秦、齊、楚、韓、魏,,攻、取,齊使章子、魏使公孫喜、韓使暴鳶共攻楚方城，取唐昧。（《秦本紀》系于昭王八年，誤後二年）
前301,301,周赧王十四年（西元前三0一年）,12,史料,齊、韓、魏、周,,攻、卒、取、殺,齊令章子將而與韓、魏攻荊(按章子即匡章)，荊令唐蔑將而拒之(舊校：“拒一作應”，《水經·沘水注》引作“應”，“拒”、“應”於義並通，今從舊本)。軍相當六月而不戰。齊令周最趣章子急戰(周最即周取，“取”古“聚”字)，其辭甚刻。章子對周最曰：“殺之免之，殘其家，王能得此於臣。不可以戰而戰，可以戰而不戰，王不能得此於臣。”與荊人夾沘水而軍(“沘”原誤作“泚”，《水經注》亦誤作“泚”，今從畢沅校正。《漢書·地理志》廬江郡灊注：“沘山，沘水所出”，又南郡比陽注：“應劭曰：比水所出。”可知作“沘”為是)，章子令人視水可絕者，荊人射之，水不得近。有芻水旁者告齊侯者曰：“水淺深易知。荊人所盛守，盡其淺者也；所簡守，皆其深者也。”侯者載芻者與見章子，章子甚善，因練卒以夜奄荊人所盛守，果殺唐蔑。章子可謂知將分矣。(《呂氏春秋·處方》)
前301,301,周赧王十四年（西元前三0一年）,13,史料,楚、韓,,卒,楚人鮫革犀兕以為甲，鞈如金石（《史記·禮書》、《韓詩外傳》卷四第十章、《商君書·弱民》篇“鞈”作“堅”)，宛钜鐵鈍，慘如蜂蠆；輕利僄遬，卒如飄風；然而兵殆于垂沙（《史記》、《商君書》“沙”誤作“涉”)，唐蔑死。（《荀子·議兵》，《淮南子·兵略訓》、《韓詩外傳》卷四第十章、《商君書·弱民》、《史記·禮書》皆同。《史記》“唐蔑”作“唐昧”，“昧”與“蔑”音同通用）
前301,301,周赧王十四年（西元前三0一年）,14,史料,楚、趙、魏,,,魏敗楚於陘山，禽唐明。（《趙策四》第十六章）
前301,301,周赧王十四年（西元前三0一年）,15,考案,齊、楚、趙、魏,,殺,案：梁玉繩《史記志疑》雲：“昧蔑古通，字從目從末，各本訛作昧。”《屈原列傳》“其後諸侯共擊楚，大破之，殺其將唐昧。”《集解》徐廣曰：“二十八年敗唐昧也。”《正義》雲：“昧，莫葛反。”是其證。唐昧亦作唐明，“明”“昧”一聲之轉。《史記·天官書》謂：昔之傳天數者，“在齊甘公、楚唐昧，趙尹皋，魏石申。”又雲：“近世十二諸侯、七國相王，言從橫者繼踵，而皋、唐、甘、石，因時務論其書傳，故其占驗淩雜米鹽。”《正義》雲：“其語在《漢書·五行志》中也。”梁玉繩辨之曰：“昧為楚將，非掌天文之官，亦不聞其傳天數，豈別有一唐昧歟？”
前301,301,周赧王十四年（西元前三0一年）,16,史料,楚,,賂,蘇子謂楚王曰：“仁人之於民也，愛之以心，事之以善言。孝子之於親也，愛之以心，事之以財。忠臣之于君也，必進賢人以輔之。今王之大臣父兄，好傷賢以為資，厚賦斂諸臣、百姓，使王見疾於民，非忠臣也。大臣播王之過於百姓，多賂諸侯以王之地，是故退王之所愛，亦非忠臣也。是以國危，臣願無聽群臣之相惡也，慎大臣父兄，用民之所善，節身之嗜欲以百姓（鮑本“以”下補“與”字），人臣莫難於無妒而進賢。為主死易，垂沙之事，死者以千數，為主辱易，自令尹以下事王者以千數。至於無妒而進賢，未見一人也。故明主之察其臣也，必知其無妒而進賢也。賢之事其主也（鮑本“賢”下有“臣”字），亦必無妒而進賢。夫進賢之難者，賢者用，且使己廢；貴且使己賤，故人難之。”（《楚策三》第一章）
前301,301,周赧王十四年（西元前三0一年）,17,考案,秦、齊、楚、韓、趙、魏,,伐、攻、取、會、殺,案：王念孫曰：“垂沙古讀若垂陀（說見《唐韻正》），垂沙蓋地名之疊韻者，《韓詩外傳》及《淮南子·兵略訓》並作兵殆于垂沙，《楚策》雲：“垂沙之事，死者以千數，則作垂沙者是。”考《楚策四》第七章“長沙之難楚太子橫為質于齊”。“長沙”亦“垂沙”之字誤。《秦本紀》謂此役齊、魏、韓共攻楚方城，而《趙策四》又雲：“魏敗楚於陘山，禽唐明。楚王懼，令昭應奉太子以委和于薛公。”《呂氏春秋·處方》篇又稱章子與荊夾沘水而軍。方城、陘山、沘水皆在南陽郡，垂沙當即沘水旁地名。《荀子》楊驚注：“垂沙，地名，未詳所在，《漢書·地理志》沛郡有垂鄉，豈垂沙乎？”考沛郡蘄縣之垂鄉，與此役無關。《資治通鑒》綜合《史記·秦本紀》與《楚世家》之記載，謂“秦庶長矣會韓、魏、齊兵伐楚，敗其師於重丘，殺其將唐昧，遂取重丘”。胡三省注又引《水經注》：“沘水又西，澳水注之，水出茈丘山，南入于沘水”，推定重丘即茈丘。顧觀光從其說，以為重丘即垂沙。考《楚策二》第三章：“術視伐楚，楚令昭鼠以十萬軍漢中，昭雎勝秦於重丘。”據此，重丘在秦、楚兩國之間，程恩澤因此謂殺唐昧之處與此雲勝秦於重丘，“恐非一地，當從闕疑。”余謂是年秦庶長矣伐楚，斬首二萬而取得重丘，同年齊、韓、魏三國聯軍大破楚于垂沙，殺楚將唐昧，《史記》誤混為一事。《水經·沅水注》引盛弘之雲：“葉東界有故城，始犨縣，東至灤水，達比陽界，南北聯，聯數百里，號為方城，一謂之長城雲。”楚方城利山脈高地，連結灤水與沘水堤防築成，故方城亦稱連隄。陘山、垂沙，皆當為方城附近沘水旁之地名。
前301,301,周赧王十四年（西元前三0一年）,18,史料,齊、楚、宋,,攻、立,齊、楚構難，宋請中立，齊急宋，宋許之。子象為楚謂宋王曰：“楚以緩失宋，將法齊之急也。齊以急得宋，後將常急矣。是從齊而攻楚，未必利也。齊戰勝楚，勢必危宋，是以弱宋于強楚也。而令兩萬乘之國，常以急求所欲，國必危矣。”(《楚策一》第一章)
前301,301,周赧王十四年（西元前三0一年）,19,考案,楚、韓,楚懷王,,案：《楚策一》楚王問範環云云，《甘茂列傳》范環作範蜎，《韓非子·內儲說下》又作幹象，“象”疑“象”之訛，“蜎”“彖”聲同，“環”“蜎”音轉，事在楚懷王二十四年，此《策》子象疑即《韓非子》之幹象，幹象事楚懷王，此《策》所雲，疑即此時事。
前301,301,周赧王十四年（西元前三0一年）,20,史料,秦、齊、楚、韓、魏、越、衛、宋、鄭,,伐,謂魏冉曰：“楚破，秦不能與齊縣衡矣，秦三世積節于韓、魏，而齊之德新加與（姚注“與一作焉”，“與”通“歟”，“歟”猶“焉”也）。齊、秦交爭，韓、魏東聽，則秦伐矣。齊有東國之地方千里，楚苞九夷，又方千里，南有符離之塞，北有甘魚之口，權縣宋、衛，宋、衛乃當阿、甄耳。利有千里者二，富擅越隸，秦烏能與齊縣衡？韓、魏支分方城膏腴之地以薄鄭(“薄”通“迫”，“鄭”疑“鬱”之誤)，兵休複起，足以傷秦，不必待齊。”(《秦策三》第六章)
前301,301,周赧王十四年（西元前三0一年）,21,史料,秦、楚、韓、魏,,攻、救、取,秦取楚漢中，再戰于藍田，大敗楚軍。韓、魏聞楚之困，乃南襲至鄧，楚王引歸。後三國謀攻楚，恐秦之救也，或說薛公：“可發使告楚曰：‘今三國之兵且去楚，楚能應而共攻秦，雖藍田豈難得哉？況于楚之故地？’楚疑于秦之未必救己也，而今三國之辭雲（“雲”原作“去”，從鮑本改正），則楚之應也必勸。是楚與三國謀出秦兵矣。秦為知之，必不救也。三國疾攻楚，楚必走秦以告急（“告”字原脫，從姚引一本補正），秦愈不敢出，則是我離秦而攻楚也，兵必有功。”薛公曰：“善。”遂發重使之楚，楚之應之果勸。於是三國並力攻楚，楚果告急于秦，秦遂不敢出。兵大勝有功。（《秦策四》第一章，“勝”原作“臣”，姚注：“當作勝。”高注亦作“大勝”，今改正）
前301,301,周赧王十四年（西元前三0一年）,22,考案,秦、齊、楚、燕、韓、趙、魏、周、鄭、中山、代,齊宣王、楚懷王,伐、攻、救、合縱、連橫、取、殺,案：前兩年，楚懷王二十六年，齊、韓、魏三國在齊相孟嘗君（即薛公）主持下，“為楚負其從親而合于秦，三國共攻楚，因秦出兵救楚，三國引兵去。”是年三國繼續共攻楚于方城，事先因薛公遣使告楚，離間秦、楚之交，秦不出救兵，得以大勝，見於《秦策四》第一章。齊合魏、韓連年共攻楚，出於孟嘗君主持，已說在周赧王十二年之案語中。《荀子·王霸》稱齊閔、薛公用強齊，“南足以破楚”。《燕策一》第八章記蘇代曰：“今夫齊王長主也，而自用也，南攻楚五年，穡積散。”《燕策二》第十一章客謂燕王曰：“齊南破楚，西屈秦，用韓、魏之兵，燕、趙之眾，猶鞭策也。”《趙策二》第二章記秦攻趙，蘇子謂秦王曰：“宣王（當作湣王）用之，後（當作“複”）富（讀如“逼”）韓威魏，以南伐楚，西攻秦。”可知三國攻楚皆出於齊王與齊相孟嘗君所主持。《楚世家》及《六國表》謂秦與齊、韓、魏共攻楚，殺楚將唐昧而取重丘，不確。蓋誤將秦敗楚於重丘之事，與齊、魏、韓共攻楚方城而殺唐昧之事混為一談。《秦本紀》載昭王八年“使將軍羋戎攻楚，取新市。齊使章子、魏使公孫喜、韓使暴鳶共攻楚方城，取唐昧，趙破中山其君亡，竟死齊”。《秦本紀》將齊、魏、韓共攻楚而取唐昧之役，夾敘在秦使羋戎攻楚與趙破中山之間，雖時間上誤後二年。可知“取唐昧”之役為齊、魏、韓共攻楚方城之戰果，而秦勿與焉。史公作《秦本紀》本于《秦記》，必史公所見《秦記》有此三國共攻楚方城之確實記載，因而與《呂氏春秋·處方篇》所載殺唐蔑之役相合。《秦本紀》與《呂氏春秋》皆謂是役齊之主將為章子。《六國表》謂是年齊“與秦擊楚，使公子將，大有功”，雖誤為“與秦擊楚”，而稱“使公子將，大有功”。黃式三《周季編略》雲：“公子當作章子”，甚是。章子即匡章，齊宣王伐燕，匡章已為主將，嘗將五都之兵，因北地之眾，五十日而舉燕。是役又為主將，合韓、魏之師共攻楚方城，殺楚將唐昧，因而“大有功”。亦即《秦策四》第一章所謂“三國並力攻楚”，“兵大勝有功”。《西周策》載韓慶為西周謂薛公曰：“君以齊為韓、魏攻楚，九年取宛、葉以北，以強韓、魏”。《孟嘗君列傳》記蘇代為西周謂孟嘗君，亦有相同之說辭。蓋三國大勝楚于方城，殺楚將唐昧而取得方城以外，宛、葉以北之地，齊不能佔有而為韓、魏所分得。《秦策三》第六章記有人謂秦魏冉曰：“楚破，秦不能與齊縣衡矣，秦三世積節于韓、魏，而齊之德新加焉”。所謂“秦不能與齊縣衡矣”，指三國共破楚以後，齊之國勢強大，使秦、齊不能保持平衡均勢之局面。所謂“秦三世積節于韓、魏”，指秦之惠王、武王、昭王連續三世採取連橫策略而拉攏韓、魏。所謂“齊之德新加焉”，指新近齊相孟嘗君採取合縱策略而拉攏韓、魏。有人說秦魏冉之結論：“韓、魏支分方城膏腴之地以薄鄭，兵休複起，足以傷秦，不必待齊。”所謂“支分方城膏腴之地”，即指方城以北之宛、葉地為韓、魏所分得，由此可壯大韓、魏之國力，不待齊之參與，即足以傷秦。所謂“以薄鄭”，程恩澤指為西鄭，離韓、魏較遠，不及進迫。金正煒又謂“鄭”是“鄧”之誤，但鄧為楚地，離秦亦遠。疑“鄭”乃“鬱”之誤，指鬱塞而言。
前301,301,周赧王十四年（西元前三0一年）,23,考案,秦、齊、楚、韓、魏、周,,攻、立,又案：《孟嘗君列傳》謂孟嘗君入秦為相而逃脫歸齊，“孟嘗君怨秦，將以齊為韓、魏攻楚，因與韓、魏攻秦，而借兵食於西周。”誤以齊、韓、魏三國攻楚與攻秦為一時事。其實攻楚在湣王初立之年，孟嘗君入秦為相在其後二年，孟嘗君歸齊而與魏、韓共攻秦，又在其後一年。《列傳》以為攻楚與攻秦皆在孟嘗君為秦相逃歸之後，失其實矣。
前301,301,周赧王十四年（西元前三0一年）,24,考案,秦、齊、楚、韓、魏、周、越,白起,攻、合縱、殺,又案：《秦本紀》謂是年齊、魏、韓三國攻楚方城，魏將為公孫喜。公孫喜與公孫弘為昆仲。《韓非子·說林下》雲：“公孫弘斷發而為越王騎。公孫喜使人絕之曰：‘吾不與子為昆弟矣。’公孫弘曰：‘我斷發，子斷頸而為人用兵，我將謂之何？’周南之戰，公孫喜死焉。”公孫喜為魏將，是年從齊將匡章共攻楚得勝，其後八年，即韓釐王三年，公孫喜率魏、韓、西周之軍與秦戰，在伊闕為秦將白起大敗而被擒殺。伊闕在王城南，即所謂“周南之戰”。孟嘗君為齊相而主謀合縱，嘗特遣公孫弘入秦見昭王，觀察其為人。蓋弘初事越王為騎士，旋又事孟嘗君為合縱，而其昆仲公孫喜則為魏將參與合縱攻楚與攻秦之戰。
前301,301,周赧王十四年（西元前三0一年）,25,考案,秦、楚、韓、魏,秦昭王,攻、救,又案：是年三國共攻楚，韓將為暴鳶。“鳶”或作“載”。《韓世家》載楚王二十一年“使暴載救魏，為秦所敗，載走開封”。韓楚王二十一年即秦昭王三十二年，《秦本紀》載昭王三十二年相穰侯攻魏，至大樑，破暴鳶，斬首四萬，鳶走，魏入三縣請和。暴鳶又稱暴子。《戰國縱橫家書》第十五章、《穰侯列傳》皆曰：“戰勝暴子，割八縣。”《集解》徐廣曰：“韓將暴鳶。”《魏策三》第三章“暴子”訛作“睪子”。
前301,301,周赧王十四年（西元前三0一年）,26,史料,楚、韓,,,兵殆于垂沙，唐蔑死，莊蹻起，楚分而為三四。（《荀子·議兵》，《商君書·弱民》篇作“唐蔑死於垂涉，莊躋發于內，楚分為五”。《韓詩外傳》卷四第十章、《史記·禮書》同）
前301,301,周赧王十四年（西元前三0一年）,27,史料,秦、韓、趙、鄭,,圍、卒、立、殺,鄭人之下轆也，莊蹻之暴郢也，秦人之圍長平也，韓、荊、趙，此三國者之將帥貴人皆多驕矣，其士卒眾庶皆多壯矣，因相暴以相殺，脆弱者拜請以避死，其卒遞而相食，不辨其義，冀幸以得活。（《呂氏春秋·介立》）
前301,301,周赧王十四年（西元前三0一年）,28,考案,秦、齊、楚、燕、韓、趙、魏、晉、周、越、衛、中山、代,樂毅、商鞅、楚懷王,伐、攻、立、滅、殺,案：所謂莊蹻為盜于楚國境內，而吏不能禁，尚在楚懷王二十三年滅越之前。此年莊蹻乘齊、韓、魏三國大敗楚軍于方城而殺楚大將唐蔑(即唐眜)之時，“暴郢”而使“楚分而為三四”。此後楚頃襄王時，楚有將軍莊蹻越黔中西征，入滇池，因秦奪楚黔中，無路得返，遂留王滇池。《荀子·議兵》既因論及楚將莊蹻，又述及“莊蹻起，楚分而為三四”。楊倞注以為莊蹻“初為盜而後為楚將”。梁玉繩《史記志疑》與《古今人表考》從之。王應麟《困學紀聞》卷十二又以為前後有兩莊蹻，為將與為盜者非一人。皮錫瑞《師伏堂筆記》從之。比較兩說，以前說較為確當。荀子嘗與武臨君議兵于趙孝成王之前，以楚將莊蹻與齊將田單、秦將衛鞅、燕將繆蟣（當即樂毅，音轉通假）相提並論，皆時俗稱為“善用兵”之名將，所統率者皆為“招延募選、隆詐、尚功利之兵”，即經過招募考選、長期訓練而雇用之常備兵，作為各國軍隊之主力，配合郡縣徵發之壯丁，所編成之隊伍而作戰，常由名將指揮，荀子稱之為“幹賞蹈利之兵，傭徒鬻賣之道。”莊蹻、田單、商鞅、樂毅，即當時楚、齊、秦、燕四國具有代表性之名將。荀子以其儒家立場，認為此等名將所指揮“幹賞蹈利”之常備兵，其戰鬥力不及齊桓、晉文所節制之師，更不及湯、武仁義之師。此乃荀子“議兵”之主要論點。莊蹻當為楚之“善用兵”名將，與田單、樂毅齊名者。莊蹻之所以被稱為“盜”，即因彼“暴郢”，又因彼在垂沙之役唐昧死後，“起”而使“楚分而為三四”。並非有一般所說“盜”之行為。莊蹻原為楚將，曾一度“暴郢”，一度“起”而使“楚分而為三四”，後來仍為楚將。莊蹻為楚將而攻略黔中以西，進入滇池，已在楚頃襄王二十年（西元前二七九年）。蓋為將已有二十多年。《後漢書·四夷傳》稱入滇之楚將為莊豪，“豪”“蹻”聲近通用。莊蹻實為一“有為”之楚將，率所部進入滇池以後，墾殖於滇，即將中原進步之楚文化傳播於滇池一帶，具有推動邊遠地區文化發展的作用。周超王十四年趙王伐中山，中山君奄齊（《資治通鑒》
前301,301,周赧王十四年（西元前三0一年）,29,史料,齊、趙、周、中山,,伐、奔,[周赧王]十四年趙王伐中山，中山君奔齊。（《資治通鑒》卷三）
前301,301,周赧王十四年（西元前三0一年）,30,史料,齊、楚、趙、魏、中山,,伐,中山恃齊、魏以輕趙，齊、魏伐楚而趙亡中山。（《魏策四》第二章八年有人謂魏王）
前301,301,周赧王十四年（西元前三0一年）,31,史料,趙、中山,趙武靈王,攻、卒,趙武靈王二十五年趙攻中山。惠後卒。（《六國表》）
前301,301,周赧王十四年（西元前三0一年）,32,史料,秦、齊、楚、趙、中山,蘇秦,伐,昔者楚人久伐而中山亡。（《趙策一》第九章蘇秦為齊上書說趙王，《戰國縱橫家書》二十一《蘇秦獻書趙王章》同。《趙世家》惠文王十六年作“蘇厲為齊遺趙王書”，亦同）
前301,301,周赧王十四年（西元前三0一年）,33,史料,秦、齊、燕、趙、中山,蘇秦,攻、殺,昔者中山悉起而迎燕、趙，南戰于長子（當作房子），敗趙氏；北戰于中山，克燕軍，殺其將。夫中山千乘之國也，而敵萬乘之國二，再戰比勝（“比”原誤作“北”，姚注：“一作比”），此用兵之上節也，然而國遂亡，君臣于齊者，何也？不嗇于戰攻之患也。（《齊策五》第一章蘇秦說齊閔王）
前301,301,周赧王十四年（西元前三0一年）,34,史料,秦、燕、韓、中山,,伐,秦久伐韓，故中山亡。（《燕策一》第十章或獻書燕王）
前301,301,周赧王十四年（西元前三0一年）,35,考案,秦、齊、楚、燕、韓、趙、魏、周、宋、中山、代,蘇秦、秦昭王、趙武靈王,伐、攻、立、合縱、連橫、滅、取、遷、奔,案：《資治通鑒》記“趙伐中山，中山君奔齊”于周赧王十四年，即趙武靈王二十五年，秦昭王六年。王先謙《鮮虞中山國事表疆域圖說》從之。有案語曰：“世家無奔齊事，惟見《通鑒》。然則前蘇秦所謂臣于齊者，或即此奔齊之中山君，而趙滅中山遷之膚施者，又其繼立之王也。中山不競，自是歲失列國之援始。楚自懷王二十八年連歲受秦伐，而中山無楚援。故《趙策》蘇厲曰：昔者楚人久伐而中山亡。韓襄十一年秦伐韓取穰，而中山無韓援，故《燕策》曰：秦之伐韓故中山亡。魏哀十八年伐楚，齊湣二十三年亦伐楚，而中山失齊、魏援，故《魏策》曰：中山恃齊、魏以輕趙，齊、魏伐楚而趙亡中山。蓋其時君既出奔，國勢瓦解，嗣主收集烏合，苟延旦夕，雖非滅於是歲，已兆其必亡矣，故策雲爾也。惟《齊策》雲齊、燕戰而趙氏兼中山，齊、燕前後數年，戰事于史無考。今案王先謙謂“世家無奔齊事，惟見《通鑒》”，不確。《秦本紀》于秦昭王八年記“趙破中山，其君亡，竟死齊”，已謂中山君因國破出亡而死于齊，但較《資治通鑒》所載遲兩年，《資治通鑒》當別有所據也。黃式三《周季編略》亦于週報王十四年記“趙攻中山，中山君奔齊”，謂據“《年表》《通鑒合纂》。考《六國表》僅言趙攻中山，無中山君奔齊事。黃式三論之曰：“中山於此年已失其國都，趙武靈王二十五年也。《燕策》曰：秦伐韓故中山亡，指取穰而言也。《魏策》：中山恃齊、魏而輕趙，齊、魏伐楚而趙亡中山，指取重丘言也。《資治通鑒》於是年書中山君奔齊，與《策》語正合。《史記·秦本紀》于秦昭王八年雲：趙破中山，其君亡，竟死齊，此中山君死之年，非奔齊之年也。《趙世家》于惠文三年書滅中山，《年表》于惠文四年書與齊、燕共滅中山，必中山君死齊後，複有未降趙之邑，其子若臣複守之，至惠文三年趙與齊燕共分其地，而中山始盡滅與？”餘按：趙乘秦、齊二強對峙，連年兩國先後拉攏韓、魏發動合縱連橫戰爭之時機，圖謀攻滅中山。先是乘孟嘗君合縱，齊、魏、韓連年伐楚之時，攻破中山，迫使中山君奔齊。《趙策》第六章載魏敗楚於陘山，禽唐明（即唐昧），楚王懼，令昭應奉太子以委和于薛公（即孟嘗君），主父欲敗之，乃結秦連楚、宋之交，令仇郝相宋，樓緩相秦。趙武靈王採用連結秦、楚、宋之策略，以牽制齊、魏、韓等國，使得從容連續進攻中山。待齊、魏、韓三國合縱攻秦，即謀攻滅中山，黃式三謂“中山於此年已失其國都”，未有確證。《趙世家》惠文王三年“滅中山，遷其王于膚施。起靈壽，北地方從，代道大通”。靈壽為中山國都，此年“滅中山”後，起靈壽之代道方始大通，可知中山滅亡時，其國都仍在靈壽。
前301,301,周赧王十四年（西元前三0一年）,36,史料,趙、周,趙武靈王,卒,[趙武靈王]二十五年惠後卒，使周袑胡服傅王子何。（《趙世家》）
前301,301,周赧王十四年（西元前三0一年）,37,考案,周、吳,,卒、立,案：《索隱》雲：按謂武靈王之前後，太子章之母，惠文王之嫡母也。惠後卒後，吳娃始當正室，至孝成二年稱惠文後卒是也。而下文又雲：“孟姚卒後何寵衰，欲並立，亦誤也。”此說非是。上文明言吳廣之女娃嬴，即孟姚，“有寵于王是為惠後。”下文又雲：“王子何是為惠文王，惠後吳娃子也。”則惠後即吳娃、孟姚，乃惠文王之生母，非太子章之母。若惠文後，是惠文王之後，非母后也。周嬰《卮林》、錢大昕《考異》、梁玉繩《史記志疑》有相同之辨正。
前301,301,周赧王十四年（西元前三0一年）,38,史料,趙、周、吳,,立,王立周紹為傅曰：“寡人始行縣，過番吾，當子為子之時，踐石以上者，皆道子之孝，故寡人問子以璧，遺子以酒食，而求見子。子謁病而辭（鮑本“謁”作“謂”）。人有言子者曰：父之孝子，君之忠臣也。故寡人以子之知慮，為辨足以道人，危足以持難，忠可以寫意，信可以遠期。詩雲（鮑本“詩”作“諺”)：“服難以勇，治亂以知，事之計也；立傅以行，教少以學，義之經也；循計之事，失而不累（“而”下“不”字，從鮑本補，鮑本“失”作“佚”），訪議之行，窮而不憂。”故寡人欲子之胡服以傅王子。”(“子”原作“乎”，從鮑本改正)周紹曰：“王失論矣，非賤臣所敢任也。”王曰：“選子莫若父，論人莫若君，君，寡人也。”周紹曰：“立傅之道六。”王曰：“六者何也？”周紹曰：“知慮不躁達於變，身行寬惠達于禮，威嚴不足以易於位，重利不足以變其心，恭於教而不快，和於下而不危，六者傅之才，而臣無一焉。隱中不竭（鮑本“竭”作“謁”，吳師道雲：“中一作忠”），臣之罪也。傅命僕官，以煩有司，吏之恥也。王請更論。”王曰：“知此六者，所以使子。”周紹曰：“乃國未通于王胡服，雖然，臣，王之臣也。而王重命之，臣敢不聽令乎！”再拜，賜胡服。王曰：“寡人以王子為子任，欲子之厚愛之，無所見醜，禦道之以行義，勿令溺苦於學。事君者，順其意，不逆其志；事先者，明其高，不倍其孤。故有臣可命，其國之祿也。子能行是，以事寡人者畢矣（鮑本“以”上有“所”字）。書雲：‘去邪無疑（鮑本“無”作“勿”），任賢勿貳。’寡人與子，不用人矣。”遂賜周紹胡服，衣冠具帶，黃金師比，以傅王子也。（《趙策二》第五章）
前301,301,周赧王十四年（西元前三0一年）,39,考案,,,,案：鮑彪雲：“具帶，帶飾之備也，猶具劍。”王國維《胡服考》雲：“具帶者，黃金具帶之略，黃金師比者，具帶之鉤。”諸祖耿《戰國策集注匯考》據《漢書·佞幸傳》及注，改“具帶”為“貝帶”，非是。
前301,301,周赧王十四年（西元前三0一年）,40,史料,秦、韓,,伐、取,[韓襄王]十一年秦伐我取穰。（《韓世家》，《六國表》同）
前301,301,周赧王十四年（西元前三0一年）,41,史料,秦,,,[秦昭襄王]六年蜀侯煇反，司馬錯定蜀。（《秦本紀》）
前301,301,周赧王十四年（西元前三0一年）,42,史料,秦,秦昭王,,秦昭王六年，蜀反，司馬錯往誅蜀守煇，定蜀。（《六國表》）
前301,301,周赧王十四年（西元前三0一年）,43,史料,秦、周,,殺,周赧王十四年蜀侯惲祭山川，獻饋于秦昭襄王（原誤作“孝文王”，今改正），惲後母害其寵，加毒以進王。王將嘗之。後母曰：“饋從二千里來，當試之。”王與近臣，近臣即斃，王大怒（原誤作“文王”，今刪“文”字），遣司馬錯賜惲劍，使自裁。惲懼，夫婦自殺。秦誅其臣，即中令嬰等二十七人。蜀人葬惲郭外。（《華陽國志》卷三《蜀志》）
前301,301,周赧王十四年（西元前三0一年）,44,考案,秦,秦昭王,立,案：“煇”、“惲”音同通用。蒙文通《巴蜀史的問題》(《四川大學學報》一九五九年第五期)以為秦所封蜀侯，皆非秦王之子。蜀侯煇封于秦武王三年，秦武王無子。蜀侯綰封于秦昭王七年，秦昭王年十九而立，昭王四年出生長子（即孝文王），因而綰亦不可能為昭王之子。昭王之同母弟如高陵君、涇陽君，只封為“君”，不可能昭王之異母弟封為“侯”。任乃強《華陽國志校補圖注》以為蜀侯惲與館為昭王異母弟，亦無確證。《華陽國志》所載惲後母親害惲之故事，不近人情。既然惲之後母在惲所獻祭品中加毒，何以經千里棧道送至咸陽宮中，當秦王將嘗時，惲之後母適在其旁而提請近臣嘗試？
前301,301,周赧王十四年（西元前三0一年）,45,考案,秦、周、代,秦昭王,,案：朱文鑫《歷代日食考·戰國及秦日食表》注四雲：“《六國表》載秦昭王六年（周赧王十四年）日食晝晦。查是年日食，秦都所見不及一分，何有晝晦之象。惟秦昭王七年即赧王十五年有全食經長江流域，秦都約見七分以上。《六國表》既雲晝晦，必系全食。足證六年必為七年之誤。”據朱氏所列表，西元前三〇一年（赧王十七年）七月二十六日八時四三點九分日有全食。
前301,301,周赧王十四年（西元前三0一年）,46,史料,齊、楚、燕、魏,,,荀卿子說齊相曰：“處勝人之勢，行勝人之道，天下莫忿，湯、武是也。處勝人之勢，不以勝人之道，厚於有天下之勢，索為匹夫不可得也，桀、紂是也。然則得勝人之勢者，其不如勝人之道遠矣。夫主相者，勝人以勢也，是為是，非為非，能為能，不能為不能，並己之私欲（楊注：“並讀曰屏”），必以道夫公道通義之可以相相容者，是勝人之道也。今相國上則得專主，下則得專國，相國之於勝人之勢，亶有之矣。然則胡不驅此勝人之勢，赴勝人之道，求仁厚明通之君子而托王焉，與之參國政，正是非，如是則國孰敢不為義矣。君臣上下，貴賤少長，至於庶人，莫不為義，則天下孰不欲合義矣。賢士願相國之朝，能士願相國之官，好利之民莫不願以齊為歸，是一天下也。相國舍是而不為，案直為是世俗之所以為（王先謙雲：“以字疑衍”），則女主亂之宮，詐臣亂之朝，貪吏亂之官，眾庶百姓皆以貪利爭奪為俗，曷若是而可以恃國乎！今巨楚縣吾前，大燕鰌吾後，勁魏鉤吾右，西壤之不絕若繩，楚人則乃有襄賁、開陽以臨吾左。是一國作謀，則三國必起而乘我，如是齊必斷而為四三，國若假城然耳！必為天下大笑。……”(《荀子·強國》)
前301,301,周赧王十四年（西元前三0一年）,47,考案,秦、齊、楚、燕、韓、趙、魏、魯,齊湣王,伐、攻、卒、合縱、滅、取,案：汪中《荀子年表》雲：“其言正當湣王之世，湣王再攻破燕、魏，留楚太子橫以割下東國，故荀卿為是言。其後五國伐齊，燕入臨淄，楚、魏共取淮北，卒如荀卿言。”又曰：“此齊相為薛公田文，故曰相國上則得專主，下則得專國。”余疑荀子說孟嘗君在其合縱齊、魏、韓三國破楚以前，當齊湣王初年。《荀子·王霸》篇謂齊閔、薛公“用強齊”，“綿綿常以結引馳外為務，故強南足以破楚，西足以詘秦，北足以敗燕，及以燕趙起而攻之，若振槁然，而身死國亡，為天下大戮。”所謂“結引馳外為務”，即指孟嘗君合縱三國之事，荀子見孟嘗君而未評論及此。“楚人則乃有襄賁、開陽以臨吾左。”劉師培疑“楚人”為“魯人”之誤，非是。襄賁在今山東蒼山南，開陽在今臨沂北，正當莒之西南。開陽即啟陽，原為魯邑。蓋楚滅莒前後所佔有。
前301,301,周赧王十四年（西元前三0一年）,48,史料,秦、楚,,伐,術視伐楚，楚令昭鼠以十萬軍漢中，昭雎勝秦於重丘。蘇虜謂宛公昭鼠曰：“王欲昭雎之乘秦也，必分公之兵以益之。秦知公之兵分也，必出漢中，請為公令羋戎謂王曰：‘秦兵且出漢中，則公之兵全矣。’”(《楚策二》第三章)
前301,301,周赧王十四年（西元前三0一年）,49,史料,秦、楚,,滅,楚免淖齒于柱國，游騰謂楚王曰：“秦有上群午者，重丘之戰（“丘”原誤作“兵”，從《渚宮舊事》卷三改正），謂秦王曰：‘必無與楚戰。’王曰：‘何也？’對曰：‘南方火也，西方金也，金之不勝火亦必矣。’秦王不聽，其戰不勝。今午又請秦王必與楚戰，南方火，西方金也，楚正夏中年而免其柱國（“正夏中年”，《渚宮舊事》作“夏正”，疑有脫誤），此所謂內自滅也。”（“內”，《渚宮舊事》作“火”，疑作“火”為是）楚懼（“楚”下當脫“王”字，《渚宮舊事》作“王懼”)，複置淖齒。（《太平御覽》四百六十引《戰國策》）
前301,301,周赧王十四年（西元前三0一年）,50,考案,秦、楚,,,案：上群午當為陰陽家，或為尊信陰陽家言之史官。《左傳》昭公三十一年載史墨曰：“火勝金，故弗克。”所謂重丘之戰，秦戰不勝，當即《楚策二》所謂“昭雎勝秦於重丘”。此事不見於《史記》。《田世家》謂是年“與秦擊敗楚於重丘”，可能重丘之戰楚先勝而後敗。
前301,301,周赧王十四年（西元前三0一年）,51,史料,燕、趙,,伐、立,趙燕後胡服，王令讓之曰：“事主之行，竭意盡力，微諫而不嘩，應對而不怨，不逆上以自伐，不立私以為名。子道順而不拂，臣行讓而不爭。子用私道者，家必亂；臣用私義者，國必危。反親以為行，慈父不子；逆主以自成，惠主不臣也。寡人胡服，子獨弗服，逆主罪莫大焉。以從政為累，以逆主為高，行私莫大焉。故寡人恐親犯刑戮之罪，以明有司之法。”趙燕再拜稽首曰：“前吏命胡服，施及賤臣，臣以失令過期，更不用侵（姚注“更”一作“史”），辱教，王之惠也。臣敬修衣服以待令甲。”（《趙策二》第六章，“修”，原作“循”，從姚引一本改正。“令甲”或作“今日”。“令甲”謂令之先發者）
前300,300,周赧王十五年（西元前三00年）,1,史料,秦、齊、楚、燕、韓、趙、魏,秦昭王、齊湣王、燕昭王、趙武靈王、楚懷王,,秦昭王七年，魏襄王十九年，韓襄王十二年，趙武靈王二十六年，齊湣王元年，楚懷王二十九年，燕昭王十二年。
前300,300,周赧王十五年（西元前三00年）,2,史料,魏,,會,魏襄王十九年薛侯來，會王於釜丘。（《水經·濟水注》引《紀年》）
前300,300,周赧王十五年（西元前三00年）,3,考案,秦、齊、楚、韓、魏、代,秦昭王、齊威王、齊宣王、齊湣王,伐、攻、立、合縱、會、殺,案：錢穆《魏襄王十九年會薛侯於釜丘考》雲：“是年為齊湣王元年，即湣王立後一年也。《史記·孟嘗君列傳》：齊襄王立而孟嘗君中立于諸侯，無所屬。”今《竹書紀年》稱薛侯即中立于諸侯時矣。然則齊襄王立者，乃齊湣王立之誤。湣王立于魏襄王十八年，即孟嘗離齊稱侯之歲也。”又雲：“孟嘗君既見廢而之薛，於是乃有馮驥之曆說。《史》謂其至秦，《策》謂其至魏。今據《水經注》引《紀年》，魏襄王十九年釜丘之會，適當湣王元年，孟嘗本為魏相，則其見逐于齊湣，使騅先容，而與魏為會，情事恰符。明年秦昭王八年，即齊湣王二年涇陽君複歸秦，而田文亦入相秦，則謂馮驥人說秦王，亦非盡無因也。孟嘗君在秦一年，失相東歸，重相齊，怨秦，聯韓、魏共擊秦，則為湣王之三年。”（《先秦諸子系年》第三九七至四〇〇頁）此說不符合當時形勢之發展，並不足信。戰國時代封君有稱侯者，如齊威王時鄒忌為相，封為成侯。秦昭王時魏冉為相，封為穰侯，楚宣王時有相封為州侯，魏襄王時有封君成侯。稱侯之封君並非中立于諸侯。孟嘗君于齊宣王晚年為相，宣王十七年齊、魏、韓三國合縱攻楚，即為孟嘗君所主持，宣王十九年即湣王立年，齊、魏、韓三國共攻楚方城，大勝，殺楚將唐昧，亦孟嘗君主持，正當湣王初立之時。正是孟嘗君聲望震動各國之際。魏襄王十九年薛侯與魏襄王相會，馬驥《繹史》謂即孟嘗君謀合縱伐秦事。雖未必即謀合縱伐秦，當是謀進一步修好而合作之事。同年秦使涇陽君入質于齊，《孟嘗君列傳》謂：“秦昭王聞其賢，乃先使涇陽君為質于齊，以求見孟嘗君。”秦昭王使涇陽君入質于齊，謀與齊合作。次年，涇陽君複歸秦，秦昭王又召孟嘗君入秦為相，無非由於孟嘗君聲望之高。《孟嘗君列傳》又謂孟嘗君為秦相，人或說秦昭王曰：“孟嘗君賢，而又齊族也，今相秦，必先齊而後秦，秦其危矣。”於是秦昭王乃止。若孟嘗君見逐于齊湣王，居薛而中立于諸侯，秦昭王不可能用以為相，孟嘗君失相東歸，湣王亦不可能再用以為相。
前300,300,周赧王十五年（西元前三00年）,4,史料,秦,秦昭王,卒,秦昭王七年樗裡子卒，葬于渭南章台之東。曰：“後百歲，是當有天子之宮夾我墓。”樗裡子疾室在於昭王廟西渭南陰鄉樗裡，故俗謂之樗裡子。至漢興，長樂宮在其東，未央宮在其西，武庫正直其墓。秦人諺曰：“力則任鄙，智則樗裡。”(《樗裡子列傳》，《秦本紀》、《穰侯列傳》皆謂是年樗裡子卒）
前300,300,周赧王十五年（西元前三00年）,5,史料,秦、齊,,,[秦]昭王七年樗裡子死，而使涇陽君質于齊。（《穰侯列傳》，《田世家》、《六國表》皆謂是年秦使涇陽君質于齊。《秦本紀》記“涇陽君質于齊”在上年）
前300,300,周赧王十五年（西元前三00年）,6,史料,秦、齊,秦昭王,,秦昭王聞其賢，乃先使涇陽君為質于齊，以求見孟嘗君。（《孟嘗君列傳》）
前300,300,周赧王十五年（西元前三00年）,7,史料,秦,,拔,[秦昭襄王]七年拔新城。（《秦本紀》）
前300,300,周赧王十五年（西元前三00年）,8,史料,秦、楚,秦昭王,,秦昭王七年擊楚，斬首三萬。（《六國表》）
前300,300,周赧王十五年（西元前三00年）,9,史料,秦,秦昭王,,[秦昭王]七年新城陷。（秦簡《編年記》）
前300,300,周赧王十五年（西元前三00年）,10,史料,秦、齊、楚,楚懷王,攻、殺,[楚懷王]二十九年秦複攻楚，大破楚，楚軍死者二萬，殺我將景缺。懷王恐，乃使太子為質于齊以求平。（《楚世家》）
前300,300,周赧王十五年（西元前三00年）,11,史料,秦、楚,楚懷王,取、殺,楚懷王二十九年秦取我襄城，殺景缺。（《六國表》）
前300,300,周赧王十五年（西元前三00年）,12,史料,齊、楚,,,長沙(當作“垂沙”)之難，楚太子橫為質于齊。（《楚策四》第七章）
前300,300,周赧王十五年（西元前三00年）,13,史料,楚、趙、魏,,,魏敗楚於陘山，禽唐明。楚王懼，令昭應奉太子以委和于薛公。（《趙策四》第十六章）
前300,300,周赧王十五年（西元前三00年）,14,考案,秦、楚、周,,,案：新城即襄城，《秦本紀·正義》引《括地志》雲：“許州襄城縣即古新城縣也。”《正義》雲：“按《世家》、《年表》，則‘新’字誤作‘襄’。”新城在今河南伊川縣西南，楚嘗於此設新城郡。見《楚策一》第十三章，已說明在周赧王十二年案語中。
前300,300,周赧王十五年（西元前三00年）,15,史料,秦、齊、楚,,攻、取、賂,齊、秦約攻楚，楚令景翠以六城賂齊，以太子為質（“以”字原脫，據姚氏引一本校增）。昭雎謂景翠曰：“秦恐且因景鯉、蘇厲而效地于楚。公出地以取齊（姚本：“取一作收”），鯉與厲且以收地取秦，公事必敗。公不如令王重賂景鯉、蘇厲，使入秦，秦恐必不求地而合于楚。若齊不求，是公與約也。”（《楚策二》第二章）
前300,300,周赧王十五年（西元前三00年）,16,考案,秦、齊、楚、韓、趙、魏,楚懷王,攻、賂、殺,案：據《楚策四》與《趙策四》，楚以太子橫為質于秦，即在齊、魏、韓三國破楚、殺楚將唐昧（亦作唐蔑）之後。然《楚世家》謂秦複攻楚、破楚而殺楚將景缺，楚懷王恐，乃使太子為質于齊。而《楚策二》又謂齊、秦約攻楚，楚令景翠以六城賂齊，以太子為質。蓋是年秦攻楚新城，殺楚將景缺，是由於“齊、秦約攻楚”，故楚欲以六城賂齊，以太子為質于齊。
前300,300,周赧王十五年（西元前三00年）,17,史料,燕、趙、中山、代,趙武靈王,攻,[趙武靈王]二十六年複攻中山，攘地北至燕、代，西至雲中、九原。（《趙世家》）
前300,300,周赧王十五年（西元前三00年）,18,史料,趙、代,趙武靈王,,趙武靈王亦變俗胡服，習騎射，北破林胡、樓煩，築長城，自代並陰山下，至高闕為塞，而置雲中、雁門、代郡。（《史記·匈奴列傳》）
前300,300,周赧王十五年（西元前三00年）,19,考案,秦、周、代,,滅,案：蒙文通《周秦少數民族研究》第六“林胡、樓煩西還”條雲：“代地為襄子滅代時已有之，必武靈王時乃置郡，故《匈奴列傳》雲然。二十六年則置雲中九原（郡）時也。”（原書一○二頁）
前300,300,周赧王十五年（西元前三00年）,20,史料,秦、楚、魏,秦昭王,卒,秦昭王七年樗裡子卒。擊楚，斬首三萬。魏冉為相。（《六國表》）.
前300,300,周赧王十五年（西元前三00年）,21,考案,秦、趙、魏、周、代,,卒,案：《資治通鑒》記是年，“秦樗裡疾卒，以趙人樓緩為相”，不確。《秦本紀》載昭王十年“薛文以金受免，樓緩為丞相”。樓緩為秦相在昭王十至十二年間。又載昭王十二年樓緩免，穰侯魏冉為相。《六國表》同。《穰侯列傳》將“秦果免樓緩而魏冉相秦”記于昭王七年以後，昭王十四年以前未明記其年代，《資治通鑒》誤以為昭王七年事。黃式三《周季編略》誤從之，反而以《六國表》謂是年魏冉為相“訛也”，非是。
前300,300,周赧王十五年（西元前三00年）,22,史料,魏,,,宣太后二弟：其異父長弟曰穰侯，姓魏氏，名冉；同父弟曰羋戎，為華陽君；而昭王同母弟曰高陵君、涇陽君。（《穰侯列傳》）
前300,300,周赧王十五年（西元前三00年）,23,史料,秦,,,悝號高陵君，初封于彭，昭襄王弟也。（《秦本紀》昭王十六年《索隱》）
前300,300,周赧王十五年（西元前三00年）,24,考案,秦、齊、楚、韓、魏、代,秦昭王,攻、取,案：《穰侯列傳》“其明年（昭王十六年），燭（壽燭）免，複相冉，乃封魏冉於穰，複益封陶，號曰穰侯。”《韓世家》襄王十一年《正義》雲：“穰，人羊反，鄧州縣也。”郭仲產《南雍州記》雲：“楚之別邑。秦初侵楚，封公子悝為穰侯，後屬韓，秦昭王取之也。”此說甚謬，公子悝即高陵君，初封于彭，未嘗封穰。《穰侯列傳》謂秦昭王十六年“魏冉複相秦而封於穰，複益封陶”。亦有年代錯誤。是年秦尚未攻取得陶，秦將攻齊取得之陶作為魏冉封邑，乃秦昭王二十六年事。魏冉封於穰當在秦昭王六年攻韓取穰之後，或即在昭王七年冉初為秦相時。《秦本紀》載昭王十二年“樓緩免，穰侯魏冉為相”。可見昭王十二年魏冉已稱穰侯，非十六年始封於穰也。
前300,300,周赧王十五年（西元前三00年）,25,考案,秦、齊、韓、趙、魏,蘇秦、秦昭王,攻、取,又案：《穰侯列傳》、《蘇秦列傳》之《索隱》皆謂：“高陵君名顯，涇陽君名悝”，大誤。而《秦本紀》昭王六年“涇陽君質于齊”，《索隱》雲：“名市。”《秦本紀》昭王十六年“封公子市宛，公子悝鄧”。《索隱》又雲：“悝號高陵君，初封于彭，昭襄王弟也。”其說是。《秦本紀》既于昭王十六年書“封公子市宛”，又于昭王二十一年重出“涇陽君封宛”，則市之為涇陽君、悝之為高陵君，正確無疑。梁玉繩《史記志疑》論之曰：“市者涇陽君也，悝者高陵君也，《索隱》於此處（案指《秦本紀》）不誤，而于蘇秦、穰侯《傳》謂涇陽為悝，誤矣。又雲高陵君名顯，則是誤以秦末齊王田市之使者高陵君顯為秦公子也（顯見《項羽本紀》），張冠李戴，可哂之甚。”梁說甚是。余按悝之初封于彭與高陵，市之初封涇陽，當在羋戎初封華陽與魏冉初封穰之前。高陵在今陝西高陵縣，涇陽在今陝西涇陽縣西北，皆在秦都咸陽以北，因寵倖而封之。秦昭王六年涇陽君質于齊，《秦本紀》、《穰侯列傳》記此事皆稱涇陽君而不名，蓋市已封于涇陽。《索隱》謂高陵君悝初封于彭。彭亦當為秦境內之地名；疑即彭銜，在今陝西澄城縣西北。魏冉封於穰，羋戎封於新城、華陽，涇陽君再封于宛，高陵君再封于鄧。皆秦攻韓所取得之重要城市。魏冉最後封于陶，即定陶，又為秦攻齊所取得之重要城市。此等城市手工業與商業發達，經濟繁榮，封君有徵收工商業稅收之特權，即所謂“籍城市”，有龐大之“市租”收入，因而“私家富重於王室”。於是中原地區發達之工商業大城市成為秦、齊、趙等大國封君爭奪之物件。
前300,300,周赧王十五年（西元前三00年）,26,史料,周,,,七年上郡守閒造，黍垣工師嬰(“黍”讀作“漆”)，工鬼薪帶。(七年上郡守閒戈刻辭，在“內”之正面，見於陶正剛《山西屯留出土一件平周戈》，刊於《文物》一九八七年第八期。另於“內”之背面下層有“高奴”二字，於“內”背面上層與“胡”部皆有“平周”二字)
前300,300,周赧王十五年（西元前三00年）,27,考案,秦、周,秦昭王,,案：此戈先用於高奴，在今陝西延安東北。後用於平周，在今山西介休西。此與十二年上郡守壽戈，同為漆垣工師所造，當同為昭王時器。據此可知，秦昭王七年上郡守有名閒者，于史不可考。
前300,300,周赧王十五年（西元前三00年）,28,史料,韓,,立,[韓襄王]十二年太子嬰死（按“太子嬰”當作“伯嬰”）。公子咎、公子蟣蝨爭為太子。……於是蟣瑟竟不得歸韓。韓立咎為太子。（《韓世家》）
前300,300,周赧王十五年（西元前三00年）,29,考案,齊、楚、韓,,立、取,案：《索隱》雲：“按《戰國策》，伯嬰與蟣蝱及公子咎並是襄王子（“伯嬰”上原誤衍“公叔”二字，今刪）。然伯嬰即太子嬰。嬰前死，故咎與蟣蝱又爭立。此取《戰國策》說，伯嬰未立之先亦與蟣蝱爭立，故事重而文倒也。”今案：《韓世家》稱“太子嬰死，公子咎、公子蟣蝱爭為太子。”“蟣蝱”，《戰國策》作“幾瑟”，音同通用。《戰國策》未見伯嬰早死之事，但見伯嬰、公子咎、幾瑟三人爭為太子。《韓世家》稱“時蟣蝱質于楚”。據《戰國策》，幾瑟乃因齊師入韓而出走。皆當以《戰國策》為是。
前300,300,周赧王十五年（西元前三00年）,30,史料,秦、楚、韓、宋,,立、殺,公叔且殺幾瑟也，宋赫為謂公叔曰：“幾瑟之能為亂也，內得父兄而外得秦、楚也。今公殺之，太子無患（所謂“太子”指公子咎，後立為太子），必輕公。韓大夫知王之老而太子定，必陰事之。秦、楚若無韓，必陰事伯嬰，伯嬰亦幾瑟也，公不如勿殺。伯嬰恐，必保于公（鮑本“必”下有“陰”字）。韓大夫不能必其不立也（“立”原誤作“入”，是時幾瑟在國內，尚未出走，公叔將欲殺之。若已出走在外，公叔不得殺也），必不敢輔伯嬰以為亂。秦、楚挾幾瑟以塞伯嬰，伯嬰外無秦、楚之權，內無父兄之眾，必不能亂矣。此便於公。”（《韓策二》第十四章）
前300,300,周赧王十五年（西元前三00年）,31,考案,秦、齊、楚、韓、魏、代,,立,案：據此可知，此時伯嬰、幾瑟、公子咎三人爭為太子，公叔時為相國，乃欲立公子咎為太子。《韓世家》記蘇代謂羋戎曰：“公叔、伯嬰恐秦、楚之內蟣蝱也”，《韓策二》第十五章記或謂新城君同，乃指公叔與伯嬰二人，司馬貞誤以為一人，於是以為公叔伯嬰與幾瑟、公子咎並為襄王子。于鬯《戰國策注》又“疑公子咎、韓公叔、公叔伯嬰，一人而三稱謂也”，皆非事實。時公叔依齊、魏之力而為韓大臣，與公仲依秦、楚之力而為韓大臣，相互爭權已久，蓋皆韓公族之長者，焉得為襄王之子？
前300,300,周赧王十五年（西元前三00年）,32,史料,韓,,殺,公叔將殺幾瑟也。謂公叔曰：“太子之重公也（所謂‘太子’指公子咎），畏幾瑟也。今幾瑟死，太子無患，必輕公。韓大夫見王老，冀太子之用事也，固欲事之。太子外無幾瑟之患，而內收諸大夫以自輔也，公必輕矣。不如無殺幾瑟以恐太子，太子必終身重公矣。”（《韓策二》第十三章）
前300,300,周赧王十五年（西元前三00年）,33,考案,,,,案：此章與上章乃一事之兩傳，說辭大意相同。
前300,300,周赧王十五年（西元前三00年）,34,史料,秦、齊、楚、韓、魏、鄭,,伐,韓公叔有齊、魏，而世子有楚、秦以爭國（“世子”原作“太子”，從《韓策二》第十章改正，下同）。鄭申為楚使于韓（鄭申，《韓策》作“鄭強”，“申”疑“強”之誤），矯以新城、陽人予世子。楚王怒，將罪之，對曰：“臣矯予之，以為國也。臣為世子得新城、陽人，以與公叔爭國而得之，齊、魏必伐韓。韓氏急，必懸命于楚，又何新城、陽人之敢求？世子不勝，然而不死（鮑本“然”作“幸”），今將倒冠而至，又安敢言地？”楚王曰：“善”。乃不罪也。（《楚策一》第十四章，與《韓策二》第十章大體相同）
前300,300,周赧王十五年（西元前三00年）,35,史料,楚、韓、魏、鄭,,,韓公叔與幾瑟爭國，鄭強為楚王使于韓，矯以新城、陽人予世子，以與公叔爭國（“予”原作“合”，鮑本改作“命”，今據《楚策》改正）。楚怒將罪之。鄭強曰：“臣之矯與之，以為國也。臣曰世子得新城、陽人以與公叔爭國而得全，魏必急韓氏。韓氏急，必懸命于楚，又何新城、陽人敢索？若戰而不勝，走而不死（鮑本“走”作“幸”），今且以至，又安敢言地？”楚王曰：“善。”乃弗罪。（《韓策二》第十章）
前300,300,周赧王十五年（西元前三00年）,36,考案,,,立,案：以上二章，乃一事兩傳，略有不同。公叔與幾瑟“爭國”，乃爭治國之權。鮑彪以為“爭立為相”，或以為“爭太子”，皆非。
前300,300,周赧王十五年（西元前三00年）,37,史料,齊、楚、韓、魏、鄭,,攻,公叔相韓而有攻齊（“有攻”讀作“友功”，“友功齊”謂友善于齊），公仲甚重于王，公叔恐王之相公仲也，使齊、韓約而攻楚（“楚”原誤作“魏”，今改正），公叔因內齊軍于鄭，以劫其君，以固其位，而信兩國之約。（《韓非子·內儲說下》，“信”讀作“伸”）
前300,300,周赧王十五年（西元前三00年）,38,史料,齊、韓,,,韓公叔與幾瑟爭國，中庶子強調世子曰（“世子”原作“太子”，今據《韓策二》第十章改正，下同）：“不若及齊師未入，急擊公叔。”世子曰：“不可。戰之于國中，國必分。”（“必”上原無“國”字，從鮑本增）對曰：“事不成，身必危，尚何足以圖國之全為？”世子弗聽。齊師果入，世子出走。（《韓策二》第十一章）
前300,300,周赧王十五年（西元前三00年）,39,考案,秦、齊、楚、韓、魏、鄭,,攻、立、合縱,案：此時公叔為韓相依仗齊相薛公即孟嘗君，得齊、魏之助，故有人謂公叔曰：“今公自以辨于薛公而輕秦”，公叔既與公仲爭權，又與爭立為太子之幾瑟爭權。及韓與齊、魏合縱欲攻楚，公叔因納齊軍于鄭，用以固其位、並迫使幾瑟出走至楚。故齊明謂公叔曰：“齊逐幾瑟，楚善之。”
前300,300,周赧王十五年（西元前三00年）,40,史料,齊、楚、韓,,,齊明謂公叔曰：“齊逐幾瑟，楚善之。今楚欲善齊甚，公何不令齊王謂楚王曰：‘王為我逐幾瑟以窮之’，楚聽，是齊、楚合而幾瑟走也。楚王不聽，是有陰于韓也。”（《韓策二》第十二章）
前300,300,周赧王十五年（西元前三00年）,41,史料,秦、齊、楚、韓、魏、代,,圍,謂新城君曰（《韓世家》作“蘇代又謂秦太后弟羋戎曰”，羋戎即新城君）：“公叔、伯嬰恐秦、楚之內幾瑟也，公何不為韓求質子于楚？楚王聽而入質子于韓，則公叔、伯嬰必知秦、楚之不以幾瑟為事也，必以韓合于秦、楚矣。秦、楚挾韓以窘魏，魏氏不敢東（《韓世家》“東”作“合于齊”），是齊孤也。公又令秦求質子于楚（《韓世家》“令”作“為”），楚不聽則怨結于韓。韓挾齊、魏以眄楚（“眄”原作“盱”，鮑本作“盻”，《韓世家》作“圍”，金正煒謂當作“眄”，“眄”，斜視也），楚王必重公矣。公挾秦、楚之重，以積德于韓，則公叔、伯嬰必以國事公矣。”（《韓策二》第十五章，《韓世家》同，以此為蘇代所說）
前300,300,周赧王十五年（西元前三00年）,42,考案,楚、韓,,,案：據此可知，《韓世家》謂“時蟣蝱質于楚”不確，時韓另有質子于楚，非指幾瑟也。
前300,300,周赧王十五年（西元前三00年）,43,史料,秦、齊、楚、韓、魏、鄭,,立,幾瑟亡之楚，楚將收秦而複之，謂羋戎曰：“廢公叔而相幾瑟者楚也，今幾瑟亡之楚，楚又收秦而複之，幾瑟入鄭之日，韓、楚之縣邑，公不如令秦王賀伯嬰之立也。韓絕于楚，其事秦必疾，秦挾韓親魏，齊、楚後至者先亡，此王業也。”(《韓策二》第十七章)
前300,300,周赧王十五年（西元前三00年）,44,史料,楚、韓、魏,,立,胡衍之出幾瑟于楚也，教公仲謂魏王曰：“太子在楚，韓不敢離楚也，公何不試奉公子咎而為之請太子？”（鮑本“公”作“王”，黃丕烈雲：“此當公字下有缺文。”）因令人謂楚王曰：“韓立公子咎而棄幾瑟，是王抱虛質也，王不如亟歸幾瑟，幾瑟入，必以韓權仇于魏而德王矣。”（《韓策二》第十六章）
前300,300,周赧王十五年（西元前三00年）,45,史料,秦、楚、韓,,,楚令景鯉入韓，韓且內伯嬰于秦，景鯉患之。冷向謂伯嬰曰：“太子入秦，秦必留太子而合楚，以複幾瑟也，是太子反棄之。”（《韓策二》第十九章）
前300,300,周赧王十五年（西元前三00年）,46,史料,楚、韓、鄭、代,,救,冷向謂韓咎曰（《韓世家》“冷向”作“蘇代”)：“幾瑟亡在楚，楚王欲複之甚（《韓世家》“複”作“由”），令楚兵十余萬在方城之外（鮑本“令”作“今”，《韓世家》亦作“今”），臣請令楚築萬家之都於雍氏之旁（《韓世家》“臣請”作“公何不”，“家”作“室”），韓必起兵以禁之（《韓世家》“禁”作“救”），公必將矣。公因以楚、韓之兵奉幾瑟而內之鄭（鮑本無“鄭”字，《鄭世家》亦無），幾瑟得入而德公（《韓世家》作“其聽公必矣”），必以韓、楚奉公矣。”（《韓策二》第十八章，《韓世家》系此于韓襄王十二年下，“奉”作“封”）
前300,300,周赧王十五年（西元前三00年）,47,史料,秦、韓、吳,,,公叔使馮君于秦，恐留，教陽向說秦王曰：“留馮君以善韓辰（“辰”原作“臣”，姚注：“集、錢、劉、曾作辰。”）金正煒曰：“當是韓辰，後公仲相韓，謂秦如留馮，徒資辰于韓也”），主君不如善馮君而資之以秦，馮君廣王而不聽公叔（金正煒以為“廣”乃“厲”之誤，厲，附也。吳曾祺以“廣”為“德”之誤），以與太子爭，則王澤布而害于韓矣。”（吳師道雲：“害疑善字。”）金正煒曰：“澤當作擇，害當作割也。”)（《韓策二》第六章）
前300,300,周赧王十五年（西元前三00年）,48,考案,韓,,,案：金正煒曰：“馮君疑即公仲馮。《史記·田世家》韓馮，徐廣曰：即公仲侈。《甘茂列傳》公仲侈，徐廣曰：一作‘馮’。‘馮’與‘朋’古字通，故《策》文韓朋，《史記》作‘馮’，其實一人。後人不辨馮即公仲，因以意增君字耳。”又曰：“公仲本黨幾瑟，故助之以與公叔爭。”
前300,300,周赧王十五年（西元前三00年）,49,史料,秦、楚、韓、鄭,,伐、攻,鄭強載八百金入秦，請以伐韓。冷向謂鄭強曰：“公以八百金請伐人之與國，秦必不聽公。公不如令秦王疑公叔。”鄭強曰：“何如？”曰：“公叔之攻楚也，以幾瑟之存焉，故言先楚也（鮑本“先”作“伐”）。今已令楚王奉幾瑟以車百乘居陽翟，令昭獻轉而與之處旬有餘，彼已覺。而幾瑟，公叔之仇也，而昭獻，公叔之人也，秦王聞之，必疑公叔之為楚也。”（《韓策一》第十二章）
前300,300,周赧王十五年（西元前三00年）,50,史料,秦、楚、韓,,圍、救,[韓襄王]十二年楚圍雍氏，韓求救于秦。……於是楚解雍氏圍。（《韓世家》）
前300,300,周赧王十五年（西元前三00年）,51,史料,楚、韓、魏,,,[魏襄王十九年]楚入雍氏，楚人敗。（《韓世家·集解》徐廣引《紀年》）
前300,300,周赧王十五年（西元前三00年）,52,考案,秦、齊、楚、韓、魏、鄭,張儀、秦惠王、秦昭王,攻、圍、救、立、合縱,案：《韓世家》記是年楚圍韓雍氏，韓求救于秦。秦使公孫入韓見公仲，謂秦將由南鄭、藍田出兵于楚以待公，雲：“公必先韓而後秦，先身而後張儀”，於是楚解雍氏圍。考楚圍韓雍氏，前後有三次，是年為第三次，《韓世家》誤以第一次之事系於此第三次圍雍氏之役。《集解》引徐廣之說，已經指出“時張儀已死十年矣”。不僅張儀已死十年，韓之相國亦已是公叔而非公仲矣。是時公叔為相，韓正追隨齊、魏合縱攻楚而謀攻秦，亦不可能求救于秦。《甘茂列傳》稱楚圍韓雍氏，韓使公仲告急于秦，因秦昭王新立，太后楚人，不肯救，公仲因甘茂進言秦昭王，秦乃下師於殽以救韓。《甘茂列傳·索隱》雲：“按秦惠王二十六年楚圍雍氏，至昭王七年又圍雍氏，韓求救于秦，是再圍也。劉氏雲此是前圍雍氏，當赧王之三年。《戰國策》及《紀年》與此並不同。”《甘茂列傳》所述，乃楚第二次圍雍氏，在秦武王四年，即昭王初立之年。與秦惠王二十六年楚第一次圍雍氏、秦昭王七年楚第三次圍雍氏，皆不同。
前299,299,周赧王十六年（西元前二九九年）,1,史料,秦、齊、楚、燕、韓、趙、魏,秦昭王、齊湣王、燕昭王、趙武靈王、楚懷王,,秦昭王八年，魏襄王二十年，韓襄王十三年，趙武靈王二十七年，齊湣王二年，楚懷王三十年，燕昭王十三年。
前299,299,周赧王十六年（西元前二九九年）,2,史料,秦、韓、魏,,取,魏公子勁、韓公子長為諸侯。（《秦本紀》系于昭王八年取唐昧之役後）
前299,299,周赧王十六年（西元前二九九年）,3,史料,魏,,,吾先君成侯受詔襄王，以守此地也（按指安陵），手受大府之《憲》，《憲》之上篇曰：“子弑父，臣弑君，有常不赦，國雖大赦，降城亡子，不得與焉。”（《魏策四》第二十四章安陵君對答魏信陵君所遣大使）
前299,299,周赧王十六年（西元前二九九年）,4,考案,秦、楚、韓、魏、晉、鄭,范雎,,案：《楚策二》第一章載：魏相翟強死，為甘茂謂楚王曰：“魏之幾相者公子勁也，勁也相魏，魏、秦之交必善。”是公子勁固魏襄王時之貴公子而親秦者。又《秦本紀》之韓公子長，“長”疑“辰”之字誤。古本《紀年》謂魏襄王四年“鄭侯使辰歸晉陽、向。”(《范雎列傳·正義》引)《韓策三》第十一章有“後相韓辰”，《韓策二》第六章記公叔教陽向說秦王曰：“留馮君以善韓辰（“辰”原作“臣”，姚注：“集、錢、劉、曾作辰。”作“辰”為是），非上知也。”是韓辰亦韓公子之親秦者。兩公子皆因親秦而於是年封侯，《秦記》因特記之。
前299,299,周赧王十六年（西元前二九九年）,5,考案,秦、齊、楚、韓、趙、魏、周、代,趙襄子、秦昭王,,又案：顧觀光《七國地理考》雲：“《魏策》安陵君曰：‘吾先君成侯受詔襄王；以守此地’，《大事記》雲：‘安陵趙襄子所封，其後遠別為一國，附庸于魏。’今案安陵魏地，當為魏之分封，非趙分也。《秦本紀》昭襄王八年魏公子勁為諸侯，《年表》秦昭王八當魏哀王二十，若依《紀年》，則哀即襄矣。成侯者，安陵始封之君，疑即《秦記》所謂公子勁者，故《魏策》雲：‘安陵之地亦猶魏也。’鮑注以成侯為趙成侯，襄王為趙襄子，則自襄子至成侯，中隔桓子、獻侯、烈侯、武公、敬侯五代，不得雲受詔也。且以吾先君為趙先君，文理不順，其誤明矣。”余案顧說至是，公子勁當即成侯，安陵即鄢陵，在今河南鄢陵縣北，蓋魏、楚交界之地。是時為魏所有。余疑公子長即公子辰之誤，即是成陽君。《魏策四》第十五章言“成陽君欲以韓、魏聽秦”，《秦本紀》昭王十七年城陽君入朝。《秦策三》第七章載：五國罷成皋，秦太后為魏再謂秦王曰：“成陽君以王之故，窮而居於齊。”《韓策三》第十三章記或謂韓瑉曰：“成陽君為秦去韓”，又載“韓瑉相齊，令吏逐公疇豎，大怒于周之留成陽君也”，《趙策四》第四章記蘇代謂齊王曰：“天下爭秦，秦王內韓瑉于齊，內成陽君于韓。”是成陽君亦韓公子之親秦者。成陽，《漢書·地理志》屬汝南郡。在今河南信陽北，蓋韓、楚交界之地，是時為韓所有。
前299,299,周赧王十六年（西元前二九九年）,6,史料,秦、楚,,攻、取,[秦昭襄王]八年使將軍羋戎攻楚取新市（《秦本紀》）
前299,299,周赧王十六年（西元前二九九年）,7,史料,秦、楚,楚懷王,伐、取,[楚懷王]三十年秦複伐楚，取八城。（《楚世家》，《六國表》作“秦取我八城”)
前299,299,周赧王十六年（西元前二九九年）,8,史料,秦、楚,,攻、取、殺,[秦昭襄王]九年免攻楚取八城，殺景快。（《秦本紀》，“快”為“缺”之訛）
前299,299,周赧王十六年（西元前二九九年）,9,史料,秦,秦昭王,,[秦昭王]八年新城歸。（秦簡《編年記》）
前299,299,周赧王十六年（西元前二九九年）,10,考案,秦、楚,秦昭王,伐、攻、取、殺,案：奐當即庶長奐，《秦本紀》載秦昭王六年庶長奐伐楚，斬首二萬。《楚世家》與《六國表》謂上年秦取楚新城（即襄城），殺楚將景缺，是年又伐楚取八城。《秦本紀》又謂奐攻楚取八城，殺景快，“快”當是“缺”之訛。據此，此一戰事當連續兩年。據秦簡《編年記》，是年歸還新城于楚，當在戰事結束以後。《秦本紀》又謂秦 $ \underset{\cdot}{使} $將軍羋戎取楚新市，則為另一戰役。
前299,299,周赧王十六年（西元前二九九年）,11,考案,秦、齊、楚、韓、魏、周,,攻、取,又案：《秦本紀》又將“齊使章子、魏使公孫喜、韓使暴鸞共攻楚方城，取唐昧”，記在“八年使將軍羋戎攻楚取新市”之後。“取唐昧”之役在前二年，《秦本紀》誤後二年。黃式三《周季編略》以為《秦本紀》未誤後二年，而以為“說以取唐為取唐昧”，“唐邑名，與新市及六邑為八邑，與《年表》同。”考是年秦並無“取唐”之事，黃說甚謬。
前299,299,周赧王十六年（西元前二九九年）,12,史料,秦、楚,秦昭王,,秦昭王八年楚王來，因留之。（《六國表》）
前299,299,周赧王十六年（西元前二九九年）,13,史料,秦、楚,楚懷王,,楚懷王三十年王入秦。（《六國表》）
前299,299,周赧王十六年（西元前二九九年）,14,史料,秦、楚,楚懷王,,楚懷王入朝秦，秦留之。（《秦本紀》誤系于昭王十年下）
前299,299,周赧王十六年（西元前二九九年）,15,史料,秦、楚,,攻、盟,秦敗楚漢中，楚王入秦，秦王留之。游騰為楚謂秦王曰：“王挾楚王而與天下攻楚，則傷行矣。不與天下共攻之，則失利矣；王不如與之盟而歸之，楚王畏，必不敢倍盟，倍盟（原不重“倍盟”二字，鮑本“倍”作“背”，補“背盟”二字，今從之），王因與三國攻之，義也。”（《楚策二》第七章）
前299,299,周赧王十六年（西元前二九九年）,16,史料,秦、楚、趙,秦昭王,卒、會,時秦昭王與楚婚，欲與懷王會。懷王欲行，屈平曰：“秦虎狼之國，不可信，不如毋行。”懷王稚子子蘭勸王行：“奈何絕秦歡。”懷王卒行。入武關，秦伏兵絕其後，因留懷王。懷王怒，不聽，亡走趙，趙不內。複之秦，竟死于秦而歸葬。（《屈原列傳》）
前299,299,周赧王十六年（西元前二九九年）,17,考案,秦、楚、韓、趙,秦昭王、楚懷王,伐、攻、取、盟、會,案：《楚策二》謂“秦敗楚漢中，楚王入秦”，鮑彪注：“此楚懷三十年秦伐楚取八城。”《屈原列傳》謂“時秦昭王與楚婚，欲與懷王會”，《楚世家》亦謂：秦昭王遺書楚王，因故為婚姻相親，欲相約于武關結盟。《趙策一》有人謂趙王，秦王今謂楚王：“苟來舉玉趾而見寡人，必與楚為兄弟之國，必為楚攻韓、梁，反楚之故地。”蓋秦以威脅利誘之手段，誘使楚懷王入秦武關相會。
前299,299,周赧王十六年（西元前二九九年）,18,史料,秦、齊、楚,秦昭王、楚懷王,盟、會、殺,秦昭王遺楚王書曰：“始寡人與王約為弟兄，盟于黃棘，太子為質，至歡也。太子陵殺寡人之重臣，不謝而亡去，寡人誠不勝怒，使兵侵君王之邊。今聞君王乃令太子質于齊以求平，寡人與楚接境壤界，故為婚姻，所從相親久矣。而今秦、楚不歡，則無以令諸侯。寡人願與君王會武關，面相約，結盟而去，寡人之願也，敢以聞下執事。”楚懷王見秦王書，患之，欲往，恐見欺，無往，恐秦怒。昭雎曰：“王毋行而發兵自守耳。秦虎狼，不可信，有並諸侯之心。”懷王子子蘭勸王行，曰：“奈何絕秦之歡心？”於是往會秦昭王。昭王詐令一將軍伏兵武關，號為秦王。楚王至，則閉武關，遂西至咸陽，朝章台，如蕃臣，不與亢禮。楚懷王大怒，悔不用昭子言。秦因留楚王，要以割巫、黔中之郡。楚王欲盟，秦欲先得地。楚王怒曰：“秦詐我而又強要我以地。”不復許秦，秦因留之。（《楚世家》）
前299,299,周赧王十六年（西元前二九九年）,19,史料,秦、楚、燕、韓、趙、晉、周、吳,,伐、攻、救、殺,謂趙王曰：“三晉合而秦弱，三晉離而秦強，此天下之所明也。秦之有燕而伐趙，有趙而伐燕，有梁而伐趙，有趙而伐梁，有楚而伐韓，有韓而伐楚，此天下之所明見也。然山東不能易其路，兵弱也，弱而不能相一，是何秦之知而山東之愚也？是臣所為山東之憂也。虎將即禽，禽不知虎之即己也而相鬥，兩罷，而歸其死於虎。故使禽知虎之即己，決不相鬥矣。今山東之主，不知秦之即己也，而尚相鬥，兩敝，而歸其國于秦，知不如禽遠矣。願王熟慮之也。今事有可急者，秦之欲伐韓、梁，東窺周室甚，惟寐忘之，今南攻楚者，惡三晉之大合也（鮑本“大”作“相”）。今攻楚休而複之，已五年矣，攘地千餘裡。今謂楚王：‘苟來舉玉趾而見寡人，必與楚為兄弟之國，必為楚攻韓、梁，反楚之故地。’楚王美秦之語，怒韓、梁之不救己，必入于秦。有謀，故殺使之趙（上句有脫誤，鮑本於“有謀”上補“秦”字，“殺”改作“發”。金正煒雲：“有讀為又，故當作攻，殺當作殽”）。以燕餌趙，而離三晉。今王美秦之言，而欲攻燕，攻燕，食未飽而禍已及矣。楚王入秦，秦、楚為一，東面而攻韓，韓南無楚，北無趙，韓不待伐，割挈馬兔而西走（姚注：“兔，曾作免。”金正煒曰：“免與俛通”），秦與韓為上交秦禍安移于梁矣（王引之曰：“安猶於是”）。以秦之強，有楚、韓之用，梁不待伐，割挈馬兔而西走。秦與梁為上交，秦禍案攘于趙矣（鮑本“攘於”作“環中”，又雲：“一作移於”）。以強秦之有韓、梁、楚與燕之怒，割必深矣。國之舉此，臣之所為來，臣故曰事有可急為者。及楚王之未入也，三晉相親相堅，出銳師以戍韓、梁西邊，楚王聞之，必不入秦，秦必怒而循攻楚，是秦禍不離楚也，便於三晉。若楚王入，秦見三晉之大合而堅也，必不出楚王，即多割，是秦下禍不離楚也，有利於三晉，願王之熟計之也，急！”趙王因起兵南戍韓、梁之西邊，秦見三晉之堅也，果不出楚王而多求地。（《趙策一》第十七章，“而”上原有“叩”字，吳師道以為衍文，金正煒雲：“叩疑即之訛。”）
前299,299,周赧王十六年（西元前二九九年）,20,考案,秦、齊、楚、燕、韓、趙、魏、晉、周、吳,,伐,案：吳師道以為《齊策一》第十五章秦伐魏，陳軫合三晉而東謂齊王，《韓策三》第四章或謂韓王，《燕策二》第十章或獻書燕王，與此《趙策一》第十七章謂趙王，皆是陳軫合三晉之辭，征以楚王入秦一言，當在赧王十六年。黃式三《周季編略》從其說，將《韓策三》《燕策二》所載，編入赧王十六年中。今案《趙策一》此章所載“謂趙王”，確當是年之事。至於《韓策三》《燕策二》所載，不能確定為是年之事，亦不能確定為陳軫之言。
前299,299,周赧王十六年（西元前二九九年）,21,史料,秦、齊、楚,齊湣王,卒、立、殺,秦因留楚王，要以割巫、黔中之郡。……楚大臣患之，乃相與謀曰：“吾王在秦不得還，要以割地，而太子為質于齊，齊、秦合謀，則楚無國矣。”乃欲立懷王子在國者。昭雎曰：“王與太子俱困于諸侯，而今又倍王命而立其庶子，不宜。”乃詐赴于齊，齊湣王謂其相曰：“不若留太子以求楚之淮北。”相曰：“不可。郢中立王，是吾搶空質而行不義於天下也。”或曰：“不然。郢中立王，因與其新王市曰：‘予我下東國，吾為王殺太子，不然，將與三國共立之’，然則東國必可得矣。”齊王卒用其相計而歸楚太子。太子橫至，立為王，是為頃襄王。乃告于秦曰：“賴社稷靈，國有王矣。”（《楚世家》）
前299,299,周赧王十六年（西元前二九九年）,22,史料,秦、齊、楚,蘇秦,立、殺,楚王死，太子在齊質。蘇秦謂薛公曰：“君何不留太子，以市其下東國。”薛公曰：“不可。我留太子，郢中立王，然則我抱空質，而行不義於天下也。”蘇秦曰：“不然。郢中立王，君因謂其新王曰：‘與我下東國，吾為王殺太子，不然吾將與三國共立之’，然則下東國必可得也。”（《齊策三》第一章，此下有大段說明蘇秦可以由此作為之事，當出於後人增飾之詞，今不錄）
前299,299,周赧王十六年（西元前二九九年）,23,史料,秦、楚,,,女阿謂蘇子曰：“秦棲楚王，危太子者公也，今楚王歸，太子南，公必危，公不如令人謂太子曰：‘蘇子知太子怨己也，必且務不利太子，太子不如善蘇子，蘇子必且為太子入矣。’”蘇子乃令人謂太子，太子複請善於蘇子。（《楚策二》第九章）
前299,299,周赧王十六年（西元前二九九年）,24,考案,秦、齊,蘇秦,,案：女阿，黃丕烈謂即太子之“阿”，《內則》所謂“可”者。其說是也。蘇子當即蘇秦，蘇秦欲留太子于齊，因而太子怨蘇秦。
前299,299,周赧王十六年（西元前二九九年）,25,史料,秦、齊、楚,,伐、攻、救、卒、立、即位、取,楚襄王為太子之時，質于齊，懷王薨，太子辭于齊王而歸。齊王隘之：“予我東地五百里乃歸子；子不予我，不得歸。”太子曰：“臣有傅，請退而問傅。”傅慎子曰：“獻之地，所以為身也；愛地不送死父，不義，臣故曰獻之便。”太子入，致命于齊王曰：“敬獻地五百里。”齊王歸楚太子。太子歸，即位為王。齊使車五十乘，來取東地于楚，楚王告慎子曰：“齊使來求東地，為之奈何？”慎子曰：“王明日朝群臣，皆令獻其計。”上柱國子良入見，王曰：“寡人得來反（“來”原誤作“求”，從王念孫據《太平御覽》人事部所引改正），主墳墓（“主”原誤作“王”，從鮑本及《太平御覽》所引改，謂主其父喪葬之事），複群臣，歸社稷也，以東地五百里許齊，齊令使來求地，為之奈何？”子良曰：“王不可不與也，王身出玉聲，許萬乘之強齊，而不與，則不信，後不可以約結諸侯，請與而複攻之。與之信，攻之武，臣故曰與之。”子良出，昭常入見，王曰：“齊使來求東地五百里，為之奈何？”昭常曰：“不可與也。萬乘者，以地大為萬乘，今去東地五百里，是去戰國之半也；有萬乘之號，而無千乘之用也，不可。臣故曰：勿與，常請守之。”昭常出，景鯉入見，王曰：“齊使來求東地五百里，為之奈何？”景鯉曰：“不可與也。雖然，楚不能獨守，王身出玉聲，許萬乘之強齊也，而不與負不義于天下，楚亦不能獨守，臣請西索救于秦。”景鯉出，慎子入，王以三大夫計告慎子，曰：“子良見寡人曰：不可不與也，與而複攻之。”常見寡人曰：“不可與也，常請守之。”鯉見寡人曰：“不可與也，雖然，楚不能獨守也，臣請索救于秦。”寡人誰用於三子之計？”慎子對曰：“王皆用之。”王怫然作色曰：“何謂也？”慎子曰：“臣請效其說，而王且見其誠然也。王發上柱國子良車五十乘而北獻地五百里于齊。發子良之明日，遣昭常為大司馬，令往守東地。遣昭常之明日，遣景鯉車五十乘西索救于秦。”王曰：“善。”乃遣子良北獻地于齊；遣子良之明日，立昭常為大司馬，使守東地。又遣景鯉西索救于秦。子良至齊，齊使人以甲受東地，昭常應齊使曰：“我典主東地，且與死生，悉五尺主六十，三十余萬，弊甲鈍兵，願承下塵。”齊王謂子良曰：“大夫來獻地，今常守之，何如？”子良曰：“臣身受弊邑之王，是常矯也，王攻之。”齊王大興兵攻東地，伐昭常，未涉疆（王念孫雲：“未涉”下當有“泗”字，“疆”當為“彊”字之誤，彊秦二字下屬為句)，秦以五十萬臨齊右壤曰：“夫隘楚太子弗出，不仁。又欲奪之東地五百里，不義。其縮甲則可，不然則願待戰。”齊王恐焉。乃請子良南道楚，西使秦，解齊患，士卒不用，東地複全。（《楚策二》第八章）
前299,299,周赧王十六年（西元前二九九年）,26,考案,齊、楚、趙、周,,,案：明人慎懋賞偽造《慎子》一書，以為楚襄王之傅慎子，即慎到。黃式三《周季編略》從之。偽《慎子》全出偽造，不足據信。據《孟子荀卿列傳》，慎到趙人，為齊稷下先生。所著《慎子》四十二篇，今殘存五篇，主張國君無為而治，又強調權勢與法治。
前299,299,周赧王十六年（西元前二九九年）,27,史料,秦、齊、楚、韓、魏,,攻、救,楚王死，薛公歸太子橫，因與韓、魏之兵隨而攻東國。太子懼，昭蓋曰：“不若令屈署以東國為和于齊，以動秦；秦恐齊之敗東國，而令行天下也，必將救我。”太子曰：“善。”遽令屈署以東國為和于齊，秦王聞之懼，令羋戎告楚曰：“毋與齊東國，吾與子出兵矣。”（《楚策四》第七章，王引之曰：“與猶為也。”）
前299,299,周赧王十六年（西元前二九九年）,28,考案,秦、齊、楚、趙,楚懷王,卒,案：《楚世家》言頃襄王二年楚懷王間道走趙以求歸，趙不敢受，秦追至，複之秦，遂發病，三年卒于秦。《秦本紀》亦記昭王十一年“楚懷王走之趙，趙不受，還之秦，即死，歸葬”。而《齊策》、《楚策》皆言楚王死後太子歸為王。《楚世家》稱秦留楚懷王后，楚“乃詐赴于齊”，求歸太子。胡三省注解釋“詐赴于齊”雲：“詐言楚王薨而請太子還至楚。”赴即赴告，杜預《春秋左傳序》“赴告策書”，孔穎達疏雲：“鄰國相命，凶事謂之赴，他事謂之告，對文則別，散文則通。”所謂“詐赴于齊”，即向齊報喪，詐言楚王已死。《齊策》、《楚策》所載楚王死，蓋即據楚之詐赴也。
前299,299,周赧王十六年（西元前二九九年）,29,史料,秦,秦昭王,,[秦昭王]九年（當作八年）孟嘗君薛文來相秦。（《秦本紀》）
前299,299,周赧王十六年（西元前二九九年）,30,史料,秦、齊,齊湣王,卒,[齊湣王]二十五年(當作二年)歸涇陽君于秦。孟嘗君薛文入秦，即相秦。文亡去。(《田世家》，《六國表》作“涇陽君複歸秦，薛文入相秦”)齊湣王二十五年（當作二年）複卒使孟嘗君入秦，昭王即以孟嘗君為秦相。（《孟嘗君列傳》）
前299,299,周赧王十六年（西元前二九九年）,31,史料,秦、齊、代,蘇秦,卒,孟嘗君將入秦，止者千數而弗聽，蘇秦欲止之。孟嘗君曰：“人事者，吾已盡知之矣，吾所未聞者，獨鬼事耳。”蘇秦曰：“臣之來也，固不敢言人事也，固且以鬼事見君。”孟嘗君見之，謂孟嘗君曰：“今者臣來，過於淄上，有土偶人與桃梗相與語（“桃梗”，《孟嘗君列傳》作“木偶人”，《說苑·正諫》第五章作“木梗人”），桃梗謂土偶人曰：‘子西岸之土也，埏子以為人（“埏”原作“挺”，《說苑》作“持”，皆“埏”字之誤，今從黃丕烈據《風俗通》卷八“桃梗”引此改正），至歲八月降雨下，淄水至，則汝殘矣。’土偶曰：‘不然。吾西岸之土也，吾殘則複西岸耳（吾殘原作土，從姚引一本改正）。今子東國之桃梗也，刻削子以為人，降雨下，淄水至，流子而去，則子漂漂者將何如耳？今秦四塞之國譬若虎口，而君入之，則臣不知君所出矣。”孟嘗君乃止。（《齊策三》第三章，《說苑·正諫》第五章大體相同，文字有不同。《孟嘗君列傳》略同，“蘇秦”作“蘇代”。《說苑》結語作“於是孟嘗君逡巡而退而無以應，卒不敢西向秦”）
前299,299,周赧王十六年（西元前二九九年）,32,考案,秦、趙,蘇秦,,案：桃梗，《孟嘗君列傳》作木偶人，《說苑》作木梗人。《趙策一》第八章蘇秦說李兌，“今日臣之來也暮，後郭門，藉席無所得，寄宿人田中，傍有叢，夜半土梗人與木梗人鬥曰：汝不如我，我乃土也，使我逢疾風淋雨，壞沮，乃複歸土。今汝非木之根，則木之枝耳，汝逢疾風淋雨，漂入漳河，東流至海，氾濫無所止。臣竊以為土梗勝也。”與此大體相同。“叢”即“神叢”，即神所依憑之叢林，土偶人與桃梗人即神像。孟嘗君入秦，蘇秦比之為東國之桃梗，遇大雨降下，將漂流無所。《歲時廣記》卷五引《戰國策》高誘注雲：“東海中有山名度朔，上有大桃樹，其枝間，東北曰鬼門，下有二神人，一曰餘與，一曰郁雷，主治害鬼，故世刊此桃余與、郁雷，正歲以置門戶，號之曰桃梗。今本《戰國策注》失載。《風俗通義》卷八“桃梗”引《黃帝書》作荼與鬱壘。
前299,299,周赧王十六年（西元前二九九年）,33,史料,秦、趙、吳,秦昭王、趙武靈王,立,[趙武靈王]二十七年五月戊申，大朝於東宮，傳國，立王子何以為王。王廟見禮畢，出臨朝。大夫悉為臣，肥義為相國，並傅王。是為惠文王。惠文王，惠後吳娃子也。武靈王自號為主父。主父欲令子主治國，而身胡服將士大夫西北略胡地，而欲從雲中、九原直南襲秦，於是詐自為使者入秦。秦昭王不知，已而怪其狀甚偉，非人臣之度，使人逐之，而主父馳已脫關矣。審問之，乃主父也。秦人大驚。主父所以入秦者，欲自略地形，因觀秦王之為人也。（《趙世家》）
前299,299,周赧王十六年（西元前二九九年）,34,史料,秦、齊、趙、中山,秦昭王,,[秦昭王]八年趙破中山，其君亡，竟死齊。（《秦本紀》）
前299,299,周赧王十六年（西元前二九九年）,35,史料,齊、韓、魏,,會,魏哀王（當作襄王）二十年與齊王會于韓。（《六國表》）
前299,299,周赧王十六年（西元前二九九年）,36,史料,齊、韓、魏,,立,韓襄王十三年齊魏王來。立咎為太子。（《六國表》）
前299,299,周赧王十六年（西元前二九九年）,37,史料,齊、韓、魏,,立,韓立咎為太子。齊、魏王來。（《韓世家》，原在韓襄王十二年以後，梁玉繩《史記志疑》以為“此上缺書十三年，表可證”）
前299,299,周赧王十六年（西元前二九九年）,38,史料,韓、周,,立,韓咎立為君，未定也。弟在周，周欲重之而恐韓咎不立也。綦毋恢曰：“不若以車百乘送之，得立，因曰為戒，不立則曰來效賊也。”（《韓非子·說林下》）
前299,299,周赧王十六年（西元前二九九年）,39,史料,韓、周,,立,韓咎立為君而未定也，其弟在周，周欲以車百乘重而送之，恐韓咎入韓之不立也。綦母恢曰：“不如以百金從之，韓咎立，因也以為戒，不立，則曰來效賊也。”(《韓策二》第十九章)
前299,299,周赧王十六年（西元前二九九年）,40,考案,韓,,立,案：韓咎即公子咎，與幾瑟爭立為太子者。
前299,299,周赧王十六年（西元前二九九年）,41,史料,齊、燕、韓、周、鄭,,立、取,齊令周取使鄭，立韓擾而廢公叔。周取患之，曰：“公叔之與周君，交也。令我使鄭（鮑本“令”作“今”），立韓擾而廢公叔。語曰：怒于室者色於市。今公叔怨齊，無奈何也，必絕周君而深怨我矣。”(“必”下原脫“絕”字，今從鮑本補)史舍曰：“公行矣，請令公叔必重公。”周取行至鄭，公叔大怒。史舍入見曰：“周取固不欲來使，臣竊強之。周取不欲來，以為公也；臣之強之也，亦以為公也。”公叔曰：“請聞其說。”對曰：“齊大夫諸子有犬（金正煒曰：“諸與儲古通用。儲子，見《孟子》書及《燕策》，此其族也”），犬猛不可叱，叱之必噬人。客有請叱之者，疾視而徐叱之，犬不動，複叱之，犬遂無噬人之心。今周取固得事足下，而以不得已之故來使，彼將禮陳其辭而緩其言，鄭王必以齊王為不急，必不許也。今周取不來，他人必來。來使者無交于公，而欲德于韓擾其使之必疾，言之必急，則鄭王必許之矣。”公叔曰：“善。”遂重周取。王果不許韓擾。（《韓策二》第九章）
前299,299,周赧王十六年（西元前二九九年）,42,考案,齊、楚、韓、魏、周,,立、取,案：黃式三《周季編略》編此于周赧王十六年，曰：“後二十年仇液緩相魏冉而相冉，此周取緩相韓擾而擾不相，相與不相，時為之也。”繆文遠《戰國策新校注》雲：“韓襄王諸子爭立，他處未見韓擾之名，此或韓咎之訛。”今案：“咎”古讀如“皋”，如皋陶或作咎繇，與“擾”音近通轉。《六國表》載：“齊魏王來，立咎為太子。”《韓策二》第十六章記胡衍教公仲謂魏王曰：“太子在楚，韓不敢離楚也，公何不試奉公子咎而為之請太子。”是公子咎之立為太子，固出於齊、魏二王之請立。此章言齊請立韓擾，因周取出使入韓言之不急，韓王不許韓擾。後因齊、魏二王合請，並因而來韓，於是立之。
前299,299,周赧王十六年（西元前二九九年）,43,史料,秦、楚、韓,,攻,楚昭獻相韓，秦且攻韓，韓廢昭獻。昭獻令人謂公叔曰：“不如貴昭獻以固楚，秦必曰楚、韓合矣。”（《韓策一》第九章）
前299,299,周赧王十六年（西元前二九九年）,44,考案,秦、齊、楚、韓、魏、周、鄭,,攻、圍,案：《韓策一》第十二章冷向謂鄭強曰：“公叔之攻楚也，以幾瑟之存焉，今已令楚王奉幾瑟以車百乘居陽翟，令昭獻轉而與之處。……幾瑟，公叔之仇也，而昭獻，公叔之人也。秦王聞之，必疑公叔為楚也。”是則昭獻以公叔之力相韓，當在周王赧十五年、楚圍雍氏欲納幾瑟之前。周王赧十四年韓已合于齊、魏而攻楚，疑昭獻相韓在此年或稍前，為時恐亦甚暫。
前299,299,周赧王十六年（西元前二九九年）,45,史料,楚、韓、魏、周、吳,,,昭獻在陽翟，周君將令相國往，相國將不欲（吳曾祺曰：“將字疑因上衍”)，蘇厲為之謂周君曰：“楚王與魏王遇也，主君令陳封之楚，令向公之魏。楚、韓之遇也，主君令許公之楚（鮑本“許”作“葉”），令向公之韓。今昭獻非人主也，而主君令相國往，若其王在陽翟，主君將令誰往？”（姚注：“曾作誰往周，集、劉、錢無周字”，當無“周”字）周君曰：“善。”乃止其行。（《東周策》第六章）
前299,299,周赧王十六年（西元前二九九年）,46,考案,韓、周,,,案：《韓世家》襄王十二年“甘茂與昭魚遇于商於”，《韓策二》第二章作“甘茂與昭獻遇於境”。據《韓世家·索隱》引《戰國策》作“昭敿”，可知今本《戰國策》此“昭獻”乃“昭敵”之誤。近何建章《戰國策注釋》以為《韓策一》與《東周策》所載之誤，無確據。“相韓”之昭獻，亦同為“昭敵”。
前298,298,周赧王十七年（西元前二九八年）,1,史料,秦、韓、趙、魏,秦昭王,,秦昭王九年，魏襄王二十一年，韓襄王十四年，趙惠文王元年，
前298,298,周赧王十七年（西元前二九八年）,2,史料,齊、楚、燕,齊湣王、燕昭王,,齊湣王三年，楚頃襄王元年，燕昭王十四年。
前298,298,周赧王十七年（西元前二九八年）,3,史料,秦,秦昭王,攻,[秦昭王]九年攻析。（秦簡《編年記》）
前298,298,周赧王十七年（西元前二九八年）,4,史料,秦、楚,秦昭王,攻、立、取,[楚]頃襄王橫元年，秦要懷王不可得地，楚立王以應秦。秦昭王恐，發兵出武關攻楚，大敗楚軍，斬首五萬，取析十五城而去。（《楚世家》，《六國表》作“秦取我十六城”）
前298,298,周赧王十七年（西元前二九八年）,5,考案,,,取,案：《集解》徐廣曰：《年表》雲取十六城，既取析，又並取左右十五城也。裴駰案：《漢書·地理志》弘農有析縣。析在今河南內鄉縣西北。
前298,298,周赧王十七年（西元前二九八年）,6,史料,秦,秦昭王,,薛文以金受免，樓緩為丞相。（《秦本紀》系于秦昭王十年，誤後一年）
前298,298,周赧王十七年（西元前二九八年）,7,史料,齊,齊湣王,,齊湣王二十六年（當作三年）孟嘗君歸相齊。（《六國表》，《田世家》記“文亡去”在上年，誤上一年）
前298,298,周赧王十七年（西元前二九八年）,8,史料,秦、齊、楚、趙、宋,秦昭王、趙武靈王,卒、取、拔、殺,楚王懼，令昭應奉太子以委和于薛公（即指楚太子橫入質于齊）。主父（即趙武靈王）欲敗之，乃結秦連宋之交，令仇郝相宋，樓緩相秦。（《趙策四》第十六章）人或說秦昭王曰：“孟嘗君賢，而又齊族也，今相秦，必先齊而後秦，秦其危矣。”於是秦昭王乃止，囚孟嘗君，謀欲殺之。孟嘗君使人抵昭王幸姬求解，幸姬曰：“妾願得君狐白裘。”此時孟嘗君有一狐白裘，直千金，天下無雙，入秦，獻之昭王，更無他裘。孟嘗君患之，遍問客，莫能對。最下坐有能為狗盜者曰：“臣能得狐白裘。”乃夜為狗以入秦宮藏中，取所獻狐白裘至，以獻秦王幸姬。幸姬為言昭王，昭王釋孟嘗君。孟嘗君得出，即馳去，更封傳，變名姓，以出關。夜半，至函谷關。秦昭王後悔出孟嘗君，求之已去，即使人馳傳逐之。孟嘗君至關，關法雞鳴而出客，孟嘗君恐追至。客之居下坐者，有能為雞鳴而雞盡鳴，遂發傳出。出如食頃，秦追果至關，已後孟嘗君出，乃還。始孟嘗君列此二人於賓客，賓客盡羞之。及孟嘗君有秦難，卒此二人拔之，自是之後，客皆服。（《孟嘗君列傳》）
前298,298,周赧王十七年（西元前二九八年）,9,考案,秦、齊、楚、韓、趙、魏、周、吳、宋、代,秦昭王、趙武靈王,攻、取、盟,案：《秦本紀》言“薛文以金受免，樓緩為丞相”，《正義》雲：“金受，秦丞相姓名，免，奪其丞相。”方苞《補正》雲：“九年薛文來相秦，十年免，中間無金受相秦事，金受名別無所見，恐傳寫之誤。蓋薛文以受金免而樓緩代相耳。”梁玉繩《史記志疑》雲：“考《孟嘗君列傳》，秦昭王以為相，人或說昭王曰：孟嘗君相秦，必先齊而後秦，秦其危矣，於是昭王乃止。囚孟嘗君，疑金受是說昭王之人，不知是否？”據《趙策四》第十六章，在齊、魏、韓三國攻楚擒唐昧，楚太子橫入質于齊求和之後，趙武靈王“乃結秦連宋之交，令仇郝相宋，樓緩相秦”。秦以樓緩代薛文為相，乃趙武靈王組織趙、秦、宋聯盟以對抗齊、魏、韓聯盟之結果。樓緩原為趙武靈王之重臣，贊助其胡服騎射之改革者。“樓緩欲以趙合秦楚”，見《趙策三》第五章，是趙大臣中親秦者，常往來于秦、趙之間。金受當即金投，亦趙臣之親秦而不善齊者。《東周策》第十四章周最謂金投曰：“公負合秦而與強齊戰。”(“合”原誤“令”，從吳師道、金正煒改正，吳師道曰：“負，恃也。”)《東周策》第十三章或為周取謂金投曰：“秦以周取之齊疑天下，而又知趙之難予齊人戰，恐齊、韓之合，必先合于秦，秦、齊合，則公之國虛矣。”可知金投乃趙臣之親秦而欲與齊戰者。孟嘗君之免秦相而代之以樓緩，蓋金投遊說昭王所致，故《秦本紀》言“薛文以金受免”。余曾于《戰國史》提出“金受當即金投”之說（見《戰國史》一九九八年版第三七〇頁注 $ ^{①} $）。近讀諸祖耿《戰國策集注匯考》亦雲：“疑《史》金受即此金投”（第三一頁）。馬非百《秦集史》則反對此說，謂“孟嘗君為右丞相，故金受當為左丞相。有人謂金受即《東周策》周取謂金投之金投，乃趙臣之親秦者，其說無據，不可信”。其實，金受，為左丞相之說，毫無根據。當薛文免相之後，樓緩為相，非金受為相。薛文免相以前，金受亦非秦相。
前298,298,周赧王十七年（西元前二九八年）,10,考案,秦、齊、韓、趙、魏,趙武靈王,滅、殺,又案：《孟嘗君列傳》謂孟嘗君出秦，“過趙，趙平原君客之，趙人聞孟嘗君賢，出觀之，皆笑曰：‘始以薛公為魁然也，今視之，乃眇小丈夫耳。’孟嘗君聞之怒，客與俱者下，斫擊殺數百人，遂滅一縣以去。”考平原君為趙惠文王同母弟，同為惠後所生，惠後納于趙武靈王十六年，至此才十一年，平原君必尚稚幼，何能客孟嘗君？孟嘗君出函谷關以後，不經韓、魏回齊而繞道“過趙”，隨同孟嘗君逃出函谷關之賓客不能甚多，何能在趙“斫擊殺數百人，遂滅一縣而去”？未可信。
前298,298,周赧王十七年（西元前二九八年）,11,史料,秦、齊、楚、韓、魏、周、代,齊湣王、楚懷王,攻、取,齊湣王不自得，以其遣孟嘗君。孟嘗君至，則以為齊相，任政，孟嘗君怨秦，將以齊為韓、魏攻楚（“為韓魏攻楚”五字當為衍文），因而與韓、魏攻秦，而借兵食於西周。蘇代為西周謂曰：“君以齊為韓、魏攻楚九年，取宛、葉以北以強韓、魏，今複攻秦以益之……。”薛公曰：“善。”因令韓、魏賀秦，使三國無攻，而不借兵食於西周矣。是時楚懷王入秦，秦留之，故欲必出之。秦不果出楚懷王。（《孟嘗君列傳》，“蘇代為西周謂曰”云云，與《西周策》第一章“韓慶為西周謂薛公曰”云云相同，顯系依據《戰國策》
前298,298,周赧王十七年（西元前二九八年）,12,史料,秦、齊、楚、韓、魏、晉、周、代,,攻、取,薛公以齊為韓、魏攻楚，又與韓、魏攻秦，而藉兵乞食於西周。韓慶為西周謂薛公曰（《史記·孟嘗君列傳》作“蘇代為西周謂曰）》：“君以齊為韓、魏攻楚九年（《列傳》同作“九年”，同為“五年”之誤），取宛、葉以北以強韓、魏，今又攻秦以益之。韓、魏南無楚憂，西無秦患，則地廣而益重，齊必輕矣（《列傳》無“則地廣而益重”，“齊必輕矣”作“則齊危矣”）。夫本末更盛，虛實有時（此二句，《列傳》作“韓、魏必輕齊畏秦”），竊為君危之。君不如令弊邑陰合于秦（《列傳》“陰”誤作“深”），而君無攻，又無藉兵乞食。君臨函穀而無攻，令弊邑以君之情謂秦王曰：‘薛公必不破秦以張韓、魏（高誘注：“張，強也。”《列傳》作“強”），所以進兵者（《列傳》作“其攻秦也”），欲王令楚割東國以與齊也。’秦王出楚王以為和。君令弊邑以此德秦，秦得無破而楚以東國自免也，必欲之。楚王出，必德齊。齊得東國而益強，而薛世世無患。秦不大弱，而處之三晉之西，三晉必重齊。”薛公曰：“善。”因令韓慶入秦（《列傳》作“因令韓魏賀秦”，當有誤），而使三國無攻秦，而使不藉兵乞食於西周。（《西周策》第一章，《孟嘗君列傳》大體相同，惟“韓慶”作“蘇代”）
前298,298,周赧王十七年（西元前二九八年）,13,史料,秦、齊、韓、魏,齊湣王,攻,[齊湣王]二十六年(當作三年)齊與韓、魏共攻秦，至函穀軍焉。（《田世家》，《六國表》作“與魏、韓共擊秦”）
前298,298,周赧王十七年（西元前二九八年）,14,史料,秦、齊、韓、魏,,,[魏哀王](當作襄王)二十一年與齊、韓共敗秦軍函穀。(《魏世家》，《六國表》作“與齊、韓共擊秦于函穀”)
前298,298,周赧王十七年（西元前二九八年）,15,史料,秦、齊、韓、魏,,,[韓襄王]十四年與齊、魏王共擊秦，至函穀而軍焉。（《韓世家》，《六國表》作“與齊、魏共擊秦”）
前298,298,周赧王十七年（西元前二九八年）,16,考案,秦、齊、趙,,攻,案：此謂“函谷”，連鬱塞而言。函谷在今河南三門峽西南，鬱塞在三門峽東南。《水經·河水注》雲：“曆北出東崤，通謂之函谷關也。邃岸天高，空谷幽深，澗道之峽，車不方軌，號曰天險。”又稱為“殽下”，亦通稱為關阪或關或郭。范踵謂秦“右隴蜀，左關阪”(《秦策三》第九章)，關阪即指此。《趙策一》所謂“殽下之事”，《趙策四》所謂“三國攻秦”，“齊人戎郭”，皆指此役。“戎”與“軍”同義。
前298,298,周赧王十七年（西元前二九八年）,17,史料,秦、韓、趙,,攻,昔歲殽下之事，韓為中軍，以與諸侯攻秦。（《趙策一》第十一章秦王謂公子他）
前298,298,周赧王十七年（西元前二九八年）,18,史料,秦、齊、晉、周,,攻、取,三國隘秦（《周本紀》誤作“三晉距秦”），周令其相之秦，以秦之輕也，留其行（《周本紀》“留”作“還”）。有人謂相國曰：“秦之輕重，未可知也。秦欲知三國之情，公不如遂見秦王曰（《周本紀》“遂”作“急”)：“請為王聽東方之處”（《周本紀》“處”作“變”，金正煒雲：“處當為虖之誤”），秦必重公。是公重，周重，周以取秦也（《周本紀》作“重公，是秦重周，周以取秦也”）。齊重，故有周取以取齊（“取”原誤作“而”，《周本紀》作“聚”，《集解》徐廣曰：“一作取，取亦古聚字。”今據改），是周常不失重國之交也。”（《東周策》第二十五章，《周本紀》系于周赧王五十八年下，下雲：“秦信周，發兵攻三晉。”）
前298,298,周赧王十七年（西元前二九八年）,19,考案,秦、齊、韓、魏、晉、周、吳,,攻、取,案：“隘”謂阻隔關塞。“三國隘秦”，鮑彪雲：“隘謂隔絕之”。吳師道雲：“隘、阨字通。”即指三國攻秦至函谷關而軍焉。《周本紀》誤作“三晉距秦”，並誤系于周赧王五十八年下，不可據信。《戰國策》鮑注謂在赧王十八年，吳師道雲：“八當為七”，皆以此為三國攻秦之役，甚是。有人謂相國，“秦欲知三國之情，公不如遂見秦王曰：‘請為王聽東方之處’”，又謂“齊重，故有周取以取齊”，可知此時齊、魏、韓三國攻秦。周取正是與孟嘗君同謀齊合韓、魏以攻秦者。
前298,298,周赧王十七年（西元前二九八年）,20,史料,秦、齊、韓、趙、魏、周、宋,,取,謂周最曰(“最”當作“取”，“取”古“聚”字)：“仇赫之相宋，將以觀秦之應趙、宋，敗三國。三國不敗，將與趙、宋合於東方以孤秦，亦將觀韓、魏之于齊也。不固，則將與宋敗三國，則賣趙、宋於三國。公何不令人謂韓、魏之王曰：‘欲秦、趙之相賣乎？何不合周最兼相(金正煒雲：“合當作令”)，視之不可離，則秦、趙必相賣以合于王也。””(《東周策》第十九章)
前298,298,周赧王十七年（西元前二九八年）,21,史料,秦、齊、楚、韓、趙、魏、吳、中山,,伐、攻、取,富丁欲以趙合齊、魏，樓緩欲以趙合秦、楚，富丁恐主父之聽樓緩而合秦、楚也。司馬淺為富丁謂主父曰：“不如以順齊。今我不順齊以伐秦，秦、楚必合，而攻韓、魏，韓、魏告急于齊，齊不欲伐秦，必以趙為辭。則伐秦者趙也，韓、魏必怨趙、齊之兵不西，韓必聽秦違齊，違齊而親秦（“秦”字原脫，從金正煒補），兵必歸於趙矣。今我順齊而齊不西（“順”下原脫“齊”字，從金正煒補），韓、魏必絕齊，絕齊則皆事我，且我順齊，齊無不西。日者樓緩坐魏三月，不能散齊、魏之交，今我順而齊、魏果西，是罷齊敝秦也，趙必為天下重國。”主父曰：“我與三國攻秦是俱敝也。”曰：“不然，我約三國而告之以未構中山也。三國欲伐秦之果也，必聽我，欲和我。中山聽之，是我以三國撓中山而取地也（“三國”原誤作“王因”，從鮑彪、吳師道改正，“撓”原作“饒”，從王念孫改正）。中山不聽，三國必絕之，是中山孤也。三國不能和我，雖少出兵可也。我分兵而孤中山，中山必亡。我已亡中山，而以餘兵與三國攻秦，是我一舉而兩取地于秦中山也。”（《趙策三》第五章）
前298,298,周赧王十七年（西元前二九八年）,22,史料,秦、齊、趙、魏、周,,取,魏因富丁且合于秦，趙恐，請效地于魏而聽薛公。教子欬謂李兌曰：“趙畏橫之合也，故欲效地于魏而聽薛公。公不如令主父以地資周取而請相之于魏。周取以天下辱秦者也，今相魏，魏、秦必虛矣（湯炳正雲：“秦”上“魏”字疑衍，虛即墟）。齊、魏雖勁，無秦不能傷趙。魏王聽，是輕齊也。秦、魏雖勁，無齊不能得趙。此利於趙而便於周取也。”（《趙策三》第六章）
前298,298,周赧王十七年（西元前二九八年）,23,考案,秦、齊、楚、韓、趙、魏、周、宋、中山、代,趙武靈王,攻、立、合縱、滅、取,案：趙武靈王謀攻滅中山，嘗遣其臣至各國，設法孤立中山。《趙世家》載：武靈王二十年王略地中山與胡，歸來，“使樓緩之秦，仇液之韓，王賁之楚，富丁之魏，趙爵之齊。”《趙策四》第十六章謂主父“乃結秦連楚、宋之交，令仇郝相宋，樓緩相秦”。《東周策》第十九章有人謂周取曰：“仇赫之相宋，將以觀秦之應趙、宋，敗三國。”《穰侯列傳》又謂：“趙人樓緩來相秦，趙不利，乃使仇液之秦，請以魏冉為秦相。”《索隱》曰：“《戰國策》作仇郝，蓋是一人而記別也。”仇液或作仇郝、仇赫。其時“富丁欲以趙合齊、魏，樓緩欲以趙合秦、楚”。是年秦以樓緩代薛文為相，仇赫相宋，於是趙武靈王“結秦連楚、宋之交”之策略成功，立即造成齊、魏、韓三國與秦、趙、宋三國對峙之形勢。因而孟嘗君得以合縱，發動三國共攻秦函谷，但是趙、宋取觀望態度，其目的，即司馬淺為富丁謂主父，“是罷齊敝秦也，趙必為天下重國”，如此可以“孤中山，中山必亡”。亦如有人謂周取，“將以觀秦之應趙、宋，敗三國……亦將以觀韓、魏之于齊也。”
前298,298,周赧王十七年（西元前二九八年）,24,史料,秦、齊、趙、衛、宋、中山,,攻、取,三國攻秦，趙攻中山，取扶柳，五年以擅呼沲（“五年”當為“三年”之誤，“沲”同“沱”）。齊人戎郭。宋突謂仇郝曰：“不如盡歸中山之新地，中山案此言于齊曰：‘四國將假道于衛，以遏章子之路’（“遏”原作“過”，從金正煒改正），齊聞此必效鼓。”（《趙策四》第八章）
前298,298,周赧王十七年（西元前二九八年）,25,考案,秦、齊、楚、韓、趙、魏、晉、衛、宋、中山,趙武靈王,攻、滅、取、盟、會、殺,案：自趙武靈王推行連結秦、宋以抗齊、魏、韓之策略，使樓緩相秦，仇郝相宋，造成齊、魏、韓三國與趙、秦、宋三國對峙之局勢。齊欲打敗楚、秦而稱雄于中原，趙欲壓制齊國而攻滅中山，並向北開拓。此時齊、魏、韓三國攻秦，至函谷關而軍焉，以封鎖秦國，即此所謂“三國攻秦”，“齊人戎郭”。同時趙攻中山，已攻取扶柳。扶柳在今河北冀縣西北，並攻至滹沱水一帶。宋突此時向宋相仇郝獻策，蓋為中山謀求解脫困境。宋突請趙盡歸所得中山之新地，然後由中山據此言于齊曰：“四國將假道于衛，以遏章子之路”。章子即匡章，即為三國破楚殺唐昧之統帥，此時正為三國攻秦之統帥，至函谷關而軍焉。所謂“四國將假道于衛”，蓋中山已參趙、秦、宋之聯盟，四國聯軍將包抄匡章進軍函谷關之後路，秦與中山之軍與趙軍會合南下渡河，再與宋軍會合以攻函谷關，必須假道于衛。如果確是如此，三國攻秦之大軍必將全軍覆沒。因此，齊聞此必獻納與中山鄰近齊邑鼓以求和。鼓在今河北晉縣西，正在中山國之東邊。此為宋突設想之計謀，未嘗施用，但由此可以瞭解當時之形勢。
前298,298,周赧王十七年（西元前二九八年）,26,史料,齊、趙、宋,,,宋置太子以為王，下親其上而守堅。（《趙策四》第三章李兌謂齊王）
前298,298,周赧王十七年（西元前二九八年）,27,考案,秦、齊、楚、燕、韓、趙、魏、晉、魯、宋、中山,齊湣王、趙武靈王、楚懷王,伐、攻、合縱、滅、取,案：《趙策四》第三章李兌謂齊王曰：“臣之所以堅三晉以攻秦者，非以為齊得利秦之毀也，欲以使攻宋也。而宋置太子以為王，下親其上而守堅，臣是以欲足下之速歸休士民也。今太子走，諸善太子者，皆有死心。若複攻之，其國必亂，而太子在外，此亦舉宋之時也。”錢穆《宋元王兒說考》論之曰：“是宋置太子為王，正三晉攻秦之際。其時齊先已攻宋而無利。其後太子去國，齊乃乘隙而殘之耳。齊湣王二年楚懷王入秦不返。其明年，齊湣王三年，陳軫說魏、韓、趙、燕、齊五國合從而戍魏、韓之西邊以擯秦，此即李兌所謂臣之堅三晉以攻秦之事也。然是時孟嘗新自秦歸，方怨秦，故率韓、魏以攻秦，而趙、宋則持兩端。……據此，知當楚懷王入秦、三國攻秦之際，正宋置太子為王之時。考楚懷入秦之年，趙武靈王傳國少子，自稱主父，宋置太子為王，正與趙同時，特不能定其孰先孰後爾。”錢氏又謂：“《呂氏春秋·君守》篇稱魯鄙人遺宋元王閉（結不解者），人莫之能解，兒說之弟子請往解之。兒說乃持白馬非馬之辯者，“宋元王不得謂即春秋時之宋元公，竊疑宋元王乃宋王偃所置太子為王者。”（《先秦諸子系年》第四○二至四○四頁）錢氏以宋元王即宋王偃之太子為王者，無確據；以齊湣王三年孟嘗君合縱，齊、魏、韓三國攻秦，即陳軫合五國擯秦，亦非。錢氏以宋王偃置太子為王，與趙武靈王傳國少子同時，甚是。當孟嘗君合齊、魏、韓三國共攻秦軍于函谷之際，趙武靈王已傳國少子，並使樓緩相秦，仇赫相宋，陽與秦合，而陰持兩端。於是胡服騎射而攻滅中山而略地于林胡、樓煩。宋之于趙，正一步一趨，宋王偃亦傳國于太子，以其間略地，滅滕、伐薛而取楚淮北地。趙惠文王元年以公子勝為相，封平原君。（《六國表》，《趙世·集解》引徐廣之說同）
前298,298,周赧王十七年（西元前二九八年）,28,考案,趙、魏、周,,立、殺,案：《趙策四》第十四章諒毅曰：“趙豹、平原君，親寡君之母弟也。”《魏公子列傳》又雲：“公子姊為趙惠文王弟平原君夫人。”平原君既為趙惠文王同母弟，同為惠後所生，惠後納于武靈王十六年，至此不過十二年。黃式三《周季編略》雲：“是時惠文王只十三歲，勝為王之同母弟，年不過十一二歲，或寵而封之，難言必無此事。《年表》雲：以公子勝為相，封平原君，武靈王昏眊，不應至此。”考《趙世家》，惠文王初立，肥義為相國，惠文王四年肥義見殺，乃相公子成，其間固無勝為相事。《資治通鑒》記是年“趙王封其弟為平原君”，未言“為相”，惟言“平原君好士，食客常數千人，有公孫龍者”云云，又有“鄒衍過趙，平原君使公孫龍論白馬非馬之說”云云，當非此時事。
前298,298,周赧王十七年（西元前二九八年）,29,史料,魏,,,魏哀王（當作襄王）二十一年河、渭絕一日。（《六國表》）
前297,297,周赧王十八年（西元前二九七年）,1,史料,秦、韓、趙、魏,秦昭王,,秦昭王十年，魏襄王二十二年，韓襄王十五年，趙惠文王二年，
前297,297,周赧王十八年（西元前二九七年）,2,史料,齊、楚、燕,齊湣王、燕昭王,,齊湣王四年，楚頃襄王二年，燕昭王十五年。
前297,297,周赧王十八年（西元前二九七年）,3,史料,趙、代,,,[趙]惠文王二年主父行新地，遂出代，西遇樓煩王於西河而致其兵。（《趙世家》，《資治通鑒》記此事於次年）
前297,297,周赧王十八年（西元前二九七年）,4,考案,趙、代,趙武靈王,,案：趙武靈王二十年趙“西略胡地至榆中，林胡王獻馬”，於是“代相趙固主胡，致其兵”。是年趙主父又“出代，西遇樓煩王於西河而致其兵”。致其兵者，招徠其兵，實即收編其兵。蓋趙在降服林胡、樓煩之後，嘗收編其附近林胡、樓煩之兵，因而趙之兵力大為加強。
前297,297,周赧王十八年（西元前二九七年）,5,史料,秦、楚、趙、魏、代,楚懷王,立、會,[楚頃襄王]二年楚懷王亡逃歸，秦覺之，遮楚道，懷王恐，乃從間道走趙以求歸。趙主父在代，其子惠王初立，行王事，恐，不敢入楚王。楚王欲走魏，秦追至，遂與秦使複之秦（《史記會注考證》雲：“古鈔本使作吏”），懷王遂發病。（《楚世家》）
前297,297,周赧王十八年（西元前二九七年）,6,史料,秦、楚、趙,秦昭王、楚懷王,,秦昭王十年楚懷王亡之趙，趙弗內。（《六國表》）
前297,297,周赧王十八年（西元前二九七年）,7,考案,秦、楚、趙,楚懷王,,案：《秦本紀》記昭王十一年“楚懷王走之趙，趙不受，還之秦，即死，歸葬”。楚懷王死與歸葬在次年，《秦本紀》誤記懷王走趙在同年。
前296,296,周赧王十九年（西元前二九六年）,1,史料,秦、齊、楚、燕、韓、趙、魏,秦昭王、齊湣王、燕昭王,,秦昭王十一年，魏襄王二十三年，韓襄王十六年，趙惠文王三年，齊湣王五年，楚頃襄王三年，燕昭王十六年。
前296,296,周赧王十九年（西元前二九六年）,2,史料,秦、齊、韓、魏,,,韓襄王十六年與齊、魏擊秦，秦與我武遂和。（《六國表》）
前296,296,周赧王十九年（西元前二九六年）,3,史料,秦、韓,,,[韓襄王]十六年秦與我河外及武遂。（《韓世家》）
前296,296,周赧王十九年（西元前二九六年）,4,考案,秦、齊、楚、燕、韓、魏、代,蘇秦,伐、攻、會,案：《史記會注考證》雲：“《六國表》與齊、魏擊秦五字衍文，已書於十四年，此重出。”中華書局標點本《史記》從之，以“與齊、魏擊秦”五字排小字，加上括弧，以表明刪去。大誤。齊、魏、韓三國攻秦函穀前後三年之久，此年得勝，攻入函谷，秦割地求和。《戰國縱橫家書》之《蘇秦謂齊王章》雲：“薛公相齊也，伐楚九歲（當作五歲），功（攻）秦三年。”《燕策一》蘇代說燕王曰：“今夫齊王長主而自用也，南攻楚五年，穡積散，西困秦三年，民憔悴，士罷弊。”皆可證。
前296,296,周赧王十九年（西元前二九六年）,5,史料,秦、魏,,,魏哀王（當作襄王）二十三年秦複予我河外及封陵為和。（《魏世家》）
前296,296,周赧王十九年（西元前二九六年）,6,史料,秦、韓、魏,秦昭王,,秦昭王十一年複與魏封陵。（《六國表》，《秦本紀·正義》引《年表》雲：“秦與魏封陵，與韓武遂以和。”今本《六國表》有脫文）
前296,296,周赧王十九年（西元前二九六年）,7,史料,秦、齊、韓,齊湣王,,[齊湣王]二十八年（當作五年）秦與韓河外以和，兵罷。（《田世家》）
前296,296,周赧王十九年（西元前二九六年）,8,史料,秦、齊、韓、趙、魏、宋、中山,秦昭王,攻,秦昭王十一年齊、韓、魏、趙、宋、中山五國共攻秦至鹽氏而還。秦與韓、魏河北及封陵以和。（《秦本紀》）
前296,296,周赧王十九年（西元前二九六年）,9,考案,秦、齊、楚、韓、趙、魏、周、宋、中山,,攻,案：《正義》雲：“蓋中山此時屬趙，故雲五國也。”《資治通鑒》記此事刪去“中山”兩字。《正義》引《括地志》雲：“鹽故城一名司鹽城，在蒲州安邑縣。”鹽氏在今山西運城。《周季編略》記此事作“齊、韓、魏以秦之悔割地，不出楚王而致之死也，複合趙、宋共攻秦至鹽氏，秦與魏河外及封陵，與韓河外及武遂，五國之兵乃還”。案三國攻秦函穀先後有三年之久，趙、宋持觀望態度，及是年三國得勝，攻入函谷，於是趙、宋起兵與齊、魏、韓三國向河東進攻，攻至鹽氏，迫使秦歸還已佔有之河外及封陵、武遂，此皆魏、韓兩國重要之防守要塞，經兩國收復，可以解除秦東侵之威脅。
前296,296,周赧王十九年（西元前二九六年）,10,史料,秦、韓,,伐,先時五諸侯共伐秦，韓反與諸侯先為雁行，以向秦兵于關下矣。（《韓非子·存韓》）
前296,296,周赧王十九年（西元前二九六年）,11,史料,秦、韓,,攻、卒,三國攻秦入函穀（《韓非子·內儲說上》作“三國兵至韓”），秦王謂樓緩曰：“三國之兵深矣，寡人欲割河東而講。”對曰：“割河東，大費也；免于國患，大利也，此父兄之任也，王何不召公子池而問焉。”王召公子池而問焉，對曰：“講亦悔，不講亦悔。”王曰：“何也？”對曰：“王割河東而講，三國雖去，王必曰：‘惜矣，三國且去，吾特以三城從之。’此講之悔也。王不講，三國入函穀，咸陽必危。王又曰：“吾愛三城而不講。”此又不講之悔也。”王曰：“鈞吾悔也，寧亡三城而悔，無危咸陽而悔也，寡人決講矣。”卒使公子池以三城講於三國，三國之兵乃退。（《秦策四》第三章，《韓非子·內儲說上》大體相同，惟“函穀”誤作“韓”，“公子池”作“公子汜”。）
前296,296,周赧王十九年（西元前二九六年）,12,考案,秦、齊、燕、韓、趙、魏、晉、周、吳、宋,秦昭王,攻、拔,案：《秦策》“三國攻秦入函穀”，《韓非子》“三國兵至韓”，三國入韓，“韓”皆當為“函”字之誤。函穀或稱函。可知是年三國兵確已攻入函谷，趙、宋又與三國合兵攻河東至鹽氏，秦昭王因而謂丞相樓緩曰：“三國之兵深矣，寡人欲割河東而講。”樓緩以為“此父兄之任”，請召公子池而問焉（《韓非子》“公子汜”當是“公子池”之誤。公子池亦作公子他，見於《秦策二》第十五章，與《趙策一》第十一章）。於是王使公子池以三城講於三國。吳師道雲：“按三城者，武遂與韓，封陵與魏，齊城與齊。武遂、封陵在河東，齊城無考。”梁玉繩《史記志疑》于《秦本紀》雲：“秦和三國，以武遂與韓，封陵與魏，齊城與齊，《策》所雲秦以三城講於三國者，乃此及《表》皆不言齊，《田完世家》亦不言與我齊城，反載與韓河外，又不及魏。……武遂、封陵皆在河外，故三國《世家》俱稱河外，《策》作河東，此作河北，蓋自秦言之曰東，自三國言之曰北，統言之曰河外。”考“齊城與齊”之說，不可據信。余謂三城者，武遂與韓，封陵、晉陽（又稱陽晉）與魏，齊則無與焉。晉陽即在封陵之西北，其重要性次於封陵，史文略而未記。秦于周赧王十二年拔魏蒲阪、晉陽、封陵，次年秦歸蒲阪于魏，晉陽封陵仍為秦所佔有也。《趙策四》第二章，或謂齊王曰：“臣為足下謂魏王曰：……王之事齊也，無入朝之辱，無割地之費，齊為王之故，虛國于燕、趙之前，用兵於二千里之外，故攻城野戰，未嘗不為王先被矢石也，得二都，割河東，盡效之于王。”可知此役齊用兵於二千里之外，得河東二都歸魏，齊未有所得，蓋形勢不能有也。
前296,296,周赧王十九年（西元前二九六年）,13,史料,秦、楚、魏、周、宋,,攻、拔,三國攻秦反，西周恐魏之藉道也，為西周謂魏王曰：“楚、宋不利秦之聽三國也（“聽”原誤作“德”，鮑彪改為“聽”），彼且攻王之聚以勁秦。”(“勁”原誤作“利”或“到”，從王念孫校正)魏王懼，令軍拔舍速東。（《西周策》第十六章，“拔”原誤作“設”，從孫詒讓、金正煒改正）
前296,296,周赧王十九年（西元前二九六年）,14,史料,魏,,卒、立,[魏哀王](當作襄王)二十三年哀王(當作襄王)卒，子昭王立。（《魏世家》）
前296,296,周赧王十九年（西元前二九六年）,15,史料,魏,,,[魏]昭王名遬。（《魏世家·索隱》引《世本》）
前296,296,周赧王十九年（西元前二九六年）,16,史料,韓,,卒、立,[韓襄王]十六年襄王卒，太子咎立，是為釐王。（《韓世家》）
前296,296,周赧王十九年（西元前二九六年）,17,史料,秦、楚、趙,楚懷王,,[秦昭襄王]十一年楚懷王走之趙，趙不受，還之秦，即死，歸葬。（《秦本紀》）
前296,296,周赧王十九年（西元前二九六年）,18,史料,秦、楚,,卒,[楚]頃襄王三年懷王卒于秦，秦歸其喪于楚。楚人皆憐之，如悲親戚，諸侯由是不直秦。秦、楚絕。（《楚世家》，《六國表》作“懷王卒于秦，來歸葬”）
前296,296,周赧王十九年（西元前二九六年）,19,史料,秦、楚、鄭,張儀,卒、遷,屈平既嫉之，雖流放，瞻顧楚國，系心懷王，不忘欲反，冀幸君之一悟，俗之一改也。其存君興國而欲反覆之，一篇之中三致志焉，然終無可奈何，故不可以反，卒以此見懷王之終不悟也。……懷王以不知忠臣之分，故內惑于鄭袖，外欺于張儀，疏屈平而信上官大夫、令尹子蘭，兵挫地削，亡其六郡，身客死于秦，為天下笑。……令尹子蘭聞之大怒，卒使上官大夫短屈原于頃襄王，頃襄王怒而遷之。（《屈原列傳》）
前296,296,周赧王十九年（西元前二九六年）,20,考案,趙、魏、周、中山,趙武靈王,滅,案：《呂氏春秋》高誘注雲：“尚魏公子牟之後，魏得中山以邑之也。”蘇時學《墨子刊誤》雲：“中山為魏之別封，非春秋時之鮮虞也。魏文侯滅中山，而封其少子摯，至報王二十年為趙武靈王所滅。其君有武公、桓公，見《世本》，此名尚者，當為最後之君。”孫詒讓《墨子間話》曰：“據《水經·滱水》酈道元注及《太平御覽》百六十一引《十三州志》並謂中山桓公為魏所滅，則尚或即桓公。墨子猶及見之，高、蘇以為魏別封，非也。”孫說非是。據新出土中山王輦方壺及鼎銘文，桓公當為中山複國之君，《世本》稱“桓公徙靈壽為趙武靈王所滅”。靈壽即複國後之國都，乃謂桓公所複之中山為趙所滅，非謂桓公本人為趙所滅。已說明在周安王二十四年
前296,296,周赧王十九年（西元前二九六年）,21,史料,齊、趙、魏、中山,趙武靈王,滅、遷,中山尚染于魏義、偃長……所染不當，故國皆殘亡。（《墨子·所染篇》，《呂氏春秋·當染》略同，惟“偃”作“椻”）案語中。《太平寰宇記》卷六十一引《史記》雲：“趙武靈王以惠文王三年滅中山，遷其君尚膚施。”則尚確為中山最後之君。據中山王方壺及鼎銘文，中山王譽以上有文、武、桓、成四世，其子為豺盜。文、武為魏滅亡前之君，桓、成、譽、豺盜乃複國後之君。諸祖耿《戰國策集注匯考》雲：“樂史雲：桓公傳五世為趙所滅，自桓、成、譽、豺盜，至尚，適為五世。由此知尚為亡國之君，豺盜即死齊之君。”
前296,296,周赧王十九年（西元前二九六年）,22,史料,韓、趙、魯、中山,,,魯丹三說中山之君而不受也，因散五十金事其左右，複見，未語而君與之食，魯丹出而不反舍，遂去中山。其禦曰：“反見，乃始善我，何故去之？”魯丹曰：“夫以人言善我，必以人言罪我。”未出境，而公子惡之，曰：“為趙來間中山。”君因素而罪之。（《韓非子·說林上》）
前296,296,周赧王十九年（西元前二九六年）,23,考案,中山,,,案：此亦疑中山君尚晚年事。
前296,296,周赧王十九年（西元前二九六年）,24,史料,齊、燕、韓、趙、中山,,伐、攻、滅,趙主父使李疵視中山可攻不也，還報曰：“中山可伐也。君不亟伐，將後齊、燕。”主父曰：“何故可攻？”李疵對曰：“其君見好岩穴之士，所傾蓋與車，以見窮閭隘巷之士以十數，伉禮下布衣之士以百數矣。”君曰：“以子言論，是賢君也，安可攻？”疵曰：“不然。夫好顯岩穴之士而朝之，則戰士怠于行陳，上尊學者，下士居朝，則農夫惰于田。戰士怠于行陳者，則兵弱也，農夫惰于田者，則國貧也。兵弱于敵，國貧於內，而不亡者，未之有也。伐之不亦可乎？”主父曰：“善。”舉兵而伐中山，遂滅也。（《韓非子·外儲說左上》）
前296,296,周赧王十九年（西元前二九六年）,25,考案,趙、中山,趙武靈王,伐、攻、滅,案：《中山策》第七章大體相同，李疵對答作“中山之君所傾蓋與車而朝窮閭隘巷之士者七十家”，末無“舉兵而伐中山，遂滅也”句。諸祖耿雲：“《太平寰宇記》引有‘中山專行仁義，貴儒學，賤壯士，不教人戰，趙武靈王襲而滅之’之語，此非《戰國策》之逸文，蓋即依據此策而抄要言之者也。”此說若確，則策文末尾亦應有趙舉兵滅之等語，新出土中山王青銅器銘文，反復引用《詩經》，並有同于《左傳》、《大戴禮》之文句，並有濃厚之儒家思想與尊賢觀點。與李疵之說正相符合。趙武靈王以胡服騎射攻滅中山而略胡地，而中山則以禮賢下士，怠于耕戰而衰亡。
前296,296,周赧王十九年（西元前二九六年）,26,史料,趙、中山,,攻、卒,趙氏攻中山，中山之人多力者曰吾丘鸞，衣鐵甲，操鐵杖以戰，而所擊無不碎，沖無不陷，以車投車，以人投人也，幾至將所而後死。（《呂氏春秋·貴卒》）
前296,296,周赧王十九年（西元前二九六年）,27,考案,中山,,卒,案：《呂氏春秋·貴卒》論用兵之道，“力貴突，智貴卒（音倉卒之卒）”，舉此中山多力之戰士為例，則中山之戰士頗有勇於行陣者，非皆怠於行陣者。
前296,296,周赧王十九年（西元前二九六年）,28,史料,齊、中山,,,白圭之中山，中山之王欲留之，白圭固辭，乘輿而去；又之齊，齊王欲留之仕，又辭而去。人問其故，曰：“之二國者，皆將亡，所學有五盡。何謂五盡？曰：莫之必則信盡矣，莫之譽則名盡矣，莫之愛則親盡矣，行者無糧，居者無食，則財盡矣。不能用人，又不能自用，則功盡矣。國有此五者，無幸必亡，中山、齊皆當此。”（《呂氏春秋·先識》，《說苑·權謀》第十一章大體相同）
前296,296,周赧王十九年（西元前二九六年）,29,考案,齊、燕、趙、中山,,卒,案：《呂氏春秋》在敘述此事之後，論之曰：“若使中山之王與齊王聞五盡而更之，則必不亡矣。……夫五割而與趙，悉起而距軍乎濟上，未有益也。”高誘注：“中山五割地與趙，趙卒亡之；齊悉起軍以距燕人於濟上，燕卒破之，不能自存，故曰未有益也。”
前296,296,周赧王十九年（西元前二九六年）,30,史料,趙、中山、代,,立、滅、遷,[趙惠文王]三年滅中山遷其王于膚施。起靈壽，北地方從，代道大通。還歸，行賞，大赦，置酒酺五日，封長子章為代安陽君。章素侈，心不服其弟所立。主父又使田不禮相章也。（《趙世家》）
前296,296,周赧王十九年（西元前二九六年）,31,考案,秦、齊、楚、燕、韓、趙、魏、晉、吳、中山,樂毅、趙武靈王,伐、攻、立、滅、取、遷、奔,案：吳師道以為趙滅中山在武靈王二十五年，中山非至惠文王三年始亡，特遷其王爾。《燕策二》第十章或獻書燕王曰：“秦久伐韓故中山亡”，吳師道注雲：“按《趙策》蘇厲曰：楚人久伐而中山亡。《魏策二》曰：中山恃齊、魏以輕趙，齊、魏伐楚而趙亡中山。……趙與齊、燕滅中山，乃《年表》惠文四年所書，已與《世家》差一年。且趙之有事中山久矣，自武靈十九年胡服以來，攻城掠地，無歲無之，何至此始合齊、燕滅之耶？而秦、韓、齊、魏伐楚，敗唐昧重丘，當武靈二十五年。是年《趙年表》書攻中山，《通鑒》、《綱目》書中山君奔齊，《齊策》稱中山君臣于齊。蓋四國伐楚而趙不與，趙得以攻中山而亡之，其君遂出奔也。《史》所載與《策》合者，莫明於此，中山君且奔齊，則與齊共滅之言，未可據。……今《燕策》又謂秦伐韓故中山亡，則韓亦助中山者。是年秦伐韓取穰，豈其事歟？愚因此策與《齊策》陳軫合三晉事同，而辨中山非至惠文三年始亡，特遷其王爾。”此說頗為梁玉繩所稱許，梁氏《史記志疑》雲：“中山之滅，《趙世家》在惠文三年，《田完年表》及《世家》在湣王二十九年，為惠文四年，所書年數已不合矣，而謂共齊燕滅之，更不足據。……顧自趙武靈王十九年以後，攻城掠地，無歲不用師于中山，何待惠文之世始合齊、燕以滅之邪？趙滅中山之歲，吳師道斷其在武靈王二十五年，自不可易，正與《樂毅列傳》所雲武靈王時覆滅中山者合也。……《史》之誤在妄牽入齊、燕，在以三年為四年。而所書惠文三年滅中山，未可概指為誤，蓋以武靈二十五年滅者，以得其國為滅，言其實也。以惠文三年滅者，以得其君為滅，重在君也。至若武靈二十六年之攻攘，不過拓並餘地，申盡其疆界耳。”余意《六國表》言趙與齊、燕共滅中山，《田世家》及《六國表》言佐趙滅中山，當是錯誤。吳、梁二氏斷言趙滅中山在武靈王二十五年，並不可信。《資治通鑒》載週報王十四年即趙武靈王二十五年，“趙王伐中山，中山君奔齊”，《秦本紀》載昭王八年即趙武靈王二十七年“趙破中山，其君亡，竟死齊”，是時中山雖為趙所破，中山君奔齊而死，但其國未亡，國都靈壽亦未失。據《趙策三》第五章，當三國攻秦時，司馬淺謂趙主父曰：“我分兵而孤中山，中山必亡。我已亡中山而以餘兵與三國攻秦，是我一舉而兩取地于秦、中山也。”時在趙惠文王元年，中山尚未亡。《趙策四》第八章言“三國攻秦，趙攻中山，取扶柳，五年以擅呼沲”，即是趙乘三國攻秦，中山孤立之時，大舉攻滅之，“五年”當是“三年”之誤。滹沱原為橫貫中山之命脈，趙以全力佔有之，即是攻滅中山。
前296,296,周赧王十九年（西元前二九六年）,32,考案,趙、中山、代,樂毅、趙武靈王,攻、滅、取,又案：方苞《補正》雲：“方，始也。從，屬也。先是襄子已取代，而隔於中山，道不通，故十九年主父北略地中山，至於房子，遂之代。今滅中山，起靈壽，則北地始屬於代而道大通也。”按“代道”是往代之路。“起靈壽”謂以靈壽為起點，因滅中山得靈壽，代道得以大通。據此亦可證，趙滅中山在此年。“還歸，行賞，大赦，置酒酺五日”，“還歸”乃趙主父凱旋歸來，“行賞，大赦，置酒酺五日”乃慶祝“滅中山”之勝利，更可證趙滅中山即在此時。凡此一切皆由趙主父主其事，故《樂毅列傳》雲：“至趙武靈王時覆滅中山。”其時武靈王雖已傳位於少子，實際上國家大事仍由主父作主，攻滅中山與略地林胡、樓煩全由主父親自統率大軍進行，少子惠文王無與焉。
前296,296,周赧王十九年（西元前二九六年）,33,史料,宋,,,宋康王染于唐鞅、佃不禮……所染不當，故國皆殘亡。（《墨子·所染》，《呂氏春秋·當染》同，惟“佃”作“田”，“禮”誤作“禋”）
前296,296,周赧王十九年（西元前二九六年）,34,史料,宋,,,唐鞅蔽于欲權而逐載子……唐鞅戮于宋。（《荀子·解蔽》）
前296,296,周赧王十九年（西元前二九六年）,35,史料,秦、齊、趙、宋,蘇秦,,宋用唐鞅、齊用蘇秦而天下知其亡。（《呂氏春秋·知度》，《說苑·尊賢》第一章作“宋用唐鞅、齊用蘇秦、秦用趙高而天下知其亡也”）
前296,296,周赧王十九年（西元前二九六年）,36,史料,宋,,殺,宋王謂其相唐鞅曰：“寡人所殺戮者眾矣，而群臣愈不畏，其故何也？”唐鞅對曰：“王之所罪，盡不善者也，罪不善，善者故為不畏。王欲群臣之畏也，不若無辨其善與不善，而時罪之，若此則群臣畏矣。”居無幾何，宋君殺唐鞅。唐鞅之對也，不若無對。（《呂氏春秋·淫辭》）
前296,296,周赧王十九年（西元前二九六年）,37,考案,趙、宋,,立、殺,案：《宋世家·索隱》雲：“《戰國策》、《呂氏春秋》皆以偃諡曰康王也。”據《呂氏春秋》，唐鞅為宋王偃之相，高誘注：“鞅令宋王善與不善皆罪之以立威，王是以殺唐鞅，故曰唐鞅之對，不若無對。”據《荀子》，“唐鞅蔽于欲權而逐載子。”則唐鞅固為一權臣，而宋王殺之，知偃尚非重用權臣之君。佃不禮，《呂氏春秋》作田不禋，《漢書·古今人表》作田不禮，則“禋”乃“禮”之字誤。孫詒讓《墨子問詁》雲：“《趙世家》載趙主父使田不禮相太子章，後為李兌所殺，當宋康王之末年，或即一人，先仕宋而後仕趙歟？”其說是也。是康王亡時，唐鞅已見誅，田不禮已走趙，《墨子·所染》謂“宋康王染于唐鞅、佃不禮……故國皆殘亡”，《呂氏春秋·知度》謂“宋用唐鞅……而天下知其亡”，尚非的論也。考趙主父使田不禮相公子章在此年，則田不禮走趙在此年或稍前也。
前296,296,周赧王十九年（西元前二九六年）,38,史料,宋,,,惠盎見宋康王，康王蹀足譽效（原誤作“惠盎見宋康成公而謂足聲速”，從畢沅據《列子·黃帝》、《淮南子·道應訓》及李善注《文選》謝惠連《詠牛女詩》所引改正），疾言曰：“寡人之所說者勇有力也，不說為仁義者（“不說”原誤作“而為”，從畢沅據《列子》《淮南子》改正），客將何以教寡人？”惠盎對曰：“臣有道於此，使人雖勇，刺之不入，雖有力，擊之不中，大王獨無意邪？”王曰：“善。此寡人所欲聞也。”惠盎曰：“夫刺之不中，擊之不中，此猶辱也。臣有道於此，使人雖有勇，弗敢刺，雖有力，不敢擊，大王獨無意邪？”王曰：“善。此寡人之所欲知也。”惠盎曰：“夫不敢刺，不敢擊，非其志也。臣有道於此，使人本無其志也，大王獨無意邪？”王曰：“善。此寡人之所願也。”惠盎曰：“夫無其志也，未有愛利之心也。臣有道於此，使天下丈夫女子莫不歡然皆欲愛利之，此其賢于勇有力也。居四累之上，大王獨無意邪？”王曰：“此寡人之所欲得。”惠盎對曰：“孔、墨是也，孔丘、墨翟無地為君，無官為長，天下丈夫、女子莫不延頸舉踵而願安利之。今大王，萬乘之主也，誠有其志，則四境之內，皆得其利，其賢于孔、墨也遠矣。”宋王無以應。惠盎趨而出，宋王謂左右曰：“辨矣！客之以說服寡人也。”（《呂氏春秋·順說》，《淮南子·道應訓》、《列子·黃帝》同）
前296,296,周赧王十九年（西元前二九六年）,39,考案,秦、趙、宋,趙武靈王,,案：“此謂宋康王好勇有力，蓋與秦武王、趙武靈王相似。惠盎，《淮南子》作惠孟，《呂氏春秋》高誘注雲：“惠盎，宋人，惠施族也。”《列子》張湛注亦雲：“惠盎，惠施之族。”惠盎推崇孔丘、墨翟，而宋王因而說服，則宋王尚非暴君。
前296,296,周赧王十九年（西元前二九六年）,40,史料,趙,,立、會、殺,章素侈，心不服其弟所立，主父又使田不禮相章也。李兌謂肥義曰：“公子章強壯而志驕，黨眾而欲大，殆有私乎？田不禮之為人也，忍殺而驕。二人相得，必有謀陰賊起（《史記會注考證》雲：“楓山、三條本謀'上有陰'字。”《資治通鑒》“謀陰”作“陰謀”），一出身徼幸。夫小人有欲，輕慮淺謀，徒見其利，而不顧其害，同類相推，俱入禍門。以吾觀之，必不久矣（《資治通鑒》“必”上有“難”字）。子任重而勢大，亂之所始，禍之所集也，子必先患。仁者愛萬物，而智者備禍于未形，不仁不智，何以為國？子奚不稱疾毋出，傳政于公子成？毋為怨府，毋為禍梯。”肥義曰：“不可。昔者主父以王屬義也，曰：‘毋變而度，毋異而慮（《資治通鑒》“異”作“易”），堅守一心，以歿而世。”義再拜受命而籍之。今畏不禮之難而忘吾籍，變孰大焉。進受嚴命，退而不全，負孰甚焉。變負之臣，不容于刑。諺曰：‘死者複生，生者不愧。’吾言已在前矣，吾欲全吾言，安得全吾身。且夫貞臣也，難至而節見，忠臣也，累至而行明，子則有賜而忠我矣。雖然，吾有語在前者也，終不敢失。”李兌曰：“諾。子勉之矣，吾見子已今年耳。”涕泣而出。李兌數見公子成，以備田不禮之事。異日，肥義謂信期曰：“公子與田不禮，甚可憂也。其於義也，聲善而實惡，此為人也，不子不臣。吾聞之也，奸臣在朝，國之殘也，讒臣在中，王之蠹也。此人貪而欲大，內得主而外為暴，矯令為慢，以擅一旦之命，不難為也，禍且逮國。今吾憂之，夜而忘寐，饑而忘食，盜賊出入，不可不備。自今以來，若有召王者必見吾面，我將先以身當之，無故而王乃入。”信期曰：“善哉！吾得聞此也。”(《趙世家》惠文王三年下)
前296,296,周赧王十九年（西元前二九六年）,41,考案,趙,,,案：信期，《索隱》雲：“即下文高信也。”肥義為趙肅侯之貴臣，深得武靈王之崇敬。《趙世家》雲：“武靈王少，未能聽政，及聽政，先問先王貴臣肥義，加其秩。”十九年正月大朝信宮，召肥義與議天下，五日而畢。武靈王推行胡服騎射，群臣皆不欲，於是肥義侍，武靈王傳國於少子，肥義為相國，並傅王。
前296,296,周赧王十九年（西元前二九六年）,42,史料,秦、齊、燕、趙、中山,蘇秦,,齊、燕戰而趙氏兼中山。（《齊策五》第一章蘇秦說齊閔王）
前296,296,周赧王十九年（西元前二九六年）,43,史料,秦、齊、楚、燕、宋、代,蘇秦,攻,今夫齊王，長主也，而自用也。南攻楚五年，稸積散；西困秦三年，民憔瘁，士罷弊；北與燕戰，覆三軍，獲二將，而又以其餘兵，南面而舉五千乘之勁宋，而邑十二諸侯。（《燕策一》第八章蘇代見燕王曰，《蘇秦列傳》同）
前296,296,周赧王十九年（西元前二九六年）,44,史料,秦、齊、燕,蘇秦,取,昔者齊、燕戰于桓之曲，燕不勝，十萬之眾盡，胡人襲燕、樓煩數縣，取其牛馬。（《齊策五》第一章蘇秦說齊閔王）
前296,296,周赧王十九年（西元前二九六年）,45,史料,秦、齊、燕、趙、魏,,立、取,權之難，齊、燕戰。秦使魏冉之趙，出兵助燕擊齊。薛公使魏處之趙，謂李向曰：“君助燕擊齊，齊必急，急必以地和于燕，而身與趙戰矣。然則是君自為燕東兵，為燕取地也。故為君計者，不如按兵勿出，齊必緩，緩必複與燕戰，兵罷弊，趙可取唐曲逆；戰而不勝，命懸于趙，然則吾中立而割窮齊與疲燕也。兩國之權，歸於君矣。”（《齊策二》第六章）
前296,296,周赧王十九年（西元前二九六年）,46,考案,秦、齊、楚、燕、趙、魏、中山、代,蘇秦,攻,案：《荀子·王霸》謂齊湣、薛公“南破楚，西詘秦，北敗燕”，《燕策一》蘇代亦雲：齊王南攻楚，西困秦，“北與燕戰，覆三軍，獲二將。”《齊策五》蘇秦亦雲：“齊、燕戰于桓之曲，燕不勝，十萬之眾盡。”又雲：“齊、燕戰而趙氏兼中山”，可知齊、燕大戰即在此年。《齊策二》“權之難”，亦指此事。蓋大敗于權，覆三軍，十萬之眾盡，故稱為“難”。猶楚大敗于垂沙，稱為垂沙之難。是時秦使魏冉至趙，促趙出兵助燕擊齊，蓋是時秦與趙正相合。秦正以趙大臣樓緩為相，魏冉亦正用事于秦。薛公使魏處至趙，勸阻趙助燕攻齊，蓋薛公即孟嘗君正主持攻燕之役。
前296,296,周赧王十九年（西元前二九六年）,47,史料,齊、燕、趙,,救,權之難，燕再戰不勝，趙弗救。噲子謂文公曰：“不如以地合于齊，趙必救我。若不吾救，不得不事。”文公曰：“善。”令郭任以地請講于齊，趙聞之，遂出兵救燕。（《燕策一》第三章，“文公”當為“昭王”之誤）
前296,296,周赧王十九年（西元前二九六年）,48,考案,秦、齊、燕、魏、周,秦昭王、燕昭王,卒,案：燕文公卒于周顯王三十六年，顧觀光附此于周顯王三十六年。鮑彪曰：“《齊策》此役言及魏冉，知為文公末年。”其說不確。魏冉于秦昭王時用事，與燕昭王同時，不及參與燕易王、燕王噲時之事，更無論燕文公時之事。據《燕世家》及《六國表》，燕文公時未見與齊戰事。可知文公必為昭王之誤。“噲子”二字亦當誤。
前296,296,周赧王十九年（西元前二九六年）,49,史料,燕,,伐、立,佳（惟）主五年，奠□墮旻再立事歲，孟冬戊辰，大燮□孔陳璋內（“內”讀作“入”）伐匽（即“燕”字）毫邦之隻（“隻”讀作“獲”，陳璋方壺銘文）。
前296,296,周赧王十九年（西元前二九六年）,50,考案,秦、齊、燕、趙、周、代,齊宣王、齊湣王,伐、攻、取、遷,案：郭沫若《兩周金文辭大系考釋》以此為齊襄王五年齊擊敗燕師時所獲燕器。謂是年田單以即墨攻破燕軍，迎襄王回臨淄，齊故地盡複，言內伐偃部者，即進而侵伐燕之某邑。但據文獻記載，田單雖盡複齊之失地，未嘗攻入燕國，與此言“入伐燕郗”不合。陳夢家又定此為齊宣王五年破燕時之戰利器，以為陳璋即齊伐燕之主將匡章（見《美國劫掠我國殷周銅器集錄》），亦未得。匡章不可能又稱陳璋。馬承源主編《商周青銅器銘文選》，因“陳旻”之名又見於子禾子釜，子禾子即田和，以為此乃田桓公五年伐燕取桑丘時事（見該書第四冊第五六〇頁）。考《田世家》記桓公五年齊起兵襲燕取桑丘，據《六國表》乃齊康公二十五年，即趙敬侯七年，今以《古本竹書紀年》相校，知《史記》所載田氏世系年代有誤，田桓公午四年實為田侯剡四年之誤。可知將“惟主五年”定為田午五年之說，亦不妥。唐蘭以為陳璋即《秦策二》第十五章所稱齊“令田章以陽武合于趙”之田章，此為齊湣王五年攻入燕國之戰利品。今按此役戰將陳璋，未必即是齊出使趙之田章，但齊湣王五年齊大勝燕，“覆三軍，獲二將”，即所謂“權之難”。因此齊獲得大批戰利品，較為合理。（唐蘭之說見其所著《司馬遷所沒有見過的珍貴史料》之注十九，收入《戰國縱橫家書》，一九七六年文物出版社出版）
前296,296,周赧王十九年（西元前二九六年）,51,考案,秦、齊、楚、燕、韓、趙、魏、晉、吳、宋、代,齊威王,伐、攻、取、盟、殺,又案：齊于此役敗燕之主帥，當為司馬穰苴，《司馬穰苴列傳》雲：“司馬穰苴者，田完之苗裔也。齊景公時晉伐阿、甄，而燕侵河上，齊師敗績，景公患之。晏嬰乃薦田穰苴……將兵扞燕晉之師……於是追擊之，遂取所亡封內故境，未至國，釋兵旅，解約束，誓盟而後入邑。……尊為大司馬而引兵歸。……已而大夫鮑氏高國之屬害之，譖之景公，景公退穰苴……齊威王用兵行威，大放穰苴之法，而諸侯朝齊。齊威王使大夫追論古者司馬兵法，而附穰苴於其中，因號曰《司馬穰苴兵法》。”蘇轍辨之曰：“太史公為《司馬穰苴列傳》，世皆信之，餘以《春秋左氏》考之，未有燕、晉伐齊者也。而《戰國策》稱：‘司馬穰苴執政者也，湣王殺之。’意者穰苴嘗為湣王卻燕、晉，而戰國雜說遂以為景公時耶？”（見所著《古史·孫武吳起列傳》）惠士奇《禮說》亦雲：“司馬穰苴兵法，因號《司馬法》，《戰國策》齊閔王時，司馬穰苴為政，閔王殺之，大臣不親。則穰苴乃閔王之將，以故齊南破楚，西屈秦，用韓、魏、燕、趙之眾猶鞭策者。蓋穰苴之力居多，及穰苴死，而閔王亡矣。”考《趙策二》蘇子曰：“宣王用之，逼韓威魏，以南伐楚，西攻秦，為齊兵困於殽塞，十年攘地，秦人遠跡不服。而齊為虛戾……今富非有齊威、宣之餘也……而將非有田單、司馬之慮也……”案伐楚攻秦，困秦殽塞，皆湣王事，今《趙策》“宣王”乃“湣王”之誤，則穰苴之為齊湣之將，又可見矣。雷學淇《紀年義證》雲：“閔王勝燕之事，可考者二：《策》以司馬穰苴為湣王臣，而《穰苴列傳》謂燕侵河上，苴追擊之，遂取所亡封內故竟。又蘇代說燕，本在昭王二十七年，故有燕謀齊及齊舉劭宋之說，其曰：‘齊與燕戰，覆三軍，獲二將’，此亦閔王時事。”其說至是。司馬穰苴當曾參與齊南破楚、西屈秦之戰事，惟破燕之役為主將。田穰苴于破燕之役為主將，或即薛公薦之，傳述者誤以為此時之薛公仍為田嬰，又誤田嬰為晏嬰，遂誤傳穰苴破燕在齊景公時也。
前296,296,周赧王十九年（西元前二九六年）,52,史料,周、宋,,伐、滅、取,宋康王之時，有雀生驥於城之陬(“驥”，《新序》作“鸇”，《資治通鑒》作“驥”)，使史占之。曰：“小而生巨，必霸天下。”康王大喜，於是滅滕伐薛，取淮北之地。(《宋策》第八章，《新序·雜事四》第二十八章同，《資治通鑒》列于周赧王二十九年)
前296,296,周赧王十九年（西元前二九六年）,53,考案,秦、齊、楚、燕、韓、趙、魏、周、宋、中山、代,蘇秦,伐、攻、立、滅、取、奔,案：《趙策四》第四章載五國伐秦無功，罷于成皋，蘇代謂齊王曰：“天下事秦，秦按為義，存亡繼絕，固危扶弱，定無罪之君，必起中山與勝焉……而趙、宋同命，何暇言陰。”鮑注：“勝，中山之後”，王先謙《鮮虞中山國事表疆域圖說》從鮑注，于趙惠文王四年與齊、燕共滅中山之後，據此雲：“其後有名勝者不知所終。”大誤。“勝”當為“滕”之字誤。金正煒雲：“勝當為滕，《宋策》於是滅滕伐薛，取淮北之地。中山滅于趙，滕滅于宋，秦複起二國，故曰趙、宋同命。”金氏又于《宋策》雲：“今據《趙策》蘇代之言，秦起中山與滕而趙、宋同命為證，此策自視諸書為可據。”其說是也。錢穆《宋康王滅滕考》雲：“蘇代之說在五國攻秦後，當趙惠文王三年。時中山新滅，與滕俱舉，則滕滅亦不久。”又雲：“《索隱》不謂《竹書》有宋滅滕，知宋康滅滕在魏襄二十年後，故《竹書》不及載，然則滕滅于宋正在趙惠文王元年至三年間。”(《先秦諸子系年》第四二三至四二四頁)考五國攻秦，罷成皋，在周赧王二十七年，即趙惠文王十一年，錢氏謂在惠文王三年，蓋誤以三國攻秦為五國攻秦。但宋滅滕、取淮北之地，確與趙滅中山同時。《戰國縱橫家書》第八章蘇秦謂齊王曰：“薛公相齊也，伐楚九歲，攻秦三年，欲以殘宋，取淮北，宋不殘，淮北未得。……王棄薛公，身斷事。立帝，帝立。伐秦，秦伐。謀取趙，得。攻宋，宋殘。是王之明也。”可知孟嘗君為齊相而未出奔以前，在攻秦三年之後，即欲攻宋取淮北。是時宋已滅滕，並乘楚為三國攻破之時機攻取淮北。《宋策》稱宋康王滅滕伐薛，伐薛當在孟嘗君因“田甲劫王”而出走之後，否則薛公合齊、魏、韓三國，連年破楚，屈秦，敗燕，聲勢煊赫，正欲攻宋取淮北。宋為小國，宋王偃雖強勁，豈敢伐薛？《宋世家》雲：“君偃十一年自立為王，東敗齊，取五城；南敗楚，取地三百里；西敗魏，乃與齊、魏為敵國。”此乃誇大之辭，所謂“東敗齊”，即指“伐薛”而言，所謂“南敗楚”，即指“取淮北之地”。# 卷十四 周赧王二十年（西元前二九五年）至 二十七年（西元前二八八年）
前295,295,周赧王二十年（西元前二九五年）,1,史料,秦、齊、楚、燕、韓、趙、魏,秦昭王、齊湣王、燕昭王,,秦昭王十二年，魏昭王元年，韓釐王元年，趙惠文王四年，齊湣王六年，楚頃襄王四年，燕昭王十七年。
前295,295,周赧王二十年（西元前二九五年）,2,史料,齊、趙、中山,齊湣王,滅,[齊湣王]二十九年(當作六年)齊佐趙滅中山。(《田世家》，《六國表》同)
前295,295,周赧王二十年（西元前二九五年）,3,史料,齊、燕、趙、中山,,圍、滅、殺,趙惠文王四年圍殺主父。與齊、燕共滅中山。（《六國表》）
前295,295,周赧王二十年（西元前二九五年）,4,史料,齊、燕、趙、周、吳、中山,齊宣王,滅、取、遷,案，吳師道、梁玉繩力辨無趙與齊、燕共滅中山之事，甚是。辨已見前。蓋趙主父既滅中山，齊、燕乘機略取鄰近之中山地，猶如齊宣王破燕，中山乘機略取大塊燕地，非齊與中山共破燕也。《資治通鑒》於是年書：“趙主父與齊、燕共滅中山，遷其君于膚施。”《周季編略》于上年記：“趙主父滅中山，遷其王于膚施，還行賞，大赦，置酒酺五日，齊、燕亦共分中山之地。”並雲：“《年表》載此事于明年、弑主父之後，非也。此據《趙世家》。”皆誤從《六國表》。
前295,295,周赧王二十年（西元前二九五年）,5,史料,秦、楚、魏,,,[秦昭襄王]十二年樓緩免，穰侯魏冉為相，予楚粟五萬石。（《秦本紀》，《六國表》作“樓緩免，穰侯魏冉為丞相”）
前295,295,周赧王二十年（西元前二九五年）,6,考案,魏,,,案：魏冉官為相邦，十四年相邦冉戈（《雙劍誃古器物圖錄》卷上），廿年相邦冉戈（一九七一年岳陽城陵磯墓葬出土，見《湖南考古輯刊》第一輯），卅一年相邦冉戈（《雙劍誃吉金圖錄》卷下），可證。
前295,295,周赧王二十年（西元前二九五年）,7,史料,秦、趙、魏、宋,,,趙人樓緩來相秦，趙不利，乃使仇液之秦，請以冉為秦相。仇液將行，其客宋公謂液曰：“秦不聽公，樓緩必怨公。公不若謂樓緩曰：請為公毋急秦。秦王見趙請相魏冉之不急，且不聽公。公言而事不成，以德樓子，事成，魏冉故德公矣。”於是仇液從之，而秦果免樓緩而魏冉相秦。（《穰侯列傳》）
前295,295,周赧王二十年（西元前二九五年）,8,史料,秦、趙、魏、吳、宋,,,趙使仇郝之秦(“仇”原誤作“機”，從鮑彪改正，《穰侯列傳·索隱》引此正作“仇”)，請相魏冉。宋突謂仇郝曰：“秦不聽，樓緩必怨公。公不若陰辭樓子曰：請無急秦王。秦王見趙之相魏冉之不急也，且不聽公言也，是事而不成，以德樓子，事成（以上六字原缺，從吳師道據史文補），魏冉固德公矣。”(《趙策三》第二章)
前295,295,周赧王二十年（西元前二九五年）,9,考案,秦、齊、韓、趙、魏、宋、中山,,攻、滅,案：樓緩原為趙主父之重臣，主父推行“繒秦連宋之交”策略，使秦與齊、魏、韓三國對峙，以便乘機攻滅中山。因而使樓緩相秦，仇郝相宋。見《趙策四》第十六章。趙既滅中山，趙因結秦策略不利於趙，又使仇郝至秦，請以魏冉為相，而將樓緩召回。仇郝，《穰侯列傳》作仇液，《索隱》雲：“蓋是一人而記別也。”宋突，《穰侯列傳》作宋公，《索隱》引《戰國策》又誤作“宋交”。當以宋突為是。《趙策四》第八章亦有“宋突謂仇郝”云云。
前295,295,周赧王二十年（西元前二九五年）,10,史料,秦,,,十二年上郡守壽造，漆垣工師乘，工更長猗。（十二年上郡守壽戈刻銘，見於“內”正面。“內”反面有刻銘上下兩款，皆作“洛都”二字，上一款自右向左橫寫，字較小；下一款直寫，字大。“胡”正面有刻銘“□□廣衍”。見崔璿《秦漢廣衍故城及其附近的墓葬》，刊於《文物》一九七七年第五期）
前295,295,周赧王二十年（西元前二九五年）,11,史料,,,,廣衍上武。(廣衍矛刻銘，見於銎上一面，另於刺上中脊右邊血槽內有刻銘“□陽”，此矛與十二年上郡守壽戈同地出土)
前295,295,周赧王二十年（西元前二九五年）,12,史料,,,,□□年上郡守□造，漆垣工師乘，工更長猗。（□□年上郡守戈刻銘，見於“內”正面，“內”反面有刻銘“定陽”二字，見《文博》一九八八年第六期三十九頁所刊摹本）
前295,295,周赧王二十年（西元前二九五年）,13,考案,秦、趙、魏、中山,秦昭王、趙武靈王,滅、遷,案：上述十二年上郡守壽戈與廣衍矛發現於內蒙古准格爾旗勿爾圖溝注入特牛川附近溝北之上塔墓地，距秦、漢廣衍故城甚近。廣衍，西漢時為西河郡屬縣，此時屬秦之上郡。今勿爾圖溝注入特牛川口南岸有一古城，殘存東城牆無北城牆，城內出土有半兩、五銖、大泉五十等貨幣以及“長樂未央”“千秋萬歲”瓦當，附近墓地出土壺，腹刻有“廣衍”二字，即廣衍故城之遺址。此上郡守戈為漆垣工師所造，漆垣在今陝西銅川市西北。廣衍在今內蒙古准格爾旗西南，南距漆垣有千里之遙。洛都亦秦、漢上郡之屬縣，其今地不詳。定陽在今陝西宜川西北，原為魏邑，此時歸秦，秦、漢時亦屬上郡。考今陝西榆林縣以北、黃河以南之地區，古稱榆中，原為林胡之地。趙武靈王胡服騎射，北滅中山而西略胡地，榆中乃為趙所有。《趙世家》稱武靈王二十年“西略胡地至榆中，林胡王獻馬”。《趙策二》第七章亦雲：“王遂胡服，率騎入胡……至榆中，辟地千里。”榆中至秦、漢之際尚為胡人留居之地。《項羽本紀》載陳餘遺章邯書曰：“蒙恬為秦將，北逐戎人，開榆中地數千里。”《秦始皇本紀》三十三年亦載：“西北斥逐匈奴，自榆中並河以東，屬之陰山，以為三十四縣，城河上為塞。”趙武靈王二十年當秦昭王元年，廣衍當為趙西略胡地榆中而創設之城邑。是年已為秦所佔有。此戈原為漆垣所造，至洛都加刻“洛都”款，至廣衍再加刻“廣衍”款而留存廣衍。此即秦逐步向北開拓上郡割境之經歷。處上郡中心之膚施，在今陝西榆林縣南，原亦為趙邑，上年趙滅中山后，嘗遷中山王於此，亦當于此時為秦所得。《水經注》以為秦昭王三年以膚施為上郡郡治，“三年”當為“十三年”之誤。
前295,295,周赧王二十年（西元前二九五年）,14,史料,趙、周、吳、代,,圍、立、滅、會、殺,[趙惠文王]四年，朝群臣，安陽君亦來朝，主父令王聽朝，而自從旁觀，窺群臣宗室之禮。見其長子章僇然也，反北面為臣，詘于其弟，心憐之，於是乃欲分趙而王章于代，計未決而輟。主父及王游沙丘異宮，公子章即以其徒與田不禮作亂，詐以主父召王，肥義先入，殺之。高信即與王戰，公子成與李兌自國至，乃起四邑之兵入距難，殺公子章及田不禮，滅其黨賊而定王室。公子成為相，號安平君。李兌為司寇，公子章之敗，往走主父，主父開之（案：《索隱》雲：“開謂開門而納之。俗本亦作聞字者，非也。譙周及孔衍皆作閉之，閉謂藏之也。”《正義》雲：“謂不責其反叛之罪，容其入宮藏也。”王念孫雲：“開之當從《正義》本作閉之。《列女傳·孽嬖傳》亦作閉之。”考《資治通鑒》作“開之”)。成、兌因圍主父宮，公子章死，公子成、李兌謀曰：“以章故（《史記會注考證》：楓山、三條本，章下無故字），圍主父，即解兵，吾屬夷矣。”乃遂圍主父，令宮中人後出者夷。宮中人悉出，主父欲出不得，又不得食，探爵觳而食之，三月餘而餓死沙丘宮。主父定死，乃發喪，赴諸侯。是時王少，成、兌專政，畏誅，故圍主父。主父初以長子章為太子，後得吳娃愛之，為不出者數歲，生子何，乃廢太子章而立何為王。吳娃死，愛弛，憐故太子，欲兩王之，猶豫未決，故亂起，以至父子俱死，為天下笑，豈不痛乎？（《趙世家》）
前295,295,周赧王二十年（西元前二九五年）,15,考案,韓、趙,,殺,案：《韓非子·外儲說右下》雲：“武靈王使惠文王蒞政，李兌為相，武靈王不以身躬親殺生之柄，故劫于李兌。”考《趙世家》言兌為司寇，而此雲為相者，蓋兌後嘗相趙。
前295,295,周赧王二十年（西元前二九五年）,16,史料,秦、楚、韓、趙,,殺,李兌用趙，餓主父于沙丘，百日而殺之。（《楚策四》第九章孫子為書謝春申君，《韓詩外傳》卷四第二十五章同。《秦策三》第十章範雎雲：“李兌用趙，減食主父，百日而餓死。”《範雎列傳》作“李兌管趙，囚主父于沙丘，百日而餓死。”《韓非子·奸劫弑臣》和《喻老》皆雲：“李兌之用趙也，餓主父百日而死。”《韓非子·備內》雲：“李兌傅趙王而餓主父”）
前295,295,周赧王二十年（西元前二九五年）,17,史料,秦、魏,白起,拔、遷,魏昭王元年秦尉錯來擊我襄。（《六國表》，《魏世家》作“秦拔我襄城”）案：《資治通鑒》胡注：“尉，國尉也。”非是。據《秦本紀》，司馬錯于昭王十四年、十六年皆為左更，不應此時已為尉。此後白起由左更升遷國尉，可知國尉較左更為高。疑此《六國表》有誤，“尉”疑“將”字之誤。
前295,295,周赧王二十年（西元前二九五年）,18,史料,秦、齊、楚、韓、趙、宋,蘇秦,伐、攻、取,薛公相齊也(“齊”原誤作“脊”)，伐楚九歲，功(通“攻”)秦三年。欲以殘宋，取淮北(“淮”誤作“進”)，宋不殘，淮北不得。以齊封奉陽君，使梁、韓皆效地。欲以取趙，趙是(通“氏”)不得。身率梁王與成陽君北面而朝奉陽君於邯鄲，而趙氏不得。(《戰國縱橫家書》第八章蘇秦謂齊王)
前295,295,周赧王二十年（西元前二九五年）,19,考案,秦、齊、韓、趙、魏、吳、宋,魏惠王,攻、取,案：據此可知孟嘗君相齊，在攻秦三年後，又嘗攻宋，欲取淮北，未得，又嘗以齊地作為趙奉陽君李兌封邑，並使梁、韓兩國獻地，更率魏昭王與韓相成陽君到邯鄲朝見奉陽君獻地。《魏策三》第九章謂魏王曰：“王嘗身濟漳，朝邯鄲，抱葛薛、陰成以為趙養邑。”《趙策四》第二章謂齊王曰：“且王嘗濟於漳而身朝於邯鄲，抱陰成，負葛薛（“負”下原衍“蒿”字，從吳師道刪），以為趙蔽。”皆指此事。葛薛之“薛”，鮑本作“薛”，又改作“孽”，黃丕烈雲：“薛即孽之省，薛，形近之訛也。”《趙世家》載成侯十七年“成侯與魏惠王遇葛孽”，葛孽為趙、魏間地，在今河北肥鄉縣西南。
前295,295,周赧王二十年（西元前二九五年）,20,史料,齊、燕、趙、魏、中山,樂毅、燕昭王、趙武靈王,伐、滅、取,樂毅者，其先祖曰樂羊。樂羊為魏文侯將，伐取中山，魏文侯封樂羊以靈壽。樂羊死，葬于靈壽，其後子孫因家焉。中山複國，至趙武靈王覆滅中山，而樂氏後有樂毅。樂毅賢，好兵，趙人舉之。及武靈王有沙丘之亂，乃去趙適魏。聞燕昭王以子之之亂而齊大敗燕，燕昭王怨齊，未嘗一日而忘報齊也。燕國小、地遠，力不能制，於是屈身下士，先禮郭隗，以招賢者。樂毅於是為魏昭王使于燕，燕王以客禮待之，樂毅辭讓。遂委質為臣，燕昭王以為亞卿。（《樂毅列傳》）
前295,295,周赧王二十年（西元前二九五年）,21,考案,齊、楚、燕、趙、魏、中山,樂毅、燕昭王、趙武靈王,伐、立、滅,案：此謂樂毅在趙武靈王滅中山之後，因賢而好兵，趙人舉之，不確。趙滅中山在趙惠文王三年，即燕昭王十六年。據《趙策三》第三章，齊破燕，趙欲存之，樂毅建議趙王與楚、魏“伐齊而存燕”，事在趙武靈王十二年，即燕王噲七年，樂毅已在趙用事，主謀“伐齊而存燕”，趙武靈王因而使樂池送燕公子職入燕立以為王，即燕昭王。是時樂毅已為趙武靈王之大臣，毅去趙經魏而入燕，當因沙丘之亂、武靈王去世之後，即在燕昭王十七年以後。
前295,295,周赧王二十年（西元前二九五年）,22,史料,秦、趙、越、吳,蘇秦,立、殺,蘇秦說李兌曰：“雒陽乘軒裡蘇秦（“裡”原作“車”，吳師道雲：“一本作乘軒裡，既曰乘軒車，下又雲無罷車駑馬，則此作裡為是。”《蘇秦列傳·索隱》引作乘軒裡），家貧親老，無罷車駑馬，桑輪蓬篋，羸騰負書擔橐（鮑本“羸”作“羸”，“橐”作“囊”），觸塵埃，蒙霜露，越漳、河（鮑本“漳河”作“河漳”），足重繭，日百而舍，造外闕願見於前，口道天下之事。”李兌曰：“先生以鬼之言見我則可，若以人之事，兌盡知之矣。”蘇秦對曰：“臣固以鬼之言見君，非以人之言也。”李兌見之。蘇秦曰：“今日臣之來也暮，後郭門，藉席無所得，寄宿人田中，傍有大叢，夜半土梗與木梗鬥曰（湯炳正雲：“土梗乃土偶之誤。”）：汝不如我，我乃土也，使我逢疾風淋雨，壞沮，乃複歸土。今汝非木之根，則木之枝耳，汝逢疾風淋雨，漂入漳河，東流至海，氾濫無所止，臣竊以為土梗勝也（“土梗”乃“土偶”之誤）。今君殺主父而族之，君之立于天下，危於累卵，君聽臣計則生，不聽臣計則死。”李兌曰：“先生就舍，明日複來見兌也。”蘇秦出，李兌舍人謂李兌曰：“臣竊觀君與蘇公談也，其辯過君，其博過君，君能聽蘇公之計乎？”李兌曰：“不能。”舍人曰：“君即不能，願君堅塞兩耳，無聽其談也。”明日複見，終日談而去，舍人出，送蘇君。蘇秦謂舍人曰：“昨日我談粗而君動，今日精而君不動，何也？”舍人曰：“先生之計大而規高，吾君不能用也。乃我請君塞兩耳，無聽談者（“塞”上鮑本有“堅”字）。雖然，先生明日複來，吾請資先生厚用。”明日來，抵掌而談。李兌送蘇秦明月之珠，和氏之璧，黑貂之裘，黃金百鎰。蘇秦得以為用，西入于秦。（《趙策一》第八章）
前295,295,周赧王二十年（西元前二九五年）,23,考案,秦、趙,蘇秦、趙武靈王,殺,案：蘇秦初次見李兌當在殺趙武靈王之後不久。
前294,294,周赧王二十一年（西元前二九四年）,1,史料,秦、齊、楚、燕、韓、趙、魏,秦昭王、齊湣王、燕昭王,,秦昭王十三年，魏昭王二年，韓釐王二年，趙惠文王五年，齊湣王七年，楚頃襄王五年，燕昭王十八年。
前294,294,周赧王二十一年（西元前二九四年）,2,史料,秦、韓,白起、秦昭王,伐、攻、取,[秦昭王]十三年向壽伐韓，取武始。左更白起攻新城。（《秦本紀》）
前294,294,周赧王二十一年（西元前二九四年）,3,史料,秦、韓,白起、秦昭王,,白起者，郿人也。善用兵，事秦昭王。昭王十三年而白起為左庶長，將而擊韓之新城。（《白起列傳》）
前294,294,周赧王二十一年（西元前二九四年）,4,史料,秦,秦昭王,攻,[秦昭王]十三年攻伊闕。（秦簡《編年記》）
前294,294,周赧王二十一年（西元前二九四年）,5,史料,韓,,,韓氏城新城，期十五日而成，段喬為司空，有一縣後二日，段喬執其吏而囚之。囚者之子，走告封人子高曰：“惟先生能活臣父之死，願委之先生。”封人子高曰：“諾。”乃見段喬，自扶而上城，封人子高左右望曰：“美哉城乎！一大功矣！子必有厚賞矣。自古及今，功若此其大也，而能無有罪戮者，未嘗有也。”封人子高出，段喬使人夜解其吏之束縛而出之。（《呂氏春秋·開春》）
前294,294,周赧王二十一年（西元前二九四年）,6,考案,秦、楚、韓、魏、衛,白起,攻、取,案：《秦本紀》言昭王十三年白起攻新城，十四年攻韓、魏于伊闕，《白起列傳》大略相同。《秦本紀·正義》引《括地志》雲：“洛州伊闕縣本漢新城縣，隋文帝改為伊闕，在洛州南七十裡。”《高祖本紀》“新城三老”《正義》引《括地志》雲：“洛州伊闕縣在州南七十裡，本漢新城縣也。隋文帝改新城為伊闕，取伊闕山為名。”《秦本紀·正義》引《括地志》雲：“伊闕在洛州南十九裡。”又引《水經注》雲：“當大禹疏龍門以通水，兩山相對，望之若闕，伊水曆其間，故謂之伊闕”，並謂“今洛南猶謂之龍門也”。《白起列傳》“攻韓、魏于伊闕”，《正義》亦雲：“今洛州南十九裡伊闕山號曰龍門是也。”據此可知伊闕在洛州南十九裡，新城則在洛州南七十裡。秦簡《編年記》記昭王“十三年攻伊闕”，“十四年伊闕”，“伊闕”下當脫“陷”字。蓋新城為韓新建之城，用以防守與保衛伊闕之要害者，故此新城，既名新城，亦可統稱為伊闕。白起于昭王十三年所攻者為新城，《編年記》統稱為攻伊闕，白起於十四年又大破韓、魏于伊闕。是役相戰兩年，白起先攻克韓之新城，繼而韓得魏之助，退守伊闕，白起又大破之。《呂氏春秋》記“韓氏城新城”事，當在白起攻新城之前，因軍情緊急，限期十五日而成。此一新城建于稱為龍門之伊闕以南五十裡，當時亦可統稱為伊闕。此新城與楚之新城不同，楚之新城更在其西南約五十裡，在今伊川縣西南。
前294,294,周赧王二十一年（西元前二九四年）,7,史料,秦、魏,,,[魏昭王]二年與秦戰，我不利。（《魏世家》，《六國表》“我”作“解”，當是誤字）
前294,294,周赧王二十一年（西元前二九四年）,8,史料,秦,,,〔秦昭襄王〕十三年任鄙為漢中守。（《秦本紀》，《六國表》同）
前294,294,周赧王二十一年（西元前二九四年）,9,史料,秦,白起,,是歲穰侯相秦，舉任鄙以為漢中守。（《白起列傳》）
前294,294,周赧王二十一年（西元前二九四年）,10,考案,秦、韓、魏,,卒,案：秦武王有力好戲，任鄙、烏獲、孟說皆為大官。此時又因魏冉推舉而為漢中郡守，至昭王十九年卒於官。《韓非子·守道》篇雲：“上下相得，故能使用力者自極於權衡，而務至於任鄙。”蓋任鄙能遵守秦之法制行事而得重用。
前294,294,周赧王二十一年（西元前二九四年）,11,史料,秦、魏,,奔,[秦昭襄王]十三年五大夫禮出亡奔魏。（《秦本紀》）
前294,294,周赧王二十一年（西元前二九四年）,12,史料,秦、齊、魏,,奔,魏冉相秦，欲誅呂禮，禮出奔齊。（《穰侯列傳》列于昭王十四年前）
前294,294,周赧王二十一年（西元前二九四年）,13,史料,秦、齊、魏、周,,攻、取,周取謂呂禮曰(“呂”原誤作“石”，今從鮑本改正）：“子何不以秦攻齊？臣請令齊相子。子以齊事秦，必無處矣(“處”，鮑本改“慮”）。子因令周取居魏以共之。是天下制於子也。子東重于齊，西貴于秦，秦、齊合則子常重矣。”(《東周策》第九章)
前294,294,周赧王二十一年（西元前二九四年）,14,考案,秦、齊、魏、周,,取、奔,案：呂禮於是年由秦來齊，後曾一度為齊相，使秦、齊相合。《東周策》第十六章謂薛公曰：“聽祝弗，相呂禮，欲取秦。”《東周策》第十七章謂齊王曰：“逐周取，聽祝弗，相呂禮者，欲深取秦也。”據此可知呂禮並非由秦出奔之亡臣，乃秦派遣入齊企圖拉攏齊國之重臣。所謂呂禮出亡奔魏、奔齊，乃呂禮入齊時假託之辭。《孟嘗君列傳》稱“秦亡將呂禮相齊”，非是。《秦本紀》載昭王十九年“王為西帝，齊為東帝，皆複去之。呂禮來自歸”。《穰侯列傳》亦謂“昭王十九年秦稱西帝，齊稱東帝，月余，呂禮來，而齊、秦各複歸帝為王”。蓋是時齊與秦合而又分裂，即將爆發大戰，作為秦、齊聯合之大臣呂禮，不得不自齊歸來。
前294,294,周赧王二十一年（西元前二九四年）,15,史料,齊,齊湣王,,齊湣王三十年(當作七年)田甲劫王，相薛文走。(《六國表》，《孟嘗君列傳·集解》引徐廣曰：“湣王三十四年田甲劫王，薛文走。”)
前294,294,周赧王二十一年（西元前二九四年）,16,史料,齊、魏,齊湣王,盟、會、奔,孟嘗君相齊，其舍人魏子為孟嘗君收邑入，三反而不致一入。孟嘗君問之，對曰：“有賢者，竊假與之，以故不致入。”孟嘗君怒而退魏子。居數年，人或毀孟嘗君于齊湣王曰：“孟嘗君將為亂。”及田甲劫湣王，湣王意疑孟嘗君（《史記會注考證》雲：“寬永本標記雲：一本無疑字。”王念孫雲：“意下本無疑字，意孟嘗君者，疑其使田甲劫王也。意即疑也，後人不知意之訓為疑，故又加疑字耳。《太平御覽》一《人事部》引此無疑字”），孟嘗君乃奔。魏子所與粟賢者聞之，乃上書言孟嘗君不作亂，請以身為盟，遂自到宮門以明孟嘗君。湣王乃驚，而蹤跡驗問，孟嘗君果無反謀，乃複召孟嘗君。孟嘗君因謝病歸老于薛。湣王許之。（《孟嘗君列傳》）
前294,294,周赧王二十一年（西元前二九四年）,17,考案,秦、齊、楚、燕、趙、魏、周、宋,蘇秦、齊湣王,伐、攻、立、合縱、滅、取、奔,案：此謂魏子為收邑入嘗與粟賢者，及孟嘗君出奔，魏子所與粟之賢者自剄以明孟嘗君，湣王乃複召孟嘗君。《齊策四》與《孟嘗君列傳》又謂馮諼或馮騅為收債，燒債券以賜民，施狡兔三窟之計，王乃複孟嘗君相位。蓋一事之兩傳。所謂複召孟嘗君與複其相位，皆不可信。此謂田甲劫王，王疑孟嘗君，孟嘗君因而出奔。與《六國表》相合，其說可信。《齊策四》第一章所述馮援故事，稱齊王謂孟嘗君曰：“寡人不敢以先王之臣為臣”，孟嘗君因而就國于薛。《孟嘗君列傳》所述馮騅故事，稱“齊王惑于秦、楚之毀，以為孟嘗君名高其主而擅齊國之權，遂廢孟嘗君”。蓋湣王因孟嘗君以先王之臣為臣，名高其主而擅權，及田甲劫王，因而疑孟嘗君所使，於是孟嘗君出奔。《戰國縱橫家書》第八章蘇秦謂齊王曰：“王棄薛公，身斷事，立帝，帝立。伐秦，秦伐。謀取趙，得。攻宋，宋殘。是則王之明也。”所謂“王棄薛公，身斷事”，即指湣王廢孟嘗君而親自執政，掌握政權。所有因食客嘗與粟賢者或燒債券以賜民，孟嘗君得以複召或復位之掌故，皆出於策士之傳說，並非事實。《孟嘗君列傳》所述魏子故事，謂孟嘗君得複召之後，“因謝病歸老于薛”，亦不足信。《孟嘗君列傳》雲：“後齊湣王滅宋，益驕，欲去孟嘗君，孟嘗君恐，乃如魏，魏昭王以為相，西合秦、趙與燕共伐破齊。”此謂湣王滅宋後，再次“欲去孟嘗君”，孟嘗君因而“如魏”。其實，齊滅宋以前，孟嘗君早已入魏為相。《東周策》第二十一章記有人謂周取曰：“薛公背故主（“背”字原脫），輕忘其薛，不顧其先君之丘墓。”此謂孟嘗君為魏相後，嘗主謀合縱攻齊而不顧其封邑薛，以及先君之丘墓。《宋策》第八章稱宋康王“滅滕伐薛”，《齊策三》第四章稱“孟嘗君在薛，荊人攻之”。蓋孟嘗君失去齊相，其封邑孤立無援，宋、楚皆謀侵取之。
前294,294,周赧王二十一年（西元前二九四年）,18,史料,齊,,攻、救、立,孟嘗君前在於薛，荊人攻之。淳于髡為齊使于荊，還反，過於薛。孟嘗君令人禮貌而親郊送之（《齊策三》第四章“禮”作“體”，姚注：“體一作禮。”“體”、“禮”古通。《齊策》“送”作“迎”，鮑本無“親”字）。謂淳於髡曰：“荊人攻薛，夫子弗為憂，文無以複待矣。”（李本“待”作“侍”，畢沅校本改作“侍”，《齊策》作“侍”，高誘《呂氏春秋》注作“待，見也”)淳於髡曰：“敬聞命矣。”至於齊，畢報。王曰：“何見於荊？”對曰：“荊甚固，而薛亦不量其力。”王曰：“何謂也？”對曰：“薛不量其力，而為先王立清廟，荊因而攻之，薛清廟必危（《齊策》無“薛”字），故曰：薛不量力而荊亦甚固。”齊王知顏色（《齊策》“知顏色”作“和其顏色”，王念孫曰：“作知者是也。高注訓知為發，謂發動也。知其顏色者，急先君之廟，而顏色為之動也”），曰：“嘻！先君之廟在焉，疾舉兵救之。”（《齊策》“舉”作“興”）由是薛遂全。顛蹶之請，坐拜之謁（《齊策》“坐”作“望”），雖得則薄矣（“得”原誤作“薄”，從畢沅據《齊策》改正）。故善說者，陳其勢，言其方，見人之急也，若自在危厄之中（《齊策》“危厄”作“隘窘”），豈用強力哉？（《呂氏春秋·報更》，《齊策三》第四章同）
前294,294,周赧王二十一年（西元前二九四年）,19,考案,齊、周、吳、代,齊威王、齊湣王,立,案：鮑彪曰：“史言文代立在薛，時未相也。”吳師道雲：“代立在薛，歸老亦在薛，此不可知為何時。”顧觀光附此于周赧王二十一年，曰：“《策》言薛為先王立廟，故附此。”今從之。是時都城均建有先君之宗廟。《左傳》莊公二十八年雲：“凡邑有宗廟先君之主曰都。”孟嘗君田文之父田嬰，為齊威王之少子，因而薛之宗廟亦為齊湣王之先君宗廟。
前294,294,周赧王二十一年（西元前二九四年）,20,史料,秦、齊、楚、燕、晉、周、代,蘇秦,立、取,[蘇秦]謂燕王曰：“今日願藉(藉)于王前。畏(假)臣孝如增(曾)參，信如尾星(生)，廉如相(伯)夷，節(即)有惡臣者，可毋挈(慚)乎。”王曰：“可矣。”“臣有三資者以事王，足乎？”王曰：“足矣。”“王足之，臣不事王矣。孝如增(曾)參，乃不離親，不足而(以)益國。信如尾星(生)，乃不延(誕)，不足而(以)益國。廉如相(伯)夷，乃不竊，不足以益國。臣以信不與仁俱徹，義不與王皆(偕)立。”王曰：“然則仁義不可為與？”對曰：“胡為不可。人無信則不徹，國無義則不王。仁義所以自為也，非所以為人也。自複之術，非進取之道也。三王代立，五相(伯)蛇(弛)正(政)，皆以不復元(其)掌(常)。若以複元(其)掌(常)為可王，治官之主，自複之術也，非進取之路也。臣進取之臣也，不事無為之主。臣願辭而之周，負籠操臿，毋辱大王之廷。”王曰：“自複不足乎？”對曰：“自複而足，楚將不出雎（沮）章（漳），秦將不出商閹（於），齊不出呂遯（隧），燕將不出屋、注，晉將不萮（逾）泰（太）行，此皆以不復元（其）常為進者。”（《戰國縱橫家書》第五章，假借字下加圓括號注明）
前294,294,周赧王二十一年（西元前二九四年）,21,史料,秦、齊、楚、燕、周、代,蘇秦、齊宣王,伐、立、取、殺,人有惡蘇秦于燕王者，曰：“武安君，天下不信人也！王以萬乘下之，尊之於廷，示天下與小人群也！”武安君從齊來，而燕王不館也。謂燕王曰：“臣東周之鄙人也！見足下，身無咫尺之功，而足下迎臣於郊，顯臣於廷。今臣為足下使，利得十城，功存危燕，足下不聽臣者，人必有言臣不信，傷臣于王者……臣之不信，是足下之福也！使臣信如尾生，廉如伯夷，孝如曾參，三者天下之高行，而以事足下，不可乎？”燕王曰：“可。”曰：“有此，臣亦不事足下矣！”蘇秦曰：“且夫孝如曾參，義不離親一夕宿於外，足下安得使之之齊？廉如伯夷，不取素飡（鮑本“飡”作“飱”），汙武王之義而不臣焉，辭孤竹之君，餓而死于首陽之山，廉如此者，何肯步行數千里而事弱燕之危主乎？信如尾生，期而不來，抱樑柱而死，信至如此，何肯楊燕、秦之威于齊（鮑本“楊”作“揚”）而取大功乎哉？且夫信行者，所以自為也，非所以為人也。皆自覆之術，非進取之道也。且夫三王代興，五霸迭盛，皆不自覆也。君以自覆為可乎？則齊不益于營丘，足下不逾楚境，不窺于邊城之外。且臣有老母于周，離老母而事足下，去自覆之術而謀進取之道，臣之趍固不與足下合者（鮑本“趍”作“趣”）。足下皆自覆之君也！僕者進取之臣也！所謂以忠信得罪於君者也！”燕王曰：“夫忠信又何罪之有也？”對曰：“足下不知也！臣鄰家有遠為吏者，其妻私人，其夫且歸，其私之者憂之。其妻曰：公勿憂也！吾已為藥酒以待之矣！”後二日，夫至，妻使妾奉卮酒進之。妾知其藥酒也，進之則殺主父，言之則逐主母，乃陽僵棄酒。主父大怒而笞之。故妾一僵而棄酒，上以活主父，下以存主母也，忠至如此，然不免於答！此以忠信得罪者也。臣之事，適不幸而有類妾之棄酒也！且臣之事足下，亢義益國，今乃得罪。臣恐天下後事足下者，莫敢自必也。且臣之說齊曾不欺之也。使之說齊者莫如臣之言也，雖堯、舜之智不敢取也。”（《燕策一》第五章，《蘇秦列傳》謂“燕易王初立，齊宣王因燕喪伐燕，取十城”，蘇秦見齊王，於是乃歸燕之十城，人有毀蘇秦者曰：“左右賣國反覆之臣也，將作亂”，蘇秦恐得罪，歸，而燕王不復官也。蘇秦見燕王曰云云，與此大體相同）
前294,294,周赧王二十一年（西元前二九四年）,22,史料,秦、齊、楚、燕、周、宋、代,燕昭王,伐、立、取、殺,蘇代謂燕昭王曰：“今有人於此，孝如曾參、孝己，信如尾生高，廉如鮑焦、史鰌，兼此三行以事王，奚如？”王曰：“如是足矣！”對曰：“足下以為足，則臣不事足下矣。臣且處無為之事，歸耕乎周之上地，耕而食之，織而衣之。”王曰：“何故也？”對曰：“孝如曾參、孝己，則不過養其親耳！”（“耳”原作“其”，從鮑本改正）信如尾生高，則不過不欺人耳。廉如鮑焦、史鰌，則不過不竊人之財耳。今臣為進取者也。臣以為廉不與身俱達，義不與生俱立。仁義者，自完之道也！非進取之術也。”王曰：“自憂不足乎（“自憂”，《戰國縱橫家書》作“自複”，《燕策一》第五章作“自覆”，當以“自複”為是）？”對曰：“以自憂為足，則秦不出殽塞，齊不出營丘，楚不出疏章。三王代位，五伯改政，皆以不自憂故也。若自憂而足，則臣亦之周負籠耳。何為煩大王之廷耶？昔者，楚取章武，諸侯北面而朝；秦取西山，諸侯西面而朝；曩者使燕毋去周室之上，則諸侯不為別馬而朝矣（“別馬”鮑本作“別駕”）。臣聞之，善為事者，先量其國之大小，而揆其兵之強弱，故功可成而名可立也。不能為事者，不先量其國之大小，不揆其兵之強弱，故功不可成而名不可立也。今王有東向伐齊之心，而愚臣知之。”王曰：“子何以知之？”對曰：“矜戟砥劍，登丘東向而歎，是以愚臣知之。今夫鳥獲舉千鈞之重，行年八十而求扶持。故齊雖強國也，西勞于宋，南罷于楚，則齊軍可敗而河間可取。”燕王曰：“善！吾請拜子為上卿，奉子車百乘，子以此為寡人東游于齊，何如？”對曰：“足下以愛之故與，則何不與愛子與諸舅、叔父、負床之孫？不得，而乃以與無能之臣，何也？王之論臣，何如人哉？今臣之所以事足下者，忠信也。恐以忠信之故，見罪於左右。”王曰：“安有為人臣，盡其力，竭其能，而得罪者乎？”對曰：“臣請為王譬。昔周之上地嘗有之。其丈夫官三年不歸，其妻愛人，其所愛者曰：子之丈夫來，則且奈何乎？其妻曰：勿憂也！吾已為藥酒而待其來矣！已而其丈夫果來，於是因令其妾酌藥酒而進之。其妾知之，半道而立，慮曰：吾以此飲吾主父，則殺吾主父；以此事告吾主父，則逐吾主母。與殺吾父、逐吾主母者，寧佯躡而覆之。”於是因佯僵而僕之。其妻曰：為子之遠行來之故，為美酒，今妾奉而僕之。”其丈夫不知，縛其妾而笞之。故妾所以笞者，忠信也。今臣為足下使于齊，恐忠信不諭於左右也。臣聞之曰：萬乘之主，不制於人臣；十乘之家，不制於眾人；疋夫徒步之士，不制于妻妾。”而又況於當世之賢主乎？臣請行矣！願足下之無制於群臣也！”（《燕策一》第十四章）
前294,294,周赧王二十一年（西元前二九四年）,23,考案,秦、齊、楚、燕、趙、越、宋、代,蘇秦、燕昭王,伐、攻、滅、取,案：以上三篇皆記蘇秦為燕昭王主謀，伐破齊國之事，乃同一事件之不同記述。惟《燕策一》第十四章誤作蘇代，其實蘇代未嘗參與其事。《戰國縱橫家書》所載蘇秦原始資料十四章中皆未述及蘇代。蘇秦自稱以“孝、信、廉”三資事王尚不足，必為“進取”之臣，不以“自複”為足。《戰國縱橫家書》第五章較為原始，但有殘缺。據《燕策一》第十四章，可知蘇秦之策略，欲使齊“西勞于宋，南罷（疲）于楚”，從而擊敗齊軍而略取齊地，“則齊軍可敗而河間可取”，因而欲促使齊攻宋與滅宋。《燕策一》第五章記蘇秦曰：“且夫孝如曾參……足下安得使之之齊？廉如伯夷……餓而死于首陽之山，廉如此者，何肯步行數千里而事弱燕之危主乎？信如尾生，期而不來（《蘇秦列傳》作“與女子期於梁下，女子不來”），抱樑柱而死（《莊子·盜蹠》於“抱樑柱而死”上有“水至不去”四字），信至如此，何肯揚燕、秦之威于齊而取大功乎哉？”可知蘇秦“事弱燕之危主”（指燕昭王），出使至齊，將欲“揚燕、秦之威于齊而取大功”。蓋弱燕不足以敗齊，惟有以燕合秦方能伐破齊國而揚威于齊。此後蘇秦以燕使入齊活動，一貫遵循此一計謀。《蘇秦列傳》載有相同之事蹟，惟將“何肯揚燕、秦之威于齊而取大功乎哉”，改為“王又安能使之步行千里而卻齊之強兵哉”，失去原意，非其本旨。蓋蘇秦與燕昭王已有密約，正欲策劃利用秦、趙之力以伐破齊國，蘇秦正全力推行之，自以為忠信超越伯夷、尾生。《鄒陽列傳》所載獄中上書，曰：“是以蘇秦不信於天下，而為燕尾生。”即據此而言，鄒陽謂其欲如蘇秦然，對燕王為尾生也。
前294,294,周赧王二十一年（西元前二九四年）,24,史料,秦、齊、燕、趙,蘇秦,,臣之計曰：齊必為燕大患。臣循用於齊，大者可以使齊毋謀燕，次可以惡齊、勺（趙）之交，以便王之大事，是王之所與臣期也。臣受教任齊交五年，齊兵數出，未嘗謀燕。齊、勺（趙）之交，壹美壹惡，壹合壹離，燕非與齊謀勺（趙），則與趙謀齊。（《戰國縱橫家書》第四章，蘇秦自齊獻書于燕王）
前294,294,周赧王二十一年（西元前二九四年）,25,考案,秦、齊、燕、趙,蘇秦、燕昭王,攻、合縱、取,案：蘇秦作為燕昭王派遣至齊國之使者，與燕昭王早有密約，所謂“是王之所與臣期也”。期即約定。既欲使齊不謀燕，更欲“惡齊、趙之交”，“與趙謀齊”，“以便王之大事”。“王之大事”即蘇秦所謂“揚燕、秦之威于齊而取大功”。蘇秦自稱“進取”之臣，不以“自複”為足，“自複”指保守與恢復原有領土，“進取”指進取與擴展領土。蘇秦所謂“進取之道”，即廣結與國，合縱攻齊而謀求開拓領土。
前294,294,周赧王二十一年（西元前二九四年）,26,史料,秦、齊、楚、燕、韓、趙、魏、吳、宋,,伐、攻,客謂燕王曰：“齊南破楚，西屈秦，用韓、魏之兵，燕、趙之眾，猶鞭策也。使齊北面伐燕，即雖五燕不能當。王何不陰出使，散遊士，頓齊兵，弊其眾，使世世無患。”燕王曰：“假寡人五年，寡人得其志矣！”蘇子曰：“請假王十年。”燕王說，奉蘇子車五十乘，南使于齊。謂齊王曰：“齊南破楚，西屈秦，用韓、魏之兵，燕、趙之眾，猶鞭策也。臣聞當世之舉王（吳師道、王念孫謂“舉”字衍，金正煒雲：“舉王”當為“興王”)，必誅暴正亂，舉無道，攻不義。今宋王射天笞地，鑄諸侯之象，使侍屏匽，展其臂，彈其鼻。此天下之無道不義，而王不伐，王名終不成。且夫宋，中國膏腴之地，鄰民之所處也，與其得百里于燕，不如得十裡于宋。伐之，名則義，實則利，王何為弗為？”齊王曰：“善。”遂與兵伐宋（“與”鮑本作“興”），三覆宋，宋遂舉。燕王聞之，絕交于齊，率天下之兵以伐齊，大戰一，小戰再，頓齊國，成其名。故曰：“因其強而強之，乃可折也；因其廣而廣之，乃可缺也。”(《燕策二》第十一章)
前294,294,周赧王二十一年（西元前二九四年）,27,考案,秦、齊、楚、燕、韓、魏、周、吳、宋、代,蘇秦、燕昭王,伐、攻、滅、殺,案：吳師道以蘇子為蘇代，《周季編略》同，據《戰國縱橫家書》，當為蘇秦無疑。此謂蘇子南使于齊，說齊閔王伐宋，時在“齊南破楚，西屈秦”之後，用以避免“齊北面而伐燕”，“頓齊兵，弊其眾”。蘇子曰：“請假王十年。”經蘇秦遊說齊王，“遂與兵伐宋，三覆宋，宋遂舉。”燕王因率天下之兵伐破齊國。考燕破齊于周赧王三十一年，前此十年，即周赧王二十一年，即燕昭王十八年，蘇秦說齊閔王伐宋。所謂“與兵伐宋”，燕曾出兵助齊攻宋。鮑本改“與兵”為“興兵”，非是。是年正當齊、魏、韓合兵“屈秦”之後二年，亦即齊伐燕“覆三軍，殺二將”，所謂“權之難”之後二年。燕促使齊伐宋，並出兵助齊伐宋，既以避免齊伐燕，又欲以弊齊師，從而謀求伐破齊國。所謂“三覆宋，宋遂舉”，即經過三次伐宋，將宋攻滅。
前294,294,周赧王二十一年（西元前二九四年）,28,史料,秦、齊、楚、燕、韓、趙、魏、周、宋、代,蘇秦,伐、攻、取,蘇秦死，其弟蘇代欲繼之。乃北見燕王噲曰：“臣東周之鄙人也。竊聞王義甚高甚順，鄙人不敏，竊釋鉏耨而幹大王。至於邯鄲，所聞於邯鄲者又高於所聞東周。臣竊負其志，乃至燕廷，觀王之群臣下吏，大王天下之明主也。”王曰：“子之所謂天下之明主者，何如者也？”對曰：“臣聞之，明主者，務聞其過，不欲聞其善。臣請謁王之過。夫齊、趙者，王之仇讎也；楚、魏者，王之援國也。今王奉仇讎以伐援國，非所以利燕也。王自慮此，則計過；無以諫者，非忠臣也。”王曰：“寡人之于齊、趙也，非所敢欲伐也。”曰：“夫無謀人之心而令人疑之，殆；有謀人之心而令人知之，拙；謀未發而聞於外，則危。今臣聞王居處不安，食飲不甘，思念報齊。身自削甲紮，曰：‘有大數矣。’妻自組甲綈，曰：‘有大數矣！’有之乎？”王曰：“子聞之，寡人不敢隱也。我有深怨積怒于齊，而欲報之二年矣！齊者，我仇國也！故寡人之所欲伐也！直患國弊力不足矣。子能以燕敵齊，則寡人奉國而委之於子矣！”對曰：“凡天下之戰國七，而燕處弱焉。獨戰則不能，有所附則無不重。南附楚，則楚重；西附秦，則秦重；中附韓、魏，則韓、魏重。且苟所附之國重，此必使王重矣。今夫齊王，長主也，而自用也。南攻楚，五年，穡積散；西困秦，三年，民憔悴，士罷弊；北與燕戰，覆三軍，獲二將；而又以其餘兵，南面而舉五千乘之勁宋，而包十二諸侯。此其君之欲得也。其民力竭也。安猶取哉？且臣聞之，數戰則民勞，久師則兵弊。”王曰：“吾聞齊有清濟濁河，可以為固；有長城钜防，足以為塞；誠有之乎？”對曰：“天時不與，雖有清濟濁河，何足以為固？民力窮弊，雖有長城钜防，何足以為塞？且異日也，濟西不役，所以備趙也；河北不師，所以備燕也；今濟西、河北盡以役矣。封內弊矣。夫驕主必不好計，而亡國之臣貪於財。王誠能毋愛寵子母弟以為質，寶珠玉帛以事其左右，彼且德燕而輕亡宋，則齊可亡已！”王曰：“吾終以子受命於天矣。”曰：“內寇不與，外敵不可距。王自治其外，臣自報其內，此乃亡之之勢也。”（《燕策一》第八章，《蘇秦列傳》同，惟中段無“曰夫無謀人之心”至“而欲報之二年矣”一節，末段無“內寇不與”至“亡之之勢也”）
前294,294,周赧王二十一年（西元前二九四年）,29,考案,秦、齊、燕、周、宋、代,蘇秦、燕昭王,滅,案：此亦蘇代與燕王定計亡齊之故事，為後世策士之擬作。燕王噲當是燕昭王之誤。《策》言“舉五千乘之勁宋”，則已在齊滅宋之後，惟燕王曰：“我有深怨積怒于齊，而欲報之二年矣！”則又當在齊敗燕“覆三軍，獲二將”之後二年，當齊滅宋之前，前後矛盾。齊敗燕之後二年，正當周赧王二十一年，即燕昭王十八年，正蘇秦與燕昭王定計亡齊之時。
前294,294,周赧王二十一年（西元前二九四年）,30,史料,秦、齊、楚、吳、代,,立、取、聘、會、遷,齊人有馮諼者(“諼”鮑本作“煖”，《太平御覽》四二二引作“諼”，五七一引作“煖”)，貧乏不能自存，使人屬孟嘗君，願寄食門下。孟嘗君曰：“客何好？”曰：“客無好也。”曰：“客何能？”曰：“客無能也。”孟嘗君笑而受之曰：“諾。”左右以君賤之也，食以草具。居有頃，倚柱彈其劍（吳師道謂“劍”下疑當有“鋏”字。《太平御覽》五七一引作“彈其劍鋏”），歌曰：“長鋏歸來乎！食無魚。”左右以告，孟嘗君曰：“食之”，比門下之客（姚注：“一本客上有魚字”）。居有頃，複彈其鋏，歌曰：“長鋏歸來乎！出無車！”左右皆笑之，以告，孟嘗君曰：“為之駕”，比門下之車客，於是乘其車，揭其劍，過其友曰：“孟嘗君客我。”後有頃，複彈其劍鋏，歌曰：“長鋏歸來乎！無以為家。”左右皆惡之，以為貪而不知足。孟嘗君問：“馮公有親乎？”對曰：“有老母。”孟嘗君使人給其食用，無使乏，於是馮諼不復歌。後孟嘗君出記，問門下諸客：“誰習計會，能為文收責于薛者乎？”馮諼署曰：“能。”孟嘗君怪之，曰：“此誰也？”左右曰：“乃歌夫長鋏歸來者也。”孟嘗君笑曰：“客果有能也，吾負之，未嘗見也。”請而見之，謝曰：“文倦於事（“事”，鮑本作“是”，鮑注：“是謂國事。”吳師道雲：“一本是作事，蓋因音而訛”），慣於憂，而性愾愚，沉於國家之事，開罪于先生，先生不羞，乃有意欲為收責于薛乎？”馮諼曰：“願之。”於是約車治裝，載券契而行。薛曰：“責畢收，以何市而反？”孟嘗君曰：“視吾家所寡有者。”驅而之薛，使吏召諸民當償者，悉來合券。券遍合，起矯命以責賜諸民（“責”讀作“債”，下同。“起”，鮑本作“赴”，鮑注：“乃來聽命。”吳師道雲：“一作赴作起，則起屬下文，謂作起而矯命也。合讀起句亦通”），因燒其券，民稱萬歲。長驅到齊，晨而求見，孟嘗君怪其疾也，衣冠而見之，曰：‘責畢收乎？來何疾也。”曰：“收畢矣。”“以何市而反？”馮諼曰：“君雲視吾家所寡有者，臣竊計君，宮中積珍寶，狗馬實外廄，美人充下陳，君家所寡有者，以義耳。竊以為君市義。”孟嘗君曰：“市義奈何？”曰：“今君有區區之薛，不拊愛子其民，因而賈利之，臣竊矯君命，以責賜諸民，因燒其券，民稱萬歲，乃臣所以為君市義也。”孟嘗君不說，曰：“諾，先生休矣！”後期年，齊王謂孟嘗君曰：“寡人不敢以先王之臣為臣。”孟嘗君就國于薛，未至百里，民扶老攜幼迎君道中。孟嘗君顧謂馮諼曰：“先生所為文市義者，乃今日見之。”馮諼曰：“狡兔有三窟，僅得免其死耳。今君有一窟，未得高枕而臥也。請為君複鑿二窟。”孟嘗君予車五十乘，金五百斤，西游于梁。謂惠王曰（“惠”鮑本改作“梁”，鮑注：“梁王，昭王”）：“齊放其大臣孟嘗君于諸侯，諸侯先迎之者，富而兵強。”於是梁王虛上位，以故相為上將軍，遣使者黃金千金、車百乘、往聘孟嘗君。馮諼先驅，誡孟嘗君曰：“千金重幣也，百乘顯使也，齊其聞之矣。”梁使三反，孟嘗君固辭不往也。齊王聞之，君臣恐懼，遣太傅齎黃金千斤，文車二駟，服劍一，封書，謝孟嘗君曰：“寡人不祥，被於宗廟之祟，沉於諂諛之臣，開罪於君，寡人不足為也，願君顧先王之宗廟，姑反國統萬人乎？”馮諼誡孟嘗君曰：“願請先王之祭器，立宗廟于薛。”廟成，還報孟嘗君曰：“三窟已就，君姑高枕為樂矣。”孟嘗君為相數十年，無纖介之禍者，馮諼之計也。（《齊策四》第一章，《孟嘗君列傳》有大體相同之傳說，“馮諼”作“馮驥”，初置傳舍，因歌“長鋏歸來乎”云云，遷之幸舍，而食有魚，再歌又遷之代舍而出入乘輿車。馮驥至薛收債，“貧不能與息者取其券而燒之。”“齊王惑于秦、楚之毀，以孟嘗君名高其主而擅齊國之權，乃廢孟嘗君。”馮驥西說秦王，秦遣使以迎孟嘗君。馮驥又說齊王，“王召孟嘗君而複其相位，而與其故邑之地，又益以千戶。”）
前294,294,周赧王二十一年（西元前二九四年）,31,史料,齊,,取、會、殺,孟嘗君逐于齊而複反，譚拾子迎之於境，謂孟嘗君曰：“君得無有所怨齊士大夫？”(鮑本“怨”下有“於”字)孟嘗君曰：“有。”“君滿意殺之乎？”孟嘗君曰：“然。”譚拾子曰：“事有必至，理有固然，君知之乎？”孟嘗君曰：“不知。”譚拾子曰：“事之必至者，死也；理有固然者，富貴則就之，貧賤則去之；此事之必至，理之固然者。請以市諭，市朝則滿，夕則虛，非朝愛市而夕憎之也，求存故往，亡故去，願君勿怨。”孟嘗君乃取所怨五百牒削去之，不敢以為言。（《齊策四》第四章，《孟嘗君列傳》所述馮驥故事，有大體相同之情節。馮驥雲：“生者必有死，物之必至也；富貴多士，貧賤寡友，事之固然也。君獨不見夫趣市朝乎？明旦，側肩爭門而入，日暮之後，過市朝者掉臂而不顧，非好朝而惡暮，所期物亡其中，今君失位，賓客皆去，不足以怨士而徒絕賓客之路。願君遇客如故。”“亡”，各本作“忘”，從《史記會注考證》據楓山、三條本改正。梁玉繩雲：“其為仿撰無疑。”）
前294,294,周赧王二十一年（西元前二九四年）,32,史料,齊、韓,,,成驥謂齊王曰：“王太仁，太不忍人。”王曰：“太仁，太不忍人，非善名邪？”對曰：“此人臣之善也，非人主之所行也。夫大臣必仁而後可與謀，不忍人而後可近也，不仁則不可與謀，忍人則不可近也。”王曰：“然則寡人安所太仁？安不忍人？”對曰：“王太仁于薛公，而太不忍于諸田。太仁薛公則大臣無重，太不忍諸田，則父兄犯法。大臣無重，則兵弱於外，父兄犯法，則政亂於內。兵弱於外，政亂於內，此亡國之本也。”（《韓非子·內儲說上》，《荀子·解蔽》楊注引“成驥”作“戴驥”。）
前293,293,周赧王二十二年（西元前二九三年）,1,史料,秦、齊、楚、燕、韓、趙、魏,秦昭王、齊湣王、燕昭王,,秦昭王十四年，魏昭王三年，韓釐王三年，趙惠文王六年，齊湣王八年，楚頃襄王六年，燕昭王十九年。
前293,293,周赧王二十二年（西元前二九三年）,2,史料,秦、韓、魏,白起,攻,[魏昭王]三年佐韓攻秦。秦將白起敗我軍伊闕二十四萬。（《魏世家》）
前293,293,周赧王二十二年（西元前二九三年）,3,史料,秦、韓、魏、周,白起,攻、拔,[韓]釐王三年使公孫喜率周、魏攻秦，秦敗我二十四萬，虜喜伊闕。（《韓世家》，《六國表》作“秦敗我伊闕二十四萬，虜將喜”）[秦昭襄王]十四年左更白起攻韓、魏于伊闕，斬首二十四萬，虜公孫喜，拔五城。（《秦本紀》，《六國表》作“白起擊伊闕，斬首二十四萬”）
前293,293,周赧王二十二年（西元前二九三年）,4,史料,秦、韓、魏、代,白起,攻,[秦]昭王十四年魏冉舉白起，使代向壽將而攻韓、魏，敗之伊闕，斬首二十四萬，虜魏將公孫喜。（《穰侯列傳》）
前293,293,周赧王二十二年（西元前二九三年）,5,考案,秦、韓、魏、周,,伐、攻,案：此謂“虜魏將公孫喜”，公孫喜確為魏將。《韓世家》謂“使公孫喜率周、魏攻秦”，誤以公孫喜為韓將。《資治通鑒》《周季編略》皆誤稱“韓將公孫喜”。《資治通鑒》謂是年“韓公孫喜、魏人伐秦”，胡三省注：“魏書人，其將微也。”非是。公孫喜為魏之大將，乃是役主帥。
前293,293,周赧王二十二年（西元前二九三年）,6,史料,韓、魏,白起,攻、取、拔、遷,白起為左更，攻韓、魏于伊闕，斬首二十四萬，又虜其將公孫喜，拔五城。起遷為國尉，涉河取韓安邑以東至乾河。（《白起列傳》）
前293,293,周赧王二十二年（西元前二九三年）,7,史料,秦、楚、韓,白起,伐、卒,[楚頃襄王]六年，秦使白起伐韓于伊闕，大勝，斬首二十四萬。秦乃遺楚王書曰：“楚倍秦，秦且率諸侯伐楚，爭一旦之命，願王之飭士卒，得一樂戰。”楚頃襄王患之，乃謀複與秦平。（《楚世家》）
前293,293,周赧王二十二年（西元前二九三年）,8,史料,韓、魏,白起,,韓、魏相率興兵甚眾，君所將之，不能半之，而與戰之于伊闕，大破二國之軍，流血漂鹵，斬首二十四萬。（蘇轍《古史·白起傳》引《國策》應侯謂武安君語，見今本《戰國策》末章）
前293,293,周赧王二十二年（西元前二九三年）,9,史料,韓、魏,白起,立,伊闕之戰，韓孤顧魏，不欲先用其眾，魏持韓之銳，欲推以為鋒，二軍爭便之力不同，是以臣得設疑兵以待韓陣，專軍並銳，觸魏之不意。魏軍既敗，韓軍自潰，乘勝逐北，以是之故能立功。（《古史·白起傳》引《國策》武安君答應侯語）
前293,293,周赧王二十二年（西元前二九三年）,10,考案,秦、齊、楚、韓、趙、魏、周、衛,白起、范雎,攻、取、殺,案：上年秦將白起攻韓，攻克韓新建用以防衛伊闕之新城。此年韓得魏之助，防守伊闕，並對秦反攻。魏、韓、東周聯軍之主帥為公孫喜，乃魏之大將，八年前，曾統率大軍與齊將匡章、韓將暴鳶共攻楚方城，大破楚軍而殺楚將唐昧。伊闕為韓在中原重要之關塞，因而伊闕之戰成為秦與韓、魏之決戰。據蘇轍《古史·白起傳》所引《戰國策》范雎與白起之問答，白起所指揮之主要大戰即伊闕之戰，與長平之戰。伊闕之戰，韓、魏聯軍在數量上較秦軍多一倍以上。作戰時韓、魏二軍皆不欲作先鋒，相互觀望，秦軍出其不意，以全力先擊破魏軍，擒主帥公孫喜。魏軍既敗，韓軍自潰，因而取得斬首二十四萬之大勝。從此削弱韓、魏二國之戰鬥力，範雎謂“韓、魏以故至今稱東藩”。《西周策》第六章記蘇厲謂周君曰：“敗韓、魏，殺犀武，攻趙，取藺、離石、祁者，皆白起。”《周本紀》報王三十四年有相同之記載，惟殺“犀武”作“僕師武”。《西周策》、《魏策》皆謂魏將犀武敗于伊闕而不及公孫喜。《史記·秦本紀》、《韓世家》、《穰侯列傳》、《白起列傳》皆謂虜將公孫喜而不及犀武。《周本紀》作“僕師武”而不及公孫喜。“師”“犀”古讀同音，兩字通用。余謂犀武或師武，非別一大將，當即公孫喜之稱號，猶如公孫衍之號稱犀首也。公孫喜與公孫弘為昆仲，已說明在週報王十四年案語中。伊闕之戰又稱周南之戰，《韓非子·說林下》雲：“周南之戰，公孫喜死焉。”《周季編略》謂是役“殺魏將犀武，虜韓將公孫喜”，非是。
前293,293,周赧王二十二年（西元前二九三年）,11,史料,秦、趙、魏、周,,攻、取,秦敗魏將犀武于伊闕(“敗”原誤作“攻”，從王念孫據《周本紀·集解》徐廣所引改正)，進兵而攻周，為周取謂李兌曰：“君不如禁秦之攻周。趙之上計，莫如令秦、魏複戰。今秦攻周而得之，則眾必多傷矣。秦欲待周之得，必不攻魏。秦若攻周而不得，前有勝魏之勞，後有攻周之敗，又必不攻魏。今君禁之，而秦未與魏講也，而全趙令其止，必不敢不聽。是君卻秦而定周也。秦去周，必複攻魏。魏不能支，必因君而講，則君重矣。若魏不講而疾支之，是君存周而戰秦、魏也。重亦盡在趙。”(《西周策》第二章)
前293,293,周赧王二十二年（西元前二九三年）,12,史料,秦、趙、魏、周,,殺,秦敗東周，與魏戰于伊闕（“戰”字疑衍），殺犀武，乘勝而留於境。魏令公孫衍請卑辭割地以講于秦(“魏令公孫衍”五字原誤移在“乘勝而留於境”之上，今從金正煒改正)。為竇屢謂魏王曰：“臣不知衍之所以聽于秦之少多，然而臣能半衍之割而令秦講于王。”王曰：“奈何？”對曰：“王不若與竇屢關內侯，而令趙王重其行(鮑本“令”下有“之”字)，而厚奉之。因揚言曰：聞周、魏令竇屢以割魏于奉陽君而聽秦矣。夫周君、竇屢、奉陽君之與穰侯，貿首之仇也。今行和者，竇屢也，制割者，奉陽君也。太后恐其不因穰侯也，而欲敗之，必以少割請合于王，而利於東周與魏也。”（《魏策一》第二十四章）
前293,293,周赧王二十二年（西元前二九三年）,13,史料,秦、魏、吳,,,魏令公孫衍請和于秦，綦母恢教之語，曰：“無多割。曰和成（鮑本無“曰”字），固有秦重，以與王遇（“以”上原衍“和”字，黃丕烈據吳師道引孫本刪）。和不成，則後必莫能以魏合于秦者矣。”（《魏策一》第二十六章）
前293,293,周赧王二十二年（西元前二九三年）,14,史料,秦、周,,,犀武敗，周使周足之秦。或謂周足曰：“何不謂周君曰：臣之秦，秦、周之交必惡。主君之臣又秦重而欲相者，且惡臣于秦，而臣為不能使矣。臣願免而行，君因相之。彼得相，不惡周于秦矣。君重秦，故使相往，行。而免，是輕秦也，公必不免。公言是而行，交善於秦，是公之成事也。交惡于秦，不善於公者，且誅矣。”（《西周策》第十七章，“公”下原無“者”，從鮑彪補）
前293,293,周赧王二十二年（西元前二九三年）,15,史料,秦、魏、周,,攻、救、取,犀武敗于伊闕，周君之魏求救，魏王以上黨之急辭之。周君反，見梁囿而樂之也。綦母恢謂周君曰：“溫囿不下此，而又近，臣能為君取之。”反，見魏王，王曰：“周君怨寡人乎？”對曰：“不怨且誰怨乎？（“乎”原誤作“王”，從鮑本改正）臣為王有患也。周君謀主也，而設以國為王扞秦，而王無之扞也。臣見其必以國事秦也。秦悉塞外之兵，與周之眾，以攻南陽，而兩上黨絕矣。”魏王曰：“然則奈何？”綦母恢曰：“周君形不利事秦而好小利（“不”下原有“小”字，從黃丕烈刪），今王許戍三萬人，與溫囿，周君得以為辭于父兄百姓，而私溫囿以為樂（“私”原誤作“利”，從姚引錢本及鮑本改正)，必不合于秦。臣嘗聞溫囿之利，歲八十金，周君得溫囿，其以事王者歲百二十金，是上党毋患而贏四十金。”魏王因使孟卯致溫囿于周君而許之戍也。（《西周策》第十一章）
前293,293,周赧王二十二年（西元前二九三年）,16,考案,秦、韓、魏、周,,救、取,案：周師從魏、韓之師抗秦，大敗于伊闕，周君至魏求救，自魏都大樑返回，路經梁囿而樂之。梁囿為大樑近郊之苑囿，乃魏君所有，不能為周君所得。周臣綦母恢為之向魏王請求溫囿。溫囿為河內溫地之苑囿。苑囿建有林池、離宮、亭榭，養有鳥獸，以供狩獵、遊樂，並為王室財源之一，不僅其中物產為王室收入，更有地段租借於民而收取租金者。秦、漢之上林苑等，沿用此制。綦母恢曰：“臣嘗聞溫囿之利，歲八十金，周君得溫囿，其以事王者歲百二十金，是上党毋患而贏四十金。”高誘注：“溫囿貢于魏王八十金耳，周君得之則貢百二十金，故曰是贏四十金也。”
前293,293,周赧王二十二年（西元前二九三年）,17,史料,衛,,卒、立,[衛嗣君]四十二年卒，子懷君立。（《衛世家》）
前293,293,周赧王二十二年（西元前二九三年）,18,史料,衛,,,衛嗣君病，富術謂殷順且曰：“子聽吾言也，以說君，勿益損也，君必善子。人生之所行，與死之心異。始君之所行於世者，食高麗也；所用者繅錯、挐薄也。群臣盡以為君輕國而好高麗，必無與君言國事者。子謂君：君之所行天下者甚謬，繅錯主斷于國，而挐薄輔之，自今以往者，公孫氏必不血食矣。”君曰：“善。”與之相印，曰：“我死，子制之。”嗣君死，殷順且以君令相公期。繅錯、挐薄之族皆逐也。（《衛策》第十三章）
前293,293,周赧王二十二年（西元前二九三年）,19,考案,吳,,,案：吳師道雲：“食高麗疑人名。”金正煒雲：“繅、泄音近，或即世姬、挈薄謂如耳、薄疑也。”
前293,293,周赧王二十二年（西元前二九三年）,20,考案,魏、周、衛,魏惠王,取,又案：衛嗣君不稱姬姓，而稱為公孫氏，蓋戰國中期衛子南勁在魏之扶助下取得君位，魏惠王至衛而命以為侯。至於衛君為公孫氏，已說明在周顯王二十五年案語中。
前293,293,周赧王二十二年（西元前二九三年）,21,史料,秦、齊、楚、燕、韓、趙、魏、周,秦昭王、齊湣王、燕昭王,,周赧王二十三年（西元前二九二年）秦昭王十五年，魏昭王四年，韓釐王四年，趙惠文王七年，齊湣王九年，楚頃襄王七年，燕昭王二十年。
前293,293,周赧王二十二年（西元前二九三年）,22,史料,秦、楚、魏,白起,攻、取,[秦昭襄王]十五年大良造白起攻魏，取垣，複予之。攻楚，取宛。（《秦本紀》）
前293,293,周赧王二十二年（西元前二九三年）,23,史料,秦、楚、魏,秦昭王,取,[秦昭王十五年]又取楚之宛、葉。魏冉謝病免相，以客卿壽燭為相。（《穰侯列傳》，《六國表》亦雲是年“魏冉免相”。《秦本紀》記“冉免”在次年）
前293,293,周赧王二十二年（西元前二九三年）,24,史料,秦、魏,白起、秦昭王,攻、取、拔,[秦昭王十五年]白起為大良造，攻魏，拔之，取城小大六十一。（《白起列傳》）
前293,293,周赧王二十二年（西元前二九三年）,25,史料,秦、魏,秦昭王,攻,[秦昭王]十五年攻魏。（《秦簡《編年記》）
前293,293,周赧王二十二年（西元前二九三年）,26,考案,秦、齊、楚、韓、魏、周,,伐、攻、取、拔、殺,案：《秦本紀》稱是年攻楚取宛，《穰侯列傳》亦謂取楚之宛、葉，而《韓世家》、《六國表》之韓表皆記“秦拔我宛”在次年。據秦簡《編年記》“攻宛”，確在次年。《秦本紀》、《穰侯列傳》蓋誤上一年。《資治通鑒》從《韓世家》、《六國表》記“秦伐韓拔宛”在次年，而《周季編略》既記“秦伐楚取宛、葉”在此年，又記“秦伐韓取宛”在次年。前此九年，齊、魏、韓共攻楚方城，殺楚將唐昧，韓、魏嘗取得宛、葉以北地。顧觀光謂“蓋一地而韓、楚兩屬也”。但宛之主要部分，其時尚當屬楚，是時為秦所攻取，非同時共攻兩國。
前293,293,周赧王二十二年（西元前二九三年）,27,考案,秦、韓、魏、晉、周,白起、秦昭王,攻、取、拔,又案：《秦本紀》言是年“白起攻魏，取垣，複予之”，而《白起列傳》稱：“攻魏，拔之，取城小大六十一。”但《魏世家》記“秦拔我城大小六十一”在後三年，《六國表》亦記在秦昭王十八年、魏昭王七年。當以《魏世家》、《六國表》為是。韓連琪《睡虎地秦簡編年記考證》（收入《先秦兩漢史論叢》）以為魏即魏武侯別都所在之魏縣，在今山西芮城縣北。非是。考魏武侯作為別都之魏，在今河北大名西南，非秦所能攻及。此乃西周時分封之魏國所在，此時沿用作為地名，地在陽晉、封陵之東，蓋秦于昭王四年攻取陽晉封陵之後，進一步向東開拓。
前293,293,周赧王二十二年（西元前二九三年）,28,考案,魏、鄭、代,,,又案：《穰侯列傳》言是年客卿壽燭為相。其明年，燭免，複相冉。《貞松堂集古遺文補遺》著錄有丞相觸戈，銘文作“□□年丞相觸造，咸□□師葉，工”，背面有“武”字，“鹹”下當殘缺“陽工”二字，陳邦懷以為觸即壽燭，馬非百、王輝皆從之。《資治通鑒》記此“壽燭”作“燭壽”，胡注雲：“燭，姓也。《左傳》鄭大夫燭之武。”不知何據。《水經·濟水注》述及魏冉塚，亦謂冉代客卿壽燭為相。
前293,293,周赧王二十二年（西元前二九三年）,29,史料,秦、楚,,,[楚頃襄王]七年楚迎婦于秦，秦、楚複平。（《楚世家》，《六國表》作“迎婦秦”）
前293,293,周赧王二十二年（西元前二九三年）,30,史料,秦,秦昭王,,十五年高陵君丞趯、工師遊、工□一鬥五升大半。（秦昭王十五年高陵君鼎，一九五六年陝西隴縣東南鄉板橋溝村出土，見《考古》一九九三年第三期張懋鎔、蕭琦《秦昭王十五年高陵君鼎考論》）
前293,293,周赧王二十二年（西元前二九三年）,31,考案,,,,案：此鼎形制與咸陽塔兒坡出土之三十六年私官鼎相似，銘文格式亦與私官鼎、二十九年漆卮相近。私官鼎乃宣太后食官(即私官)所造，二十九年漆卮亦太后所造。據此可知，當時宣太后、高陵君等擅權，皆擁有官營手工業作坊，由家丞監造。
前291,291,周赧王二十四年（西元前二九一年）,1,史料,秦、齊、楚、燕、韓、趙、魏,秦昭王、齊湣王、燕昭王,,秦昭王十六年，魏昭王五年，韓釐王五年，趙惠文王八年，齊湣王十年，楚頃襄王八年，燕昭王二十一年。
前291,291,周赧王二十四年（西元前二九一年）,2,史料,秦、韓,,拔,[韓釐王]五年秦拔我宛。（《韓世家》，《六國表》亦作“秦拔我宛城”）
前291,291,周赧王二十四年（西元前二九一年）,3,史料,秦,秦昭王,攻,[秦昭王]十六年攻宛。（秦簡《編年記》）
前291,291,周赧王二十四年（西元前二九一年）,4,史料,秦、魏,白起、秦昭王,攻、取、拔,[秦昭王]十六年左更錯取積及鄧。冉免。封公子市宛，公子悝鄧，魏冉陶，諸侯。（《秦本紀》）[秦昭王十六年](白)起與客卿錯攻垣城，拔之。(《白起列傳》)
前291,291,周赧王二十四年（西元前二九一年）,5,史料,秦、魏,秦昭王,,[秦昭王十六年]燭免，複相冉。乃封魏冉於穰，複益封陶，號曰穰侯。（《穰侯列傳》）
前291,291,周赧王二十四年（西元前二九一年）,6,考案,秦、齊、魏,,攻、卒、取,案：錯即司馬錯，軹及鄧在魏之河內。《正義》引“《括地志》雲：故軹城在懷州濟源縣東南三十裡，故鄧城在懷州河陽縣西三十一裡，並六國時魏邑也。按二城相連，故雲及也。”軹在今河南濟源縣東南，鄧在今濟源縣南。是年秦即以新得之宛、鄧分別封公子市、公子悝。《秦本紀》言是年魏冉封陶，《穰侯列傳》言是年魏冉封穰及陶，並非事實。冉于初相時已封於穰，此時秦尚未得陶，不可能以陶封冉。陶《集解》徐廣曰：“一作陰。”《索隱》曰：“陶即定陶也。徐廣雲作陰，陶陰字本易惑也。王劭按陶有魏冉塚，作陰，誤也。”沈濤《銅熨斗齋隨筆》論之曰：“定陶，齊地，此時未為秦有，豈得以封穰侯。《漢書·地理志》京兆華陰故陰，穰侯所封疑即在此，則作陰為是。下文諸陶字，徐廣本皆作陰。”此說不確。《史記》中“陶”多處訛作“陰”，《戰國策》亦如此。魏冉封于陶，在秦攻齊取得陶邑之後。王劭謂陶有魏冉塚。《水經·濟水注》於“東過定陶縣西”下雲：“濟水又東徑秦相魏冉塚南，冉……卒于陶而因葬焉，世謂之安平陵，墓南崩，碑尚存。”
前291,291,周赧王二十四年（西元前二九一年）,7,史料,趙,,,[趙惠文王]八年，城南行唐。（《趙世家》）
前291,291,周赧王二十四年（西元前二九一年）,8,史料,秦、齊、燕、趙、魏、宋,,伐、滅,齊滑王滅宋益驕，欲去孟嘗君。孟嘗君恐，乃如魏，魏昭王以為相，西合于秦、趙，與燕共伐破齊。（《孟嘗君列傳》）
前291,291,周赧王二十四年（西元前二九一年）,9,考案,秦、齊、燕、韓、趙、魏、晉、周、吳、宋,蘇秦、樂毅、秦昭王、齊湣王,伐、攻、救、卒、合縱、連橫、滅、取、會、奔,案：梁玉繩《史記志疑》雲：“孟嘗奔魏有之，故《魏策》載孟嘗為魏借燕、趙兵退秦師一章。若相魏，是妄也。知者，《年表》、《世家》皆不載其事，即《國策》亦無明文。而《魏世家》取《國策》太子首相一節，則薛公之不相魏明甚。蓋魏有田文，即《呂覽·執一》之商文，為武侯相，見《吳起傳》，在孟嘗前，又有魏文子相襄王，見《國策》，並孟嘗時，《史》誤以文子為孟嘗，遂謂其相魏也。至齊之破，乃燕昭復仇，與孟嘗何涉？如《傳》所言，竟似孟嘗為之，豈不冤哉！《荀子·王霸》言齊閔薛公權謀日行，國不免危亡，《臣道》言孟嘗篡臣，殆當時惡孟嘗者造為斯語而傳之歟！”梁氏為孟嘗辨護甚力，其實孟嘗確嘗相魏昭王，確曾參與發動合縱共伐破齊，特孟嘗之相魏昭在齊滅宋前，《傳》誤以為滅宋後。《孟嘗君列傳》既謂“田甲劫湣王，王意孟嘗君，孟嘗君乃奔”，又謂“齊湣王滅宋益驕，欲去孟嘗君。孟嘗君恐，乃如魏”。其實，孟嘗君因“田甲劫王”而出奔，即如魏，並非先“歸老于薛”，然後再“如魏”。《韓非子·外儲說右上》有“薛公之相魏昭侯也”云云，魏昭侯當即魏昭王。《韓非子·外儲說左下》又有“魏昭王欲與官事，孟嘗君請‘試習讀法’”，皆足證孟嘗確為魏昭之相。《秦策四》第二章載“薛公入魏而出齊女”，韓春謂秦王曰：“哏欲以齊、秦劫魏而困薛公。”哏即韓哏，“哏”一作“瑉”，《戰國縱橫家書》作韓曼，韓哏主張秦、齊聯合“劫魏而困薛公”。蓋薛公正為魏相。考韓哏用事于齊在齊伐宋以前，可知薛公于齊滅宋前確已為魏相。《秦策四》第四章、《韓非子·難三》及《說苑·敬慎》記秦昭王問於左右曰：“今之如耳、魏齊，孰與孟嘗、芒卯之賢？”可知孟嘗與芒卯（一作孟卯）乃先於如耳、魏齊一輩之魏國相將。芒卯于魏昭王初年已用事于魏，蓋與孟嘗同事。《魏策二》第七章：五國伐秦，無功而還，其後齊欲伐宋，而秦禁之。齊令宋郭之秦，請合而以伐宋，秦王許之。魏王畏齊、秦之合也，欲講于秦。謂魏王曰：“（當是蘇秦謂魏王曰）……而臣以致燕甲而起齊兵矣，臣又遍事三晉之吏：奉陽君、孟嘗君、韓哏、周取、韓餘為（即韓徐為，“韓”上原衍“周”字）。”可知齊伐宋前，孟嘗已為三晉之吏，于三晉之吏中，其重要性僅次於奉陽君。《趙策四》第二章：齊欲攻宋，秦令起賈禁之。齊乃捄趙以伐宋，秦王怒，屬怨于趙。李兌約五國以伐秦，無功，留天下之兵于成皋，而陰構于秦，又欲與秦攻魏，以解其怨而取封焉。魏王不說，之齊謂齊王曰（當是蘇秦之齊謂齊王曰）：臣為足下謂魏王曰：“……今王又挾故薛公以為相，善韓徐（當作韓徐為）以為上交。”可知齊滅宋以前，孟嘗君已為魏昭王之相。《秦策三》：薛公為魏謂魏冉曰：“……君不如勸秦王令弊邑卒攻齊之事，齊破，文請以所得封君。”《孟嘗君列傳》作孟嘗君遺秦相穰侯魏冉書，亦雲：“子不如勸秦王伐齊，齊破，吾請以所得封子。”可知孟嘗君確主謀合縱共伐破齊之事。《東周策》第二十一章謂周取曰：“薛公故主（“故主”上當脫“背”字），輕忘其薛，不顧其先君之丘墓。”又曰：“公不如謂魏王、薛公曰：‘請為王入齊，天下不能傷齊而有變，臣請為救之；無變，王遂伐之。’”據此亦可見孟嘗君為魏相而參與合縱破齊之事。《戰國縱橫家書》第十四章記蘇秦自梁遺書齊王曰：“王尚（嘗）與臣言，甘薛公以就事，臣甚善之，今爽也，強得也，皆言王之不信薛公，薛公甚懼，此不便於事，非薛公之信，莫能合三晉以功（攻）秦，願王之甘之□也。臣負齊燕以司（伺）薛公，薛公必不敢反王。薛公有變，臣必絕之。……是故臣以王令（命）甘薛公，驕（矯）敬（槩）三晉，勸之為一，以疾功（攻）秦，必破之。……臣欲王以平陵予薛公。”據此可知，蘇秦發動五國合縱攻秦，以為薛公在三晉頗有威信，必須依賴薛公合三晉以攻秦，因而必欲爭取薛公，欲齊王以宋之平陵許願作為薛公封邑。同上書第七章，蘇秦自梁獻書燕王曰：“薛公未得所欲于晉國，欲齊之先變以謀晉國也（晉國指魏國）。……薛公、徐為（即韓徐為）有辭，言勸晉國變矣。齊先鬻勺（趙）以取秦，後賣秦以取勺（趙）而功（攻）宋，今有（又）鬻天下以取秦，如是薛公、徐為不能以天下為其欲，則天下故(固)不能謀齊矣。願王之使勺(趙)弘急守徐為，令田賢急[守]薛公，非是毋有使于薛公、徐之所(徐即徐為)，它人將非之以敗臣。”據此可見，是時薛公與趙將韓徐為正合謀攻齊，燕王使者趙弘與田賢正在趙、魏，與薛公、韓徐為合謀攻齊。在當時秦、齊兩強對峙的形勢下，合縱連橫爭奪宋國及其繁榮商業城市陶邑(定陶)之鬥爭中，三晉之向背是其關鍵，趙相奉陽君李兌主張合五國攻秦，而魏相孟嘗君、趙將韓徐為主合縱攻齊，結果五國攻秦無功而退。五國攻齊取得勝利，燕將樂毅遭逢時會，得以成破齊之大功。後世策士震于樂毅之聲威，乃以是役全由樂毅主其謀，為燕昭復仇，結趙而約四國攻之，大敗齊人，輕卒銳兵長驅至國。不知其不符史實也。樂毅《報燕惠王書》即出於策士擬作，梁玉繩深信為燕昭復仇之說，反而以孟嘗相魏主伐齊之說為虛妄，蓋未深考耳。
前291,291,周赧王二十四年（西元前二九一年）,10,史料,韓、魏,,立、殺,薛公之相魏昭侯也(當作魏昭王)，左右有欒子者曰陽胡、潘其，于王甚重，而不為薛公，薛公患之。於是乃召與之博，予之人百金，令之昆弟博，俄又益之，人二百金。方博有間，謁者言客張季之子在門，公怫然怒，撫兵而授謁者，曰：“殺之，吾聞季子不為文也。”立有間，時季羽在側曰：“不然。竊聞季為公甚，顧其人陰未聞耳。”乃輟不殺，客而大禮之曰：“曩者聞季之不為文也，故欲殺之，今誠為文也，豈忘季哉！”告廩獻千石之粟，告府獻五百金，告騶私廄獻良馬、固車二乘，因令奄將宮人之美妾二十人並遺季也。欒子因相謂曰：“為公者必利，不為公者必害，吾曹何愛不為公？”因私競勸而遂為之。（《韓非子·外儲說右上》）
前291,291,周赧王二十四年（西元前二九一年）,11,史料,韓、魏,,,魏昭王欲與官事，謂孟嘗君曰：“寡人欲與官事。”君曰：“王欲與官事，則何不試習讀法？”昭王讀法十余簡而睡臥矣。王曰：“寡人不能讀此法。”(《韓非子·外儲說左下》)
前291,291,周赧王二十四年（西元前二九一年）,12,史料,秦、齊、韓、魏,,立、取,薛公入魏而出齊女。韓春謂秦王曰：“何不取為妻，以齊、秦劫魏？則上党秦之有也。齊、秦合而立負蓺，負蓺立，其母在秦，則魏，秦之縣也已。呡欲齊、秦劫魏而困薛公，佐欲定其弟，臣請為王因呡與佐也，魏懼而複之，負蓺必以魏歿世事秦，齊女入魏而怨薛公，終以齊奉事王矣。”(《秦策四》第二章)
前291,291,周赧王二十四年（西元前二九一年）,13,考案,秦、齊、韓、魏、周、宋,,攻、滅、取,案：高誘注：“秦王，昭王也。勸使取魏所出齊女以為妻，而與齊並勢攻魏。攻魏則並得上黨也。負笏即魏公子，其母即魏所出之齊女也。欲令秦王取之，故曰：其母在秦，故雲魏，秦之縣也。呡，魏之臣也。劫，脅也。薛公在魏，故欲困苦之也。佐，負笏兄也，故欲定其弟。呡欲困薛，故言請為王因呡與佐也。”蓋是時薛公入魏為相，薛公怨齊而出齊女。韓呡即韓瑉，或作韓聶、韓蜀，正為齊相，欲以齊、秦劫魏而困薛公。韓瑉為齊相在次年，今定薛公為魏相在此年。呂祖謙《大事記》定魏以田文為相在周赧王二十九年，當齊滅宋前，蓋未注意及此。
前290,290,周赧王二十五年（西元前二九0年）,1,史料,秦、齊、楚、燕、韓、趙、魏,秦昭王、齊湣王、燕昭王,,秦昭王十七年，魏昭王六年，韓釐王六年，趙惠文王九年，齊湣王十一年，楚頃襄王九年，燕昭王二十二年。
前290,290,周赧王二十五年（西元前二九0年）,2,史料,秦、周,,攻,[秦昭襄王]十七年城陽君入朝，及東周君來朝。秦以垣為蒲阪、皮氏（當作“秦攻垣及蒲阪、皮氏”）。王之宜陽。（《秦本紀》）
前290,290,周赧王二十五年（西元前二九0年）,3,史料,秦,秦昭王,攻,[秦昭王]十七年攻垣、枳。（秦簡《編年記》）
前290,290,周赧王二十五年（西元前二九0年）,4,考案,秦,,攻、取,案：《秦本紀·索隱》雲：“為當為易，蓋字訛也。”此為臆說。據《秦本紀》，前二年“秦攻垣，複予之”，秦簡《編年記》又言十八年攻蒲反。可知此說不確。“秦以垣為蒲阪、皮氏”，當為“秦攻垣及蒲阪、皮氏”之誤，《編年記》可證。枳即軹，《秦本紀》載“左更錯取軹”在上年。
前290,290,周赧王二十五年（西元前二九0年）,5,史料,秦、韓、魏,,伐,成陽君欲以韓、魏聽秦，魏王弗利。白圭謂魏王曰：“王不如陰侯人說成陽君曰（姚注：“侯一作使”，鮑本作“使”，金正煒疑“侯”上脫“使”字)：“君入秦，秦必留君，而以多割于韓矣。韓不聽，秦必留君而伐韓矣。故君不如安行求質于秦。成陽君必不入秦，秦、韓不敢合，則王重矣。”(《魏策四》第十五章)
前290,290,周赧王二十五年（西元前二九0年）,6,考案,秦、齊、韓、魏、周,,攻、奔,案：鮑注：“成陽君，秦昭十七年入朝者，於此知為韓人不疑。”成陽君即城陽君，是年與東周君入朝于秦。成陽君為韓之親秦者。是時秦正大舉攻韓，成陽君入朝于秦而不能回韓。《秦策三》第七章記“五國罷成皋，秦王欲為成陽君求相韓、魏，韓、魏弗聽，秦太后謂魏冉曰：成陽君以王之故，窮而居於齊”，可知成陽君因此即投奔齊國。
前290,290,周赧王二十五年（西元前二九0年）,7,史料,秦、齊、楚、韓、周,,,韓瑉相齊，令吏逐公疇豎，大怒于周之留成陽君也(“大”鮑本改為“又”)。謂韓瑉曰：“公以二人者為賢人也，所入之國，因用之乎？則不如其處小國。何也？成陽君為秦去韓，公疇豎，楚王善之。今公因逐之。二人者必入秦、楚，必為公患。且明公之不善天下。天下不善公者，與欲有求于齊者，且收之，以臨齊而市公。”(《韓策三》第十三章)
前290,290,周赧王二十五年（西元前二九0年）,8,考案,秦、齊、韓、趙、魏、周、代,,,案：鮑注：“君（指成陽君）本在齊，為秦善之，瑉欲使之入秦，過周，周留之，故怒。”成陽君主張以韓、魏聽秦者，韓瑉主張齊、秦相合者，皆為當時秦所重用之人。故周留成陽君，韓瑉大怒之。《趙策四》第四章記蘇代曰：“天下爭秦，秦王內韓瑉于齊，內成陽君于韓。”可見兩人同為秦所重用。顧觀光定此事于周赧王二十五年，雲“因涉成陽君附此”。其說可從。韓瑉相齊當在此年。
前290,290,周赧王二十五年（西元前二九0年）,9,史料,秦、齊、燕、宋,,,謂齊王曰：始也燕累臣以求摯（質），臣為是未欲來，亦未可為王為也。今南方之事齊者多故矣，是王有憂也，臣何可以不亟來。南方之事齊者，欲得燕與天下之師，而入之秦與宋以謀齊，臣諍（爭）之于燕王，燕王必弗聽矣。臣有（又）來則大夫之謀齊者大解（懈）矣。臣為是，雖無燕，必將來。繒（管）子之請，貴循也，非以自為也，□[桓]公聽之。臣賢王於桓[公]，臣不敢忘（妄）請。□□□□王誠重禦臣，則天下必曰：燕不應天下以師，有(又)使蘇[秦]□□□大貴(缺十九字)齊□景之□□□□之車也。王□□□□□請以百五十乘，王以諸侯禦臣。若不欲□□□請以五[十]乘來。請貴重之(缺約十字)高賢足下，故敢以聞也。(《戰國縱橫家書》第九章，所補缺文加方括號，所注假借字加圓括號)
前290,290,周赧王二十五年（西元前二九0年）,10,考案,秦、齊、燕、晉,蘇秦、齊湣王,,案：此為蘇秦為燕入使齊以前，使人謂齊王之辭。所謂“今南方之事齊者多故”，指三晉而言。蘇秦推崇齊湣王賢于齊桓公，而自比于管仲，希望能用重禮迎接，若以諸侯之禮迎接，將帶車一百五十乘，否則只以五十乘。
前290,290,周赧王二十五年（西元前二九0年）,11,史料,秦、齊、楚、燕、韓、趙、魯、越、宋,蘇秦,伐、攻,臣之以燕事王循也。夤謂臣曰：“傷齊者必勺（趙）也。秦雖強，終不敢出塞涑（溯）河，絕中國而功（攻）齊。楚、越遠，宋、魯弱，燕人承，乾（韓）、梁（梁）有秦患，傷齊者必勺（趙）。勺（趙）氏終不得已，為之若何？”臣謂夤曰：“請劫之。子以齊大重秦，秦將以燕事齊。齊、燕為一，乾（韓）、梁（梁）必從，勺（趙）悍則伐之，願摯（質）而功（攻）宋。”夤以為善。臣以車百五十乘入齊，夤逆于高閭，身禦臣以入。（《戰國縱橫家書》第八章，蘇秦謂齊王）
前290,290,周赧王二十五年（西元前二九0年）,12,考案,秦、齊、燕、韓、趙、宋,蘇秦、秦昭王、齊湣王,伐、攻,案：蜀即韓蜀，《國策》作韓瑉或韓呡，《田世家》又作韓聶。原為韓人，與秦昭王友善，主齊、秦相合而謀拓展者。據此可知，在蘇秦出使齊以前，已與韓蜀有密約，蘇秦將以燕事齊，“趙悍則伐之，願摯(質)而攻宋。”韓蜀亦以秦、燕兩國為後援而出任齊相。蘇秦又謂齊王曰：“猶蜀不知變事以功(攻)宋也，不然蜀之所與臣前約者善矣。”可知是時韓蜀因秦之故，尚不能仰合齊湣王之意，“變事以攻宋”。
前290,290,周赧王二十五年（西元前二九0年）,13,史料,秦、齊、燕、趙、宋,蘇秦,攻,以燕之事齊也為盡矣，先為王絕秦，摯（質）子，宦二萬甲自食以功（攻）宋。（《戰國縱橫家書》第十一章，蘇秦自趙獻于齊王）
前290,290,周赧王二十五年（西元前二九0年）,14,考案,秦、齊、燕、韓、趙、宋,蘇秦,伐、攻,案：此即蘇秦與韓景密約所謂“秦將以燕事齊。齊、燕為一，韓、梁必從。趙悍則伐之，願摯（質）而攻宋”。“摯”即“質子”，“宦二萬甲自食以攻宋”，即調遣二萬甲士自備糧食而助齊攻宋。蘇秦自齊獻書于燕王曰：“齊之信燕也，虛北地行其甲。”《燕策二》第五章作“齊之信燕也，至於虛北地行其兵”，即指此事。亦即《呂氏春秋·行論》雲：“齊伐宋，燕王使張魁將燕兵以從焉。”張魁，《戰國縱橫家書》第四章作張庳，“魁”“庳”聲近通用。
前290,290,周赧王二十五年（西元前二九0年）,15,史料,齊、燕、宋,,攻、殺,齊攻宋，燕王使張魁將燕兵以從焉，齊王殺之。燕王聞之，泣數行下，召有司而告之曰：“餘興事而齊殺我使，請今舉兵以攻齊也。”(“今”原誤作“令”，從畢沅校正)使受命矣。凡繇進見，爭之曰：“賢主故願為臣(“主”原誤作“王”，從許維遹據李本改正)，今王非賢主也，願辭不為臣。”昭王曰：“是何也？”對曰：“松下亂(王念孫雲：“松下下脫之字”)，先君以不安，棄群臣也。王苦痛之而事齊者，力不足也。今魁死而王攻齊，是視魁而賢於先君。”王曰：“諾。”“請王止兵。”王曰：“然則若何？”凡繇對曰：“請王縞素辟舍於郊，遣使于齊，客而謝焉。(“客”通“悆”)曰：‘此盡寡人之罪也，大王賢主也，豈盡殺諸侯之使者哉？然而燕之使者獨死，此弊邑之擇人不謹也，願得變更請罪。’”使者行至齊。齊王方大飲，左右官實、禦者甚眾，因令使者進報。使者報言燕王之甚恐懼而請罪也，畢，又複之，以矜左右官實，因乃發小使以反令燕王複舍，此濟上之所以敗，齊國以虛也。（《呂氏春秋·行論》）
前290,290,周赧王二十五年（西元前二九0年）,16,史料,秦、齊、燕,蘇秦,圍、殺,齊殺張庠，臣請屬事辭為臣于齊。王使慶謂臣，“不之齊，危國”，臣以死之圍，治齊、燕之交。……庠之死也，王辱之。（《戰國縱橫家書》第四章，蘇秦自齊獻書于燕王）
前290,290,周赧王二十五年（西元前二九0年）,17,考案,秦、齊、燕、魏,蘇秦、燕昭王,攻、圍、立、拔、殺,案：據此，可知張庠為齊王所殺，蘇秦因而請辭為臣于齊，但燕昭王必欲蘇秦立即至齊，謂不至齊將危國。蘇秦因而冒死之險至齊請罪。“臣以死之圍”，“圍”當是“國”字之誤。“國”即指齊都臨淄。“國”常用以指國都，如《魏世家》載無忌謂魏王曰：“秦七攻魏，五入國中，邊城盡拔……而國繼以圍。”“國”即指魏都大樑。所謂“治齊、燕之交”，即向齊王請罪，從而修好。《呂氏春秋·行論篇》述及燕王所遣向齊請罪之使者，即是蘇秦。
前290,290,周赧王二十五年（西元前二九0年）,18,史料,秦、齊、燕、趙、代,蘇秦,攻,王信田代、繅去[疾]之言功(攻)齊，使齊大戒而不信燕。……勺(趙)疑燕而不功(攻)齊，王使襄安君東，以便事也。（《戰國縱橫家書》第四章，蘇秦自齊獻書于燕王）
前290,290,周赧王二十五年（西元前二九0年）,19,史料,齊、燕、代,,伐、攻,今王信田伐與參去疾之言，且攻齊，使齊犬馬駟而不言燕。（《燕策二》第五章，蘇代自齊獻書于燕王。“犬馬駟”當是“大戒”之誤，“言”當是“信”之誤）
前290,290,周赧王二十五年（西元前二九0年）,20,考案,齊、燕、宋、代,,伐、攻,案：以上兩書，均敘此事于“齊之信燕也虛北地行其甲”之後，可知發生在燕出兵助齊攻宋之後。田代或作田伐，不知孰是，《戰國縱橫家書》第一章亦作田伐。參去疾或作繅去疾，“繅”疑“綾”字之誤。
前290,290,周赧王二十五年（西元前二九0年）,21,史料,秦、齊、燕、韓、趙、宋,蘇秦,攻,後薛公乾（韓）徐為與王約功（攻）齊，奉陽君鬻臣，歸罪於燕，以定其封于齊。公玉丹之勺（趙）致蒙，奉陽君受，王憂之，故強臣之齊。臣之齊，惡齊、勺（趙）之交，使毋予蒙而通宋使。（《戰國縱橫家書》第四章，蘇秦自齊獻書于燕王）
前290,290,周赧王二十五年（西元前二九0年）,22,考案,秦、齊、燕、韓、趙、魏、宋,蘇秦,攻、滅、殺,案：蘇秦自齊獻書于燕王，敘此事于齊殺燕將張廨，蘇秦因而至齊“治齊、燕之交”之後，時魏相孟嘗君與趙將韓徐為約燕王共攻齊，蘇秦當參與其事，趙相奉陽君李兌忽而改變，接受齊所致封邑而與齊聯合，故蘇秦謂“奉陽君鬻臣”。蒙為宋邑，在今河南商丘市東北。齊使公玉丹至趙，致蒙邑作為奉陽君封邑，當是約定待攻滅宋國後以蒙邑贈予奉陽君。蘇秦為此至齊，惡齊、趙之交，使齊不以蒙予奉陽君而通宋使。通宋使，即齊與宋恢復邦交，而停止攻宋。
前290,290,周赧王二十五年（西元前二九0年）,23,史料,秦、齊、燕、韓、趙、宋、代,蘇秦,伐、攻,人告奉陽君曰：使齊不信趙者，蘇子也。令齊王召蜀子使不伐宋者，蘇子也。（《燕策二》第二章記蘇代謂昭王，述及韓徐為之言，“令”原誤作“今”，從金正煒改正）案：據此，可知由於蘇秦“惡齊、趙之交”，“使齊不信趙”。又由於蘇秦遊說，使齊王召回蜀子使不伐宋。蜀子即觸子，乃齊之主將。其後，當五國之兵攻齊時，在濟上應戰而敗走者，即是觸子，見於《呂氏春秋·權勳篇》與《貴直篇》。《齊策六》第一章誤作“向子”，“向”即“蜀”字之缺損。
前290,290,周赧王二十五年（西元前二九0年）,24,史料,秦、齊、楚、趙、宋,蘇秦,攻,宋以淮北與齊講。王功（攻）之，彀（擊）勺（趙）信，齊不以為怨，反為王誅勺（趙）信，以亓（其）無禮于王之邊吏也。（《戰國縱橫家書》第十四章，蘇秦謂齊王，述及蘇秦使蘇厲告楚王）
前290,290,周赧王二十五年（西元前二九0年）,25,考案,秦、齊、楚、趙、宋,蘇秦,攻、取,案：據此可知，時宋以淮北與齊講和。《戰國縱橫家書》第八章蘇秦謂齊王曰：“薛公……欲以殘宋，取淮北，宋不殘，淮北不得……王棄薛公……攻宋，宋殘。”所謂“宋殘”，即指宋割淮北地。趙信當為齊將，因接收淮北地于楚之邊界，無禮于楚之邊吏，招致楚之進擊，齊因而誅趙信以求和解。
前290,290,周赧王二十五年（西元前二九0年）,26,史料,齊、韓、趙、魯,,攻,[趙惠文王]九年趙梁將，與齊合軍攻韓，至魯關下，反。（《趙世家》，“反”原作“及”，屬下文，今從梁玉繩改正）
前290,290,周赧王二十五年（西元前二九0年）,27,史料,秦、韓,,,[韓釐王]六年與秦武遂地二百里。（《韓世家》，《六國表》作“與武遂地方二百里”）
前290,290,周赧王二十五年（西元前二九0年）,28,史料,秦、魏,,,[魏昭王]六年予秦河東地方四百里。芒卯以詐重。（《魏世家》，《六國表》同）
前290,290,周赧王二十五年（西元前二九0年）,29,史料,秦、齊、魏,,,魏令孟卯割絳、竊、安邑之地以與秦王，王喜，令起賈為孟卯求司徒于魏王，魏王不說，應起賈曰：“卯，寡人之臣也，寡人甯以臧為司徒，無用卯。願大王之更以他人詔之也。”起賈出，遇孟卯於廷曰：“卯之事何如？”起賈曰：“公甚賤於公之主，曰甯用臧為司徒，無用卯。”孟卯入見，謂魏王曰：“秦客何言？”王曰：“求以女為司徒。”孟卯曰：“王應之謂何？”王曰：“甯以臧，無用卯也。”孟卯太息曰：“宜矣！王之制于秦也，王何疑秦之善臣也，以絳、竊、安邑令負牛書與秦，猶乃善牛也。卯雖不肖，獨不如牛乎？且王令三將軍為臣，先曰視卯如身（楊樹達雲：“先假為詵”，致言也），是臣重也。令二輕臣也（陳昌齊曰：“令當作今”，俞樾曰：“令二當作今王”），令臣責，卯雖賢，固能乎？”居三日，魏王乃聽起賈。（《呂氏春秋·應言》，“卯”原誤作“卬”，今從畢沅改正）
前290,290,周赧王二十五年（西元前二九0年）,30,史料,秦、齊、魏,,,芒卯謂秦王曰：“王之士未有為之中者也。臣聞明主不胥中而行（“胥”原作“冒”，鮑本改作“背”，金正煒雲：“六朝人書胥多作冒，胥，待也。”），王之所欲于魏者，長羊、王屋、洛林之地也，王能使臣為魏之司徒，則臣能使魏獻之。”秦王曰：“善。”因任之以為魏之司徒。謂魏王曰：“王所患者上地也，秦之所欲于魏者，長羊、王屋、洛林之地也，王獻之秦，則上地無憂患，因請以下兵東擊齊，攘地必遠矣。”魏王曰：“善。”因獻之秦，地入數月，而秦兵不下。魏王謂芒卯曰：“地已入數月，而秦兵不下何也？”芒卯曰：“臣有死罪。雖然，臣死則契折于秦，王無以責秦。王因赦其罪，臣為王責約于秦。”乃之秦，謂秦王曰：“魏之所以獻長羊、王屋、洛林之地者，有意欲以下大王之兵東擊齊也。今地已入，而秦兵不可下，臣則死人也，雖然後山東之士，無以利事王者矣。”秦王攫然曰：“國有事，未澹下兵也，今以兵從。”後十日，秦兵下，芒卯並將秦、魏之兵以東擊齊，啟地二十二縣。（《魏策三》第二章）
前290,290,周赧王二十五年（西元前二九0年）,31,考案,秦、魏,秦昭王,攻、取,案：孟卯即芒卯，以上兩則為一事兩傳。《魏世家》言予秦河東地方四百里，不詳記城邑之名。《呂氏春秋》言“魏令孟卯割絳、窈、安邑之地”。畢沅雲：“窈疑即汾之異文，字書不載。”又引梁仲子曰：“安邑，魏都也，奈何割其國都以與人，此殊不可信。”王念孫曰：“梁說非，此時魏已都大樑矣。”今考秦簡《編年記》雲：昭王“二十年攻安邑”，《秦本紀》、《六國表》皆言昭王二十一年“魏獻安邑”。則是年魏予秦河東地，安邑確不在內。《魏策三》謂所獻乃長羊、王屋、洛林之地，王屋為山名，在桓東北，即今山西垣曲縣東北，長羊、洛林當為王屋附近之地。蓋秦于前年已攻取魏，在今山西芮城縣北，上年又攻垣，是年魏被迫進獻附近一帶山地與秦。至於割獻絳、安邑之地，則在其後，乃秦昭王二十一年之事。
前290,290,周赧王二十五年（西元前二九0年）,32,史料,秦、齊、韓、魏,,攻,秦、韓攻魏，昭卯西說而秦、韓罷，齊、荊攻魏，卯東說而齊、荊罷，魏襄王（當作魏昭王）養之以五乘將軍。卯曰：“伯夷以將軍葬于首陽山之下，而天下曰：‘夫以伯夷之賢與其稱仁，而以將軍葬，是手足不掩也。’今臣罷四國之兵，而王乃與臣五乘，此其稱功，猶嬴勝而履躋。”（《韓非子·外儲說左下》）
前290,290,周赧王二十五年（西元前二九0年）,33,史料,魏,,,孟卯妻其嫂而有五子焉，然而相魏，甯其危而解其患。（《淮南子·氾論訓》）
前290,290,周赧王二十五年（西元前二九0年）,34,考案,秦、韓、魏,秦昭王,盟,案：芒卯，《呂氏春秋·應言》、《韓非子·說林上》和《顯學》、《淮南子·汜論訓》皆作孟卯，《韓非子·外儲說左下》又作昭卯。俞樾雲：“昭當作明，明卯即孟卯也，又作芒卯，明、孟、芒，古音俱同，孟卯之為明卯，猶孟津之為盟津，芒卯之為明卯，猶民甿之為民萌。”《韓非子·顯學》雲：“是以魏任孟卯之辯，而有華下之患。”所謂“孟卯之辯”，即《魏世家》所說“芒卯以詐重”。所謂“華下之患”，指秦昭王三十四年秦大破芒卯于華陽下，斬首十五萬。
前290,290,周赧王二十五年（西元前二九0年）,35,考案,魏,,救,又案：《列女傳》卷一有《魏芒慈母》，謂乃孟陽氏之女，芒卯之後妻，有三子，而前妻之子五人皆不愛慈母，慈母遇之甚異猶不愛。及前妻中子犯法當死，慈母憂戚悲哀，欲救其罪。魏安釐王高其義而赦之，自此五子親附慈母。與《淮南子》所載不同。蓋傳聞異詞。
前290,290,周赧王二十五年（西元前二九0年）,36,史料,秦、趙、魏,,伐、攻,秦、趙約而伐魏，魏王患之。芒卯曰：“王勿憂也！臣請發張倚使謂趙王曰：夫鄴，寡人固刑弗有也（“刑”通“形”）。今大王收秦而攻魏，寡人請以鄴事大王。”趙王喜，召相國而命之曰：“魏王請以鄴事寡人，使寡人絕秦。”相國曰：“收秦攻魏，利不過鄴，今不用兵而得鄴，請許魏。”張倚因謂趙王曰：“敝邑之吏效城者，已在鄴矣，大王且何以報魏。”趙王因令閉關絕秦，秦、趙大惡。芒卯應趙使曰：“敝邑所以事大王者，為完鄴也。今效鄴者，使者之罪也，卯不知也。”趙王恐魏承秦之怒，遽割五城以合于魏而支秦。（《魏策三》第一章）
前290,290,周赧王二十五年（西元前二九0年）,37,考案,秦、趙、魏,,,案：鮑注：“此魏昭六年書卯以詐重者，此也。”此亦“芒卯以詐重”之一種傳說，《魏策一》謂芒卯遣使以鄴城獻趙，欲趙絕秦。待趙既絕秦，芒卯不獻，趙因而割五城以合于魏而支秦，如同兒戲，殊不可信。
前290,290,周赧王二十五年（西元前二九0年）,38,史料,秦、韓,,伐、攻,先時五諸侯共伐秦，韓反與諸侯先為雁行，以向秦軍于關下矣。諸侯兵困力極，無奈何，諸侯兵罷。杜倉相秦，起兵發將以報天下之怨而先攻荊，荊令尹患之，曰：“夫韓以秦為不義，而與秦兄弟共苦天下，已又背秦，先為雁行以攻關。韓則居中國，輾轉不可知。”天下共割韓上地十城以謝秦，解其兵。（《韓非子·存韓》載李斯上韓王書）
前290,290,周赧王二十五年（西元前二九0年）,39,考案,秦、齊、楚、韓、趙、魏、宋,秦昭王,伐、攻、合縱、取、拔,案：馬非百《杜倉相秦考》(《歷史研究》一九七八年第十二期)及《秦集史·杜倉傳》，以為“五諸侯共伐秦”，指秦昭王九年齊、韓、魏共擊秦。“攻荊”指秦昭王二十八九年間秦南攻鄢、郢，杜倉相秦在昭王二十六年至三十二年間，此時魏冉免相。所謂“天下共割韓上地十城以謝秦”，指昭王四十五年秦攻取韓野王等十城。此說不合李斯上韓王書之原意。“五諸侯共伐秦”確指秦昭王九年至十一年間合縱攻秦事，先是齊、韓、魏三國攻秦，繼而趙、宋參與，是役嘗攻至函谷關。即此所謂“向秦軍于關下矣”，是役韓為中軍，確亦“先為雁行”。惟秦攻鄢郢，已相距十七年，秦取韓野王等十城，更相距三十四年，豈得謂“以報天下之怨”？且秦取韓野王等十城，出於範雎之獻策，用以斷韓上黨之通道者，成為此後秦攻韓上黨而引發長平大戰之主因，豈得謂“天下共割韓上地十城以謝秦，解其兵”？餘意此謂“報天下之怨而先攻荊”，當指昭王十六年攻宛，見於秦簡《編年記》。《秦本紀》誤上一年，《韓世家》記在韓釐王五年，即秦昭王十六年，但又誤以為攻韓，此謂“天下共割韓上地十城以謝秦”，當指秦昭王十七年韓獻秦武遂地方二百里，即指自武遂北上至韓舊都平陽之間二百里地，其間當有十城。杜倉相秦當在秦昭王十六至十八年間。《穰侯列傳》稱：昭王十五年“魏冉謝病免相，以客卿壽燭為相，其明年燭免，複相冉，乃封魏冉於穰”。“穰侯封四歲，為秦將攻魏，魏獻河東方四百里。拔魏之河內，取城大小六十餘。十九年魏冉複相秦，六歲而免。”可知“十九年魏冉複相秦”以前，魏冉嘗為秦將攻魏，魏獻河東方四百里。“魏獻河東方四百里”事在昭王十七年，見於《六國表》及《魏世家》。《秦本紀》又稱：昭王十六年“冉免”。蓋十六年壽燭免相，冉複相，為時甚暫。《穰侯列傳》稱十六年“取楚之宛、葉，魏冉謝病免相”。則魏冉一再謝病免相，當因秦攻楚之故。而杜倉之所以相秦，正因其主張報天下之怨而先攻楚。
前289,289,周赧王二十六年（西元前二八九年）,1,史料,秦、齊、楚、燕、韓、趙、魏,秦昭王、齊湣王、燕昭王,,秦昭王十八年，魏昭王七年，韓釐王七年，趙惠文王十年，齊湣王十二年，楚頃襄王十年，燕昭王二十三年。
前289,289,周赧王二十六年（西元前二八九年）,2,史料,秦,,攻、取,[秦昭襄王]十八年錯攻垣、河雍，決橋取之。（《秦本紀》）
前289,289,周赧王二十六年（西元前二八九年）,3,史料,秦、魏,秦昭王,取,秦昭王十八年客卿錯擊魏，至軹，取城大小六十一。（《六國表》)
前289,289,周赧王二十六年（西元前二八九年）,4,史料,秦、魏,,取、拔,[魏昭王]七年秦拔我城大小六十一。（《魏世家》，《六國表》作“秦擊我，取城大小六十一”）
前289,289,周赧王二十六年（西元前二八九年）,5,史料,秦、魏,,攻、取、拔,穰侯封四歲，為秦將攻魏，魏獻河東方四百里。拔魏之河內，取城大小六十餘。（《穰侯列傳》）
前289,289,周赧王二十六年（西元前二八九年）,6,史料,秦,秦昭王,攻,[秦昭王]十八年攻蒲反。（秦簡《編年記》）
前289,289,周赧王二十六年（西元前二八九年）,7,考案,秦、魏、周,白起,攻、取、拔、會,案：是時秦分兵兩路攻魏。《秦本紀》謂昭王十五年白起攻魏，取垣，複予之。《白起列傳》稱昭王十五年攻魏拔之，十六年起與客卿錯攻垣城拔之。《秦本紀》又稱昭王十六年左更錯取軹及鄧，十八年“錯攻垣、河雍，決橋取之”。蓋白起主攻河東，而司馬錯主攻河內，垣則兩路軍會合攻拔之。河雍原名河陽，在孟津對岸，為黃河中游主要渡口，時架設有浮橋。當司馬錯進攻時，沖決河橋而取得河雍，故雲：“決橋取之。”已說明在周慎靚王六年案語中。
前289,289,周赧王二十六年（西元前二八九年）,8,考案,魏,白起,攻、取、拔,又案：《六國表》謂昭王十八年“客卿錯擊魏，至軹，取城大小六十一。”《穰侯列傳》又謂“拔魏之河內，取城大小六十餘”。軹即在河內，可知“取城大小六十一”即在河內，為司馬錯所攻取。《白起列傳》謂白起于昭王十五年攻魏拔之，取城小大六十一，當有錯誤。
前289,289,周赧王二十六年（西元前二八九年）,9,考案,秦、韓、魏,白起,攻、取,又案：《編年記》言是年攻蒲反，當由白起主攻。《秦本紀》言是年錯攻垣，《正義》雲：“蓋蒲阪、皮氏又歸魏，魏複以為垣，今重攻取之也。”其說非是。今本《秦本紀》言十七年“秦以垣為蒲阪、皮氏”，乃“秦攻垣及蒲阪、皮氏”之誤，《正義》乃據誤字以為說。韓連琪《睡虎地秦簡編年記考證》從《正義》之說，以為“蒲反與垣實為一地，蓋其時蒲反當又歸於魏，故昭王十八年複有秦攻蒲反(垣)事”。其說不確。
前289,289,周赧王二十六年（西元前二八九年）,10,史料,秦、齊、燕、韓、趙、周、宋,蘇秦,攻、取,使盛慶獻書于[燕王曰]：“□□□□雖未功(攻)齊，事必美者。以齊之任臣，以不功(攻)宋，欲從韓、梁(梁)取秦，以謹勺(趙)。勺(趙)以(已)用薛公徐為之謀謹齊，故齊[趙]相倍(背)也，今齊王使宋竅謂臣曰：‘奉陽君使周納告寡人曰：燕王請毋任蘇秦以事’，信□□奉陽君使周納言之曰：‘欲謀齊’，寡人弗信也。周納言：‘燕勺(趙)循善矣，皆不任子以事。奉陽[君]□□□丹若得也，曰笱(苟)毋任子講，請以齊為上交。天下有謀齊者請功(攻)之。’蘇修在齊，使□□□□□□□□予齊、勺(趙)矣。今[齊]王使宋竅詔臣曰：‘魚(吾)□與子□有謀也。’臣之所□□□□□□□□不功(攻)齊，全於介(界)。所見於薛公徐為，其功(攻)齊益疾。王必勺(趙)之功(攻)齊，若以天下□□□□□□焉。外齊於禾(和)，必不合齊、秦以謀燕，則臣請為免于齊而歸矣。為趙擇□□□□□□□必趙之不合齊、秦以謀燕也，齊王雖歸臣，臣將不歸。諸可以惡齊、勺(趙)[者]，將□□之。以惡可[也]，以蓐(辱)可也，以與勺(趙)為大仇可也。今王曰：‘必善勺(趙)，利於國。’臣與不知其故。奉陽君之所欲，循[善]齊、秦以定其封，此其上計也。次循善齊以安其國。齊、勺(趙)循善，燕之大過(禍)。[將]養勺(趙)而美之齊乎，害于燕，惡之齊乎，奉陽君怨臣，臣將何處焉？臣以齊善勺(趙)，必容焉，以為不利國故也。勺(趙)非可與功(攻)齊也，無所用。勺(趙)毋惡于齊為上。齊、勺(趙)不惡，國不可得而安，功不可得而成也。齊、趙之惡從已，願王之定慮而羽[翼]鑽(贊)臣也。勺(趙)止臣而它(他)人取齊，必害于燕。臣止于勺(趙)而侍(待)其魚肉，臣□不利於身。”(《戰國縱橫家書》第三章，注明假借字用圓括號，所補缺字用方括號)
前289,289,周赧王二十六年（西元前二八九年）,11,考案,秦、齊、燕、韓、趙、宋,蘇秦、燕昭王,伐、攻、取,案：蘇秦入趙被扣留，使盛慶獻書于燕昭王，自稱“以齊之任臣，以不攻宋”，欲從韓、梁取秦以防趙，可知當在齊第一次攻宋結束之後。是時趙正用薛公、韓徐為之謀以防齊，齊、趙相背，蘇秦以為“雖未攻齊”，對於燕國是美事。但趙奉陽君欲循善齊、秦謀求取得封邑，若齊、趙循善，則為燕之大禍。蘇秦之策略在於惡齊趙之交，蓋齊、趙不惡，燕國不可得安，功不可得而成也。所謂“功”，即蘇秦與燕昭王約定，主謀伐破齊國之“大事”。
前289,289,周赧王二十六年（西元前二八九年）,12,史料,秦、齊、燕、韓、趙、宋,蘇秦,救,使韓山獻書燕王曰：“臣使慶報之後，徐為之與臣言甚惡（徐為即趙將韓徐為）。死亦大物已。不快於心而死，臣甚難之。故臣使辛謁大之（“大”疑“去”字之誤）。王使慶謂臣：不利於國，且我憂之。臣為此無敢去之。王之賜使使孫與弘來，甚善已。言臣之後，奉陽君徐為之視臣益善，有遣臣之語矣。今齊王使李終之勺（趙），怒于勺（趙）之止臣也，且告奉陽君，相橋于宋，與宋通關。奉陽君甚怒于齊，使勺（趙）足問之臣，臣對以弗知也。臣之所患，齊、勺（趙）之惡日益，奉陽君盡以為臣罪，恐久而後不可□救也。齊王之言臣，反不如已。願王之使人反復言臣，必毋使臣久于勺（趙）也。”（《戰國縱橫家書》第二章，蘇秦使韓山獻書燕王）
前289,289,周赧王二十六年（西元前二八九年）,13,考案,秦、齊、燕、韓、趙、宋、代,蘇秦、燕昭王,伐,案：此為蘇秦被趙扣留時，使韓山獻于燕昭王之書，時在使盛慶獻書之後。所謂“徐為之與臣言甚惡”，見於《燕策二》第二章蘇代謂昭王之遊說辭中，述及“韓為謂臣曰：人告奉陽君曰”云云，謂“其言惡矣”。韓為當即韓徐為。韓徐為所述“人告奉陽君”之言辭中，雲“令齊王召蜀子使不伐宋，蘇子也”，亦可見時在齊第一次伐宋結束之後。此書又述及齊王使李終至趙，“且告奉陽君，相橋于宋，與宋通關”。蓋宋割淮北地與齊講和之後，齊已派遣橋（人名）為宋相，並已開放邊境關塞，互通來往，亦即《戰國縱橫家書》第四章蘇秦獻書于燕王所謂“通宋使”。
前289,289,周赧王二十六年（西元前二八九年）,14,史料,秦、齊、燕、韓、趙、吳、宋,蘇秦、智伯、齊湣王,伐、攻、取,[蘇秦]謂昭王曰：“韓為謂臣曰（韓為即趙將韓徐為）：‘人告奉陽君曰：使齊不信趙者，蘇子也。令齊王召蜀子使不伐宋者（“令”原作“今”，從金正煒改正。蜀子即觸子），蘇子也。與齊王謀，道取秦以謀趙者，蘇子也。令齊守趙之質子以甲者，又蘇子也。請告子以請（下“請”字讀作“情”，即事實），齊果以守趙之質子以甲，吾必守子以甲。’其言惡矣。雖然，王勿患也。臣故知入齊之有趙累也。出為之以成其欲，臣死而齊大惡于趙，臣猶生也。今齊、趙絕（“今”原作“令”，從鮑本改），可大紛已。持臣非張孟談也（“持”讀作“特”，但也），使臣也如張孟談也，齊、趙必有為智伯者矣。奉陽君告朱謹與趙足曰：‘齊王使公玉丹命說曰（玉丹原作“王曰”，從吳師道改正，“說”讀作“兌”，即奉陽君之名）：必不反韓瑉，今召之矣。必不任蘇子以事，今封而相之。必不合燕（必原作令，從金正煒改正），今以燕為上交，吾所恃者順也，今其言變，有甚于其父（于鬯以為順即順子，為齊公子，其父即齊湣王）。順始與蘇子為仇，見之如無厲（“如”原作“知”，從鮑本改。“厲”讀作“賴”，《史記·張釋之馮唐列傳·集解》引張晏“無賴，才無可恃”），今賢之兩之（鮑彪曰：“兩謂封與相”，甚是。《戰國縱橫家書》第四章所謂“王為臣有之兩”，“兩”亦謂“卿與封”），已矣，吾無齊矣。'奉陽君之怒甚矣。如齊王之不信趙（“王”下原衍“王”字，從鮑本刪），而小人奉陽君也，因是而倍之（“倍”讀作“背”）。不以今時大紛之，解而複合，則後不可奈何也。故齊、趙之合（“合”當作“分”，“分”通“紛”），苟可循也，死不足以為臣患，逃不足以為臣恥，為諸侯不足以為臣榮，被發自漆為厲不足以為臣辱。然而臣有患也：臣死而齊、趙不循惡交分於臣也，而後相效，是臣之患也。若臣死而必相攻也，臣必勉之而求死焉。堯、舜之賢而死，禹、湯之知而死，孟賁之勇而死，烏獲之力而死。生之物固有不死者乎？在必然之物，以成所欲，王何疑焉。”(《燕策二》第二章)
前289,289,周赧王二十六年（西元前二八九年）,15,考案,秦、齊、燕、韓、趙、代,蘇秦、燕昭王,伐、攻、卒,案：此章亦為蘇秦被趙扣留時，使人獻于燕昭王之書信。章首有一段雲：“蘇代為奉陽君說燕于趙以伐齊，奉陽君不聽，乃入齊惡趙，令齊絕于趙，齊已絕于趙，因之燕。”系後人妄加。後又有一大段講“臣以為不若逃而去之……故舉大事，逃不足以為辱焉”，並結語雲：“卒絕齊于趙，趙合于燕以攻齊，敗之。”亦皆出於後人妄加，與書信之內容不合。此信內容，具體說明在趙被拘留而“守之以甲”之原因，因為有人向奉陽君檢舉，蘇秦有一系列行動破壞齊、趙之間關係，致使齊、趙大惡。因此趙將韓徐為與之言甚惡，奉陽君亦甚怒。蘇秦此書著重于表明對燕昭王之忠誠，以為若能使齊、趙“大紛”而“必相攻”，雖死不足為患。此當為蘇秦被趙拘留之後第一封信。
前289,289,周赧王二十六年（西元前二八九年）,16,史料,秦、齊、燕、韓、趙、宋,蘇秦,伐,自趙獻書燕王曰：始臣甚惡事，恐趙足（缺二十四字）臣之所惡也，故冒趙而欲說丹與得，事非□□□□□臣也。今奉陽[君]之使與□□□□□□□□□□封秦也，任秦也，比燕于趙。令秦與莧（兌）□□□□□□宋不可信，若□□□□□我其從徐□□□□□□制事，齊必不信趙矣。王毋憂事，務自樂也。臣聞王之不安，臣甚願□□□□□之中重齊如□□□齊，秦毋惡燕，梁（梁）以自持（恃）也。今與臣約，五和，入秦使，使齊、韓、梁（梁）、[燕]□□□□□□□約禦（卻）軍之日，無伐齊、外齊焉。事之上，齊、趙大惡；中，五和，不外燕；下，趙循合齊、秦以謀燕。今臣欲以齊大[惡]而去趙，胃（謂）齊王，趙之禾（和）也，陰外齊、謀齊，齊、趙必大惡矣。奉陽君、徐為不信臣，甚不欲臣之之齊也，有（又）不欲臣之之韓、梁（梁）也，燕事小大之諍（爭），必且美矣。臣甚患趙之不出臣也。知（智）能免國，未能免身。願王之為臣故此也。使田伐若使使孫疾召臣，自辭於臣也。為予趙甲因在梁（梁）者。（《戰國縱橫家書》第一章，蘇秦自趙獻書燕王）
前289,289,周赧王二十六年（西元前二八九年）,17,考案,秦、齊、燕、韓、趙、魏、周,蘇秦、燕昭王,伐、攻、合縱、連橫、取,案：《戰國縱橫家書》第四章蘇秦自齊獻書于燕王曰：“臣止于勺（趙）”，王謂“乾（韓）徐為：止某不道，逎（猶）免人之冠也，以振人之死。臣之德王，深於骨髓”。當是燕昭王遣使謂韓徐為，促使釋于蘇秦。此書雲：“使田伐若使使孫疾召臣，自辭於臣也。”即是請昭王遣使前來促使釋放之。此書雲：“事之上，齊、趙大惡；中，五和，不外燕；下，趙循合齊、秦以謀燕。”此即蘇秦為燕謀求“進取”之策略，使“齊、趙大惡”而乘機共伐破齊國，此為上策。“五和”而“不外燕”，指齊、趙、韓、梁、燕五國聯合而攻秦，此為中策。若成為“趙循合齊、秦以謀燕”之形勢，將成為“燕之大禍”，此乃下策。此後蘇秦合縱連橫之活動，無非避免“下策”，推行“中策”而達到“上策”。周取入齊，秦王怒，令姚賈讓魏王。魏王為之謂秦王曰：“魏之所以為王通天下者，以周取也。今周取遁寡人入齊，齊無通於天下矣，敝邑之事王，亦無齊累矣，大國欲急兵，則趣趙而已。”（《魏策四》第二十一章，“趣”讀為“促”）
前289,289,周赧王二十六年（西元前二八九年）,18,史料,秦、齊、趙、魏、周,,伐、取,為周取謂魏王曰：“秦知趙之難與齊戰也，將恐齊、趙之合也，必陰勁之。趙不敢戰，恐秦不已收也，先合于齊。秦、趙爭齊，而王無人焉，不可。王不去周取，合而收齊，而以兵之急，則伐齊無因事也。”(《東周策》第二十章)
前289,289,周赧王二十六年（西元前二八九年）,19,史料,秦、齊、魏、周,,伐、救、取,謂周取曰：“魏王以國與先生，貴合于秦以伐齊。薛公故主（“故主”上當脫“背”或“倍”字），輕忘其薛，不顧其先君之丘墓，而公獨修虛信，為茂行，明群臣，據故主，不與伐齊者產（鮑本無“者”字，金正煒雲：“產字未詳，或當為座，座通作坐”），以忿強秦，不可。公不如謂魏王、薛公曰：‘請為王入齊，天下不能傷齊，而有變，臣請為救之；無變，王遂伐之。且臣為齊奴也，如累王之交於天下不可，王為臣賜厚矣。臣入齊，則王亦無齊之累也。’”（《東周策》第二十一章）
前289,289,周赧王二十六年（西元前二八九年）,20,史料,秦、齊、韓、趙、魏、周,,伐、救、取,或為周取謂金投曰：“秦以周取之齊疑天下，而又知趙之難予齊人戰（“予”原作“子”，從王念孫據姚引曾本、集本改正），恐齊、趙之合（“趙”原作“韓”，從金正煒改正），必先合于齊（“齊”原作“秦”，從金正煒改正），秦、齊合，則公之國虛矣（“虛”通“墟”）。公不如收齊（“收”原作“救”，從金正煒改正），因佐秦而伐韓、魏，上党、長子趙之有已。公東收寶于齊（“齊”原作“秦”，今改正），南取地于韓、魏，因以困徐為之東（“困”原作“因”，從《鮑本》改正。徐為即趙將韓徐為），則有合矣。”（《東周策》第十三章）
前289,289,周赧王二十六年（西元前二八九年）,21,史料,秦、齊、楚、韓、魏、晉、周,,取,周取謂金投曰：“公負全秦與強齊戰（“全”原作“令”，從姚引錢本、劉本改正），戰勝，秦且收齊而封之，使無多割而聽天下。之戰不勝（“之”猶“此”），國大傷，不得不聽秦。秦盡韓、魏之上黨，太原西止秦之有已（鮑本“止”作“土”，金正煒雲：“西止當作之西”）。秦地天下之半也，制齊、楚、三晉之命，複國且身危（“複”，鮑本作“覆”，“複”通“覆”），是何計之道也。”（《東周策》第十四章）
前289,289,周赧王二十六年（西元前二八九年）,22,史料,秦、齊、楚、趙、魏、周,蘇秦,取,蘇厲為周取謂蘇秦曰：“君不如令王聽取以地合于魏，趙故必怒（姚注：“曾無故字，怒一作恐”），合于齊，是君以合齊與強楚吏產子君（姚注：“以合一作全以。”金正煒雲：“吏產子君，疑當作事產於君”），若欲因取之事，則合齊者君也，割地者取也。”（《東周策》第十八章）
前289,289,周赧王二十六年（西元前二八九年）,23,考案,秦、齊、韓、趙、魏、晉、周,秦昭王,伐、攻、合縱、取,案：此時趙臣金投與韓徐為欲合秦以與強齊戰，而周取正由魏入齊，周取為周之公子，入魏為重臣而善於齊。嘗與孟嘗君合齊、魏、韓三國攻入秦之函谷，《趙策三》第六章記有人教子劾謂李兌曰：“公不如令主父以地資周取，而請相之魏，周取以天下辱秦者也。”是時周取由魏入齊，秦昭王怒，因令姚賈讓魏昭王。或為周取謂金投曰：“秦以周取之齊疑天下。”蓋秦恐周取以三晉合齊共攻秦。蓋是時孟嘗君正為魏相，正謀合縱伐齊，趙將韓徐為亦欲合縱攻齊。
前288,288,周赧王二十七年（西元前二八八年）,1,史料,秦、齊、楚、燕、韓、趙、魏,秦昭王、齊湣王、燕昭王,,秦昭王十九年，魏昭王八年，韓釐王八年，趙惠文王十一年，齊湣王十三年，楚頃襄王十一年，燕昭王二十四年。
前288,288,周赧王二十七年（西元前二八八年）,2,史料,秦、趙、魏、宋,,伐、取、拔,[趙惠文王]十一年董叔與魏氏伐宋。得河陽于魏。秦取梗陽。（《趙世家》，《六國表》作“秦拔我桂陽”，《集解》徐廣曰“一作梗”，《資治通鑒》又誤“梗陽”為“杜陽”）
前288,288,周赧王二十七年（西元前二八八年）,3,史料,趙、魏、吳,,取,奉陽君約魏(“奉”原誤作“華”，從吳師道改正)，魏王將封其子，謂魏王曰：“王嘗身濟漳，朝邯鄲，抱葛薛、陰成以為養邑(“薛”，鮑本作“薛”，鮑改為“孽”，“薛”即“孽”之省)，而趙無為王有也。王能又封其子河陽、姑密乎(“河”原作“問”，鮑本作“河”，“密”原作“衣”，鮑本作“密”，今從之)？臣為王不取也。”魏王乃止。（《魏策三》第九章）
前288,288,周赧王二十七年（西元前二八八年）,4,考案,秦、趙、魏,,伐、攻、取,案：《趙策四》第二章，李兌約五國以伐秦，無功，有人謂魏王曰：“且王嘗濟於漳而身朝於邯鄲，抱陰成，負葛薛（“葛”上原衍“蒿”字，“薛”，鮑本作“薛”，改作“孽”），以為趙蔽，而趙無為王行也。今又以何陽、姑密封其子（鮑本“何”作“河”），而乃令秦攻王以便取陰（“陰”當作“陶”）。”考李兌約五國伐秦在是年，趙得河陽于魏亦在是年，蓋即魏以河陽封李兌之子。按《秦本紀》昭王十八年攻河雍，決橋取之，在上年。河雍即河陽，河陽有單稱陽者，《水經·濟水注》引《紀年》“更名陽為河雍”，在魏襄王四年。河雍與孟津間設有浮橋，為黃河中游主要渡口，上年秦將司馬錯攻河雍，決橋取之。而是年魏又以其地獻趙為奉陽君李兌之子封邑。顧觀光《七國地理考》雲：“蓋秦取之而不守，故魏以其地入于趙也。”此為黃河中游主要渡口，秦不可能取之而不守，蓋魏借助于趙之力，迫使秦歸還，而魏又以之獻于趙奉陽君。
前288,288,周赧王二十七年（西元前二八八年）,5,考案,秦、齊、趙、魏、宋,齊湣王,伐、攻、合縱、連橫、滅、取,又案：是時齊、趙、魏、秦正爭奪攻取宋國之地。趙奉陽君李兌與秦穰侯魏冉皆欲得宋之陶邑作為封地。是年趙使董叔與魏氏伐宋。而齊湣王正欲滅宋，於是爭奪宋地之鬥爭成為合縱連橫之焦點所在。同時齊湣王欲避免秦、趙等國之干預而滅宋，亦不斷調換其執政之相國，從而變更其合縱連橫之策略。
前288,288,周赧王二十七年（西元前二八八年）,6,考案,秦、趙,,取,又案：《趙世家》言秦取梗陽，梗陽在今山西清徐縣。《六國表》誤作桂陽。《資治通鑒》誤作杜陽。桂陽、杜陽皆非趙地。胡三省雲：“杜陽近栒邑，接上郡、北地之境，趙地西至上郡膚施，或者其時並有杜陽歟。”其說無據。杜陽在今陝西麟遊縣西北，在秦舊都雍（今陝西鳳翔縣）之東北，趙不可能並有其地。
前288,288,周赧王二十七年（西元前二八八年）,7,史料,秦、齊、趙、魏、周、吳、代,,取,[蘇代]謂薛公曰：“周取于齊王厚也，而逐之，聽祝弗（吳師道雲：“一本作況弗”，《孟嘗君列傳》作“親弗”)，相呂禮者，欲取秦。秦、齊合，弗與禮重矣。有用齊（“用”原作“周”，從吳師道據《史記》改正），秦必輕君。君弗如急北兵趨趙以合秦、魏（“合”字原脫，從吳師道據《史記》補），收周取以為後行（吳師道雲：“當從《史》，無為字，後作厚。”金正煒雲：“厚又屬之訛”），且反齊王之信，又禁天下之率（“率”，《史記》作“變”）。齊無秦，天下果（“果”《史記》作“集齊”，吳師道雲：“果當從史作集。”金正煒又雲：“果為謀字之訛”），弗必走，齊王誰與其為國？”（《東周策》第十六章，《孟嘗君列傳》作“秦亡將呂禮相齊，欲困蘇代，代乃謂孟嘗君”云云，與此相同）
前288,288,周赧王二十七年（西元前二八八年）,8,史料,秦、齊、趙、周,,伐、攻、取,齊聽祝弗，外周取。謂齊王曰：“逐周取，聽祝弗，相呂禮者，欲深取秦也。秦得天下，則伐齊深矣。夫秦、齊合（“夫”下原無“秦”字，鮑本補“秦”字），則趙恐伐，故急兵以示秦。秦以趙攻齊（“攻”下原無“齊”字，鮑注：“攻，攻齊”。金正煒雲：“攻下疑遺齊字。”今據補），與之齊伐趙，其實同理，必不處矣。故用祝弗，即天下之理也。”（《東周策》第十七章）
前288,288,周赧王二十七年（西元前二八八年）,9,史料,秦、齊、魏、晉,秦昭王,伐、攻、卒、取,薛公為魏謂魏冉曰：“文聞秦王欲以呂禮收齊，以濟天下，君必輕矣。齊、秦相聚以臨三晉，禮必並相之，是君收齊以重呂禮也。齊免於天下之兵，其仇君必深。君不如勸秦王令弊邑卒攻齊之事。齊破，文請以所得封君。齊破晉強，秦王畏晉之強也，必重君以取晉；齊予晉弊而不能支秦（“予”鮑本作“與”，金正煒雲：“予與古通用，與，及也。”“弊”下原有“邑”字，金正煒雲：“邑字涉上文而衍。”今據刪。史作“晉國敝于齊而畏秦”)，晉必重君以事秦。是君破齊以為功，挾晉以為重也。破齊定封，而秦、晉皆重君。若齊不破，呂禮複用，子必大窮矣。”（《秦策三》第一章，《孟嘗君列傳》謂“呂禮嫉害孟嘗君，孟嘗君懼，乃遺秦相穰侯魏冉書”云云，大體與此相同，並謂“於是穰侯言于秦昭王伐齊，而呂禮亡”）
前288,288,周赧王二十七年（西元前二八八年）,10,考案,秦、齊、趙、魏、周、宋,蘇秦、秦昭王、齊湣王,伐、攻、連橫、滅、取、奔,案：呂祖謙《大事記》記呂禮相齊，孟嘗君遺穰侯書，勸秦伐齊而禮亡之事，在週報王二十九年齊滅宋以前。鮑彪注，謂：“呂禮以秦昭十三年奔魏，十九年複歸秦，其相齊，在薛公歸薛後，見《孟嘗君列傳》，蓋報王二十一年後也。”今按是年十月以前，秦、齊相合而五國連橫，約定共伐滅趙而三分趙地。十月秦昭王于宜陽自稱西帝，而尊齊湣王為東帝，蘇秦遊說齊湣王，以為伐趙不如伐宋之利，欲天下愛齊而憎秦，以便以其間舉宋。於是旋而與趙“約攻秦而去帝”，由李兌主持五國攻秦之舉，呂禮因而由齊歸秦。呂禮為齊相，當即在是年十月以前。當齊逐周取，相呂禮時，有人謂齊王曰：“夫秦、齊合，則趙恐伐”，蓋已預見呂禮為齊相，秦、齊相合必謀伐趙。
前288,288,周赧王二十七年（西元前二八八年）,11,史料,秦,秦昭王,卒,秦昭王十九年十月為帝，十二月複為王，任鄙卒。（《六國表》）
前288,288,周赧王二十七年（西元前二八八年）,12,史料,齊,齊湣王,,齊湣王三十六年(當作十三年)為東帝二月，複為王。(《六國表》)
前288,288,周赧王二十七年（西元前二八八年）,13,史料,秦、齊、楚、魏,樂毅、秦昭王、齊湣王,卒、稱王,[秦昭襄王]十九年王為西帝，齊為東帝，皆複去之。呂禮來自歸……任鄙卒。（《秦本紀》，《魏世家》作“秦昭王為西帝，齊湣王為東帝，月餘，皆複稱王歸帝”。《楚世家》作“齊、秦各自稱為帝，月餘，複歸帝為王”。《田世家》作“王為東帝，秦昭王為西帝……齊去帝複為王，秦亦去帝位”。《穰侯列傳》作“昭王十九年，秦稱西帝，齊稱東帝，月余，呂禮來，而齊、秦各複歸帝為王”。《樂毅列傳》作：“齊湣王……與秦昭王爭重為帝，已而複歸之，諸侯皆欲背秦而服于齊。”)
前288,288,周赧王二十七年（西元前二八八年）,14,史料,秦、齊、韓,,立,穰侯相秦而齊強，穰侯欲立秦為帝，而齊不聽，因請立齊為東帝，而不能成也。（《韓非子·內儲說下》）
前288,288,周赧王二十七年（西元前二八八年）,15,史料,秦、魏,,立、取,秦王立帝宜陽，令許綰誕魏王，魏王將入秦。魏敬謂王曰：“以河內孰與梁重？”王曰：“梁重。”又曰：“梁孰與身重？”王曰：“身重。”又曰：“若使秦求河內，則王將與之乎？”王曰：“弗與也。”魏敬曰：“河內，三論之下也；身，三論之上也；秦索其下而王弗聽，索其上而王聽之，臣竊不取也。”王曰：“甚然。”乃輟行。（《呂氏春秋·應言》）
前288,288,周赧王二十七年（西元前二八八年）,16,考案,秦、楚、韓、魏、周,張儀、白起、秦惠王、秦昭王、楚懷王,伐、攻、立、稱帝、取、拔、會,案：高誘注：“誕，詐也。許綰，秦臣也。秦實未為帝也，詐魏王，言帝欲令魏王入朝也。”高注無當。《魏策三》第四章：“秦敗魏于華，魏王且入朝于秦，周訴請王勿行，魏王曰：‘子患寡人入而不出邪？許綰為我祝曰：入而不出，請殉寡人以頭’”，此即許綰之誕魏王，以其頭作為魏王入朝于秦而得出之保證。蓋一事之兩傳耳。可知許綰乃魏臣之親秦王者，非秦臣也。《新序·刺奢》第三章，記魏王將起中天臺，因許綰進諫而作罷，亦可證許綰之為魏臣。馬非百《秦集史·人物傳》五之十二、陳奇猷《呂氏春秋校釋》皆讀“秦王立帝”為句，“宜陽令許綰誕魏王”為句，非是。當讀“秦王立帝宜陽”為句，蓋秦昭王是時于宜陽稱帝，許綰未嘗為宜陽令。若許綰為秦之宜陽令，將何緣而能“誕魏王”也。當秦惠王時，張儀主伐韓，欲下兵三川，挾天子以令諸侯而成王業。及秦武王時，即攻拔宜陽，欲車通三川，以窺周室。其後武王至周，舉鼎比武，絕臏而死。秦昭王於十四年使白起大敗魏、韓及周師于伊闕，十六年使司馬錯攻取魏河內大小城六十一。據《秦本紀》，昭王於十七年“主宜陽”，是年韓之成陽君及東周君入朝秦，入朝之地當即宜陽。十九年昭王于宜陽稱西帝，欲魏王來朝，蓋欲魏、韓與兩周之君入朝如藩臣。《楚世家》稱楚懷王入武關，往會秦昭王，昭王令一將軍伏武關，“閉武關，遂與西至咸陽，朝章台，如蕃臣”。是時魏昭王見有楚懷王入朝而不能出之先例，故不敢入朝，許綰因而聲稱以頭作為魏王入朝秦而得出之保證。
前288,288,周赧王二十七年（西元前二八八年）,17,史料,秦、楚、趙、魏、周、吳、衛、宋,范雎、秦昭王,攻、圍、救、立、稱帝、滅、取,秦敗魏于華（此句當作“秦立帝宜陽”），魏王且入朝于秦。周訴謂王曰（“訴”，鮑本作“訴”，吳師道雲：“一本訴作訴”)：“宋人有學者，三年反而名其母。其母曰：“子學三年，反而名我何也？”其子曰：“吾所賢者無過堯、舜，堯、舜名；吾所大者無大天地，天地名。今母賢不過堯、舜，母大不過天地，是以名母也。”其母曰：“子之于學者，將盡行之乎？願子之有以易名母也。子之於學也，將有所不行乎？願子之且以名母為後也。”今王之事秦，尚有可以易入朝者乎？願王之有以易之，而以入朝為後。”魏王曰：“子患寡人入朝而不出邪？許綰為我祝曰（“祝”讀作“詛”）：‘入而不出，請殉寡人之頭。’”周訴對曰：“如臣之賤也，今人有謂臣曰：入不測之淵，而必出，請以一鼠首為女殉者，臣必不為也。今秦不可知之國也，猶不測之淵也，而許綰之首猶鼠首也。內王于不可知之秦，而殉王以鼠首，臣竊為王不取也。且無梁孰與無河內急？”王曰：“梁急。”“無梁孰與無身急？”王曰：“身急。”曰：“此三者，身上也，河內其下也。秦未索其下（“未”當作“本”），而王效其上，可乎？”王尚未聽也，支期曰：“王視楚王。楚王入秦，王以三乘先之；楚王不入，楚、魏為一，尚足以捍秦。”王乃止。王謂支期曰：“吾始已諾于應侯矣（劉鐘英《戰國策辨訛》以為“應侯”當是“穰侯”之誤，其說是也，下文同誤），今不行者欺之矣。”支期曰：“王勿憂也。臣使長信侯請無內王，王待臣也。”支期說于長信侯曰：“王命召相國。”長信侯曰：“王何以臣為？”支期曰：“臣不知也，王急召君。”長信侯曰：“吾內王于秦者，甯以為秦邪？吾以為魏也。”支期曰：“君無為魏計，君自為計。且安死乎？安生乎？安窮乎？安貴乎？君其先自為計，後為魏計。”長信侯曰：“樓公將入矣，臣今從。”支期曰：“王急召君，君不行，血濺君襟矣。”長信侯行，支期隨其後。且見王，支期先入，謂王曰：“偽病者乎而見之（金正煒曰：“乎”字古與“呼”通，“呼，虛憊之聲也”），臣已恐之矣。”長信侯入見王，王曰：“病甚奈何！吾始已諾于應侯矣，意雖道死（姚注：“曾本作雖欲道死，劉本作意雖死”），行乎？”長信侯曰：“王毋行矣，臣能得之于應侯，願王無憂。”（《魏策三》第四章）案：馬驌《繹史》曰：“應侯似非此時事。按華陽之役在昭王三十三年，范雎入秦在昭王三十六年，其封應侯在四十一年，此時何得有應侯？或應侯字誤，抑異時別有戰華之事邪？”顧觀光隸此于周赧王五十六年長平戰後，其言曰：“按《呂氏春秋》亦載此事，而言秦雖大勝於長平，三年然後決。又言此時兩周尚全。考長平戰後至秦滅西周，中隔三年，而後秦以全力攻趙，不應複有敗魏之事，則當在此年無疑。”于鬯《戰國策注》從其說，並曰：“疑《策》首本無‘秦敗魏于華’一句，乃涉上策首而衍此五字。下文言且者，將也，即作發首語，亦無害。《後漢書·馬援傳》李注引《策》自下文始，彼引雖未必依《策》原文，然無此句，似可舉證如此。則此《策》從顧說在赧王五十六年，而不必謂赧五十六年有敗華之事也。”今案：《呂氏春秋·應言》篇所載魏敬勸諫魏王弗入朝秦之事，與此《魏策三》所載王訴勸諫魏王弗入朝秦之事，確為一事之兩傳。王訴問魏王“無梁孰與無河內急”？“無梁孰與無身急”，謂“此三者，身上也，河內其下也。秦本索其下，而王效其上，可乎？”魏敬問魏王“以河內孰與梁重”？“梁孰與身重”？謂“河內，三論之下也，身，三論之上也，秦索其下而王弗聽，索其上而聽之，臣竊不取也”。兩者大體相同，其為一事之兩傳無疑。此事當從《呂氏春秋》在秦昭王稱帝于宜陽之時。策首“秦敗魏于華”當從《呂氏春秋》改作“秦立帝宜陽”為是。策文中之應侯自當為穰侯之誤。秦立帝宜陽，本由穰侯主其事。是時秦正謀完全佔有魏之河內，與魏敬、王訴所說皆合。《呂氏春秋》記此事之後，作者有一段評論，謂此後秦雖大勝趙于長平，三年然後決，及秦進圍趙都邯鄲，魏尚能救趙，且能“舉陶削衛地方六百”，一時國勢甚強，可知魏本可不入朝秦，不必待魏敬之勸說而輟行。並非謂魏敬勸諫魏王弗入朝秦在長平之役以後，顧觀光據此定為長平戰後之事，非是也。
前288,288,周赧王二十七年（西元前二八八年）,18,史料,秦、韓、周,,,昔者周佼以西周善於秦而封于梗陽，周啟以東周善於秦而封于平原。（《韓策三》第二章或謂公仲）
前288,288,周赧王二十七年（西元前二八八年）,19,考案,秦、趙、周,秦昭王,攻、稱帝、取,案：秦於是年攻取得趙之梗陽。周佼與周啟當為西周與東周之公子，秦之封西周周佼于梗陽、封東周周啟于平原，當即在此年秦昭王在宜陽稱帝之時，欲以拉攏兩周公子之親秦者，使兩周服從于秦。梗陽在今山西太原市西南。清徐、平原不詳。平原君所封平原，在今山東平原縣南，此時為秦勢力所不及。
前288,288,周赧王二十七年（西元前二八八年）,20,史料,秦、齊、楚、燕、趙、魏、衛、宋、代,蘇秦、秦昭王、齊湣王,伐、卒、立,蘇秦自燕之齊(《田世家》“蘇秦”作“蘇代”)，見於華章南門（《史記》作“章華東門”)，齊王曰：“嘻！子之來也，秦使魏冉致帝子以為何如。”對曰：“王之問臣也卒，而患之所從生者微，今不聽，是恨秦也；聽之，是恨天下也。不如聽之以卒秦，勿庸稱也以為天下。秦稱之，天下聽之，王亦稱之，先後之事，帝名為無傷也。秦稱之，而天下不聽，王因勿稱，其於以收天下，此大資也。”蘇秦謂齊王曰：“齊、秦立為兩帝，王以天下為尊秦乎，且尊齊乎？”王曰：“尊秦。”“釋帝則天下愛齊乎？且愛秦乎？”王曰：“愛齊而憎秦。”“兩帝立，約伐趙，孰與伐宋之利也？”王曰：“不如伐宋。”（原無此六字，據姚注“劉本有王曰不如宋”而增補。鮑本作“對曰伐宋利”。《史記》作“王曰伐桀宋利”）對曰：“夫約與秦為帝，而天下獨尊秦而輕齊，齊釋帝，則天下愛齊而憎秦，伐趙不如伐宋之利，故臣願王明釋帝以就天下，倍約侯秦，勿使爭重，而王以其間舉宋。夫有宋則衛之陽城危，有淮北則楚之東國危，有濟西則趙之河東危，有陶、平陸則梁門不啟(“陶”原誤作“陰”，據《史記》改正)。故釋帝而貳之以伐宋之事，則國重而名尊，燕、楚以形服，天下不敢不聽，此湯武之舉也。敬秦以為名，而後使天下憎之，此所謂以卑易尊者也，願王之熟慮也！”(《齊策四》第十章、第十一章，《田世家》在“齊湣王三十六年王為東帝，秦昭王為西帝”下，末雲：“於是齊去帝複為王，秦亦去帝位。”
前288,288,周赧王二十七年（西元前二八八年）,21,史料,秦、齊、趙,,攻,齊、勺（趙）遇于阿，王憂之。臣與於遇，約功（攻）秦去帝。（《戰國縱橫家書》第四章）
前288,288,周赧王二十七年（西元前二八八年）,22,考案,秦、齊、趙,蘇秦,伐、攻、救、合縱、會,案：阿有東阿、西阿。西阿屬趙，在今河北保定東。東阿屬齊，在今山東陽谷縣東北。此當為齊之東阿，與趙相鄰，齊、趙兩君在阿會晤，當出於齊之主動。齊王蓋接受蘇秦之計謀而邀請趙王相會，蘇秦因而得以參與。趙臣之參與者當為奉陽君李兌。處此趙國存亡之緊急時刻，因而即商定五國合縱伐秦之計，並推奉陽君為縱長，主持其事。《趙策四》第二章記蘇秦曰：“今之攻秦，為趙也。五國伐趙，趙必亡矣。秦逐李兌，李兌必死，今之伐秦也，以救李子之死也。”
前288,288,周赧王二十七年（西元前二八八年）,23,史料,秦、齊、韓、趙、魏,,伐,昔者五國之王，嘗合橫而謀伐趙（帛書《戰國縱橫家書》第二十一章“橫”作“衡”），參分趙國壤地（帛書作“疎分趙壤”），著之盤盂（帛書“盤盂”作“緘竽”），屬之讎柞（帛書“讎柞”作“祝誥”，詣即籍。鮑注：“讎柞，酬酢同”），五國之兵出有日矣（原脫“出”字，從帛書補）。齊乃西師以禁秦國（“齊”原誤作“韓”，從帛書改正，“禁”帛書作“唫”），使秦發令素服而聽（帛書“發”作“廢”，“素”作“疎”，《趙世家》作“秦廢帝請服”），反溫、枳、高平于魏（帛書“枳”作“軹”，《趙世家》作“反高平、根柔于魏”，《集解》曰：“根柔一作槐柔，一作平柔。”），反三公什清于趙（帛書作“反王公、符逾于趙”，《趙世家》作“反巠分、先俞于趙”。《集解》雲：“一作王公。”《正義》雲：“巠音邢，分字誤，當作山字耳。”），此天下之明知也。（《趙策一》第九章，《戰國縱橫家書》第二十一章同，《趙世家》惠文王十六年下，作蘇厲為齊遺趙王書）
前288,288,周赧王二十七年（西元前二八八年）,24,考案,秦、齊、趙、魏,蘇秦,伐、攻、立、稱王,案：《齊策四》蘇秦謂齊王曰：“齊、秦立為兩帝”，又曰“兩帝立，約伐趙”，《田世家》同。與此謂“五國之王，嘗合橫而謀伐趙”相合，當是一事。溫在今河南溫縣西南，軹在今河南濟源縣南。高平即向，在今濟源縣西南，皆為河陽附近之城邑。時孟津與河陽間，架有浮橋，為魏河南連結河內之通道，為確保此一通道之安全，溫、軹、高平為魏必爭之地。因而魏參與五國攻秦，首先欲返歸此三邑。在此五國聯合攻秦之形勢下，秦欲分化五國，緩和其攻勢，不得不廢除帝號，恢復稱王，而將此三邑歸還于魏，又將二邑歸還于趙。歸趙之二邑，因記載有訛，不詳所在。
前288,288,周赧王二十七年（西元前二八八年）,25,史料,秦、齊、燕、韓、趙、宋、代,蘇秦,攻、圍、殺,自齊獻書于燕王曰：燕、齊之惡也久矣。臣處於燕、齊之交，固知必將不信。臣之計曰：齊必為燕大患。臣循用於齊，大者可以使齊毋謀燕，次可以惡齊、勺（趙）之交，以便王之大事，是王之所與臣期也。臣受教任齊交五年，齊兵數出，未嘗謀燕。齊、勺（趙）之交。壹美壹惡，壹合壹離。燕非與齊謀勺（趙），則與趙謀齊。齊之信燕也，虛北地□[行]其甲。王信田代、繅去[疾]之言功（攻）齊，使齊大戒而不信燕，臣秦拜辭事，王怒而不敢強。勺（趙）疑燕而不功（攻）齊，王使襄安君東，以便事也，臣豈敢強王哉（哉）。齊、勺（趙）遇于阿，王憂之。臣與於遇，約功（攻）秦去帝。雖費，毋齊、趙之患，除群臣之聭（恥）。齊殺張廑，臣請屬事辭為臣于齊。王使慶謂臣，“不之齊危國”，臣以死之圍（“圍”當為“國”字之誤），治齊、燕之交。後薛公、乾（韓）徐為與王約功（攻）齊，奉陽君鬻臣，歸罪於燕，以定其封于齊。公玉丹之勺（趙）致蒙，奉陽君受之。王憂之，故強臣之齊。臣之齊，惡齊、勺（趙）之交，使毋予蒙而通宋使。故王能材（裁）之，臣以死任事。之後，秦受兵矣，齊、勺（趙）皆嘗謀。齊、勺（趙）未嘗謀燕，而俱諍（爭）王於天下。臣雖無大功，自以為免於罪矣。今齊有過辭，王不諭齊王多不忠也，而以為臣罪，臣甚懼。廑之死也，王辱之。襄安君之不歸哭也，王苦之。齊改葬其後而召臣，臣欲毋往，使齊棄臣。王曰：“齊王之多不忠也，殺妻逐子，不以其罪，何可怨也”，故強臣之齊。二者大物也，而王以赦臣，臣受賜矣。臣之行也，固知必將有口，故獻禦書而行。曰：“臣貴于齊，燕大夫將不信臣。臣賤，將輕臣。臣用，將多望于臣，齊有不善，將歸罪於臣。天下不功（攻）齊，將曰善與齊謀。天下功（攻）齊，將與齊兼棄臣。臣之所處者重卵也。”王謂臣曰：“魚（吾）必不聽眾口與造言，魚（吾）信若迺（猶）齕也。大可以得用於齊，次可以得信，下笱（苟）毋死，若無不為也。以奴（孥）自信可，與言去燕之齊可，甚者與謀燕可，期於成事而已。”臣恃之詔，是故無不以口齊王而得用焉。今王以眾口與造言罪臣，臣甚懼。王之於臣也，賤而貴之，蓐（辱）而顯之，臣未有以報王。以求卿與封不中意，王為臣有之兩，臣舉天下使臣之封不挐（慚）。臣止于勺（趙），王謂韓徐為：“止某不道，迺（猶）免寡人之冠也。”以振（拯）臣之死。臣之德王，災（深）於骨隨（髓）。臣甘死蓐（辱），可以報王，願為之。今王使慶令（命）臣曰：“魚（吾）欲用所善。”王笱（苟）有所善而欲用之，臣請為王事之。王若欲刳舍臣而摶任所善，臣請歸擇（釋）事，句（苟）得時見，盈願矣。（《戰國縱橫家書》第四章，蘇秦自齊獻書于燕王）
前288,288,周赧王二十七年（西元前二八八年）,26,考案,秦、齊、燕、趙,蘇秦、燕昭王,伐、攻、會,案：此蘇秦自齊獻燕王書，當在五國開始伐秦之後。其中雲：“齊、趙遇于阿，王憂之。臣與於遇，約攻秦去帝。雖費，毋齊、趙之患，除群臣之恥。”又雲：“之後，秦受兵矣，齊、趙皆嘗謀。齊、趙未嘗謀燕，而俱爭王於天下。臣雖無大功，自以為免於罪矣。”蘇秦向燕昭王報告參與齊、趙兩君在阿之會晤，而促成五國伐秦之事。並因燕王有責難，對燕昭王有所解釋。
前288,288,周赧王二十七年（西元前二八八年）,27,史料,齊、燕、趙、吳、代,,伐、攻,蘇代自齊獻書于燕王曰：“臣之行也，固知將有口事，故獻禦書而行，曰：‘臣貴于齊，燕大夫將不信臣；臣賤，將輕臣；臣用，將多望於臣；齊有不善，將歸罪於臣；天下不攻齊，將曰善為齊謀；天下攻齊，將與齊兼郳臣（郳，鮑本作貿，吳師道雲：貿當作買，金正煒雲：貿當作賈。上引帛書作棄）。臣之所處，重卵也！’（“卵”原作“卯”，鮑本作“留”。吳師道雲：“一本作卵”，“所”下原衍“重”字，今從吳師道刪“所”下“重”字，改“卯”作“卵”，帛書正作“卵”)王謂臣曰：‘吾必不聽眾口與讒言！吾信汝也，猶劃刈者也（劃刈者，鮑本作“列眉”，帛書作“齕”。吳師道雲：“劃刈者，斬斷果決之意。”金正煒雲：“列眉，朗若列眉。”齕，《說文》：“齧也。”言如咬斷食物，上下齒相對）。上可以得用於齊，次可以得信，于下苟無死，女無不為也。以女自信可也。與之言曰：去燕之齊可也！期於成事而已！臣受令以任齊，及五年，齊數出兵，未嘗謀燕。齊、趙之交，一合一離。燕王不與齊謀趙，則與趙謀齊。齊之信燕也，至於虛北地行其兵。今王信田伐與參去疾之言，且攻齊，使齊犬馬賤而不言燕。今王又使慶令臣曰：‘吾欲用所善！’王苟欲用之，則臣請為王事之。王欲醉臣，刲任所善，則臣請歸醉事。臣苟得見，則盈願。”（《燕策二》第五章）
前288,288,周赧王二十七年（西元前二八八年）,28,考案,秦、齊、燕、趙、周、吳、宋、代,蘇秦、樂毅,伐、卒,案：此蘇代自齊獻書于燕王，與上引帛書蘇秦自齊獻書于燕王，當為一事之兩傳。兩書文句頗多雷同，惟帛書較詳，此則較略。吳師道雲：“蘇代之徒，為之間齊，離趙之交，激秦之怒，勸之以伐宋，驕其兵而罷其師，齊卒以亡，代有力焉。而世不數何也？蓋毅（樂毅）之為燕約結，信義服人，卒用此以勝，何假乎代為之哉？代之傾詐反覆，效用于燕，亦昭王之賢明有以禦之，非倚以成功也。”其實《戰國策》所述蘇代之間齊、離趙之交，激秦之怒，勸齊伐宋，驕其兵而疲其師者，原為蘇秦之所為，此《荀子·臣道》所以稱蘇秦為態臣，“用態臣者亡”。《呂氏春秋·知度》亦雲“齊用蘇秦而天下知其亡”。# 卷十五 周赧王二十八年（西元前二八七年）至 三十年（西元前二八五年）
前287,287,周赧王二十八年（西元前二八七年）,1,史料,秦、齊、楚、燕、韓、趙、魏,秦昭王、齊湣王、燕昭王,,秦昭王二十年，魏昭王九年，韓釐王九年，趙惠文王十二年，齊湣王十四年，楚頃襄王十二年，燕昭王二十五年。
前287,287,周赧王二十八年（西元前二八七年）,2,史料,秦、齊、楚、燕、韓、趙、晉、魯、越、宋,蘇秦,伐、攻、立、取,謂齊王曰：薛公相胥（齊）也，伐楚九歲，功（攻）秦三年，欲以殘宋，取進（淮）北，宋不殘，進（淮）北不得。以齊封奉陽君，使梁（梁）、乾（韓）皆效地，欲以取勺（趙），勺（趙）是（氏）不得。身銜（率）梁（梁）王與成陽君，北面而朝奉陽君於邯鄲而勺（趙）氏不得。王棄薛公，身斷事。立帝、帝立。伐秦，秦伐。謀取勺（趙），得。功（攻）宋，宋殘。是則王之明也。雖然，願王之察之也。是無它（他）故，臣之以燕事王循也。景謂臣曰：“傷齊者必勺（趙）也。秦雖強，終不敢出塞涑（溯）河，絕中國而功（攻）齊。楚、越遠，宋、魯弱，燕人承，乾（韓）、梁（梁）有秦患，傷齊者必勺（趙），勺（趙）氏終不可得已。為之若何？”臣謂景曰：“請劫之。子以齊大重秦，秦將以燕事齊，齊、燕為一，乾（韓）、梁（梁）必從。勺（趙）悍則伐之，願則摯（執）而功（攻）宋。”景以為善。臣以車百五十乘入齊，景逆于高閭，身禦臣以入。事曲當臣之言，是則王之教也，然臣亦見元（其）必可也。猶景不知變事以功（攻）宋也，不然，景之所與臣前約者善矣。今三晉之敢據薛公與不敢據，臣未之識。雖使據之，臣保燕而事王，三晉必不敢變。齊、燕為一，三晉有變，事乃時為也。是故當今之時，臣之為王守燕，百它（他）日之節。雖然，成臣之事者，在王之循甘燕也。王雖疑燕，亦甘之，不疑亦甘之。王明視（示）天下以有燕，而臣不能使王得志于三晉，臣亦不足事也。（《戰國縱橫家書》第八章，蘇秦謂齊王）
前287,287,周赧王二十八年（西元前二八七年）,3,考案,秦、齊、燕,蘇秦、齊湣王,伐、取,案：此為蘇秦在發動五國伐秦之後，列舉往事向齊湣王表示“保燕而事王”之決心，以爭取信任。
前287,287,周赧王二十八年（西元前二八七年）,4,史料,秦、齊、楚、燕、韓、趙、晉、宋,蘇秦,攻、取,自勺（趙）獻書于齊王曰：臣暨（既）從燕之梁（梁）矣，臣至勺（趙），所聞于乾（韓）、梁（梁）之功（攻）秦，無變志矣。以雨，未得遬（速）也。臣之所得于奉陽君者，乾（韓）、梁（梁）合，勺（趙）氏將悉上黨以功（攻）秦。奉陽君謂臣：楚無秦事，不敢與齊遇。齊、楚果遇，是王收秦已。元（其）不欲甚。欲王之赦梁（梁）王而複見之。勺（趙）氏之慮，以為齊、秦複合，必為兩商（敵）以功（攻）勺（趙），若出一口。若楚遇不必，雖必，不為功，願王之以毋遇喜奉陽君也。臣以足下之所與臣約者告燕王：“臣以（已）好處于齊，齊王終臣之身不謀燕燕（一燕字衍文）。臣得用於燕，終臣之身不謀齊。”燕王甚兌（悅），元（其）于齊循善。事卬（昂）曲盡從王。王堅三晉亦從王，王取秦、楚亦從王。然而燕王亦有苦。天下惡燕而王信之。以燕之事齊也為盡矣。先為王絕秦，摯（質）子，宦二萬甲自食以功（攻）宋，二萬甲自食以功（攻）秦，乾（韓）、梁（梁）豈能得此于燕哉（哉）。盡以為齊，王猶（猶）聽惡燕者（上此下四十九字錯簡移第十二章），燕王甚苦之。願王之為臣甚安燕王之心也。燕、齊循善，為王何患無天下。（《戰國縱橫家書》第十一章，蘇秦自趙獻書于齊王）
前287,287,周赧王二十八年（西元前二八七年）,5,考案,秦、齊、楚、燕、韓、趙、魏、晉、宋,蘇秦,攻、盟、會,案：此當在五國攻秦開始階段，韓、魏已出兵，因遇雨而未能迅速進軍。趙之奉陽君已許允，韓、魏既合兵，趙將悉發上黨之兵攻秦。並謂燕之事齊，在以前派二萬兵“自食以攻宋”之後，又發二萬兵“自食以攻秦”。又因奉陽君懷疑齊、楚兩國之君相會必為收秦，盼齊王不與楚王會晤，又盼齊王與魏王相會，說明蘇秦正謀鞏固與三晉之聯盟，以便勝秦。
前287,287,周赧王二十八年（西元前二八七年）,6,史料,秦、齊、楚、燕、趙、晉、宋、中山,蘇秦,伐、攻、圍、救、取、殺,謂齊王曰：臣恐楚王之勤豎之死也（勤謂憂勞），王不可以不故解之。臣使蘇厲告楚王曰：“豎之死也，非齊之令（命）也。湜子之私也。殺人之母而不為亓（其）子禮，豎之罪固當死。宋以淮北與齊講。王功（攻）之，毄（擊）勺（趙）信，齊不以為怨，反為王誅勺（趙）信，以亓（其）無禮于王之邊吏也。王必毋以豎之私怨，敗齊之德。”前事願王之盡加之於豎也，毋與它（他）人矣，以安無（撫）薛公之心。王□尚（嘗）與臣言，甘薛公以就事，臣甚善之。今爽也、強得也，皆言王之不信薛公，薛公甚懼，此不便於事。非薛公之信，莫能合三晉以功（攻）秦，願王之甘之□也。臣負齊、燕以司（伺）薛公，薛公必不敢反王。薛公有變，臣必絕之。臣請終事而與，王勿計，願王之固為終事也。功（攻）秦之事成，三晉之交完于齊，齊事從橫盡利。講而歸亦利，圍而勿舍亦利，歸息士民而複之，使如中山，亦利。功（攻）秦之事敗，三晉之約散而靜（爭）秦，事卬曲盡害。是故臣以王令甘薛公，驕（矯）敬（檠）三晉，勸之為一，以疾功（攻）秦，必破之。不然則賓（擯）之。不則與齊共講，欲而複之。三晉以王為愛己、忠己。今功（攻）秦之兵方始合，王有（又）欲得兵以功（攻）平陵，是害功（攻）秦也。天下之兵皆去秦而與齊諍（爭）宋地，此亓（其）為禍不難矣。願王之毋以此畏三晉也，獨以甘楚。楚雖毋伐宋，宋必聽。王以（已）和三晉伐秦，秦必不敢言救宋。□弱宋服，則王事遬（速）夫（決）矣。夏後堅欲為先薛公得平陵，願王之勿聽也。臣欲王以平陵予薛公，然而不欲王之無事予之也。欲王之縣陶、平陵于薛公、奉陽君之上以勉之，終事然後予之，則王多資矣。禦（禦）事者必曰：“三晉相豎（豎）也而傷秦，必以其餘驕王，願王之勿聽也。三晉伐秦，秦未至而王已盡宋息民矣。臣保燕而循事王，三晉必無變。三晉若願乎，王遯（遂）役（役）之。三晉若不願乎，王收秦而齊（劑）亓（其）後，三晉豈敢為王驕。若三晉相豎（豎）也以功（攻）秦，案以負王而取秦，則臣必先智（知）之。王收燕循楚而啖秦以晉國，三晉必破。是故臣在事中，三晉必不敢反。臣之所以備患者百余。王句（苟）為臣安燕王之心而毋聽傷事者之言，請毋至三月而王不見王天下之業，臣請死。臣之出死以要事也，非獨以為王也，亦自為也。王以不謀燕為臣賜，臣有以德燕王矣。王舉霸王之業而以臣為三公，臣有以矜於世矣。是故事句（苟）成，臣雖死不醜。”（《戰國縱橫家書》第十四章，蘇秦謂齊王）
前287,287,周赧王二十八年（西元前二八七年）,7,考案,秦、齊、燕、晉、宋,蘇秦、齊湣王,攻,案：此乃蘇秦在梁使人謂齊湣王，當五國攻秦開始階段，欲齊王安撫孟嘗君，以宋之平陵許予孟嘗君，懸平陵與陶于孟嘗君與奉陽君以勉之。待終事然後予之，由“臣保燕而循事王，三晉必無變”。合三晉以疾攻秦，必破之，不至三月而能見“王天下之業”。
前287,287,周赧王二十八年（西元前二八七年）,8,史料,秦、齊、楚、燕、韓、趙、魏、晉、吳、宋、中山、代,蘇秦,攻,齊將攻宋，而秦陰禁之(“陰”原作“楚”，從姚引一本改)。齊因欲與趙，趙不聽。齊乃令公孫衍說李兌以攻宋而定封焉(“衍”當為“弘”之誤)。李兌乃謂齊王曰(“李兌”當為“蘇秦”，涉上而誤)：“臣之所以堅三晉以攻秦者，非以為齊得利秦之毀也，欲以使攻宋也。而宋置太子以為王，下親其上而守堅，臣是以欲足下之速歸休士民也。今太子走，諸善太子者，皆有死心，若複攻之，其國必有亂，而太子在外，此亦舉宋之時也。臣為足下使公孫衍說奉陽君曰(“衍”當為“弘”之誤)：‘君之身老矣，封不可不早定也。為君慮封莫若于宋，他國莫可。夫秦人貪，韓、魏危，燕、楚辟(“辟”通“僻”)，中山之地薄，莫如于陶(“陶”原作“陰”，從張琦改正)，失今之時，不可複得已。宋之罪重，齊之怒深，殘亂宋，德大齊(“德”原作“得”，從鮑本改)，定身封，此百代之一時也已(“已”原作“以”，鮑本作“已”，“以”通“已”)，奉陽君甚食之(“食”，鮑本改作“貪”。“食”謂受納)，唯得大封(“唯”讀作“雖”，姚注“曾作雖”)，齊無大異。臣願足下之大發攻宋之舉，而無庸致兵，姑待已耕(“耕”字疑衍，鮑本無“姑待已耕”四字)，以觀奉陽君之應足下也。縣陶以甘之(“陶”原誤作“陰”，今改正)，循有燕以臨之，而臣待忠之封(吳師道曰：“勸之定封，故曰臣且將忠之以封”)，事必大成。臣又願足下有地效于襄安君以資臣也。 $ \underset{\cdot}{足} $下果殘宋，此兩地之時也(金正煒雲：“時當為封”)，足下何愛焉？若足下不得志于宋，與國何敢望也？足下以此資臣也，臣循燕觀趙，則足下擊潰而決天下矣。”(《趙策四》第三章)
前287,287,周赧王二十八年（西元前二八七年）,9,考案,秦、齊、燕、趙、魏、吳、宋,蘇秦、張儀、秦惠王、齊湣王,攻、合縱、取、殺,案：吳師道雲：“公孫衍為秦相而逐，在秦武王四年，武靈王之十九年也。後為魏所殺，雖不知何年，然去李兌合縱時已遠，此公孫衍恐非犀首也。”考公孫衍與張儀同時，公孫衍原為秦惠王之大良造，因與張儀不合而入魏為將，約五國合縱攻秦，不應至此時尚健在。此處公孫衍當是公孫弘之誤，此當在五國攻秦之開始階段，蘇秦獻計齊王，為謀舉宋，懸陶以為奉陽君未來之封邑，大發攻宋之聲勢，以觀奉陽君之相應。同時又以地封于燕之襄成君，使蘇秦得“循燕以觀趙”，造成齊能攻克宋國之形勢。蘇秦以此取得齊湣王之信任而得為齊相。
前287,287,周赧王二十八年（西元前二八七年）,10,考案,秦、齊、楚、燕、韓、趙,蘇秦、張儀、燕昭王,攻、合縱,又案：《蘇秦列傳》謂蘇秦約六國合縱攻秦，為縱長，並相六國，佩六國相印，乃後世策士誇談。但確嘗約五國攻秦，推李兌為縱長，同時蘇秦為齊、趙、燕三國之大臣兼封君，且為齊相。《戰國縱橫家書》第四章蘇秦自齊獻書于燕王曰：“王之於臣也，賤而貴之……以求卿與封，不中意，王為臣有之兩，臣舉天下之使臣之封不慚。”可知蘇秦自燕出使于齊，即有“卿”與“封”兩者。同上書第一章蘇秦自趙獻書燕王，轉述奉陽君之使者謂蘇秦曰：“封秦也，任秦也，比燕于趙。”可知蘇秦入趙，趙亦比之于燕，予以“卿”與“封”之名位。《秦策一》第二章、《趙策二》第一章皆稱趙封蘇秦為武安君，《燕策一》第四章、第五章皆稱蘇秦為武安君。武安君當為趙給予蘇秦之封號。《楚策一》第十八章所載後世策士所編張儀遊說辭，稱“蘇秦封為武安君而相燕”。若可信，則燕給予蘇秦之封號亦為武安君。《燕策二》第二章述及奉陽君告朱譙與趙足曰：“齊王使公玉丹命說(即兌)曰：必不反韓瑉，今召之矣；必不任蘇子以事，今封而相之；令不合燕，今以燕為上交。”可知蘇秦為燕昭王使者入齊，合齊、燕之交，不久亦受封而為相。《楚策一》第十八章及《張儀列傳》稱：“蘇秦封為武安君而相燕，即陰與燕王謀破齊，共分其地，乃佯有罪，出走入齊，齊王受而相之，居二年而覺，齊王大怒，車裂蘇秦於市。”此中除“乃佯有罪，出走入齊”不確外，蘇秦確是由燕入齊為齊相，借此為燕反間，及燕將破齊，被發覺而車裂於市。《戰國縱橫家書》第十七章記有人謂起賈曰：“今事來矣，此齊之以母質之時也，而武安君之棄禍存身之夬也（“夬”通“訣”）。可知蘇秦在齊之封號，亦為武安君。
前287,287,周赧王二十八年（西元前二八七年）,11,史料,秦、齊、楚、燕、韓、趙、晉、周、宋,蘇秦,攻、取、盟,自勺（趙）獻書于齊王曰：臣以令告奉陽君曰：“寡人之所以有講慮者有，寡人之所為功（攻）秦者，為梁（梁）為多。梁（梁）氏留齊兵於觀，數月不逆，寡人失望，一。擇（釋）齊兵于熒陽、成皋，數月不從，而功宋，再。寡人之叨（仍）功（攻）宋也，請于梁（梁）閉關於宋而不許。寡人已舉（與）宋講矣，乃來諍（爭）得，三。今燕、勺（趙）之兵皆至矣，俞（愈）疾功（攻）菑，四。寡人有（又）聞梁（梁）入兩使陰成于秦，且君嘗曰：吾縣免（勉）于梁（梁）是（氏），不能辭已。雖乾（韓）亦然。寡人恐梁（梁）氏之棄與國而獨取秦也，是以有講慮。今曰不女（如）□之，疾之，請從。功（攻）秦，寡人之上計；講，最寡人之大（太）下也。梁（梁）氏不恃寡人，樹寡人曰：齊道楚取秦，蘇修在齊矣。故天下洶洶然，曰：寡人將反貴也。寡人無之。乃蜀固于齊，使人于齊大夫之所，而俞（偷）語則有之。寡人不見使□，□大對（懟）也。寡人有反貴之慮，必先與君謀之。寡人與韋非約曰：若與楚遇，將與乾（韓）、梁（梁）四遇，以約功（攻）秦。若楚不遇，將與梁（梁）王複遇於閏地，收秦等，遂（遂）明（盟）功（攻）秦。大（太）上破之，其[次]賓（擯）之，元（其）下完交而□講，與國毋相離也。’此寡人之約也。韋非以梁（梁）王之令（命），欲以平陵蛇（馳）薛，以陶封君。平陵雖（惟）成（城）而已，元（其）鄙盡入梁（梁）氏矣。寡人許之已。”臣以告奉陽君，奉陽君甚兌（悅），曰：“王有（又）使周濕、長駟重令（命）悅（兌），悅（兌）也敬受令（命）。”奉陽君合（答）臣曰：“篥（彗）有私義（議），與國不先反而天下有功（攻）之者，雖知不利，必據之。與國有先反者，雖知不利，必怨之。”今齊、勺（趙）、燕循相善也。王不棄與國而先取秦，不棄篥（彗）而反貴也，王何患於不得所欲。梁（梁）氏先反，齊、勺（趙）功（攻）梁（梁），齊必取大樑（梁）以東，勺（趙）必取河內，秦案不約而應，王何患于梁（梁）。梁（梁）、乾（韓）無變，三晉與燕為王功（攻）秦，以便王之功（攻）宋也，王何不利焉。今王棄三晉而收秦反貴也，是王破三晉而複臣天下也。天下將入地與重摯（質）于秦而獨為秦臣以怨王。臣以為不利於足不下（“足”下“不”字衍文），願王之完三晉之交，與燕也講亦以是，疾以是。（《戰國縱橫家書》第十二章，蘇秦自趙獻書于齊王）
前287,287,周赧王二十八年（西元前二八七年）,12,考案,秦、齊、燕、趙、魏、宋,,攻、滅,案：此書發于五國攻秦數月無功，齊兵停留于滎陽成皋之時。齊正考慮與秦講和。齊王告趙奉陽君，對梁有四點不滿，一是梁留齊兵於觀（在今河南清豐縣南），數月未迎接前進。二是齊兵停留于滎陽、成皋數月，而梁一再攻宋，當齊第二次攻宋，請梁閉關於宋，梁不許。當齊與宋講和時，又來爭得土地。三是當燕、趙之兵來到時，梁更加緊攻菑。菑為宋邑，在今河南蘭考縣東寧陵縣北，為宋、魏交界處。四是梁遣兩使入秦謀暗中講和。蓋當時齊、魏正爭奪宋地，齊王發起五國攻秦，目的在於擋住秦、趙之干預，以便攻滅宋國。梁之阻撓五國攻秦，目的亦在爭奪宋地。
前287,287,周赧王二十八年（西元前二八七年）,13,史料,秦、齊、楚、燕、韓、趙、晉、宋、蔡,,攻、立、取,乾（韓）彖獻書于齊曰：“秦悔不聽王以先事而後名。今秦王請侍（待）王以三四年。齊不收秦，秦焉受晉國。齊、秦複合，使彘反（返），且複故事，秦卬曲盡聽王。齊取宋，請令楚、梁（梁）毋敢有尺地于宋，盡以為齊。秦取梁（梁）之上黨。乾（韓）、梁（梁）從，以功（攻）勺（趙），秦取勺（趙）之上地，齊取河東。勺（趙）從，秦取乾（韓）之上地，齊取燕之陽地。三晉大破，而[攻楚]，秦取鄢田、雲夢，齊取東國、下蔡。使從親之國，如帶而已。齊、秦雖立百帝，天下孰能禁之。”（《戰國縱橫家書》第十三章，韓景獻書于齊王）
前287,287,周赧王二十八年（西元前二八七年）,14,考案,秦、齊、楚、燕、韓、晉、宋,蘇秦、齊湣王,攻、立、合縱、滅、取,案：此時韓蜀上書齊湣王，聲稱秦王後悔不聽齊王“以先事而後名”，即先造成事實，然後再立帝號，希望齊、秦複合，重召為相，且複故事，許諾齊攻取宋以後盡有宋地，並進而瓜分三晉及燕、楚之地。時齊湣王已任蘇秦為相，直至爆發五國合縱攻齊時，未嘗複相韓蜀。《田世家》記齊湣王三十八年（當作十五年）齊滅宋，出於“韓聶之攻宋”。韓聶即韓瑉或韓蜀，此乃誤以齊初次攻宋之事列于齊滅宋之年。
前287,287,周赧王二十八年（西元前二八七年）,15,史料,秦、齊、楚、燕、韓、趙、晉、宋,蘇秦,攻、取,自梁(梁)獻書于燕王曰：薛公未得所欲于晉國，欲齊之先變以謀晉國也。臣故令遂恐齊王曰：“天下不能功(攻)秦，□道齊以取秦。”[齊王]甚懼而欲先天下，慮從楚取秦，慮反(返)乾(韓)景，有(又)慮從勺(趙)取秦。今梁、勺(趙)、韓、□□□□□□薛公、徐為有辭，言勸晉國變矣。齊先鬻勺(趙)以取秦，後賣秦以取勺(趙)而功(攻)宋，今有(又)鬻天下以取秦。如是而薛公、徐為不能以天下為亓(其)所欲，則天下故(固)不能謀齊矣。願王之使勺(趙)弘急守徐為，令田賢急守薛公，非是毋有使于薛公、徐之所，它(他)人將非之以敗臣。毋與奉陽君言事，非于齊，一言毋舍也。事必□□南方強，燕毋首。有(又)慎毋非令群臣眾義(議)功(攻)齊。齊王以燕為必侍(待)亓(其)檠(敝)而功(攻)齊，未可解(懈)也。言者以臣□賤而邈于王矣。(《戰國縱橫家書》第七章，蘇秦自梁獻書于燕王)
前287,287,周赧王二十八年（西元前二八七年）,16,考案,秦、齊、燕、趙、宋,蘇秦,伐、攻、滅、取、會,案：此謂“齊先鬻趙以取秦”，即指齊、秦並稱東、西帝而約伐趙。此謂“後賣秦以取趙而攻宋”，即指齊、趙會于阿，“約攻秦去帝”而謀滅宋。此謂“今又靄天下以取秦”，即指齊在五國攻秦罷于成皋，欲先天下與秦講和。是時齊王已發覺燕將待其攻宋疲而攻齊，蘇秦因此請燕王“慎毋非令群臣眾議攻齊”。
前287,287,周赧王二十八年（西元前二八七年）,17,史料,秦、齊、燕、魯、宋,蘇秦,攻,謂齊王：“燕王難於王之不信己也則有之，若慮大惡□則無之。燕大惡，臣必以死諍(爭)之，不能，必令王先知之。必毋聽天下之惡燕交者。以臣所□□□魯甚焉，□臣大□□息士民，毋庸發怒于宋、魯也。為王不能，則完天下之交，複與梁(梁)王遇。□功(攻)宋之事，士民句(苟)可複用，臣必王之無外患也。若燕，臣必以死必之。臣以燕重事齊，天下必無敢東視□□，兄(況)臣能以天下功(攻)秦，疾與秦相萃也而不解，王欲複功(攻)宋而複之，不而舍之，王為制矣。”(《戰國縱橫家書》第十章，蘇秦謂齊王)
前287,287,周赧王二十八年（西元前二八七年）,18,考案,秦、齊、燕、宋,蘇秦、齊湣王,攻、滅,案：此為齊湣王得知燕欲謀齊之策劃，蘇秦為燕辯解，並以“死”作保證。以為可乘此天下攻秦之時機，再度攻宋而覆滅之。
前287,287,周赧王二十八年（西元前二八七年）,19,史料,秦、齊、楚、燕、韓、趙、魏、晉、吳、宋,蘇秦,伐、攻、救、取,齊欲攻宋，秦令起賈禁之，齊乃捄趙以伐宋（捄，姚注：“一作收。”鮑本改“援”）。秦王怒，屬怨于趙。李兌約五國以伐秦，無功，留天下之兵于成皋，而陰構于秦（構，姚注：“曾作講。”鮑本改“講”），又欲與秦攻魏，以解其怨而取封焉。魏王不悅，蘇秦之齊謂齊王曰（“蘇秦”二字原缺，今從徐中舒校補）：“臣為足下調魏王曰：‘三晉皆有秦患，今之攻秦也，為趙也。五國伐趙，趙必亡矣。秦逐李兌（鮑本誤改“秦”為“齊”），李兌必死，今之伐秦也，以救李子之死也。今趙留天下之甲于成皋，而陰鬻之于秦，已講，則合秦攻魏以成其私封（“合”原作“令”，從金正煒改正，下文“而乃令秦攻王”，“令”亦“合”之誤），王之事趙也何得矣？且王嘗濟於漳而身朝於邯鄲，抱陰成，負葛孽（“葛孽”原作“蒿葛薛”，從吳師道改正），以為趙蔽，而趙無為王行也。今又以河陽、姑密封其子“河”原作“何”，從鮑本改），而乃合秦攻王以便取陶。人比然後知賢不(“知”原作“如”，從鮑本改），如王若用所以事趙之半收齊，天下有敢謀王者乎？王之事齊也，無入朝之辱，無割地之費，齊為王之故，虛國于燕、趙之前，用兵於二千里之外，故攻城野戰，未嘗不為王先被矢石也；得二都，割河東，盡效之于王；自是之後，秦攻魏，齊甲未嘗不歲至於王之境也，請問王之所以報齊者可乎？韓岷處於趙（姚注：“劉本趙作楚”），去齊三千里，王以此疑齊曰“有秦陰”，今王又挾故薛公以為相，善韓徐以為上交，尊虞商以為大客，王固可以反疑齊乎？（鮑本“固”作“顧”，“疑”下有“於”字）魏王聽此言也甚詘，其欲事王也甚循，其怨于趙（“其”讀作“綦”，極也）。臣願王之日聞魏而無庸見惡也（“日”原作“曰”，從鮑本改）。臣請為王推其怨于趙。願王之陰重趙而無使秦之見王之重趙也。秦見之且亦重趙，齊、秦交重趙，臣必見燕與韓、魏亦且重趙也，皆且無敢與趙治。三國事趙（“三”原作“五”，從鮑本改），趙從親以合于秦，必為王高矣。臣故欲王之遍劫天下而皆私甘之也(“遍”原作“偏”，從鮑本改）。王使以韓、魏與燕劫趙（“使”下原衍“臣”字，從關修齡改正），使丹也甘之。以趙劫韓、魏，使甘也甘之(“使”下“甘”字原作“臣”，從姚引一本改正）。以三晉劫秦，使順也甘之。以天下劫楚，使岷也甘之。則天下皆逼秦以事王，而不敢相私也。交定，然後王擇焉。”（《趙策四》第二章）
前287,287,周赧王二十八年（西元前二八七年）,20,考案,秦、齊、楚、燕、韓、趙、魏、晉、周、吳、宋、中山、代,蘇秦,伐、攻、救、合縱、取,案：此章“之齊謂齊王曰”上所缺人名，當即蘇秦，此與帛書《戰國縱橫家書》中所有蘇秦遊說辭同樣未署名。當五國伐秦、留天下之兵于成皋後，趙欲陰講于秦，又欲與秦攻魏，蘇秦為此入魏進說魏昭王，使魏怨趙而不疑齊，因當時魏相薛公、趙將韓徐為謀合縱攻齊，甚得魏王信任。此乃蘇秦進說魏王回齊後，向齊王之報告，欲齊王“遍劫天下”，即以威勢迫使各國服從。五國伐秦，無功，罷于成皋。趙欲構于秦（鮑本“構”皆作“講”），楚與魏、韓將應之，齊弗欲（“齊”原作“秦”，從鮑本改）。蘇代謂齊王曰：“臣以為足下見奉陽君矣（鮑本“以”作“已”）。臣謂奉陽君曰：‘天下散而事秦（鮑本“事”作“爭”），秦必據宋，魏冉必妒君之有陶也（“陶”原皆誤作“陰”，今一併改正）。秦王貪，魏冉妒，則陶不可得已矣。君無構，齊必攻宋，齊攻宋，則楚必攻宋，魏必攻宋，燕、趙助之。五國據宋，不至一二月，陶必得矣。得陶而構，秦雖無變，則君無患矣。若不得已而必構，則願五國複堅約，願得趙，足下雄飛，與韓氏大吏東免齊王（“免”，鮑本作“勉”，“免”通“勉”），必無召呡也，使堅守約（“堅”誤作“臣”，從金正煒改），若與有倍約者（鮑本“與”下有“國”字），以四國攻之。無倍約者，而秦侵約，五國複堅而賓之（鮑本改“賓”為“擯”，“賓”通“擯”）。今韓、魏與齊相疑也，若複不堅約而講，臣恐與國之大亂也。齊、秦非複合也，必有跨重者矣。後合與跨重者，皆非趙之利也。且天下散而事秦，是秦制天下也。秦制天下，將何以天下為？臣願君之蚤計也。天下爭秦有六舉，皆不利趙矣。天下爭秦，秦王受負海之國（“海”下原衍“內”字，今從鮑本刪），合負親之交，以據中國，而求利於三晉，是秦之一舉也，秦行是計，不利於趙，而君終不得陶，一矣。天下爭秦，秦王內韓瑉于齊，內成陽君于韓，相魏懷于魏，複合衍交兩王（姚注：“衍，劉作術”，金正煒雲：“疑當作衡。”），王賁、韓他之曹，皆起而行事，是秦之一舉也，秦行是計也，不利於趙，而君又不得陶，二矣。天下爭秦，秦王受齊受趙，三強三親（“強”原誤作“疆”，從鮑本改正），以據魏而求安邑，是秦之一舉也。秦行是計，齊、趙應之，魏不待伐，抱安邑而信秦（“信”，鮑本作“倍”，鮑注：“倍，益也。”），秦得安邑之饒，魏為上交，韓必入朝，秦過趙已安邑矣，秦行是計，不利於趙，而君必不得陶，三矣。天下爭秦，秦堅燕、趙之交，以伐齊收楚，與韓呡而攻魏（金正煒雲：“呡字涉上而衍”），是秦之一舉也，秦行是計，而燕、趙應之，燕、趙伐齊，兵始用，秦因收楚而攻魏，不至一二月，魏必破矣，秦舉安邑而塞女戟，韓之太原絕（吳師道雲：“太原，《正義》以為太行，當是”），下釩道、南陽、高伐魏（鮑本改“高”為“而”），絕韓，包二周，即趙自消爍矣。國燥于秦（姚注：“燥一作爍”，鮑注：“燥，猶爍”），兵分于齊，非趙之利也，而君終身不得陶，四矣。天下爭秦，秦堅三晉之交，攻齊，國破財屈（“財”原作“曹”，從鮑本改），而兵東分于齊。秦按攻魏（“按”下原有“兵”字，從王念孫刪。按，語詞，猶言於是），取安邑，是秦之一舉也，秦行是計也，君按救魏，是以攻齊之已弊，與秦爭戰也？（“與”上原衍“救”字，從吳師道刪）君不救也，韓、魏焉免西合，國在謀之中，而君有終身不得陶，五矣。天下爭秦，秦按為義，存亡繼絕，固危扶弱，定無罪之君，必起中山與滕焉，秦起中山與滕（“滕”原皆誤作“勝”，從金正煒改正），而趙、宋同命，何暇言陶？六矣。故曰：君必無講，則陶必得矣。'奉陽君曰：‘善。’”乃絕和于秦，而收齊、魏以成取陶。（《趙策四》第四章）
前287,287,周赧王二十八年（西元前二八七年）,21,考案,秦、齊、趙、魏、宋、代,蘇秦、齊湣王,伐、攻、合縱、滅、取,案：此章蘇代謂齊王，蘇代當為蘇秦之誤傳，此即蘇秦懸陶而爭取奉陽君攻秦、以便滅宋之計。此稱奉陽君因此而“絕和于秦，而收齊、魏以成取陶”，但齊湣王滅宋後，奉陽君未能因此得陶。此亦趙首先發動五國合縱伐齊之一原因。
前287,287,周赧王二十八年（西元前二八七年）,22,史料,秦、齊、燕、韓、趙、宋,蘇秦,攻,〔自〕梁（梁）獻書于燕王曰：齊使宋竅侯澹謂臣曰：“寡人與子謀功（攻）宋，寡人恃燕、勺（趙）也。今燕王與群臣謀破齊于宋而功（攻）齊，甚急，兵銜（率）有子循而不知寡人得地于宋，亦以八月歸兵，不得地亦以八月歸兵。”今有（又）告薛公之使者田林，薛公以告臣，而不欲元（其）從己聞也。願王之陰知之而毋有告也。王告人，天下之欲傷燕者與群臣之欲害臣者，將成之。臣請疾之齊觀之而以報。王毋憂，齊雖欲功（攻）燕，未能，未敢。燕南方之交完，臣將令陳臣、許翦以韓、梁（梁）問之齊。足下雖怒于齊，請養之以便事。不然，臣之苦齊王也，不樂生矣。（《戰國縱橫家書》第六章，蘇秦自梁獻書于燕王）
前287,287,周赧王二十八年（西元前二八七年）,23,考案,秦、齊、燕、韓、趙、魏、宋,蘇秦、齊湣王、燕昭王,伐、攻、立、合縱、連橫、取、會,案：齊湣王從蘇秦之計，放棄東帝稱號，取消五國連橫伐趙之約，反而與趙王約定，合縱五國攻秦，以便“以其間舉宋”。當五國合兵攻秦，會師于成皋、滎陽之際，齊即發動第二次攻宋。是時趙、魏亦正合兵攻宋，於是齊、魏爭奪宋地，魏即留五國之師于成皋，而不進兵攻秦。上引帛書第十四章蘇秦謂齊王曰：“王又欲得兵以攻平陵（宋邑），是害攻秦也。天下之兵皆去秦而與齊爭宋地，此其為禍不難矣。”其實，其為禍，不僅天下之兵“與齊爭宋地”，而且魏相孟嘗君、趙將韓徐為早已約燕昭王乘機合縱伐破齊國。雖然蘇秦嘗請燕昭王令群臣勿“眾議攻齊”。是時，燕王與群臣謀乘機破齊之消息傳至齊王，因燕謀“攻齊甚急”，齊王於是決定於八月歸兵，即使不得地，亦以八月歸兵，說明形勢嚴峻。但齊王尚不知蘇秦為燕之間諜，更不知孟嘗君即是主謀合縱攻齊者，即將上述決定告知蘇秦與孟嘗君。而孟嘗君亦不知蘇秦為間諜而將上述決定轉告之，因而蘇秦在梁立刻將此確實情報上告燕昭王。蘇秦此信，乃間諜之情報性質。蘇秦又雲：“臣請疾之齊觀之而以報”，可知蘇秦此後繼續向燕昭王送情報。此後燕昭王之得以合縱五國而攻破齊國，蘇秦之間諜工作從中起了重大作用。
前287,287,周赧王二十八年（西元前二八七年）,24,史料,秦、齊、韓、魏,,,五國罷成皋，秦王欲為成陽君求相韓、魏，韓、魏弗聽。秦太后為魏冉謂秦王曰：“成陽君以王之故，窮而居於齊，今王見其達而收之，亦能翕其心乎？”王曰：“未也。”太后曰：“窮而不收，達而報之，恐不為王用。且收成陽君，失韓、魏之道也。”（《秦策三》第七章）
前287,287,周赧王二十八年（西元前二八七年）,25,考案,秦、齊、韓、魏,秦昭王,攻,案：成陽君為韓公子之親秦者，秦昭王十七年入朝秦，因秦攻韓，秦、韓交惡，成陽君不能回韓而居於齊。當五國攻秦無功，罷于成皋，韓、魏又欲親秦，秦王因而欲為成陽君求相韓、魏，太后不許，謂不能見其達而收之。蓋成陽君於是時已歸韓矣。
前287,287,周赧王二十八年（西元前二八七年）,26,史料,秦,秦昭王,攻,[秦昭王]二十年攻安邑。（秦簡《編年記》）
前287,287,周赧王二十八年（西元前二八七年）,27,史料,秦、魏,,拔,[魏昭王]九年秦拔我新垣、曲陽之城。（《魏世家》，《六國表》同）
前287,287,周赧王二十八年（西元前二八七年）,28,考案,秦、齊、趙、魏,,攻、合縱、拔,案：是年秦攻魏，當在五國攻秦無功而罷于成皋之後。當齊約趙發動五國合縱攻秦之初，秦為緩解五國攻勢，廢除帝號，並將溫、軹、高平歸還于魏。及五國罷于成皋，秦又繼續分兵兩路攻魏，一路攻河內，拔新垣、曲陽。曲陽在今河南濟源縣西；新垣即在曲陽附近。《正義》雲：“新垣近曲陽，未詳端的所之處也。”新垣、曲陽皆在軹、高平之西。秦兵另一路攻河東之安邑，次年魏被迫獻納安邑及河內之地。
前287,287,周赧王二十八年（西元前二八七年）,29,史料,秦,,,[秦昭襄王]二十年王之漢中，又之上郡、北河。（《秦本紀》）
前287,287,周赧王二十八年（西元前二八七年）,30,考案,秦、趙,,取,案：秦于昭王十二年已取得廣衍，見十二年上郡守壽戈刻銘。是年秦王“又之上郡北河”，或者秦已進而北上取得北河之地。或者經過戎地而至北河，如同秦惠文王更元五年“王北遊戎地至河上”（見《六國表》）。馬非百《秦集史·郡縣誌》上郡下列有北河，雲：“北河應為一縣，其地當在無定河上，昭王時榆中、九原尚屬趙，不得謂為黃河也。故《秦本紀》特言上郡北河，明謂北河屬於上郡也。”此說大謬。
前287,287,周赧王二十八年（西元前二八七年）,31,史料,齊、趙,,攻,[趙惠文王]十二年趙、梁將攻齊。（《趙世家》）
前287,287,周赧王二十八年（西元前二八七年）,32,考案,秦、齊、燕、韓、趙、魏、宋,燕昭王,伐、攻、合縱,案：是時齊、魏正分別攻宋，爭奪宋地。魏相孟嘗君、趙將韓徐為正約燕昭王共伐齊。趙於此年首先開始攻齊，當在五國攻秦無功而罷于成皋之後，成為此後五國合縱伐齊之先聲。
前287,287,周赧王二十八年（西元前二八七年）,33,史料,秦,秦昭王,,秦昭王二十年牡馬生子而死。（《漢書·五行志》引《史記》《洪範五行傳》同）
前287,287,周赧王二十八年（西元前二八七年）,34,考案,秦,,,案：《秦本紀》于昭王二十年下有《集解》引徐廣曰：“秦地有父馬生駒。”於二十一年又有《集解》引徐廣曰：“有牡馬生牛而死。”張文虎《劄記》以為所引徐廣語，“乃《史記》本文誤入注，訛子為牛”。
前287,287,周赧王二十八年（西元前二八七年）,35,史料,秦、齊、楚、燕、韓、趙、魏、晉、魯、越、吳、衛、宋、中山、蔡,蘇秦、智伯,伐、攻、圍、救、卒、立、滅、取、拔、賂、殺、奔,蘇秦說齊閔王曰（吳師道雲：“此策舊為蘇秦實誤）》：“臣聞用兵而喜先天下者，憂；約結而喜主怨者，孤；夫後起者藉也；而遠怨者時也；是以聖人從事，必藉于權而務興于時。夫權藉者，萬物之率也；而時勢者，百事之長也；故無權藉，倍時勢，而能事成者，寡矣！今雖幹將莫邪，非得人力，則不能割劌矣；堅箭利金，不得弦機之利，則不能遠殺矣；矢非不銛，而劍非不利也，何則？權藉不在焉！何以知其然也？昔者，趙氏襲衛，車不舍（“車”下原脫“不”字，從金正煒補），人不休，傅衛國，城剛平（“傅”原作“傳”，“剛”原作“割”，從王念孫改正），衛八門土而二門墮矣。此亡國之形也。衛君跣行告溯于魏，魏王身被甲底劍（姚注“底一作砥”，鮑注：“底砥同，礪也。”），挑趙索戰，邯鄲之中騖，河、山之間亂。衛得是藉也，亦收餘甲，而北面殘剛平，墮中牟之郭。衛非強于趙也，譬之衛矢而魏弦機也，藉力于魏而有河東之地。趙氏懼，楚人救趙而伐魏，戰於州西，出梁門，軍舍林中，馬飲于大河；趙得是藉也，亦襲魏之河北，燒棘蒲，墜黃城。故剛平之殘也，中牟之墮也，黃城之墜也，棘蒲之燒也，此皆非趙、魏之欲也。然二國勸行之者，何也？衛明于時權之藉也。今世之為國者不然矣。兵弱而好敵強，國罷而好眾怨（金正煒雲：“眾當為聚”），事敗而好鞠之，兵弱而憎下人，地狹而好敵大，事敗而好長詐，行此六者而求伯，則遠矣。臣聞善為國者，順民之意而料兵之能，然後從於天下；故約不為人主怨，伐不為人挫強。如此，則兵不費，權不輕，地可廣，欲可成也。昔者齊之與韓、魏伐秦、楚也，戰非甚疾也，分地又非多韓、魏也，然而天下獨歸咎于齊者，何也？以其為韓、魏主怨也。且天下遍用兵矣，齊、燕戰而趙氏兼中山，秦、楚戰韓、魏不休，而宋、越專用其兵。此十國者，皆以相敵為意，而獨舉心于齊者，何也？約而好主怨，伐而好挫強也。且夫強大之禍，常以王人為意也。夫弱小之殃，常以謀人為利也；是以大國危，小國滅也。大國之計，莫若後起而重伐不義。夫後起之藉與多而兵勁，則事以眾強適罷寡也（鮑本改“適”為“敵”，吳師道雲：“適、敵通”）。兵必立也。事不塞天下之心，則利必附矣。大國行此，則名號不攘而至，伯王不為而立矣。小國之情，莫如謹靜而寡信諸侯。謹靜（“謹”原作“僅”，從鮑本改正），則四鄰不反；寡信諸侯，則天下不賣。外不賣，內不反，則挨禍朽腐而不用（鮑本改“挨禍”為“稸積”），幣帛矯蠢而不服矣（黃丕烈雲：“此以矯為槁字”）。小國道此，則不祠而福矣，不貸而見足矣。故曰：“祖仁者王，立義者伯，用兵窮者亡。”何以知其然也？昔吳王夫差以強大為天下先，襲郢而棲越（“襲”上原有“強”字，姚注：“曾本無強字”，今據刪），身從諸侯之君，而卒身死國亡為天下戮者，何也？此夫差平居而謀王，強大而喜先天下之禍也！昔者，萊、莒好謀，陳、蔡好詐，莒恃越而滅，蔡恃晉而亡。此皆內長詐外信諸侯之殃也。由此觀之，則強弱大小之禍，可見於前事矣。語曰：‘騏驥之衰也，駑馬先之；孟賁之倦也，女子勝之。’夫駑馬、女子，筋力骨勁，非賢於騏驥、孟賁也，何則？後起之藉也。今天下之相與也不並滅，有而案兵而後起，寄怨而誅不直，微用兵而寄于義（金正煒改作“微怨而誅不直，用兵而寄於義”），則亡天下可跼足而須也（王念孫雲：“跼與蹻同，蹻足，舉足也”）。明于諸侯之故，察於地形之理者，不約親，不相質而固，不趨而疾，眾事而不反（金正煒雲：“眾當為逮，逮事不反，言及於有事而不相背也。”），交割而不相憎，俱強而加以親。何則？形同憂而兵趨利也。何以知其然也？昔者，齊、燕戰于桓之曲，燕不勝，十萬之眾盡，胡人襲燕樓煩數縣，取其牛馬。夫胡之與齊，非素親也，而用兵又非約質而謀燕也，然而甚於相趨者，何也？則形同憂而兵趨利也。由此觀之，約於同形則利長，後起則諸侯可趨役也。故明主察相，誠欲以伯王為志，則戰攻非所先。戰者，國之殘也，而都縣之費也。殘費已先，而能從諸侯者，寡矣。彼戰者之為殘也，士聞戰，則輸私財而富軍市，輸飲食而待死士，令折轅而炊之，殺牛而觴士，則是路君之道也（黃丕烈雲：“路，羸也，下作露。君是軍之誤。”金正煒雲：“君或群字之損”）。中人禱祝，君翳禳（“禳”原作“釀”，從金正煒改正），通都小縣置社，有市之邑，莫不止事而奉王。則此虛中之計也。夫戰之明日，屍死扶傷，雖若有功也，軍出費，中哭泣，則傷主心矣。死者破家而葬，夷傷者空財而共藥，完者內酺而華樂，故其費與死傷者鈞。故民之所費也，十年之田而不償也。軍之所出，矛戟折，鐶弦絕，傷弩破車罷馬亡矢之大半，甲兵之具，官私之所出也（“私”原在“所”字下，從金正煒移正）。士大夫之所匿，廝養士之所竊，十年之田而不償也。天下有此再費，而能從諸侯者寡矣。攻城之費，百姓理襜蔽，舉沖櫓，蒙雜總（“蒙”原作“家”，從金正煒改正），穿掘穴（“穿”原作“身”，王念孫雲：“身者穿之壞字。”“掘”原作“窟”。黃丕烈雲：“此以窟為掘字。”），中罷于刀金（金正煒雲：“中當為眾。”“中”亦或“卒”字之誤）。而士困於土功，將不釋甲，期數而能拔城者，為亟耳。上倦於教，士斷於兵，故三下城而能勝敵者寡矣。故曰：彼戰攻者非所先也。何以知其然也？昔智伯瑤攻范、中行氏，殺其君，滅其國，又西圍晉陽，吞兼二國而憂一主。此用兵之盛也。然而智伯卒身死國亡為天下笑者，何謂也？兵先戰攻而滅二子之患也。昔者，中山悉起而迎燕、趙，南戰于長子，敗趙氏；北戰于中山，克燕軍，殺其將。夫中山，千乘之國也，而敵萬乘之國二，再戰比勝，此用兵之上節也，然而國遂亡，君臣于齊者，何也？不嗇于戰攻之患也。由此觀之，則戰攻之敗，可見於前事矣。今世之所謂善用兵者，終戰比勝而守不可拔，天下稱為善。一國得而保之，則非國之利也。臣聞戰大勝者，其士多死，而兵益弱；守而不可拔者，其百姓罷而城郭露；夫士死於外，民殘於內，而城郭露於境，則非王之樂也。今夫鵠的，非咎罪於人也，便弓引弩而射之，中者則善，不中則愧，少長貴賤則同心於貫之者，何也？惡其示人以難也。今窮戰比勝而守必不拔，則是非徒示人以難也，又且害人者也，然則天下仇之必矣。夫罷士露國而多與天下為仇，則明君不居也；素用強兵而弱之，則察相不事也；彼明君察相者，則五兵不動而諸侯從，辭讓而重賂至矣。故明君之攻戰也，甲兵不出而敵國勝，沖櫓不施而邊城降，士民不知而王業至矣。彼明君之從事也，用財少，曠日遠，而為利長者。故曰：兵後起，則諸侯可趨役也。臣之所聞攻戰之道非師者，雖有百萬之軍，北之堂上（“北”原作“比”，從吳師道改作“北”，鮑注：“謀之於堂，彼自敗也”）；雖有闔閭、吳起之將，禽之戶內；千丈之城，拔之尊俎之間；百尺之沖，折之衽席之上；故鐘鼓竽瑟之音不絕，地可廣而欲可成；和樂倡優侏儒之笑不乏（“乏”原作“之”，從金正煒改正。《漢書·徐樂傳》“俳優侏儒之笑不乏於前”，可證），諸侯可同日而致也。故名配天地不為尊，利制海內不為厚。故夫善為王業者，在勞天下而自佚，亂天下而自安（此下原有“諸侯無成謀，則其國無宿憂也，何以知其然”十七字，皆涉下文而衍，今從王念孫刪去）。佚治在我，勞亂在天下，則王之道也。銳兵來則拒之，患至則趨之（姚注：“則趨一本作而移”），使諸侯無成謀，則其國無宿憂矣。何以知其然也？昔者魏王擁土千里，帶甲三十六萬，其強北拔邯鄲（“北”原作“而”，從金正煒改正），西圍定陽，又從十二諸侯朝天子，以西謀秦。秦王恐之，寢不安席，食不甘味，令於境內，盡堞中為戰具，竟為守備，為死士置將，以待魏氏。衛鞅謀于秦王曰：夫魏氏，其功大而令行於天下，有從十二諸侯而朝天子，其與必眾，故以一秦而敵大魏，恐不如。王何不使臣見魏王，則臣請必北魏矣。秦王許諾。衛鞅見魏王，曰：“大王之功大矣。令行於天下矣。今大王之所從十二諸侯，非宋、衛也，則鄒、魯、陳、蔡，此固大王之所以鞭箠使也，不足以王天下。大王不若北取燕，東伐齊，則趙必從矣；西取秦，南伐楚，則韓必從矣。大王有伐齊、楚心，而從天下之志，則王業見矣。大王不如先行王服，然後圖齊、楚。魏王說于衛鞅之言也，故身廣公宮，制丹衣，建九斿之旌（“建九斿之旌”，原作“柱建九斿”，王念孫以為當作“建旌九斿”，金正煒以為當作“建九斿之旌”與“從七星之旌”對文。今從之），從七星之旌，此天子之位也，而魏王處之，於是齊、楚怒，諸侯奔齊，齊人伐魏，殺其太子，覆其十萬之軍。魏王大恐，跣行按兵于國，而東次於齊，然後天下乃舍之。當是時，秦王垂拱受西河之外，而不以德魏王。故衛鞅之始與秦王計也，謀約不下席，言於尊俎之間，謀成於堂上，而魏將以禽于齊矣；沖櫓未施，而西河之外已入于秦矣。此臣之所謂北之堂上，禽將戶內，拔城於尊俎之間，折衝席上者也。”（《齊策五》）
前287,287,周赧王二十八年（西元前二八七年）,36,考案,秦、齊、燕、吳、代,蘇秦、齊湣王,攻、稱帝,案：此章舊為“蘇秦謂齊王”，姚注：“一本無上二字”，鮑本改為“蘇子”。吳師道以為蘇秦“竟欲敝齊而為燕”，蘇代繼之，“為燕反間，驕其君，勞其民，而速其亡也”，“此策舊為蘇秦實誤”，“本無章首二字者是矣”。此策反對用兵先天下，主張“後起”與“遠怨”，利用“權藉”與“時勢”，以逸待勞，以安待亂，以為“佚治在我，勞亂在天下，則王之道也”。獻策者蓋嘗習黃老之學而又深知戰國形勢變化者，其所舉歷史事件，皆符合當時形勢之變化。此時向齊湣王進言，蓋已逆知其窮兵黷武，勢必使國家勞亂將為人乘機破亡也。蘇秦遊說秦王主張“廢文任武”，“並諸侯，吞天下，稱帝而治。”蘇秦為齊相而發動五國攻秦，以為由此可成“王天下之業”。與此章主旨極言攻戰之害者，正針鋒相對。可知此篇決非蘇秦之作品。
前287,287,周赧王二十八年（西元前二八七年）,37,史料,秦、韓、趙、周,,伐、攻、救、立,或謂韓王曰：“秦王欲出事于梁，而欲攻絳、安邑，韓計將安出矣？秦之欲伐韓，以東窺周室甚，唯寐忘之。今韓不察，因欲與秦，必為山東大禍矣。秦之欲攻梁也，欲得梁以臨韓，恐梁之不聽也，故欲病之以固交也（“病”，姚注：錢、劉作“痛”，鮑本亦作“痛”）。王不察，因欲中立，梁必怒于韓之不與己，必折為秦用，韓必舉矣。願王熟慮之也。不如急發重使之趙、梁，約複為兄弟，使山東皆以銳師戍韓、梁之西邊（“戍”原誤作“戊”，今從盧本、閎本、畿輔本及鮑本改正），非為此也，山東無以救亡，此萬世之計也。秦之欲並天下而王之也，不與古同。事之雖如子之事父，將猶亡之也。行雖如伯夷，猶將亡之也。行雖如桀、紂，猶將亡之也。雖善事之，無益也。不可以為存，適足以自令亟亡也。然則山東非能從親合而相堅如一者，必皆亡矣。”（《韓策三》第四章）
前287,287,周赧王二十八年（西元前二八七年）,38,考案,秦、齊、燕、韓、魏、晉、周、吳、宋、代,蘇秦、秦昭王,伐、攻、救、合縱、滅,案：呂祖謙《大事記》引此策，謂論秦最得其情，附見於周赧王二十九年魏獻安邑之後。吳師道以此為陳軫之言，乃陳軫謀合縱抗秦時所說，當在周赧王十六年，見於《齊策一》第十五章所作補注。以為《齊策》載“秦伐魏，陳軫合三晉而東謂齊王曰：‘今秦欲攻梁、絳、安邑’”云云，與此所說相合。此後為《戰國策》作注釋者皆從其說。其實非是，仍當以《大事記》所說為是。秦簡《編年記》載秦昭王二十年“攻安邑”。《燕策二》第一章記蘇代約燕王曰：“秦正告魏曰：我舉安邑……我下邰道、南陽……陸攻則擊河內，水攻則滅大樑，魏氏以為然，故事秦。秦欲攻安邑，恐齊救之，則以宋委于齊。……已得安邑，塞女戟，因以破宋為齊罪。”所述正秦昭王二十年攻安邑前後之事。此策言“使山東皆以銳師戍韓、梁之西邊，非為此也，山東無以救亡”，其合縱之主旨在於為山東各國救亡，此與周赧王十六年前後之形勢不合，而與秦昭王二十年即周赧王二十八年之形勢正合。此非陳軫之遊說辭，當為蘇秦或蘇代等人之遊說辭。
前286,286,周赧王二十九年（西元前二八六年）,1,史料,秦、韓、趙、魏,秦昭王,,秦昭王二十一年，魏昭王十年，韓釐王十年，趙惠文王十三年，
前286,286,周赧王二十九年（西元前二八六年）,2,史料,秦、齊、楚、燕、韓、魏、晉、周、吳、宋,齊湣王、燕昭王,伐、攻、取、殺,齊湣王十五年，楚頃襄王十三年，燕昭王二十六年。五國伐秦，無功而還。其後齊欲伐宋，而秦禁之。齊令宋郭之秦請合而以伐宋，秦王許之。魏王畏齊、秦之合也，欲講于秦。謂魏王曰：“秦王謂宋郭曰：分宋之城，服宋之強者，六國也。乘宋之敝，而與王爭得者，楚、魏也。請為王毋禁楚之伐魏也，而王獨舉宋。王之伐宋也，請剛柔而皆用之。如宋者，欺之不為逆者（“者”字從曾本增補），殺之不為仇者也，王無與之講以取地（“無”，發聲助詞），既已得地矣又以力攻之，期於啖宋而已矣。”臣聞此言，而竊為王悲，秦必且用此于王矣。又必且曰王以求地（鮑本改“曰”為“劫”，“以”作“必”。黃丕烈雲：“曰當作因”），既已得地，又且以力攻王，又必謂王曰使王輕齊（黃丕烈雲：“謂當作講，曰當作因”）。齊、魏之交已醜，又且收齊以更索于王、秦嘗用此于楚矣，又嘗用此于韓矣，願王之深計之也。秦善魏不可知也已。故為王計，太上伐秦，其次賓秦（“賓”通“擯”），其次堅約而詳講（吳師道雲：“詳、佯通”），與國無相離也（“離”，鮑本作“讎”）。秦、齊合，國不可為也已。王其聽臣也，必無與講，秦權重，魏冉（舊訛作“魏魏再”）明孰是（“孰”通“熟”），故又為足下傷秦者，不敢顯也。天下可令伐秦，則陰勸而弗敢圖也。見天下之傷秦也，則先鬻與國而以自解也。天下可令賓秦（“賓”通“擯”），則為劫于國而不得已者（“為”通“偽”），天下不可，則先去，而以秦為上交，以自重也。如是人者，鬻王以為資者也，而焉能免國於患？免國于患者，必窮三節而行其上，上不可則行其中，中不可則行其下，下不可則明不與秦，而生以殘秦。使秦皆無百怨百利，惟己之曾安。令足下鬻之以合于秦，是免國于患者之計也。臣何足以當之？雖然，願足下之論臣之計也。燕、齊仇國也，秦兄弟之交也，合仇國以伐婚姻，臣為之苦矣。黃帝戰于涿鹿之野，而西戎之兵不至。禹攻三苗，而東夷之民不起。以燕伐秦，黃帝之所難也，而臣以致燕甲而起齊兵矣。臣又遍事三晉之吏奉陽君、孟嘗君、韓晄、周取、韓儕為（“遍”原作“偏”，今從鮑本改正。“周取”下原衍“周”字，今刪。韓餘為即韓徐為)，徒為從而下之(黃丕烈雲：“徒，但也。從，合從”)，恐其伐秦之疑也，又身自醜于秦。扮之請焚天下之秦符者，臣也(黃丕烈雲：“扮當作初”)。次傳焚符之約者臣也。欲使五國約閉秦關者，臣也。奉陽君韓餘為既和矣，蘇修、朱嬰既皆陰在邯鄲，臣又說齊王而往敗之，天下共講，因使蘇修遊天下之語，而以齊為上交，兵請伐魏(黃式三雲：“疑當作楚兵伐魏，承上毋禁楚之伐魏而言也”)。臣又爭之以死而果西，因蘇修重報。臣非不知秦權之重也，然則所以為之者為足下也。”(《魏策二》第七章)
前286,286,周赧王二十九年（西元前二八六年）,3,考案,秦、齊、韓、趙、晉、周、吳、代,蘇秦,伐、攻、立、取、奔,案：鮑彪雲：“彪謂此非蘇代不能也。”吳師道雲：“按《趙策·五國伐秦章》，蘇代說奉陽君云云，中有與此章出入者，知此必代之辭也。三策並陳，上則伐之，中則擯之，下則揖之，未及伐之敗也。”今以帛書《戰國縱橫家書》中第十二章蘇秦自趙獻齊王書等比較，可知此必蘇秦之辭。帛書第十二章曰：“太上破之，其次賓(擯)之，其下完交而□講，與國毋相離也，此寡人之約也。”此亦曰：“太上伐秦，其次賓(擯)秦，其次堅約而詳(佯)講，與國無相離也。”如出一口。此又雲：“臣遍事三晉之吏奉陽君、孟嘗君、韓岷、周冣、韓俟為（即韓徐為），徒為從而下之”。就帛書有關蘇秦十四章觀之，蘇秦確是常奔走於此等三晉之吏之間者。此雲“初之請焚天下之秦符者，臣也”，即蘇秦請齊王廢除帝號而取消齊、秦並稱東、西帝之約。此雲：“次傳焚符之約者臣也。”即蘇秦至東方各國宣佈廢除“立兩帝、約伐趙”之約。此雲：“欲使五國約閉秦關者，臣也。”即蘇秦以李兌名義發動五國攻秦之舉。
前286,286,周赧王二十九年（西元前二八六年）,4,史料,秦、齊、燕、趙、晉、宋,,攻,泠向謂秦王曰：“向欲以齊事王，使攻宋也（姚注：“使一作故”）。宋破，晉國危，安邑王之有也。燕、趙惡齊、秦之合，必割地以交于王矣（金正煒雲：“交當為效”）。齊必重于王。則向之攻宋也，且以恐齊而重王（金正煒雲“恐字疑本為恣，言將使天下疾齊之恣，而交走秦也”）。王何惡向之攻宋乎？向以王之明為先知之，故不言。”（《秦策一》第四章）
前286,286,周赧王二十九年（西元前二八六年）,5,史料,秦、齊、燕、宋、代,蘇秦,攻、救,秦欲攻安邑，恐齊救之，則以宋委于齊，曰：“宋王無道，為木人以寫寡人（鮑本“寫”作“象”，《蘇秦列傳》亦作“寫”），射其面，寡人地絕兵遠，不能攻也，王苟能破宋有之，寡人如自得之。已得安邑，塞女戟，因以破宋為齊罪。”（《燕策二》第一章蘇代約燕王，《蘇秦列傳》末段同）
前286,286,周赧王二十九年（西元前二八六年）,6,史料,秦、魏,,攻、遷,[秦昭襄王]二十一年錯攻魏河內。魏獻安邑，秦出其人，募徙河東，賜爵，赦罪人遷之。（《秦本紀》）
前286,286,周赧王二十九年（西元前二八六年）,7,考案,秦、魏,,攻,案：《六國表》作“魏納安邑及河內”。當以《秦本紀》為是。是年錯攻魏河內。魏獻安邑，未嘗以河內地區全部獻納。
前286,286,周赧王二十九年（西元前二八六年）,8,考案,秦、齊、燕、趙、魏、晉、宋,齊湣王,伐、攻、救、滅、取,又案：《魏策二》第七章謂“五國伐秦無功而還，其後齊欲伐宋，而秦禁之。齊令宋郭之秦，請合而以伐宋，秦王許之”。當五國伐秦無功而還以後，齊、趙、魏爭欲與秦講和而合作。首先為秦所接受者，即齊“請合而以伐宋”。《秦策一》第四章又稱齊使泠向謂秦王“欲以齊事王使伐宋”，即秦王同意齊伐宋，而泠向又謂“宋破，晉國危，安邑王之有也”，即齊王許允安邑為秦所有。《燕策二》第一章又稱：“秦欲攻安邑，恐齊救之，則以宋委于齊”，即是一事。故秦簡《編年記》載昭王二十年攻安邑，《秦本紀》又載昭王二十年魏獻安邑。安邑為魏之舊都，十分重要，秦欲取得，懼齊干涉，因而同意齊攻取宋國。齊湣王發動五國攻秦，目的本在滅宋，因而亦同意秦得安邑。
前286,286,周赧王二十九年（西元前二八六年）,9,史料,秦、齊、趙、魏,,攻、取、殺,秦攻魏，取甯邑，諸侯皆賀。趙王使往賀，三反，不得通，趙王憂之，謂左右曰：“以秦之強，得寧邑以制齊、趙，諸侯皆賀，吾往賀而獨不得通，此必加兵我，為之奈何？”左右曰：“使者三往不得通者，必所使者非其人也。曰諒毅者辨士也，大王可試使之。”諒毅親受命而往（姚注：“一本無親字”），至秦，獻書秦王曰：“大王廣地甯邑，諸侯皆賀，敝邑寡君亦竊嘉之，不敢甯居，使下臣奉其幣物，三至王廷而使不得通。使若無罪，願大王無絕其歡；若使有罪（鮑本“使”下有“者”字），願得請之。”秦王使使者報曰：“吾所使趙國者，小大皆聽吾言，則受書幣；若不從吾言，則使者歸矣。”諒毅對曰：“下臣之來，固願承大國之意也，豈敢有難。大王若有以令之，請奉而行之（“而”下願有“西”字，乃衍文，今刪），無所敢疑。”於是秦王乃見使者，曰：“趙豹、平原君數欺弄寡人，趙能殺此二人則可，若不能殺，請今率諸侯受命邯鄲城下（鮑本“今”作“令”）。”諒毅曰：“趙豹、平原君，親寡君之母弟也，猶大王之有葉陽君、涇陽君也。大王以孝治聞於天下，衣服之便於體，膳啖之嗛於口（以上二句“之”字上衍“使”字，今刪），未嘗不分于葉陽君、涇陽君。葉陽君、涇陽君之車馬衣服，無非大王之服禦者。臣聞之，有覆巢毀卵而鳳皇不翔，刳胎焚夭而騏驥不至。今使臣受大王之令還報，敝邑之君畏懼不敢不行，無乃傷葉陽君、涇陽君之心乎？”秦王曰：“諾，勿使從政。”諒毅曰：“敝邑之君有母弟不能教誨，以惡大國，請黜之，勿使與政事，以稱大國。”秦王乃喜，受其弊而厚遇之（“弊”讀作“幣”）。（《趙策四》第十四章）
前286,286,周赧王二十九年（西元前二八六年）,10,考案,秦、齊、楚、韓、趙、魏、周、宋,范雎、秦昭王,伐、攻、圍、救、合縱、滅、取、拔,案：鮑彪以此為秦昭王五十年解邯鄲圍而取魏甯新中時，不確。當魏、楚合縱救趙，秦軍從邯鄲敗退後，攻取魏之寧新中（即安陽），諸侯不可能皆賀，趙亦不必往賀。馬驌《繹史》卷一百三十八“范雎相秦”中，將此事列于周赧王四十七年秦拔魏懷後，黃式三《周季編略》駁之曰：“是時趙不肯賀，即賀不納，何懼？今編于赧王四十二年，以修武即寧（寧）邑，古通用甯也。趙豹明年封平陽君，此年未封不稱君。前此趙、魏同伐韓，同敗于秦救，事皆相符，《繹史》不足據。”顧觀光則隸此于赧王二十九年，雲：“《秦本紀》昭襄王二十一年魏獻安邑。《趙策》：秦攻魏取甯邑，諸侯皆賀。蘇轍《古史》載于趙惠文王十二年，甯邑作安邑。考趙惠文王十二年冬，正當秦昭襄王二十一年春(趙正建寅，秦正建亥，故有三月之差)。是時魏冉用事，葉陽、涇陽方貴，故《魏策》有魏冉語，而《趙策》諒毅曰：趙豹、平原君親寡君之母弟也，猶大王之有葉陽、涇陽君也。趙惠文王元年勝封平原君，二十七年豹封平陽君。此策不稱豹封，亦事在十二年之一證。自鮑氏誤以甯邑為寧新中，而移于秦昭王之五十年，遂使趙、魏兩《策》皆不可通。”又曰：“甯與安義相近，故有二名。”今案趙王謂左右曰：“以秦之強，得寧邑以制齊、趙，諸侯皆賀”，正合週報王二十九年之形勢，是時秦、齊對峙，齊欲滅宋，秦欲兼併韓、魏，而趙亦謀有所擴展，是年秦許齊滅宋，而齊許秦攻取魏之安邑。因而秦得安邑具有約制齊、趙之作用。蘇轍《古史》記此事不作“寧邑”而作“安邑”，當有所據。顧觀光謂“甯與安義相近，故有二名”，未見其例。疑此策“寧邑”乃“安邑”之誤。至於《魏策四》第十七章載“秦罷邯鄲，攻魏取甯邑”，甯邑當即寧新中。此與《秦本紀》載昭王五十年秦將王齕“攻邯鄲，不拔去”，“即從唐拔寧新中”相合。
前286,286,周赧王二十九年（西元前二八六年）,11,史料,秦、齊、宋,,伐,謂穰侯曰：“為君慮封，莫若于陶（“若”上原無“莫”字，“陶”誤作“除”，從王念孫改正），宋罪重，齊怒深（“深”原誤作“須”，今從黃丕烈、王念孫改正），殘伐亂宋，德強齊，定身封，此亦百世之一時已。”(《秦策三》第五章)
前286,286,周赧王二十九年（西元前二八六年）,12,史料,秦、齊、韓、魏、宋,蘇秦,伐,蘇秦拘于魏，欲走而之韓，魏氏閉關而不通齊使。蘇厲為之謂魏王曰：“齊請以宋地封涇陽君而秦不受也，夫秦非不利有齊而得宋地也，然其所以不受者，不信齊王與蘇秦也。今秦見齊、魏之不合也如此其甚也，則齊必不欺秦而秦信齊矣！齊、秦合而涇陽君有宋地，則非魏之利也。故王不如複東蘇秦，秦必疑齊而不聽也。夫齊、秦不合，天下無憂，伐齊成則地廣矣。”（《魏策一》第十三章）
前286,286,周赧王二十九年（西元前二八六年）,13,考案,秦、齊、燕、趙、魏、宋、代,蘇秦,伐、合縱、取,案：《秦策三》第五章有人勸說穰侯謀封于陶而“德強齊”。《魏策一》第十三章謂“齊請以宋地封涇陽君，皆當為此時事。”蓋齊欲懸陶為秦穰侯或涇陽君封邑，猶如欲懸陶以為趙奉陽君封邑，目的皆在避免外來干涉而謀取宋國。蘇曆謂秦王曰：“然其所以不受者，不信齊王與蘇秦也。”時蘇秦正為齊相而執政。“蘇秦拘于魏”，亦當為一時事。《魏策二》第七章謂是時“魏王畏齊、秦之合也，欲講于秦”，蘇秦因而入魏，欲魏王“必無與講”。當是齊與秦講和而出賣魏安邑之計謀暴露，因而為魏所拘留。《燕策一》第十一章、《蘇秦列傳》有與《魏策一》第十三章相同之記述，惟作“蘇代過魏，魏為燕執代，齊使人謂魏王”云云，末雲：“於是出蘇代之宋，宋善待之。”《魏策一》“夫齊、秦不合，天下無憂”，《燕策一》與《蘇秦列傳》“憂”皆作“變”，金正煒雲：“作變是也”。《魏策一》“伐齊成則地廣矣”，《燕策一》、《蘇秦列傳》作“伐齊之形成矣”。確實五國合縱伐齊之形勢正在形成中。
前286,286,周赧王二十九年（西元前二八六年）,14,史料,秦、齊、楚、韓、魏、晉、吳、宋、代,蘇秦、秦昭王,攻、殺,韓瑉攻宋(“瑉”原誤作“人”，從吳師道、金正煒改正)，秦王大怒曰(《田世家》“秦王”作“秦昭王”)：“吾愛宋，與新城、陽晉同也，韓瑉與我交(《田世家》“韓瑉”作“韓聶”，“交”作“友”)，而攻我所甚愛，何也？”蘇秦為齊說秦王曰(《田世家》“蘇秦”作“蘇代”，“齊”原誤作“韓”，下文“齊”字皆誤作“韓”，今皆據《田世家》改正)：“韓瑉之攻宋，所以為王也。以齊之強，輔之以宋，楚、魏必恐，恐必西面事秦，王不折一兵，不殺一人，無事而割安邑，此韓瑉之所以禱于秦也。”秦王曰：“吾固患齊之難知，一從一橫，此其說何也？”對曰：“天下固令齊可知也。齊故已攻宋矣(“故”鮑本作“固”)，其西面事秦，以萬乘自輔，不西事秦則宋地不安矣(《田世家》“地”作“治”)。中國白頭游敖之士皆積智欲離秦、齊之交，伏軾結靷西馳者(《田世家》“結靷”作“結軼”)，未有一人言善齊者也。伏軾結靷東馳者，未有一人言善秦者也。皆不欲齊、秦之合者何也？則晉、楚智而齊、秦患也。晉、楚合必伺齊、秦，齊、秦合，必圖晉、楚，請以決事。”秦王曰：“善”。（《韓策三》第三章，《田世家》同）
前286,286,周赧王二十九年（西元前二八六年）,15,史料,秦、齊、楚、韓、晉、周、魯、宋,秦昭王、齊湣王,伐,[齊湣王]三十八年(當作十五年)伐宋。秦昭王怒曰：……秦王曰：“諾。”（自“秦昭王怒曰”至“秦王曰諾”，與《韓策三》第三章相同，惟“韓瑉”作“韓聶”）於是齊遂伐宋，宋王出亡，死于溫。齊南割楚之淮北，西侵三晉，欲以並周室，為天子。泗上諸侯鄒、魯之君皆稱臣，諸侯恐懼。（《田世家》）
前286,286,周赧王二十九年（西元前二八六年）,16,考案,秦、齊、楚、燕、韓、趙、魏、吳、宋、代,蘇秦、秦昭王,伐、攻、滅、取、遷,案：《燕策二》第二章記蘇代轉述奉陽君告朱譴與趙足曰：“齊王使公玉丹命說（即兌）曰：必不反韓瑉，今召之矣；必不任蘇子以事，今封而相之；令不合燕，今以燕為上交。”即指此時事。吳師道雲：“《趙策》謂魏王曰：韓瑉處於趙，去齊三千里，王以此疑齊，曰有秦陰。”五國伐秦無功，蘇代謂齊王，舉說奉陽君之辭曰：“天下事秦，秦內韓瑉于齊”，又雲：“與韓氏大吏東勉齊王，必無召呡”，而《韓策》雲“韓瑉相齊”，蓋韓瑉為齊伐宋也。首句不雲韓攻宋，而雲韓人，疑人即瑉之訛。吳說是也。是時齊王召回韓瑉，主持齊、秦合作事宜而攻宋，秦昭王大怒，而蘇秦為之進說秦王，蓋蘇秦又與韓瑉合作而為齊滅宋。蘇秦說秦王，謂齊滅宋，楚、魏必恐而西面事秦，秦可以不折一兵而得割安邑。蓋齊、秦早已有約定，秦許齊滅宋而齊許秦取得魏之舊都安邑。在此齊、秦合作之形勢下，魏果然於是年獻納安邑于秦，“秦出其人，募徙河東，賜爵，赦罪人遷之。”
前286,286,周赧王二十九年（西元前二八六年）,17,史料,齊、楚、魏、宋,齊湣王,伐、立、滅、取、殺,[宋]君偃十一年自立為王。東敗齊，取五城，南敗楚，取地三百里；西敗魏軍，乃與齊、魏為敵國。盛血以韋囊，懸而射之，命曰射天。淫於酒、婦人。群臣諫者輒射之。於是諸侯皆曰桀宋，宋其複為紂所為，不可不誅。告齊伐宋。王偃立四十七年，齊湣王與魏、楚伐宋，殺王偃，遂滅宋而三分其地。（《宋世家》）
前286,286,周赧王二十九年（西元前二八六年）,18,史料,齊、宋,,伐、滅、取,宋康王之時，有雀生驥於城之陬（“驥”，《新序》作“鸇”，《資治通鑒》作“臨”)，使史占之，曰：“小而生巨，必霸天下。”康王大喜，於是滅滕伐薛，取淮北之地，乃愈自信，欲霸之亟成，故射天笞地，斬社稷而焚之，曰：“威服天下鬼神”（《新序》“下”作“地”，金正煒雲：“可據以訂正，承射天笞地而言”），罵國老諫曰，為無顏之冠以示勇（《新序》作“罵國老之諫臣者，為無頭之冠以示勇”。鮑本改“諫曰”為“諫臣”，王念孫、黃丕烈皆謂“曰”即“者”之壞字）。剖傴之背，鍥朝涉之脛，而國人大駭。齊聞而伐之，民散，城不守，王乃逃倪侯之館（“倪侯”《新序》作“兒侯”），遂得而死（《新序》“得”下有“病”字）。見祥而不為祥，反為禍。（《宋策》第八章，《新序·雜事四》第二十八章同。）
前286,286,周赧王二十九年（西元前二八六年）,19,史料,宋,,,宋王築為蘖帝，鴟夷血，高懸之，射著甲胄，從下，血墜流地。左右皆賀曰：“王之賢過湯、武矣。湯、武勝人，今王勝天，賢不可以加矣。”宋王大悅，飲酒。室中有呼萬歲者，堂上盡應，堂下盡應，門外庭中聞之，莫敢不應，不適也。（《呂氏春秋·過理》，高誘注：“宋王，康王也。‘蘖’當作‘輒’，‘帝’當作‘台’，蘖與輒其音同，帝與台字相似，因作蘖帝耳。詩雲：庶姜輒輒，高長貌也。言康王築為台，革囊之大者為鴟夷，盛血于臺上，高懸之以象天，著甲胄，自下射之，血流墮地，與之名，言中天神下其血也。”）
前286,286,周赧王二十九年（西元前二八六年）,20,考案,齊、楚、魏、周、宋,,伐、滅、取,案：《資治通鑒》記宋滅亡，即以《宋策》第六章為主，並在“滅滕伐薛”後上，加上《宋世家》“東敗齊，取五城，南敗楚，取地三百里，西敗魏軍，與齊、魏為敵國”，並在“射天笞地，斬社稷而焚滅之，以示威服鬼神”下，加上“為長夜之飲於室中，室中人呼萬歲，則堂上之人應之，堂下之人又應之，門外之人又應之，以至於國中，無敢不呼萬歲者”，即本《呂覽》等書。考宋滅滕伐薛，確有其事，至於“東敗齊”，當即指伐薛而言，“南敗楚”當即指取淮北而言，已說明在周般王十九年案語中。
前286,286,周赧王二十九年（西元前二八六年）,21,考案,秦、齊、燕、宋、代,,,又案：《燕策二》第一章蘇代約燕王，謂秦以宋委于齊曰：“宋王無道，為木人以寫寡人，射其面。”《燕策二》第十一章蘇子謂齊王曰：“今宋王射天笞地，鑄諸侯之象，使侍屏匿，展其臂，彈其鼻，此天下無道不義。”此當為宋國流行之“祝詛”巫術，在對敵作戰前，製作敵國君王之像，穿著甲胄，一面在像前祝詛，一面射其面鼻，如同彝族在作戰前，以草人寫上敵人姓名，一面祝詛，一面打射。所謂“無道”，蓋由於不理解此種落後之禮俗。
前286,286,周赧王二十九年（西元前二八六年）,22,考案,秦、齊、楚、燕、趙、魏、晉、魯、吳、宋、代,樂毅、燕昭王,伐、攻、合縱、滅、取,又案：《宋世家》言齊與魏楚共“滅宋而三分其地”，《漢書·地理志》更謂：“宋為齊、楚、魏所滅，三分其地。魏得其梁（指睢陽）、陳留，齊得其濟陰、東平，楚得其沛。”其說不確。東平屬魯，原非宋地。陳留一帶早于戰國初期已為魏有，魏得睢陽，楚得沛，當在合縱破齊之後。《荀子·議兵》雲：“齊能並宋而不能凝也，故魏奪之。”吳師道辨之曰：“蘇代說燕曰：齊南攻楚，西困秦，又以其餘兵舉五千乘之勁宋。又說秦曰：齊強，輔之以宋，楚、魏必恐，恐必西事秦。使當時齊與楚、魏合，其言豈若是乎！史稱齊既滅宋，南割楚之淮北，西侵三晉，是乘滅宋之強，並奪楚、魏地，而謂與之分宋地，豈其實哉？樂毅謂燕昭王曰：王欲伐齊，莫若結于趙，且又淮北宋地，楚、魏之所欲也。《史·表》，燕滅齊之年，書楚取齊淮北，則楚、魏分地當是樂毅破齊後事。”顧觀光《七國地理考》稱引其說，辨析甚明。
前286,286,周赧王二十九年（西元前二八六年）,23,史料,齊、宋,,攻、殺,齊攻宋，宋王使人候齊寇之所至，使者還曰：“齊寇近矣，國人恐矣。”左右皆謂宋王曰：“此所謂肉自至蟲者也，以宋之強，齊兵之弱，惡能如此？”宋王因怒而詘殺之。又使人往視齊寇，使者報如前，宋王又怒詘殺之。如此者三。其後又使人往視，齊寇近矣，國人恐矣。使者遇其兄，曰：“國危甚矣！若將安適？”其弟曰：“為王視齊寇，不意其近而國人恐如此也。今又私患鄉之先視齊寇者，皆以寇之近也，報而死。今也報其情死，不報其情又恐死，將若何？”其兄曰：“如報其情，有且先夫死者死，先夫亡者亡。”於是報于王曰：“殊不知齊寇之所在，國人甚安。”王大喜。左右皆曰：“鄉之死者宜矣！”王多賜之金。寇至，王自投車上，馳而走，此人得以富於他國。……狂而以行賞罰，此戴氏之所以絕也。（《呂氏春秋·壅塞》）
前286,286,周赧王二十九年（西元前二八六年）,24,考案,宋,,,案：宋王偃為司城子罕之後，乃戴氏。此言“狂而以行賞罰，此戴氏之所以絕也”，以為宋之亡由於“狂而以行賞罰”。傳說中宋王偃如同殷紂王一樣荒淫暴虐，實不足信。詳顧頡剛《宋王偃的紹述先德》，收入《古史辨》第二冊。
前286,286,周赧王二十九年（西元前二八六年）,25,史料,秦、齊、魏、宋,秦昭王,滅,[魏昭王]十年齊滅宋，宋王死我溫。（《魏世家》，《六國表》亦作“宋王死我溫”。《秦本紀》將“齊破宋，宋王在魏，死溫”，誤記于秦昭王十九年）
前286,286,周赧王二十九年（西元前二八六年）,26,考案,魏、宋,,殺,案：《宋策》雲：“王乃逃倪侯之館，遂得而死。”《新序》作“遂得病而死。”但《宋世家》又雲：“殺王偃。”梁玉繩雲：“《策》雲逃倪侯之館，蓋館在溫地。”又雲：“殺王偃，誤。”黃丕烈雲：“《新序》誤衍也，得，獲也，即《世家》殺王偃事。”當以黃說為是。《呂氏春秋·壅塞》雲：“王自投車上，馳而走”，蓋逃至魏之溫地，居於倪侯之館，為魏所得而殺死。程恩澤以為“倪”與“郤”同，即小邾，為泗上十二諸侯之一，在今山東滕縣東南。與《史記》稱宋王死于魏之溫地之說不合。
前286,286,周赧王二十九年（西元前二八六年）,27,史料,秦,秦昭王,攻,[秦昭王]廿一年攻夏山。（秦簡《編年記》）
前286,286,周赧王二十九年（西元前二八六年）,28,史料,秦、韓,,,[韓釐王]十年秦敗我師于夏山。（《韓世家》，《六國表》同）
前286,286,周赧王二十九年（西元前二八六年）,29,史料,齊、韓、趙,,攻,[趙惠文王]十三年韓徐為將，攻齊。公主死。
前286,286,周赧王二十九年（西元前二八六年）,30,考案,齊、韓、趙、魏,,攻、合縱,案：上年趙使趙梁將攻齊，是年又使韓徐為將攻齊，韓徐為乃趙之大將，與魏相孟嘗君主張合縱攻齊，可知趙對齊之攻勢加強。
前286,286,周赧王二十九年（西元前二八六年）,31,史料,秦、齊、楚、燕、韓、趙、魏、周,秦昭王、齊湣王、燕昭王,,周赧王三十年（西元前二八五年）秦昭王二十二年，魏昭王十一年，韓釐王十一年，趙惠文王十四年，齊湣王十六年，楚頃襄王十四年，燕昭王二十七年。
前286,286,周赧王二十九年（西元前二八六年）,32,史料,秦、齊、楚、趙,,伐、會,[秦昭襄王]二十二年蒙武伐齊河東(蒙武當作蒙驁)，為九縣。與楚王會宛。與趙王會中陽。(《秦本紀》，《六國表》作“蒙武擊齊”)
前286,286,周赧王二十九年（西元前二八六年）,33,史料,秦、趙,,會,趙惠文王十四年與秦會中陽。（《六國表》，《趙世家》同）
前286,286,周赧王二十九年（西元前二八六年）,34,史料,秦、楚,秦昭王,會,[楚頃襄王]十四年，楚頃襄王與秦昭王好會于宛，結和親。（《楚世家》，《六國表》作“與秦會宛”）
前286,286,周赧王二十九年（西元前二八六年）,35,史料,秦、齊,齊湣王,伐、拔,[齊湣王]三十九年(當作十六年)秦來伐，拔我列城九。(《田世家》，《六國表》作“秦拔我列城九”)
前286,286,周赧王二十九年（西元前二八六年）,36,史料,秦、齊,秦昭王,,蒙驁自齊事秦昭王，官至上卿。（《蒙恬列傳》）
前286,286,周赧王二十九年（西元前二八六年）,37,考案,秦、齊、韓,秦昭王,取,案：梁玉繩雲：“《蒙恬列傳》蒙武乃蒙驁之子，驁事昭王至始皇四世，則此時擊齊者，必是驁而非武也。河東上疑有脫字，《古史》作取河東。”梁說是也。《秦策三》記應侯失韓之汝南，蒙傲乃往見之，雲：“今傲勢得為秦王將，將兵”，云云，黃丕烈雲：“李善注《求自試表》引作驁，傲、驁同字。”是秦昭王時蒙驁為將，非蒙武也。
前286,286,周赧王二十九年（西元前二八六年）,38,史料,秦、齊、燕、韓、宋、代,蘇秦,伐、攻、救,秦……已得安邑，塞女戟，因以破宋為齊罪。秦欲攻齊，恐天下救之，則以齊委於天下，曰：“齊王四與寡人約，四欺寡人，必率天下以攻寡人者三，有齊無秦，無齊有秦，必伐之，必亡之。”（《燕策二》第一章蘇代約燕王，《蘇秦列傳》同，惟“秦欲攻齊”，“齊”誤作“韓”）
前286,286,周赧王二十九年（西元前二八六年）,39,考案,秦、齊、燕、韓、趙、魏、晉、越、宋、代,蘇秦、秦昭王、燕昭王,伐、攻、救、合縱、滅、取、拔、會,案：此蘇代約燕王之辭，在秦欲攻安邑，恐齊救之，則以宋委于齊之後。秦于上年與齊約，秦許齊滅宋，而齊許秦取安邑，於是魏不得不獻安邑于秦。秦既得安邑，即以破宋為齊罪，約三晉合縱攻齊。三晉中以趙最強，上兩年正連續發動攻齊，趙之大將韓徐為與魏相孟嘗君又正約燕昭王合縱攻齊，故是年秦昭王約趙惠文王相會于中陽，共謀合縱破齊之舉。秦並使蒙驁越韓、魏向齊之河東進擊，拔取九城而改為秦之九縣，作為進一步攻齊之基地。當齊合縱五國攻秦時，齊嘗推趙李兌為縱長。是年秦發起合縱五國攻齊，亦推趙以為縱長。故《趙策一》第九章稱“趙收天下且以伐齊”。此《策》謂秦“以齊委於天下”，《戰國縱橫家書》第二十一章蘇秦獻書趙王，亦雲：秦“故以齊餌天下”。《趙世家》載蘇厲為齊遺趙王書亦雲：秦“故以齊飲天下”。《趙策一》第九章又作“故以齊為餌，先出聲於天下，欲鄰國聞而觀之也”。所謂“先出聲於天下”，即先對齊發動較大規模之攻勢，秦將蒙驁一舉而攻下齊河東九城，改為秦之九縣。
前286,286,周赧王二十九年（西元前二八六年）,40,史料,秦、齊、楚、燕、韓、趙、魏、晉、周、鄭、中山、代,蘇秦,伐、攻、取,獻書趙王：臣聞[甘]洛（露）降，時雨至，禾谷絳（豐）盈，眾人喜之，賢君惡之（“惡”字疑有誤）。今足下功力非數加于秦也，怨竺（毒）積怒，非深于齊，下吏皆以秦為夏（憂）而曾（憎）齊。臣竊以事觀之，秦幾（豈）夏（憂）趙而曾（憎）齊哉。欲以亡韓，呻（吞）兩周，故以齊餌天下。恐事之不□誠（成），故出兵以割革趙、魏。恐天下之疑己，故出摯（質）以為信。聲德與國，實伐鄭韓。[臣]以秦之計必出於此。且說士之計皆曰：“韓亡參（三）川，魏亡晉國，市□□朝未罷，過（禍）及于趙。”且物固[有勢]異而患同者。昔者楚久伐，中山亡。今燕盡齊之河南（“河南”當是“河北”之誤），距莎（沙）丘、巨（钜）鹿之囿三百里。距麋關，北至於[榆中]者千五百里。秦盡韓、魏之上黨，則地與王布屬壤芥者七百里（《趙策一》“布”作“邦”，“芥”作“挈”）。秦以強弩坐羊腸之道，則地去邯鄲百廿裡。秦以三軍功（攻）王之上常（党）而包其北，則注（即句注）之西，非王之有也。今增注、茌恒山而守三百里，遇燕、陽（案即唐）、曲逆（案即曲吾），此代馬胡狗不東，綸（蒼）山之玉不出，此三葆（寶）者，或非王之有也。今從強秦久伐齊，臣恐其過（禍）出於此也。且三國之主嘗合衡謀伐趙，疏分趙壤，箸（著）之鏃（盤）竽（盂），屬之祝諧（籍）。五國之兵出有日矣，齊乃西師以唫（禁）強秦，史（使）秦廢令疏服而聽，反溫、軹、高平于魏，反王公、符逾于趙，此天下所明知也。夫齊之事趙，宜正為上交，乃以柢（抵）罪取伐，臣恐後事王者不敢自必也。今王收齊，天下必以王為義矣。齊探（抱）社稷事王，天下必重王，然則齊義，王以天下就之，齊逆，王以天下□之（所缺字，《趙世家》作“禁”，《趙策》作“收”）。是一世之命制于王也。臣願王與下吏羊（詳）計某言而竺（篤）慮之也。（帛書《戰國縱橫家書》第二十一章，蘇秦獻書趙王）
前286,286,周赧王二十九年（西元前二八六年）,41,史料,秦、齊、楚、燕、韓、趙、魏、晉、周、魯、中山、代,蘇秦,伐、攻、卒、滅、取,趙收天下，且以伐齊。蘇秦為齊上書說趙王曰（《趙世家》“蘇秦”作“蘇厲”)：“臣聞古之賢君，德行非施於海內也；教順慈愛，非布于萬民也；祭祀時享，非當於鬼神也；甘露降，風雨時至，農夫登，年穀豐盈，眾人喜之，而賢主惡之（《趙世家》“惡”作“圖”），帛書亦作“惡”，“惡”字疑誤）。今足下功力非數痛加于秦國，而怨毒積惡，非曾深淩于韓也。臣竊外聞大臣及下吏之議，皆言主前專據以秦為愛趙而憎齊（“齊”原誤作“韓”，據帛書及《趙世家》改正）。臣竊以事觀之，秦豈得愛趙而憎齊哉（“齊”原誤作“韓”，據帛書及《趙世家》改正。帛書“愛趙”作“憂趙”，作“憂”為是）。欲亡韓吞兩周之地，故以齊為餌（“齊”原誤作“韓”，今改正。帛書作“以齊餌天下”，《趙世家》作“以齊談天下”），先出聲於天下，欲鄰國聞而觀之也。恐事不成，故出兵以佯示趙、魏（“佯示”，帛書作“割革”，《趙世家》作“劫”，割謂宰割，“革”通“勒”，強制）；恐天下之驚覺，故微韓以貳之（《趙世家》作“故徵兵于韓以威之”）；恐天下疑己，故出質以為信，聲德于與國，而實伐空韓。臣竊觀其圖之也。議秦以謀計必出於是。且夫說士之計，皆曰：韓亡三川，魏滅晉國，恃韓未窮而禍及于趙。（“恃韓未窮”當從帛書改作“市朝未罷”，《趙世家》作“市朝未變”）且物固有勢異而患同者，又有勢同而患異者。昔楚人六伐，而中山亡。今燕盡韓之河南（“韓之河南”當作“齊之河北”，《趙世家》作“齊之北地”），距沙丘而至钜鹿之界三百里，距于扞關至於榆中千五百里（“扞關”，帛書作“麋關”，《趙世家》作“挺關”）。秦盡韓、魏之上黨，則地與國都邦屬而壤挈者七百里。秦以三軍強弩坐羊唐之上，即地去邯鄲百二十裡（“百”字原脫，從帛書補）。且秦以三軍攻王之上党而包其北（“包”原作“危”，從帛書改正），則句注之西，非王之有也。今魯句注（“魯”，《趙世家》作“逾”，帛書作“增”，金正煒雲：“魯當讀為旅，拒也”），禁常山而守，三百里通于燕之唐、曲吾，此代馬胡駒不東（“胡駒”當從帛書改作“胡狗”，《趙世家》作“胡犬”），而琨山之玉不出也。此三寶者，又非王之有也。今從于強秦國之伐齊，臣恐其禍出於是矣。昔者五國之王，嘗合橫而謀伐趙，參分趙國壤地，著之盤盂，屬之讎柞，五國之兵有日矣（“兵”下當從帛書、《趙世家》補“出”字）。齊乃西師以禁秦國（“齊”字以及下文“齊”字，皆誤作“韓”，從帛書、《趙世家》改正），使秦發令素服而聽（“發”當改作“廢”，《趙世家》“發令素服”作“廢帝請服”，帛書作“廢令疏服”），反溫、枳、高平于魏（《趙世家》“溫枳”作“根柔”），反三公什清于趙（“三公什清”，帛書作“王公符逾”，《趙世家》作“巠分、先俞”），此王之明知也。夫齊事趙，宜正為上交。今乃以抵罪取伐（“抵罪”《趙世家》作“抵辜”），臣恐其後事王者之不敢自必也。今王收天下，必以王為得，齊抱社稷以事王（“抱”原作“危”，姚注：“危，曾作抱”。《趙世家》正作“抱”，今據改），然則齊義，王以天下就之，下至齊慕（“慕”，帛書作“逆”，《趙世家》作“暴”，“慕”當為“逆”之誤），王以天下收之（“收”，《趙世家》作“禁”），是一世之命制于王已。臣願大王深與左右群臣卒計而重謀，先事成慮而熟圖之也。”（《趙策一》第九章，《趙世家》惠文王十六年“秦複與趙數擊齊，齊人患之”下，有蘇厲為齊遺趙王書，大體相同）
前286,286,周赧王二十九年（西元前二八六年）,42,考案,秦、齊、燕、韓、趙、魏、晉,蘇秦,攻、合縱,案：據帛書《戰國縱橫家書》，此為蘇秦為齊上書趙王，並非蘇厲。《趙世家》改作蘇厲，不確。帛書有多處脫落，《趙策》、《趙世家》可與帛書相參校。此謂“韓亡三川，魏亡晉國，市朝未罷而禍及于趙”，鮑彪注：“晉國謂安邑”，《史記·正義》雲：“晉國，河北之地安邑河內。”可知晉國指河東及河內，指魏之舊地。據此可知，是時秦正以分割齊地為餌，拉攏趙、燕，發動三國合縱攻齊。帛書謂秦不僅以齊餌天下，更“出摯（質子）以為信”。《趙策》、《趙世家》所載相同，蓋入質子于燕、趙作為保證。
前286,286,周赧王二十九年（西元前二八六年）,43,史料,秦、齊、楚、燕、韓、趙、魏、周、魯、吳、衛、宋、代,蘇秦、燕昭王,伐、立、取、盟、會,胃（謂）燕王曰：“列在萬乘，奇（寄）質于齊，名卑而權輕。奉萬乘助齊伐宋，民勞而實費。夫以宋加之淮北，強萬乘之國也，而齊兼之，是益齊也。九夷方一百里，加以魯、衛，強萬乘之國也，而齊兼之，是益二齊也。夫一齊之強，燕猶弗能支，今以三齊臨燕，其過（禍）必大。唯（雖）然，夫知（智）者之[舉]事，因過（禍）[而為]福，轉敗而為功。齊紫，敗素也，賈（價）十倍。句淺（踐）棲會稽，其後殘吳，霸天下。此皆因過（禍）為福，轉敗而為功。今王若欲因過（禍）而為福，轉敗而為功，則莫若招霸齊而尊之，使明（盟）周室而禁（焚）秦符，曰：‘大（太）上破秦，其次必長毖（擯）之。’秦[挾]毖（擯）以侍（待）破，秦王必患之。秦五世伐諸侯，今為齊下，秦王之心苟得窮齊，不難以國壹棲（接），然則王何不使辯士以若說說秦王曰：‘燕、趙破宋肥齊，尊之，為之下者，燕、趙非利之也。燕、趙弗利而執（勢）為者，以不信秦王也。然王何不使可信者棲（接）收燕、趙，如經（涇）陽君，如高陵君先于燕、趙曰：秦有變，因以為質，則燕、趙信秦。秦為西帝，燕為北帝，趙為中帝，立三帝以令于天下，韓、魏不聽則秦伐，齊不聽則燕、趙伐，天下孰敢不聽。天下服聽而迫（驅）韓、魏以伐齊，曰：必反（返）宋，歸楚淮北。反（返）宋，歸楚淮北，燕、趙之所利也；並立三王（當作三帝），燕、趙之所願也。夫實得所利，尊得所願，燕、趙之棄齊，說（脫）沙（躕）也。今不收燕、趙，齊伯必成。諸侯贊齊而王弗從，是國伐也。諸侯伐齊而王從之，是名卑也。今收燕、趙，國安名尊；不收燕、趙，國危而名卑。夫去尊安，取卑危，知（智）者弗為。’秦王聞若說，必如諫（刺）心。然則[王]何不使辯士以如說（說）秦，秦必取，齊必伐矣。夫取秦，上交也；伐齊，正利也。尊上交，務正利，聖王之事也。”（《戰國縱橫家書》第二十章謂燕王，《燕策一》第十三章大體相同，開首作“齊伐宋，宋急，蘇代乃遺燕昭王書曰”，未有“燕昭王善其書，曰：先人嘗有德蘇氏，子之之亂而蘇氏去燕，燕欲報仇于齊，非蘇氏莫可。乃召蘇氏，複善待之，與謀伐齊，竟破齊，閔王出走”。《蘇秦列傳》有與《燕策一》相同之記述）
前286,286,周赧王二十九年（西元前二八六年）,44,考案,秦、齊、燕、韓、趙、魏、代,蘇秦、燕昭王,伐、立、合縱,案：此策，《燕策一》與《蘇秦列傳》以為蘇代遺燕昭王書，不確。“並立三帝”之議未成事實，但由此可知，五國合縱伐齊，以秦、趙、燕三國為主，韓、魏之參與，乃為形勢所驅使，而秦、趙、燕三國中，又以秦為首要，由秦入質子涇陽君、高陵君于趙、燕以為信，用作保證。
前286,286,周赧王二十九年（西元前二八六年）,45,史料,秦、齊、楚、燕、韓、趙、魏,樂毅、秦昭王、齊湣王、燕昭王,伐、攻,當是時，齊湣王強……與秦昭王爭重為帝，已而複歸之。諸侯皆欲背秦而服于齊。湣王自矜，百姓弗堪。於是燕昭王問伐齊之事。樂毅對曰：“齊，霸國之餘業也，地大人眾，未易獨攻也。王必欲伐之，莫如與趙及楚、魏。”於是使樂毅約趙惠文王，別使連楚、魏，令趙啁說秦以伐齊之利。諸侯害齊湣王之驕暴，皆爭合從與燕伐齊。樂毅還報，燕昭王悉起兵，使樂毅為上將軍，趙惠文王以相印授樂毅，樂毅於是並護趙、楚、韓、魏、燕之兵以伐齊，破之濟西。諸侯兵罷歸，而燕軍樂毅獨追，至於臨淄。（《樂毅列傳》）
前286,286,周赧王二十九年（西元前二八六年）,46,史料,秦、齊、燕、韓、趙、魏,樂毅,攻、取,[趙惠文王]十四年相國樂毅將趙、秦、韓、魏、燕攻齊，取靈丘。（《趙世家》）
前286,286,周赧王二十九年（西元前二八六年）,47,考案,秦、齊、楚、燕、韓、趙、魏、晉,樂毅、齊湣王、燕昭王,伐、攻、救、合縱、取、會,案：是時合縱伐齊者為五國，非六國。《荀子·王制》雲：“閔王毀于五國。”《呂氏春秋·權勳》雲：“昌國君將五國之兵以攻齊。”《燕策二》第九章亦雲：“昌國君樂毅為燕昭王合五國之兵而攻齊。”《六國表》亦雲：“齊湣王四十年五國共擊湣王，王走莒。”《樂毅列傳》謂樂毅“並護趙、楚、韓、魏、燕之兵以伐齊”，而《趙世家》雲：“相國樂毅將趙、秦、韓、魏、燕攻齊。”當以《趙世家》之說為是。《呂氏春秋》高誘注亦雲：“五國謂燕、秦、韓、魏、趙也。”此與《秦本紀》亦相合。《秦本紀》昭王二十三年載“尉斯離與三晉、燕伐齊，破之濟西”。《秦本紀》當本《秦記》，確實可信。《魏世家》亦雲：“與秦、趙、韓、燕共伐齊，敗之濟西。”惟《燕世家》謂六國，稱“樂毅為上將軍，與秦、楚、三晉合謀以伐齊”，除上述五國外，尚有楚參與；《楚世家》亦雲：“楚王與秦、三晉、燕共伐齊，取淮北。”《田世家》既雲：“燕、秦、楚、三晉合謀，各出銳師以伐”，又謂：“楚使淖齒將兵救齊，因相齊湣王。”前後矛盾，若楚參與合縱伐齊，楚又何以淖齒將兵救齊？而齊湣王又何以淖齒為相乎？《燕世家》、《樂毅列傳》誤以楚參與合縱伐齊，蓋出於樂毅《報燕惠王書》，而《楚世家》、《田世家》亦因此而誤。《資治通鑒》記此事，于“樂毅為上將軍”下，采《秦本紀》，謂“秦尉斯離帥師與三晉之師會之”，又于“趙惠文王以相印授樂毅”下，改作“樂毅並將秦、魏、韓、趙之兵以伐齊”。所記甚確。
前286,286,周赧王二十九年（西元前二八六年）,48,考案,秦、齊、楚、燕、韓、趙、魏、晉、越、宋、代,樂毅、秦昭王、齊宣王、齊湣王、燕昭王、趙武靈王,伐、攻、立、合縱、連橫、滅、取、會,又案：樂毅《報燕惠王書》稱燕昭王欲以齊為事，樂毅對曰：“夫齊，霸國之餘教也，而驟勝之遺事也，閑於甲兵，習于戰攻，王若欲攻之，則必舉天下而圖之。舉天下而圖之，莫徑于結趙矣，且又淮北、宋地，楚、魏之所同願也，趙若許約，楚、魏盡力，四國攻之，齊可大破也。”昭王因而使樂毅于趙，“願反命，起兵隨而攻齊。”《樂毅列傳》因之，謂昭王“使樂毅約趙惠文王，別使連楚、魏，令趙啁說秦以伐齊之利。……樂毅還報，燕昭王悉起兵”。一若合縱伐齊之舉，全由樂毅計謀出使組合而成。此與當時合縱連橫形勢之變化以及合縱伐齊形勢之形成，完全不合。當時齊與趙因爭奪宋地矛盾日增，及齊湣王滅宋，矛盾擴大，原來趙將韓徐為與魏相孟嘗君皆主張合縱攻齊，並謀拉攏燕國參與。當齊湣王滅宋前後，趙先使趙梁為將攻齊，繼又由韓徐為將而攻齊。秦乘此時機，圖謀削弱齊國，改變齊、秦東西對峙之形勢，並謀借此在中原開拓土地，主謀發動五國合縱攻齊，以瓜分齊地為餌，並推趙主持其事。秦昭王二十二年與趙王會于中陽，即為共謀合縱伐齊之事，同時使秦將蒙驁越過魏國，攻取齊之河東九城，改為秦之九縣。即所謂“先出聲於天下”，帶頭向齊發動進攻。秦此次主謀五國合縱攻齊，以秦、趙、燕三國為核心，並由秦出質于趙、燕兩國以為信，由趙結合燕從而發動合縱攻齊，於是由樂毅為燕、趙二國之“共相”，並為趙、秦、韓、魏、燕五國聯軍之統帥。蓋樂毅本為趙臣，當齊宣王破燕時，趙欲存之，趙武靈王從樂毅之計謀，以趙合楚、魏“伐齊而存燕”（見《趙策三》第三章），於是使樂池護送燕公子職由韓入燕，立以為王，即是燕昭王（見《趙世家》及《集解》所引《紀年》）。因此樂毅得為燕、趙二國之“共相”。《戰國縱橫家書》第十七章有人謂起賈曰：“燕、趙共相，二國為一，兵合以臨齊，則秦不能與燕、趙爭。”即指樂毅而言。因而是年樂毅得以趙相國率趙、秦、韓、魏、燕五國之師，由趙先攻取齊濟西之靈丘，作為五國聯軍大舉攻破齊國之基地。此後三年，即趙惠文王十七年“樂毅將趙師攻魏伯陽”（見《趙世家》），蓋樂毅本兼為趙相。當燕昭王去世，燕惠王繼立，疑樂毅而使騎劫代之，樂毅即入趙，蓋毅本兼趙相之職。樂毅為趙相而率五國之師由趙攻齊濟西之靈丘，獨見於《趙世家》，蓋史公所見戰國史料，有關趙之記載尚有存在。《趙世家》記五國之師，以趙、秦列前，以燕殿后，蓋趙、秦為其主力。《秦本紀》載昭王二十二年蒙武伐齊（“蒙武”當作“蒙驁”），河東為九縣。二十三年“尉斯離與三晉、燕伐齊，破之濟西”。《正義》雲：“尉，都尉。”秦既先命將軍蒙驁伐齊，繼而又使尉斯離與三晉、燕會攻齊而破之濟西。則“尉”當為國尉而非都尉。
前286,286,周赧王二十九年（西元前二八六年）,49,史料,秦、齊、楚、燕、韓、趙、魏、晉、周、魯、越、宋、鄭、蔡,蘇秦、樂毅,伐、攻、立、合縱、滅、取,胃(謂)起賈：私心以公為為天下伐齊，共約而不同慮。齊、秦相伐，利在晉國。齊、晉相伐，重在秦。是以晉國之慮，奉秦，以重虞秦。破齊，秦不妒得，晉之上也。秦食晉以齊，齊毀，晉敝，余齊不足以為晉國主矣。晉國不敢倍(背)秦伐齊，有(又)不敢倍(背)秦收齊，秦兩縣(懸)齊、晉以持大重，秦之上也。是以秦、晉皆俅(策)若計以相笥(伺)也。古之為利者養人，□□立重，立重者畜人，以利。重立而為利者卑，利成而立重者輕。故古之人患利、重之□奪□□□，唯賢者能以重終，察於見反，故能制天下。願禦史之孰(熟)慮之也。且使燕盡陽地，以河為竟(境)，燕、齊毋□難矣。以燕王之賢，伐齊，足以俑(刷)先王之餌(恥)，利擅河山之間，執(勢)無齊患，交以趙為死□友，地不與秦攘(壤)介(界)，燕畢□□之事，難聽尊矣。趙取濟西，以方(防)河東，燕、趙共相，二國為一，兵全以臨齊，則秦不能與燕、趙爭。□□□□亡宋得，南陽傷于魯，北地歸於燕，濟西破于趙，余齊弱于晉國矣。為齊計者不逾強晉，□□□□秦，秦(齊)不合，莫尊秦矣。魏亡晉國，猶重秦也。與之攻齊，攻齊已，魏為□國，重楚為□□□□重不在梁(梁)西矣。一死生於趙，毀齊，不敢怨魏，魏，公之魏已。楚割淮北，以為下蔡啟□，得雖近越，實必利郢。天下□且功(攻)齊，且屬從，為傳棼(焚)之約。終齊事，備患于秦，□是秦重攻齊也，國必慮。意齊毀未當于秦心也。盧(慮)齊(劑)齊而生事于[秦]周與天下交長，秦亦過(禍)矣。天下齊(劑)齊不侍(待)夏，近慮周，周必半歲，上党、甯陽非一舉之事也。然則韓□一年有餘矣。天下休，秦兵適敝，秦有慮矣。非是猶不信齊也，畏齊大(太)甚也。公孫鞅之欺魏卬也，公孫鞅之罪也。身在於秦，請以其母質，襄疵弗受也。魏至今然者，襄子之過也。今事來矣，此齊之以母質之時也，而武安君之棄禍存身之夫(訣)也。（《戰國縱橫家書》第十七章，謂起賈）案：此次五國合縱伐齊，由秦約趙主持，以秦、趙、燕三國為主力，由樂毅兼為趙、燕兩國之相而作統帥，並由秦入質于趙、燕以作保證，秦並派遣禦史至魏主持天下伐齊之事。此章記有人為齊遊說起賈，起賈為秦之禦史，故說者曰：“願禦史之熟慮之也。”禦史為國君之秘書兼有監察性質，起賈以禦史之職，奉命至魏，主持監督合縱伐齊之事，故說者雲：“私心以公為為天下伐齊”。說者估計合縱伐齊之結果，謂燕取得齊之河北，即所謂“陽地”，將勢無齊患，又得趙之死交，地又不與秦相接，將難以聽從于秦；又謂趙取得齊之濟西，以防河東，燕、趙兩國以樂毅為“共相”，“二國為一”，秦將不能與燕、趙爭。又謂魏與秦攻齊之後，將重視楚國，備患于秦，因而以為“齊毀未當于秦心也”。其實，此次秦發動並主持五國合縱伐齊，目的不僅在於削弱齊國，改變長期以來齊、秦東西兩強對峙之局勢，更欲乘機奪取中原土地，甚至攻滅韓國，吞併兩周，攻取魏之河東、河內之地。即蘇秦獻趙王書，所謂“欲以亡韓，吞兩周，故以齊為餌天下”，“聲德與國，實伐鄭、韓”，“韓亡三川，魏亡晉國，市朝未罷而禍及于趙。”所謂“晉國”，即指魏之河東、河內地。
前286,286,周赧王二十九年（西元前二八六年）,50,史料,秦、齊、燕、趙、魏,,伐,[孟嘗君]乃如魏，魏昭王以為相，西合于秦、趙與燕共伐破齊。（《孟嘗君列傳》）
前286,286,周赧王二十九年（西元前二八六年）,51,史料,秦、齊,秦昭王,伐,諸侯見齊之罷獎，君臣之不和也，興兵而伐齊，大破之，士辱丘頓，皆咎其王曰：“誰為此計者乎？”王曰：“文子為之，大臣作亂，文子出走。”(《範雎列傳》記雎謂秦昭王)
前286,286,周赧王二十九年（西元前二八六年）,52,考案,秦、齊、燕、韓、趙、魏、周、宋,齊湣王,伐、攻、合縱、滅,案：此次五國合縱伐齊，由秦約趙連燕而主持。同時，魏相孟嘗君與趙將韓徐為亦嘗參與其事。據帛書《戰國縱橫家書》，在秦主謀發動五國合縱攻齊之前，魏相薛公（即孟嘗君）與趙將韓徐為已合謀攻齊，並促使燕伐齊。《孟嘗君列傳》雖誤以孟嘗君入魏，在齊湣王滅宋之後，但所述孟嘗君為魏昭王相：“西合于秦、趙與燕共伐破齊”，當是事實。《荀子·王制》言齊閔、薛公權謀日行，國不免於危亡。《臣道》篇又稱孟嘗為篡臣，當與此有關。梁玉繩以為齊之破與孟嘗無涉，《孟嘗君列傳》所說：“殆當時惡孟嘗君者造為斯語而傳之歟？”蓋未深考。齊之破，確如範雎所說，與齊之疲敝，君臣之不和有關，此皆孟嘗君“權謀日行”之結果。合縱破齊之計謀，確實如範雎所說“文子為之”於先。《東周策》第二十一章記有人謂周冣曰：“薛公[背]故主，輕忘其薛，不顧其先君之丘墓。”即指孟嘗君謀合縱破齊而言。
前286,286,周赧王二十九年（西元前二八六年）,53,史料,齊、燕、吳,,殺,齊負郭之民有狐咺者(“狐”上原有“孤”字，從吳師道刪)正議，閔王斮之檀衢(“斮”同“斫”)，百姓不附。齊孫室子陳舉直言，殺之東間，宗族離心。司馬穰苴為政者也，殺之，大臣不親。以故燕舉兵……軍破走。(《齊策六》第一章)
前286,286,周赧王二十九年（西元前二八六年）,54,考案,齊,,,案：《漢書·古今人表》中下等有狐愛，顏注：“即狐咺也，齊人，見《戰國策》。”《呂氏春秋·貴直》篇作狐援，“爰”“援”“咺”，音同通用。
前286,286,周赧王二十九年（西元前二八六年）,55,史料,齊、周、吳,齊湣王,救、殺,狐援說齊湣王曰：“殷之鼎陳于周之廷，其社蓋周之屏，其干戚之音在人之游（許維遹雲：“在當作充”），亡國之音不得至於廟，亡國之社不得見於天，亡國之器陳於廷，所以為戒，王必勉之。其無使齊之大呂陳之廷，無使太公之社蓋之屏，無使齊音充人之遊。”齊王不受。狐援出而哭國三日，其辭曰：“先出也，衣絺紵；後出也，滿囹圄。吾今見民之洋洋然東走而不知所處。”齊王問吏曰：“哭國之法若何？”吏曰：“斮。”王曰：“行法。”吏陳斧質於東閭（“質”通“鑕”，殺人所用椹墊），不欲殺之而欲出之。狐援聞而蹶往過之。吏曰：“哭國之法斮，先生之老歟昏歟？”狐援曰：“曷為昏哉？”於是乃言曰：“有人自南方來，鮒入而鯢居，使人之朝為草而國為墟。殷有比干，吳有子胥，齊有狐援。已不用若言，又斬之東閭。每斬者以吾參夫二者乎！”（於省吾雲：“每應讀誨，古謀字”)狐援非樂靳也，國已亂矣，上已悖矣，哀社稷與民人，故出若言。出若言非平論也，將以救敗也，固嫌于危。此觸子之所以去之也，達子之所以死之也。（《呂氏春秋·貴直》）
前286,286,周赧王二十九年（西元前二八六年）,56,史料,齊,齊湣王,會,列精子高聽行乎齊湣王，善衣柬布衣（“柬”原作“東”，從江紹原改正，“柬”通“練”），白縞冠，顙推之履（“推”通“顴”，出額也，蓋高頭鞋）。特會朝雨，祛步堂下，謂其侍者曰：“我何若？”侍者曰：“公姣且麗。”列精子高因步而窺于井，粲然惡丈夫之狀也，喟然歎曰：“侍者為吾聽行于齊王也，夫何阿哉？又況於所聽行乎萬乘之主，人之阿之亦甚矣，而無所鏡，其殘亡無日矣。”（《呂氏春秋·達鬱》）
前286,286,周赧王二十九年（西元前二八六年）,57,史料,齊、燕、趙、晉、代,樂毅、燕昭王,伐、攻,蘇代自齊使人謂燕昭王曰：“臣間離齊、趙（“間”原作“聞”，今從鮑本改正），齊、趙已孤矣。王何不出兵以攻齊，臣請為王弱之。”燕乃伐齊攻晉。令人謂閔王曰：“燕之攻齊也，欲以複振古地也（“古”，鮑本作“故”）。燕兵在晉而不進，則是兵弱而計疑也。王何不令蘇子將而應燕乎？夫以蘇子之賢，將而應弱燕，燕破必矣。燕破則趙不敢不聽，是王破燕而服趙也。”閔王曰：“善。”乃謂蘇子曰：“燕兵在晉，今寡人發兵應之，願子為寡人為之將。”對曰：“臣之于兵，何足以當之，王其改舉。王使臣也，是敗王之兵，而以臣遺燕也。戰不勝，不可振也。”王曰：“行，寡人知之矣。”蘇子遂將而與燕人戰于晉下。齊軍敗，燕得甲首二萬人。蘇子收其餘兵以甯陽城，而報于閔王曰：“王過舉，令臣應燕，今軍敗，亡二萬人，臣有斧質之罪，請自歸於吏以戮。”閔王曰：“此寡人之過也，子無以為罪。”明日，又使燕攻陽城及狸。又使人謂閔王曰：“日者齊不勝於晉下，此非兵之過，齊不幸而燕有天幸也。今燕又攻陽城及狸，是以天幸自為功也。王複使蘇子應之，蘇子先敗王之兵，其後必務以勝報王矣。”王曰：“善。”乃複使蘇子，蘇子固辭，王不聽。遂將以與燕戰于陽城。燕人大勝，得首三萬。齊君臣不親，百姓離心。燕因使樂毅大起兵伐齊，破之。（《燕策二》第四章）
前286,286,周赧王二十九年（西元前二八六年）,58,考案,秦、齊、燕、韓、趙、晉、代,,伐、攻、取、拔,案：此為後世策士所偽託，用以誇張蘇代為燕為反間而取得破齊之計者。考陽城及狸乃燕之腹地。《趙世家》稱趙悼襄王九年趙攻燕，取貍、陽城，“兵未罷，秦攻鄴拔之。”《韓非子·飾邪篇》言趙北伐燕，“兵至釐而六城拔矣，至陽城，秦拔鄴矣。”“貍”或“釐”皆即狸。陽城在今河北完縣東南，狸在今河北任丘縣東北，皆為燕境內之重要都邑。狸為燕長城外之防守要地。而此雲蘇子敗于晉下，收其餘兵以守陽城，又謂燕攻陽城及狸，乃不知地理者之妄說。
前286,286,周赧王二十九年（西元前二八六年）,59,史料,秦、代,,,廿二年臨汾守曋，庫系、工歟造。（秦戈刻銘，戈出土於江西遂川縣，見《考古》一九七八年第一期《記江西遂川出土幾件秦代銅兵器》）
前286,286,周赧王二十九年（西元前二八六年）,60,考案,秦、魏、周,秦昭王,,案：秦昭王十七年魏納秦河東地方四百里，二十一年魏又獻安邑，此戈疑即二十二年所作，是時河東郡治設於臨汾（在今山西曲沃北），故稱臨汾守。# 卷十六 周赧王三十一年（西元前二八四年）至 三十五年（西元前二八〇年）
前284,284,周赧王三十一年（西元前二八四年）,1,史料,秦、齊、楚、燕、韓、趙、魏,秦昭王、齊湣王、燕昭王,,秦昭王二十三年，魏昭王十二年，韓釐王十二年，趙惠文王十五年，齊湣王十七年，楚頃襄王十五年，燕昭王二十八年。
前284,284,周赧王三十一年（西元前二八四年）,2,史料,秦、齊、燕、韓、趙、魏、晉,,伐、會,[秦昭襄王]二十三年尉斯離與三晉、燕伐齊，破之濟西。王與魏王會宜陽，與韓王會新城。（《秦本紀》，《六國表》作“尉斯離與韓、魏、趙、燕共擊齊，破之”）
前284,284,周赧王三十一年（西元前二八四年）,3,史料,秦、齊、燕、韓、趙、魏,燕昭王,取,[趙惠文王]十五年燕昭王來見。趙與韓、魏、秦共擊齊，齊王敗走。燕獨深入，取臨菑。（《趙世家》）
前284,284,周赧王三十一年（西元前二八四年）,4,史料,秦、齊、燕、韓、趙、魏、周,,伐、會,[魏昭王]十二年與秦、趙、韓、燕共伐齊，敗之濟西，湣王出亡。燕獨入臨菑。與秦王會西周。（《魏世家》，《六國表》作“與秦擊齊濟西。與秦王會西周”）
前284,284,周赧王三十一年（西元前二八四年）,5,史料,秦、齊、韓、周,秦昭王,攻、會,[韓釐王]十二年與秦昭王會西周。而佐秦攻齊，齊敗，湣王出亡。（《韓世家》，《六國表》作“與秦擊齊濟西，與秦王會”）
前284,284,周赧王三十一年（西元前二八四年）,6,史料,秦、齊、楚、燕、晉、魯、衛,樂毅、齊湣王、燕昭王,伐、救、卒、取、殺,[齊湣王]四十年（當作十七年）燕、秦、楚、三晉合謀，各出銳師以伐，敗我濟西，王解而卻。燕將樂毅遂入臨淄，盡取齊之寶藏器。湣王出亡，之衛，衛君辟宮舍之，稱臣而共具。湣王不遜，衛人侵之，湣王去，走鄒、魯，有驕色，鄒、魯君弗內，遂走莒。楚使淖齒將兵救齊，因相齊湣王。淖齒因殺湣王，而與燕共分齊之侵地鹵器。（《田世家》，《六國表》作“五國共擊湣王，王走莒”）[燕昭王]二十八年燕國殷富，士卒樂佚輕戰，於是遂以樂毅為上將軍，與秦、楚、三晉合謀以伐齊。齊兵敗，閔王出走於外。燕兵獨追北，入至臨淄，盡取齊寶，燒其宮室宗廟。齊城之不下者，唯獨莒、即墨。（《燕策一》第十二章，《燕世家》同，惟“閔王”作“湣王”，“莒”上有“聊”字。《六國表》作“與秦、三晉擊齊，燕獨入至臨菑，取其寶器”）
前284,284,周赧王三十一年（西元前二八四年）,7,史料,秦、齊、楚、燕、晉,,伐、取,[楚頃襄王]二十五年楚王與秦、三晉、燕共伐齊，取淮北。（《楚世家》，《六國表》作“取齊淮北”）
前284,284,周赧王三十一年（西元前二八四年）,8,考案,秦、齊、楚、燕、晉,齊湣王,伐、救,案：《田世家》既言“燕、秦、楚、三晉合謀，各出銳師以伐，敗我濟西”，又謂“楚使淖齒將兵救齊，因相齊湣王”，前後矛盾。“燕、秦、楚、三晉合謀”，“楚”字當衍。《六國表》于楚表亦雲：“五國共擊湣王”，並非六國合謀。《齊策六》第五章記齊之幸人曰：“燕之伐齊之時，楚王使將軍將萬人而佐齊。”即指“淖齒將兵救齊”而言。
前284,284,周赧王三十一年（西元前二八四年）,9,史料,齊、楚、燕、韓、趙、魏,樂毅、齊湣王、燕昭王,伐、攻、取,燕昭王悉起兵，使樂毅為上將軍，趙惠文王以相國印授樂毅，樂毅於是並護趙、楚、韓、魏、燕之兵以伐齊，破之濟西。諸侯兵罷歸，而燕軍樂毅獨追至於臨菑。齊湣王之敗濟西，亡走保於莒。樂毅獨留徇齊，齊皆城守。樂毅攻入臨菑，盡取齊寶財物祭器輸之燕。燕昭王大悅，親至濟上勞軍，行賞饗士，封樂毅于昌國，號為昌國君。於是燕昭王收齊鹵獲以歸，而使樂毅複以兵平齊城之不下者。樂毅留徇齊五年，下齊七十餘城。皆為郡縣以屬燕，惟獨莒、即墨未服。（《樂毅列傳》）
前284,284,周赧王三十一年（西元前二八四年）,10,考案,秦、齊、楚、燕、韓、趙、魏,樂毅,伐、攻,案：“樂毅於是並護趙、楚、韓、魏、燕之兵伐齊，破之濟西”，“楚”乃“秦”之誤，楚兵不能攻至濟西。
前284,284,周赧王三十一年（西元前二八四年）,11,史料,秦、齊、燕、周,,攻、卒,昌國君將五國之兵以攻齊。齊使觸子將，以迎天下之兵於濟上。齊王欲戰，使人赴觸子，恥而訾之曰：“不戰必劃若類，掘若壟。”觸子苦之，欲齊軍之敗，於是以天下兵戰，戰合，擊金而卻之，卒北，天下兵乘之。觸子因以一乘去，莫知其所，不聞其聲。達子又帥其餘卒，以軍于秦周，無以賞，使人請金于齊王。齊王怒曰：“若殘豎子之類，惡能給若金？”與燕人戰，大敗，達子死。齊王走莒。燕人逐北入國，相與爭金于美唐甚多。（《呂氏春秋·權勳》）
前284,284,周赧王三十一年（西元前二八四年）,12,考案,秦、齊、周,,伐,案：高誘注：“秦周，齊城門名也。”非是。梁玉繩《呂子校補》據《左傳》襄公十八年“十二月戊戌及秦周，伐雍門之荻，己亥焚雍門及西郭、南郭”，以為“秦周當是近雍門之地名”。並雲：“考《齊記》，古齊城其西曰雍門，西北曰楊門。”無城門名秦周者，是也。
前284,284,周赧王三十一年（西元前二八四年）,13,史料,齊、燕,,卒,燕舉兵，使昌國君將而擊之，齊使向子（當作蜀子）將而應之。齊軍破，向子以輿一乘亡，達子收餘卒複振，與燕戰。求所以賞者，閔王不肯與，軍破走。（《齊策六》第一章）
前284,284,周赧王三十一年（西元前二八四年）,14,考案,齊、燕、宋,,伐,案：“向子”當為“蜀子”之形誤。即《燕策二》第二章所謂“今齊王召蜀子使不伐宋”者，亦即觸子，即濟西之戰敗走者，“觸”“蜀”聲同通用。
前284,284,周赧王三十一年（西元前二八四年）,15,史料,齊、楚、燕,,攻、奔,昔燕攻齊，遵雒路，渡濟橋，焚雍門，擊齊左而虛其右。王歜絕頸而死于杜山，公孫差格死于龍門，飲馬於淄、澠，定獲於琅邪。王與太后奔于莒，逃于城陽之山。（《說苑·奉使》第十八章，楚使者謂齊王）
前284,284,周赧王三十一年（西元前二八四年）,16,考案,秦、齊、楚、燕、韓、趙、魏、周,蘇秦、樂毅、齊湣王,伐、攻、卒、合縱、滅、取、會,案：遵，循也，行也，見《爾雅·釋詁》、《廣雅·釋詁》。雒路亦稱格道。《秦策四》第十章謂楚威王大敗齊將申縛，“趙人聞之至枝桑，燕人聞之至格道。格道不通，平際絕。”謂趙、燕乘齊大敗之時機出兵攻齊，燕兵至格道。格道當即雒路，“格”“雒”皆從“各”音，疑皆“絡”之通假，絡猶繞也，見《山海經·海內經》郭注。絡路或稱絡道，蓋曲折之道路。蓋燕師追隨趙師，經趙國東邊曲折道路南下，會攻齊之濟西。得勝後，燕師渡濟上之橋，向齊城即臨淄進攻，在雍門以西之秦周，大勝齊軍，於是焚雍門而攻克臨淄，所謂“飲馬於淄、澠”也。燕師又乘勝追擊，向東南攻至琅邪，佔據齊長城及險要之地，得以鞏固其勝利果實，所謂“定獲於琅邪”也。由此可見，所謂樂毅《報燕惠王書》雲：“起兵隨而攻齊，以天之道，先王之靈，河北之地隨先王舉而有之濟上。濟上之軍事令擊齊，大勝之，輕卒銳兵長驅至國（“國”即指國都），齊王逃遁走莒，僅以身免。”以為燕師單獨先攻克河北，然後在濟上大勝而長驅攻至臨淄，非其實也。蓋出於遊士之偽託。樂毅破齊，主要經兩戰役。樂毅于上年以趙相而率趙、秦、韓、魏、燕五國之師，由趙攻取齊之靈丘。靈丘在高唐（齊五都之一）西南，作為大舉破齊之基地，使齊集中兵力在濟西抵抗，於是集中五國優勢之兵力，用以殲滅齊集中之主力，結果使齊將觸子敗走，從而奠定擊破齊國之基礎。《呂氏春秋·行論》篇所謂“此濟上之所以敗，齊國以虛也”，“虛”同“墟”，謂破毀也。《呂氏春秋·先識》篇又論此雲：“悉起而距軍於濟上，未有益也。”齊將達子率其戰敗之兵，退守秦周，即在臨淄西門雍門之西，樂毅以燕相率燕師乘勝迅速追擊，一戰又得勝，達子敗死。燕師遂得焚雍門而攻入臨淄。樂毅破齊，主要經歷濟西之戰與秦周之戰。《燕策二》第十一章謂燕王“率天下之兵以伐齊，大戰一，小戰再，頓齊國，成其名”，“大戰一”即是濟西之戰，“小戰再”，即是秦周之戰。《呂氏春秋·貴直》篇評論齊湣王之驕橫，雲：“此觸子之所以去之也，達子之所以死之也。”亦指濟西之役與秦周之役。此亦可見樂毅《報燕惠王書》所謂“河北之地隨先王舉而有之濟上”，出於遊士偽託而誇大樂毅破齊之功者。按齊與燕接境之地為河北，齊與趙接境之地為濟西。《燕策一》第八章及《蘇秦列傳》記蘇秦策劃破齊曰：“且異日也，濟西不役，所以備趙也；河北不役，所以備燕也。今濟西、河北盡已役矣，封內弊矣。”顧觀光釋之曰：“濟西是齊之西境與趙為鄰者。”又曰：“按戰國時，河已徙流，自宿胥口東行漯川至長壽津，與漯別行而東北流，合漳水入海，故齊地有錯入河北者，蓋距燕較近矣。《燕策》因北地之眾以伐燕，又雲齊之信燕也，至於虛北地以行其兵，北地當即河北。”其說是也。樂毅為趙、燕之共相，毅先以趙相率五國之師攻取齊之靈丘，進而大破齊軍於濟西。繼而又以燕相獨率燕師由濟西乘勝追擊，深入齊地，何勞再攻佔河北，由河北南下經濟上？《樂毅列傳》稱樂毅破之濟西後而獨率燕軍追至臨淄，《魏世家》、《田世家》亦相同。樂毅《報燕惠王書》謂“起兵隨而攻齊，以天之道，先王之靈，河北之地，隨先王舉而有之於濟上，濟上之軍事令擊齊大勝之。輕卒銳兵，長驅至國”。謂樂毅率燕師先攻佔河北，再攻至濟上而大勝之，然後長驅至國。以為樂毅破齊全由燕師連續得勝而成功。蓋出於策士之偽託，用以誇大樂毅之功績者。樂毅確是有謀略之將軍，彼以燕、趙“共相”與五國合縱之時機，集中優勢兵力，先殲滅齊之主力于濟西，然後便於燕師長驅直入而攻克臨淄。
前284,284,周赧王三十一年（西元前二八四年）,17,史料,齊,,,《公孫固》一篇。（《漢書·藝文志》列儒家。班固自注：“十八章，齊閔王失國，問之，固因為陳古今成敗也。”）
前284,284,周赧王三十一年（西元前二八四年）,18,考案,齊、韓、代,齊湣王,,案：《史記·十二諸侯年表序》雲：“及如荀卿、孟子、公孫固、韓非之徒，各往往捃摭《春秋》之文以著書。”由此可知齊湣王失國之後，嘗請教于公孫固，固因而採集春秋時代之史事，編成十八章，為之陳古今成敗之教訓。
前284,284,周赧王三十一年（西元前二八四年）,19,史料,楚、蔡,,伐、攻、立,公孫子曰：“子發將西伐蔡，克蔡，獲蔡侯，歸致命曰：‘蔡侯奉其社稷而歸之楚，舍屬二三子而治其地。’（楊注：“舍，子發名”）既楚發其賞，子發辭曰：‘發誡布令而敵退，是主威也；徙舉相攻而敵退，是將威也；合戰用力而敵退，是眾威也。臣舍不宜以眾威受賞。’譏之曰：子發之致命也恭，其辭賞也固。夫尚賢使能，賞有功，罰有罪，非獨一人為之也，彼先王之道也，一人之本也，善善惡惡之應也，治必由之，古今一也。古者明王之舉大事、立大功也，大事已博，大功已立，則君享其成，群臣享其功，士大夫益爵，官人益秩，庶人益祿，是以為善者勸，為不善者沮，上下一心，三軍同力，是以百事成而功名大也。今子發獨不然，反先王之道，亂楚國之法，墮興功之臣，恥受賞之屬，無僇乎族黨，而抑卑其後世。案獨以為私廉，豈不過甚矣哉！故曰：子發之致命也恭，其辭也固。”（《荀子·強國》）
前284,284,周赧王三十一年（西元前二八四年）,20,考案,秦、齊、周、蔡,齊湣王,取,案：羅焌《諸子學述》之《周秦諸子書目表》雲：“此與馬、班所說正合，其為《公孫固》書無疑。”此說可從《荀子》此節，蓋即取自《公孫固》十八章中。子發克蔡事，已說明在周顯王二十九年案語中。據此可知，公孫固所陳古今成敗，亦包括戰國時事。此章論賞罰與成敗之關係重大。蓋濫罰而不肯賞，以致觸子敗走，達子敗死。此為齊湣王失敗原因之一，故公孫固據史事以譏之。
前284,284,周赧王三十一年（西元前二八四年）,21,史料,齊、衛,齊湣王,攻,齊湣王亡居於衛，晝日步足（《新序·雜事五》第二十一章作“盡日步走”），謂公玉丹曰：“我已亡矣，而不知其故。吾所以亡者，果何故哉？我當已。”（高亨雲：“已當作亡。”範耕研雲：“言當止而改過也”）公玉丹答曰：“臣以王為已知矣，王故尚未知邪？王之所以亡者，以賢也。天下之主皆不肖，而惡王之賢也，因相與合兵而攻王，此王之所以亡也。”湣王慨焉太息曰：“賢固若是其苦邪？”此亦不知其所以也，此公玉丹之所以過也。（《呂氏春秋·審己》）
前284,284,周赧王三十一年（西元前二八四年）,22,史料,齊、衛,齊湣王,,齊湣王亡居衛，謂公玉丹曰：“我何如主也？”玉丹曰：“王賢主也。臣聞古人有辭天下而無恨色者，臣聞其聲，于王而見其實。王名稱東帝，實辨天下（高誘注：“辨，治也。”《新序·雜事五》第二十一章“辨”作“有”），去國居衛，容貌充滿，顏色發揚，無重國之意。”王曰：“甚善。丹知寡人，寡人自去國居衛也，帶益三副矣。”（《呂氏春秋·過理》，《新序·雜事五》第二十一章同，“帶益三副矣”作“帶三益矣”)
前284,284,周赧王三十一年（西元前二八四年）,23,史料,齊、趙、魯,,取,齊閔王將之魯，夷維子執策而從，謂魯人曰：“子將何以待吾君？”魯人曰：“吾將以十太牢待子之君。”夷維子曰：“子安取禮而來待吾君？彼吾君者，天子也。天子巡狩，諸侯辟舍（“辟”讀作“避”），納於筦鍵（“筦”同“管”），攝衽抱幾，視膳於堂下，天子已食，退而聽朝也。”魯人投其籥（“籥”通“鑰”），不果納，不得入于魯。將之薛，假塗于鄒（“塗”通“途”）。當是時，鄒君死，閔王欲入吊，夷維子謂鄒之孤曰：“天子吊，主人必將倍殯柩（“倍”通“背”），設北面於南方，然後天子南面吊也。”鄒之群臣曰：“必若此，吾將伏劍而死。”故不敢入于鄒。（《趙策三》第十三章魯仲連謂辛垣衍，《魯仲連列傳》同）
前284,284,周赧王三十一年（西元前二八四年）,24,史料,齊、吳,,殺、奔,王奔莒，淖齒數之曰：“夫千乘、博昌之間，方數百里（“百”當為“十”字之誤，千乘在今山東高青縣東北，博昌在今博興縣東南，兩地相鄰，不過數十裡），雨血沾衣，王知之乎？”王曰：“不知。”“贏、博之間地坼至泉，王知之乎？”王曰：“不知。”“人有當闕而哭者，求之而不得，去之則聞其聲，王知之乎？”王曰：“不知。”（吳師道曰：“三不知字，《春秋後語》皆作知之，《資治通鑒》從之。”金正煒曰：“據後文，淖齒責王不知戒，則作知之，義勝。”《太平御覽》八百七十七引作“不知”)淖齒曰：“夫天雨血沾衣，天以告也；地坼至泉者，地以告也；人有當闕而哭者，人以告也。天、地、人皆以告矣，而王不知戒焉（《資治通鑒》“戒”作“誡”，胡注：“誡與戒同”），何得無誅乎？”於是殺閔王於鼓裡。（《齊策六》第一章）
前284,284,周赧王三十一年（西元前二八四年）,25,考案,齊,,殺,案：《資治通鑒》胡注：“鼓裡，莒中地名，近齊廟。”莒為齊五都之一，設有宗廟，湣王被殺於廟，懸之廟梁而死。
前284,284,周赧王三十一年（西元前二八四年）,26,史料,秦、齊、韓,,,淖齒聞齊王之惡己也，乃矯為秦使以知之。（《韓非子·內儲說上》）
前284,284,周赧王三十一年（西元前二八四年）,27,史料,秦、齊,范雎,,淖齒管齊之權，縮閔王之筋，懸之廟梁，宿昔而死。（《秦策三》第十章范雎謂秦王，《範雎列傳》作“崔杼、淖齒管齊，射王股，擢王筋，縣之于廟梁，宿昔而死”。“崔杼”二字為衍文）
前284,284,周赧王三十一年（西元前二八四年）,28,史料,齊、楚、韓,,,淖齒用齊，擢閔王之筋，懸于其廟梁，宿夕而死。（《楚策四》第九章客謂春申君，《韓非子·奸劫弑臣》、《韓詩外傳》卷四第二十五章同，“宿夕”作“宿昔”，“昔”“夕”字通。《韓非子·外儲說右下》亦作“淖齒之用齊也，擢閔王之筋”）
前284,284,周赧王三十一年（西元前二八四年）,29,史料,韓,,,湣王一用淖齒而身死乎東廟。（《韓非子·難一》，《淮南子·氾論訓》同，惟“一”作“專”）
前284,284,周赧王三十一年（西元前二八四年）,30,考案,秦、齊、楚、燕、韓、晉、魯、衛,齊湣王,伐、攻、救、卒、立、合縱、取、殺、奔,案：淖齒亦作卓齒，見《韓非子·奸劫弑臣》篇顧廣圻雲：“藏本、今本卓作淖，《策》、《外傳》皆作淖，案卓、淖同字。乾道本未嘗誤，改者非也。”今案“淖”、“卓”皆當為“昭”之通假；猶如昭滑之或作“卓滑”。蓋楚之貴族。《田世家》雲：“楚使淖齒將兵救齊，因相齊湣王。淖齒遂殺湣王而與燕共分齊之侵地鹵器。”《新序·雜事五》第二十一章同。《齊策六》第五章記齊之幸臣相與語于王曰：“燕之伐齊之時，楚王使將軍將萬人而佐齊，今國已定而社稷已安矣，何不使使者謝于楚王？”楚王所使佐齊之將軍，當即淖齒。齊湣王因兵敗出奔，經衛、鄒、魯等國，回國走莒，即依靠楚之救助。莒為齊五都之一，在齊長城之南，靠近楚國，據此可重建齊之政權，因而重用淖齒為相。《呂氏春秋·正名》篇論及齊湣王雲：“此公玉丹之所以見信而卓齒之所以見任也，任卓齒而信公玉丹，豈非以自讎邪？”高注：“其斃由在此二人，非欲自斃也，然二人卒斃之。”齊湣王任用淖齒為相，依靠楚之救援重建政權，出於形勢所迫。淖齒之殺湣王，蓋由於利害衝突，猜疑而相惡。《韓非子·內儲說上》雲：“淖齒聞齊王之惡己也，乃矯為秦使以知之。”韓非列此為“倒言反事以嘗所疑則姦情得”之一例，蓋淖齒使人偽裝秦使以見湣王，探得湣王厭惡自己，因而設計殺死湣王。又案：《楚世家》言：“楚王與秦、三晉、燕共伐齊，取淮北。”《六國表》亦作“取齊淮北”，而《田世家》則雲：“淖齒遂殺湣王而與燕共分齊之侵地鹵器。”所謂“取齊淮北”與“分齊之侵地”，實為一事。淮北原為齊侵楚之地。當以《田世家》之說較為可信。是時五國合縱伐破齊國，分割齊地，楚實未嘗參與。楚使淖齒率師救齊，齊湣王任淖齒為相，及淖齒殺死湣王，不久齊人王孫賈又攻殺淖齒，莒人又共立湣王子法章為齊王，楚並未干預其事。楚之收復齊之侵地淮北，當在淖齒為齊湣王之相國，齊正依靠楚之救援而重建政權之時。
前284,284,周赧王三十一年（西元前二八四年）,31,史料,齊、魏、宋,,,齊能並宋而不能凝也，故魏奪之。（《荀子·議兵》）
前284,284,周赧王三十一年（西元前二八四年）,32,考案,齊、楚、魏、周、宋,,圍、滅,案：魏奪得齊所並宋地，當在五國之師大敗齊於濟西之後。《楚世家》頃襄王十八年楚人有以弋射說楚王曰：“外舉定陶，則魏之東外棄，而大宋、方與二郡舉矣。”可知魏得宋地，嘗置大宋、方與二郡。《漢書·地理志》稱宋“為齊、楚、魏所滅，三分其地，魏得梁（指睢陽）、陳留”，不可信。陳留早為魏地，魏得睢陽及其周圍之地，當在此時。
前284,284,周赧王三十一年（西元前二八四年）,33,史料,齊、魯,,取,齊以東帝困於天下，而魯取徐州。（《呂氏春秋·首時》）
前284,284,周赧王三十一年（西元前二八四年）,34,考案,秦、齊、楚、燕、趙、魏、周、魯、宋,樂毅、秦昭王、齊湣王,伐、攻、救、立、合縱、滅、取、遷,案：高誘注：“齊湣王僭號於東，民不順之，故困於天下，是以魯國略取徐州。”此說不確切。秦昭王十九年，即齊湣王十三年，秦約齊並稱東、西帝。齊忽而取消帝號，發動合縱攻秦，圖謀乘機滅宋。後二年齊滅宋，諸侯恐懼。再後二年，秦發動合縱攻齊，於是樂毅攻破齊國。《呂氏春秋》所謂“齊以東帝困於天下”，當指五國合縱伐破齊國之時。魯雖小國，亦乘此時機略取徐州。徐州即薛，原為孟嘗君之封邑。《水經·泗水注》謂：“漷水西徑薛縣故城北”，“《竹書紀年》梁惠成王三十一年邳遷于薛，改名徐州。”“齊封田文於此，號孟嘗君。”《孟嘗君列傳》又謂：“齊襄王立，而孟嘗君中立于諸侯，無所屬。”田文死後“諸子爭立，而齊、魏共滅薛”。考齊湣王七年田甲劫王，孟嘗君出走，入魏為相，嘗主謀參與合縱攻齊。《東周策》第二十一章或謂周冣曰：“薛公[背]故主，輕忘其薛，不顧其先君之丘墓。”蓋孟嘗君出走後已離其薛邑。魏昭王十三年，即齊襄王元年秦攻魏大樑，孟嘗君為魏請趙、燕出兵來救。時孟嘗君正為魏相。若齊湣王末年五國合縱伐破齊國時，魯已乘機取得徐州，則齊襄王初立時，徐州已為魯有，孟嘗君何得于時中立于諸侯而無所屬也？《資治通鑒》因此記孟嘗君中立于諸侯，以及齊、魏共滅薛在周赧王三十六年，即齊襄王五年。顧觀光因雲：“襄王五年齊、魏滅薛。其後地入于魯。《呂氏春秋·首時》齊以東帝困於天下，而魯取徐州。《魯世家》頃公十九年楚伐我取徐州是也。”此說尚有可商，若在齊襄王五年以後，田單已收復齊之所有失地，此時魯尚能乘機略取齊之徐州乎？
前284,284,周赧王三十一年（西元前二八四年）,35,史料,齊,,立、殺,齊閔王之遇殺，其子法章，變姓名為莒太史家庸夫，太史敫女奇法章之狀貌，以為非常人，憐而常竊衣食之，與私焉（《田世家》作“而與私通焉”，下有“淖齒既以去莒”句）。莒中及齊亡臣相聚求閔王子，欲立之，法章乃自言於莒（《田世家》作“法章懼其誅己也，久之，乃敢自言我湣王子也”），共立法章為襄王。襄王立乙太史氏女為王后，生子建。太史敫曰：“女無媒而嫁者，非吾種也，汙吾世矣！”終身不睹。君王後賢，不以不睹之故，失人子之禮也。（《齊策六》第八章，《田世家》略同）
前284,284,周赧王三十一年（西元前二八四年）,36,史料,齊,,殺,殺閔王於鼓裡，太子乃解衣免服，逃太史之家，為溉園。君王後太史氏女，知其貴人，善事之。（《齊策六》第一章）
前284,284,周赧王三十一年（西元前二八四年）,37,史料,齊,,殺,王孫賈年十五，事閔王。王出走，失王之處。其母曰：“女朝出而晚來，則吾倚門而望；女暮出而不還，則吾倚間而望；女今事王，王出走，女不知其處。女尚何歸？”王孫賈乃入市中曰：“淖齒亂齊國，殺閔王，欲與我誅者袒右。”市人從者四百人，與之誅淖齒，刺而殺之。（《齊策六》）第二章）
前284,284,周赧王三十一年（西元前二八四年）,38,考案,齊,,殺,案：據《齊策》，淖齒為王孫賈所殺，可知《田世家》淖齒去莒之說不確。
前284,284,周赧王三十一年（西元前二八四年）,39,史料,齊、燕,,立、殺,淖齒之殺湣王也，莒人求湣王子法章，得之太史嫩之家，為人灌園，嫩女憐而善遇之。後法章私以情告女，女遂與通。及莒人共立法章為齊王，以莒距燕，而太史氏女遂為後，所謂君王後也。燕之初入齊，聞畫邑人王蠋賢，令軍中曰：“環畫邑三十裡，無入，以王蠋之故。”已而使人謂蠋曰：“齊人多高子之義，吾以子為將，封子萬家。”蠋固謝。燕人曰：“子不聽，吾引三軍而屠畫邑。”王蠋曰：“忠臣不事二君，貞女不更二夫。齊王不聽吾諫，故退而耕于野，國既破亡，吾不能存。今又劫之以兵為君將，是助桀為暴也。與其生而無義，固不如烹。”遂經其頸於樹枝，自奮絕脰而死。齊亡大夫聞之曰：“王蠋，布衣也。義不北面于燕，況在位食祿者乎？”乃相聚如莒，求諸子，立為襄王。（《田單列傳》，《說苑·立節》第二十一章與此“燕之初入齊”以下，大體相同。“王蠋”作“王歜”，“畫邑”作“蓋邑”，“經其頸”作“縣其軀”）
前284,284,周赧王三十一年（西元前二八四年）,40,考案,齊、燕,,,案：據《齊策六》第五章貂勃謂襄王曰：“燕人興師而襲，齊墟，王走而之城陽之山中。”又謂安平君“故為棧道木閣，而迎王與後於城陽山中，王乃得反，子臨百姓。”可知襄王在莒重建之政權，不在莒之城內，而在山路險阻之深山中，因而需建棧道木閣而迎王返回臨淄。
前284,284,周赧王三十一年（西元前二八四年）,41,考案,秦、齊、吳,樂毅、齊宣王,,又案：錢穆《田駢考》附有王斶之考訂雲：“《齊策》齊宣王見顏斶，吳師道曰：‘《春秋後語》作王蠋。’又有先生王鬥，吳師道曰：‘一本標《文樞鏡要》作王升。’今按《漢書·古今人表》有王升、顏歜。竊疑王升即王斶之脫訛，又誤分顏、王為兩姓。觀顏斶對宣王曰：‘斶前為慕勢，王前為趨士’，而王升之對亦然，知為一事之兩傳矣。其後當湣王之亡，其畫邑人王蠋，樂毅聞其賢，令環三十裡毋入，而使人請之，蠋自經而死。蓋即宣王時高論士貴之王斶也。……其人蓋亦稷下先生之賢者，當湣王之末，諸儒散亡，彼殆以邦土未去，遂以死節也。”（《先秦諸子系年》四三一頁）。朱起鳳亦有相同之見解。《齊策四》第五章見齊宣王之顏斶，《史記·正義》、《後漢書》注、《文選》注及《太平御覽》所引，或作“歜”、“蠋”、“觸”，皆從蜀聲。《齊策四》第六章之“王鬥”，《太平御覽》四百五十六引作“王歜”，《文選·文宣王行狀》注引作“王叔”，《初學記》三十四引作“王升”，“升”“鬥”“叔”形似而論，“叔”“歜”又聲近而論。
前284,284,周赧王三十一年（西元前二八四年）,42,史料,秦、齊、燕、韓、趙、魏、晉、周、宋,樂毅、齊湣王,伐、攻、取、會,燕王悉起兵，以樂毅為上將軍，秦尉斯離帥師與三晉之師會之。趙王以相印授樂毅，樂毅並將秦、魏、韓、趙之兵以伐齊。齊湣王悉國中之眾以拒之，戰於濟西，齊師大敗。樂毅還秦、韓之師，分魏師以略宋地，部趙師以收河間。身率燕師，長驅逐北。劇辛曰：“齊大而燕小，賴諸侯之助以破其軍，宜及時攻取其邊城以自益，此長久之利也。今過而不攻，以深入為名，無損于齊，無益于燕，而結深怨，後必悔之。”樂毅曰：“齊王伐功矜能，謀不逮下，廢黜賢良，信任諂諛，政令戾虐，百姓怨懟。今軍皆破亡，若因而乘之，其民必叛，禍亂內作，則齊可圖也。若不遂乘之，待彼悔前之非，改過恤下而撫其民，則難慮也。”遂進軍深入。齊人果大亂失度，湣王出走。樂毅入臨淄，取寶物、祭器，輸之于燕。燕王親至濟上勞軍，行當饗士，封樂毅為昌國君，遂使留徇齊城之未下者。（《資治通鑒》周赧王三十一年）
前284,284,周赧王三十一年（西元前二八四年）,43,考案,秦、齊、燕、趙、魏、周,樂毅、齊湣王、燕昭王,攻、卒、即位、取,案：《資治通鑒》所記樂毅攻克臨淄經過，不見《史記》與《戰國策》，當別有所據。但所據史料，不符史實。此言樂毅大敗齊師於濟西後，身率齊師長驅逐北。劇辛勸諫，謂宜及時攻取齊邊城以自益，深入無益，而樂毅以為“其民必叛，禍亂內作”，遂進軍深入，齊人果大亂失度，湣王出走，樂毅因而攻入臨淄。考劇辛為戰國末年燕將，趙悼襄王三年為趙將龐煖所擒。見於《趙世家》，距此有四十二年，若是時劇辛年三十，則七十外猶為戰將乎？《史》《策》所謂燕昭即位初，師事郭隗，樂毅自魏往，劇辛自趙往，本為後世縱橫家之誇談。《燕世家》謂“劇辛故居趙，與龐煖善，已而走亡燕”，即在劇辛被擒前不久，不得與樂毅共事燕昭王。則此劇辛與樂毅之爭論，必為後世縱橫家偽託，而用以誇大樂毅之計謀者。據《呂氏春秋·權勳》篇，齊湣王命觸子將而迎戰，脫走，余卒由達子率以軍秦周，秦周在臨淄雍門外，達子又敗死。據《說苑·奉使》篇第十八章，燕攻齊，“渡濟橋，焚雍門”而攻入臨淄。蓋樂毅在大勝觸子於濟西之後，乘勝追擊，又大敗達子于秦周，隨即攻克臨淄。非如《資治通鑒》所雲，因齊人內亂而得逞也。
前284,284,周赧王三十一年（西元前二八四年）,44,史料,齊、燕、魏、周,樂毅,奔,燕師乘勝長驅，齊城皆望風奔潰。樂毅修整燕軍，禁止侵掠，求齊之逸民，顯而禮之，寬其賦斂，除其暴令，修其舊政，齊民喜悅。乃遣左軍渡膠東、東萊。前軍循泰山以東至海，略琅邪，右軍循河、濟，屯阿、鄄以連魏師，後軍旁北海以撫千乘，中軍據臨淄而鎮齊都。祀桓公、管仲於郊，表賢者之閭，封王蠋之墓，齊人食邑于燕者二十餘君，有爵位於薊者百有餘人。六月之間，下齊七十餘城，皆為郡縣。（《資治通鑒》周赧王三十一年）
前284,284,周赧王三十一年（西元前二八四年）,45,考案,秦、齊、楚、燕、周,樂毅、白起,攻、圍、會,案：黃式三《周季編略》雲：“《通鑒》於此年書六月之間下齊七十二城，惟莒、即墨未下，訛也。承訛者，求莒、即墨所以五年不下之故，尤訛也。據《史記·樂毅列傳》五歲乃下齊七十二城。《後漢書·朱雋傳》：昔秦用白起、燕任樂毅皆曠年曆載，乃能克敵，李《注》引《史記》五年乃下齊七十餘城，是也。蘇氏《古史》：東發先生《日鈔》所言，皆同。《稽古錄》於三十五年書樂毅徇齊地，數歲下齊七十餘城，是司馬氏後知其誤而不能追改《通鑒》也。”此樂毅攻克臨淄後，分兵五路向四方進擊，六月下齊七十餘城之說，不見《史記》、《戰國策》，先秦諸子，疑皆出後人增飾，未可輕信。《說苑·奉使》第十八章楚使者謂齊王，稱樂毅攻齊，“焚雍門，擊齊左而虛其右”，“飲馬於淄、澠，定獲於琅邪”。可知樂毅攻克臨淄後，即乘勝向東南進擊，直攻至琅邪，佔據齊長城以北地區，以鞏固其勝利所得，不宜分兵五路而向四方出擊也。《樂毅列傳》謂“樂毅留徇齊五年，下齊七十余城”，蓋五年中逐步攻克七十餘城。《資治通鑒》于週報王三十六年言“樂毅乃並右軍、前軍以圍莒，左軍、後軍圍即墨”，以為原來分向四方出擊之四路軍隊，又分別會合以圍攻莒與即墨，更不可信。自臨淄南下攻莒，不過二百餘裡，較為近便，若“並右軍、前軍以圍莒”，右軍已循河、濟西進而屯于阿、鄄。鄄距莒有六百里之遙，樂毅何以不就近便進攻，而欲從六百里外調兵來圍邪？自臨淄東向攻即墨，亦不過二百餘裡，若並“左軍、後軍圍即墨”，後軍已“旁北海以撫千乘”，遠在臨淄東北百里以外，樂毅又何以不就近便進攻而欲從遠處調兵來圍邪？由此可見，《資治通鑒》所謂樂毅克臨淄後分五路向四方出擊之說非事實，《資治通鑒》繼謂樂毅合出擊四方之兵而圍莒與即墨，更是不符實際之臆說。
前284,284,周赧王三十一年（西元前二八四年）,46,考案,齊、燕、吳,樂毅,伐、攻、取、遷,又案：《大事記》引延平陳氏曰：“樂毅之下齊也，止侵略，寬賦斂，除暴令，修舊政，求逸民，顯而禮之，祀桓公、管仲於郊，表賢者之間，封王蠋之墓，凡可以悅民者，無不為之。此孟子所以教齊者，齊王不能用之于燕，而樂毅能用之于齊。”吳師道駁之曰：“朱子曰：‘樂毅亦戰國之士，何嘗是王者之師。’又曰：‘……毅在當時亦恣意虜掠，正孟子所謂毀其宗廟，遷其重器者爾。’愚謂樂毅之伐齊，取寶器，燒宮室，見於《田齊世家》、《燕世家》、《樂毅傳》、《國策》皆然，征以毅之自言，蓋不誣矣。陳氏首以止侵掠為美，似未察其實也。齊以燕伐燕，燕以齊伐齊，孟子所以教齊王者，毅實違之，是尚能用之乎？雖有寬賦、除暴、反政、禮賢諸端，不足以揜其罪也。”今按陳氏所論，依據《通鑒》，但《通鑒》所謂“禁止侵掠”云云，不知何據。《呂氏春秋·權勳》雲：“燕人逐北入國，相與爭金于美唐甚多。”高注：“美唐，金藏所在。”所謂“入國”即謂攻入國都臨淄。可見燕兵攻入臨淄，爭相掠奪，《資治通鑒》所載，疑出於後人增飾，未可據信。
前284,284,周赧王三十一年（西元前二八四年）,47,考案,齊、燕,樂毅,伐、立,又案：《資治通鑒》謂樂毅“封王蠋之墓，齊人食邑于燕者二十餘君”云云，恐亦不足信。《田單列傳》、《說苑·立節》皆謂樂毅推尊王蠋之賢，而欲封之，而蠋絕頸而死，未有封墓之事。《水經·淄水注》謂洄水南山西有王歇墓，昔樂毅伐齊，賢而封之。歇不受，自縊而死。亦未有封墓之事。
前284,284,周赧王三十一年（西元前二八四年）,48,史料,齊、周、衛,齊湣王,殺,尹文見齊王。齊王謂尹文曰：“寡人甚好士。”（《公孫龍子·跡府》此下有“以齊國無士何也”一句）尹文曰：“願聞何謂士？”王未有以應。尹文曰：“今有人於此，事親則孝，事君則忠，交友則信，居鄉則悌，有此四行者，可謂士乎？”齊王曰：“此真所謂士已。”尹文曰：“王得若人，肯以為臣乎？”王曰：“所願而不能得也。”尹文曰：“使若人於廟朝中（舊校：“廟一作廣。”《公孫龍子》作“使此人於廣庭大眾之中”），深見侮而不鬥，王將以為臣乎？”王曰：“否，大夫見侮而不鬥（“大夫”，《公孫龍子》作“钜士也”，《孔叢子·公孫龍》作“夫士也”，許維遹雲：“大夫當作夫士”），則是辱也。辱則寡人弗以為臣矣。”尹文曰：“雖見侮而不鬥，未失其四行也。未失其四行者，是未失其所以為士矣（“矣”上原衍“一”字，從譚戒甫刪），未失其所以為士，而王一以為臣，一不以為臣，則向之所謂士者乃非士乎？”（原作“未失其所以為士一，而王以為臣，失其所以為士一，而王不以為臣，則向之所謂士者乃士乎”，今從譚戒甫據《公孫龍子》改正）王無以應。尹文曰：“今有人於此，將治其國，民有非則非之，民無非則非之；民有罪則罰之，而惡民之難治，可乎？”（《公孫龍子》作“人有非則非之，無非則亦非之；有功則賞之，無功則亦賞之，而怨人之不理，可乎”）王曰：“不可。”尹文曰：“竊觀下吏之治齊也，方若此也。”王曰：“使寡人治信若是，則民雖不治，寡人弗怨也，意者未至然乎。”尹文曰：“言之不敢無說。請言其說。王之令曰：‘殺人者死，傷人者刑。’民有畏王之令，深見侮而不敢鬥者，是全王令也。而王曰見侮而不敢鬥是辱也。夫謂之辱者，非此之謂也，以為臣不以為臣者罪之也，此無罪而王罰之也。”（《公孫龍子》作“謂之辱，非之也。無非而王非之，故因除其籍，不以為臣也。不以為臣者罰之也，此無罪而王罰之也”）齊王無以應。論皆若此，故國殘身危，走而之谷，如衛。齊湣王，周室之孟侯也。（《呂氏春秋·正名》，《公孫龍子·跡府》大體相同，惟末段尹文之言，尚有下列一段：“且王不敢鬥者，必榮敢鬥也。榮敢鬥者，是而王是之，必為臣矣。必以為臣者，賞之也。此無功而王賞之。王之所賞，吏之所誅也。上之所是，而法之所非也。賞罰是非，相與四謬，雖十黃帝不能理也。”）
前283,283,週報王三十二年（西元前二八三年）,1,史料,秦、齊、楚、燕、韓、趙、魏,秦昭王、燕昭王,,秦昭王二十四年，魏昭王十三年，韓釐王十三年，趙惠文王十六年，齊襄王元年，楚頃襄王十六年，燕昭王二十九年。
前283,283,週報王三十二年（西元前二八三年）,2,史料,秦、魏,,拔,[魏昭王]十三年秦拔我安城，兵到大樑，去。（《魏世家》，《六國表》同，作“兵到大樑而還”）
前283,283,週報王三十二年（西元前二八三年）,3,史料,秦、楚、燕、趙、魏,,救、取、會,[秦昭襄王]二十四年與楚王會鄢，又會穰。秦取魏安城，至大樑，燕、趙救之，秦軍去。魏冉免相。（《秦本紀》，《六國表》作“與楚會穰”）
前283,283,週報王三十二年（西元前二八三年）,4,史料,秦,秦昭王,攻,[秦昭王]廿四年攻林。（秦簡《編年記》）
前283,283,週報王三十二年（西元前二八三年）,5,史料,秦、楚,秦昭王,會,[楚頃襄王]十六年與秦昭王好會于鄢。其秋複與秦王會穰。（《楚世家》，《六國表》作“與秦王會穰”）
前283,283,週報王三十二年（西元前二八三年）,6,史料,秦、魏、衛,,伐、攻、圍、拔,從林鄉軍以至於今（帛書《戰國縱橫家書》第十六章、《魏策三》第八章無“鄉”字)，秦七攻魏（《魏策》“七”誤作“十”），五入囿中（《魏策》“囿”誤作“國”），邊城盡拔，文台墮（帛書“墮”作“隨”，“隨”通“墮”），垂都焚（帛書“焚”作“然”，“然”通“燃”），林木伐，麋鹿盡，而國繼以圍（帛書“繼”作“續”），又長驅梁北（帛書“又”作“有”，“有”通“又”。帛書“驅”作“敺”，“敺”通“驅”），東至陶、衛之郊（《魏策》“至”下有“乎”字，帛書“至”下有“虖”字，“虖”通“乎”），北至乎監（“乎”原誤作“平”，據帛書及《魏策》改正。“監”，《魏策》作“闞”，“監”“闞”音近通用）。（《魏世家》安釐王十一年下無忌謂魏王，帛書《戰國縱橫家書》第十六章、《魏策三》第八章同，“無忌”作“朱己”）
前283,283,週報王三十二年（西元前二八三年）,7,考案,秦、齊、楚、韓、趙、魏、周、越、鄭,蘇秦,伐、攻、救、取、拔,案：是年秦乘五國破齊之時機，大舉攻魏，欲一舉攻破魏都大樑，於是有“攻林”之戰。或稱為“林軍”或“林鄉軍”。即軍于林或林鄉。當時中原稱林者，有南、北兩地，皆因有森林而得名。《水經·渠水注》考定北林在中牟縣西南，新鄭以北四十許裡，是時秦所攻之林，當為北林，但其地點當在中牟縣東北，大樑之西北，並臨近黃河。《齊策五》第一章所謂蘇秦說齊閔王，述及趙敬侯六年（周安王二十一年）楚救趙攻魏之戰役，謂“楚人救趙而伐魏，戰於州西，出梁門，軍舍林中，馬飲于大河”。州在魏之河內，在今河南武陟西南，地當黃河之北。是役楚之前鋒攻至州西，與魏軍交戰，後繼之大軍已出梁門，駐屯于黃河以南之林中，戰馬飲水于黃河。可知林中當在梁門之北。梁門當是大樑西北之關塞，而林中在梁門以北，臨近黃河，便於戰馬飲水，為駐屯大軍適宜之地。《秦本紀》言是年“秦取魏安城，至大樑”。《魏世家》亦雲：“秦拔我安城，兵到大樑”。《集解》引《地理志》汝南有安成縣。《正義》引《括地志》，安城在汝陽東南七十裡，在今河南平輿縣南。其說非是。楊守敬辨之曰：“考史接言秦兵到大樑，安成在大樑南四五百里，既非秦往大樑所經，且是時汝南地屬楚，非魏有也。《陰溝水注》古瀆東南徑陽武城北，又東南絕長城，徑安亭北。此安亭在大樑西，亭西南為魏之安城無疑。《魏世家》使道安成云云，《正義》引《括地志》，故城在鄭州原武縣東南二十裡，指此。”此說甚是。此安城在大樑之西北，在今河南原武東南，原陽縣西南，南靠魏長城。秦兵出函谷關及殷塞，經周、韓之地，越魏長城，攻拔安城，以此為進攻大樑之據點。由此向東南進軍，為進攻大樑方便之路線。而大樑西北之林，為駐屯大軍以便進攻之基地，因必首先攻克之。
前283,283,週報王三十二年（西元前二八三年）,8,考案,秦、韓、魏、周、越、鄭,魏惠王,伐、攻、圍、取、拔、殺,又案：朱己謂魏王，述及“林軍”，“秦七攻魏，五入囿中”，此“囿”當即《西周策》第十一章述及之梁囿。梁囿在大樑近郊，猶如溫圃在溫邑近郊。是時中原各國都城之結構，皆為東設大郭而西建宮城。韓都新鄭，宮城在大郭之西北。魏都大樑亦當如此，為魏君經常遊樂之苑囿，必在宮城附近，當在大樑西北郊。故《西周策》記周君由魏都大樑向西北返國途中，得見梁囿而樂之。文台、垂都即梁囿中離宮所在。是時秦軍經周、韓之地，越魏長城，從西北向大樑進攻，梁囿為必經之地，因而先攻入囿中，文台因而被墮，垂都因而被焚，林木被伐，麋鹿被殺。《魏世家》“五入囿中”，《索隱》雲：“囿即圃田。圃田，鄭藪，屬魏。”此說大謬。據《水經·渠水注》圃田“澤在中牟縣西，西限長城（即魏長城），東極官渡，北佩渠水，東西四十許裡，南北二十許裡，中有沙岡，上下二十四浦，津流徑通，淵潭相接，各有名焉。”此乃一大湖泊，周圍為水網地帶，西面又限有長城。此時秦軍已在圃田澤以北，越過長城，拔取安城，由此向東南進攻大樑，豈可折而南下，入此水網地帶而自投羅網乎？魏惠王三十一年為大溝于北郭，以行圃田之水（《水經·渠水注》引《紀年》）。梁囿建于大樑西北郊，其中池沼當通此大溝。大溝與圃田澤相通，但梁囿在大樑近郊，並不建于圃田澤中。程恩澤《國策地名考》深信“圃即圃田”之說，以為梁囿介於鄭州、中牟之間，並謂“鄭州、中牟皆自梁返周必經之路，梁囿應在此，舊以梁囿在大樑非是”。此乃顛倒是非。張琦亦謂：“《史》作囿中，《索隱》曰即圃田，按在今中牟縣西北七裡。”其說不確。自大樑返周，當出大樑西北之高門，梁囿即在高門外，因而成為必經之路。由此西北行，經安城（在今河南原陽西南），越魏長城而西行。圃田澤在大樑之西，在今中牟縣西，為水網地帶，豈可作為必經之路？梁囿為魏君經常遊樂之苑囿，必設在宮城附近，在大樑近郊，豈可設在圃田澤中？後人沿襲《史記·索隱》之誤解，以為圃田澤一名囿中，尤為荒謬。
前283,283,週報王三十二年（西元前二八三年）,9,史料,秦、燕、韓、趙、周、鄭,,攻、圍、救、拔,秦、韓圍梁，燕、趙救之。謂韓山陽君曰（“韓”字原脫，從鮑本補。鮑以“韓”字為衍文，非是）：“秦戰而勝三國，秦必過周、韓而有梁，三國而勝秦，三國之力雖不足以攻秦，足以拔鄭。計者，不如構三國而攻秦。”（《趙策一》第六章）
前283,283,週報王三十二年（西元前二八三年）,10,考案,秦、齊、燕、韓、趙、魏、周,燕昭王,攻、圍、救、合縱、滅、取、拔,案：鮑彪以此策為奉獻公三十二年戰少梁，非是。此言“秦必過周、韓而有梁”，則必為大樑。此與《秦本紀》言是年“秦至大樑，燕、趙救之”相合。據此可知，是年韓被迫附從秦而攻魏大樑。梁玉繩雲：“各處皆不言燕、趙救魏。考是年為燕昭王二十九年、趙惠文王十六年，燕昭新破齊湣，方圍莒、即墨未下，何暇出兵救魏抗秦，此之不實，了然可知。”其說殊非。秦於是年乘五國合縱破齊之時機，迫使韓附從而攻魏大樑。蓋秦之主謀合縱五國攻齊，目的即在於削弱齊國，從而乘機攻取中原韓、魏之地。是時秦大舉進攻大樑，先有攻林之戰，繼而攻入梁圍，於是大樑被圍，甚為危急。一旦大樑為秦所拔，魏被滅亡，勢將危及燕、趙，因此燕雖以主力攻齊，在此大樑危急形勢下，又不得不與趙聯合救魏而攻秦。此一說客進說韓山陽君，為韓之安全計，謂“不如構三國攻秦”。此計未行。蓋秦避免與燕、趙決戰而退卻。
前283,283,週報王三十二年（西元前二八三年）,11,史料,秦、燕、韓、趙、魏,,伐、攻、救、盟,秦將伐魏，魏王聞之，夜見孟嘗君告之曰：“秦且攻魏，子為寡人謀奈何？”孟嘗君曰：“有諸侯之救，則國可存也。”王曰：“寡人願子之行也。”重為之約車百乘。孟嘗君之趙，謂趙王曰：“文願借兵以救魏。”趙王曰：“寡人不能。”孟嘗君曰：“夫敢借兵者，以忠王也。”王曰：“可得聞乎？”孟嘗君曰：“夫趙之兵非能強于魏之兵，魏之兵非能弱于趙也（姚注謂上二句，曾本無兩“能”字）。然而趙之地不歲危而民不歲死，而魏之地歲危而民歲死者，何也？以其西于趙蔽也。今趙不救魏，魏歃盟于秦，是趙與強秦為界也。地亦且歲危，民亦且歲死，此文之所以忠於大王也。”趙王許諾，為起兵十萬，車三百乘。又北見燕王曰：“先日公子常約兩王之交矣（鮑本“王”作“主”），今秦且攻魏，願大王之救之。”燕王曰：“吾歲不熟二年矣，今又行數千里而以助魏，且奈何？”田文曰：“夫行數千里而救人者，此國之利也。今魏王出國門而望見軍，雖欲行數千里而助人，可得乎？”燕王尚未許也，田文曰：“臣效便計于王，王不用臣之忠計，文請行矣！恐天下之將有大變也。”王曰：“大變可得聞乎？”曰：“秦攻魏未能克之也，而台已燔，遊已奪矣。而燕不救魏，魏王折節割地，以國之半與秦，秦必去矣，秦已去魏，魏王悉韓、魏之兵，又西借秦兵以因趙之眾，以四國攻燕，王且何利？利行數千里而助人乎？利出燕南門而望見軍乎？則道裡近而輸又易矣！王何利？”燕王曰：“子行矣！寡人聽子。”乃為之起八萬，車二百乘，以從田文。魏王大悅曰：“君得燕、趙之兵甚眾且亟矣。”秦王大恐，割地請講于魏。魏因歸燕、趙之兵而封田文。（《魏策三》第七章，“因”上從姚引一本添“魏”字）
前283,283,週報王三十二年（西元前二八三年）,12,考案,秦、燕、趙、魏、周、宋,,攻、圍、救、拔,案：此策顧觀光、於鬯皆系于周赧王三十二年，是也。時孟嘗君田文正為魏相。當田文說趙王時，大樑尚未被圍。及見燕王時，大樑已被圍，故田文曰：“今魏王出國門而望見軍。”大樑城門今可考者，惟東郭之夷門與西城之高門。周城《宋東京考》雲：“高門在固子門外西北二裡，即梁惠王故城之門也。門已廢久，今土人猶名其鄉曰高門，亦曰梁王城。”固子門即今開封城外之固子村，在城西三裡余，高門又在其西二裡。田文所謂“國門”，即此高門。供魏王遊樂之梁囿，當即在高門外側。時秦軍已拔梁囿，故魏王能從高門望見其軍。田文所謂“台已燔”，即朱己所謂“文台墮”。田文所謂“遊已奪”，亦即朱己所謂“垂都焚”。金正煒據《周禮·天官序》注，釋“遊”為“離宮”，是也。金正煒謂“奪”為“毀”之訛，非是。“奪”謂被佔有。此策謂秦因燕、趙來救，“割地請講于魏”，乃誇辭，非事實。空雄之遇，秦、趙相與約，約曰：“自今以來，秦之所欲為，趙助之；趙之所欲為，秦助之。”居無幾何，秦興兵攻魏，趙欲救之。秦王不悅，使人讓趙王曰：“約曰：秦之所欲，趙助之；趙之所欲為，秦助之。今秦欲攻魏，而趙因欲救之，此非約也。”趙王以告平原君。平原君以告公孫龍。公孫龍曰：“亦可以發使而讓秦王曰：趙欲救之，今秦王獨不助趙，此非約也。”(《呂氏春秋·淫辭》)
前283,283,週報王三十二年（西元前二八三年）,13,考案,秦、齊、燕、趙、魏,燕昭王,攻、救、卒,案：《呂氏春秋·聽言》雲：“公孫龍之說燕昭王以偃兵及應空洛之遇也。”“空洛之遇”即此“空雄之遇”，畢沅引梁仲子雲：“空雄豈非空雒之誤歟？”考公孫龍之說燕昭王見《呂氏春秋·應言》，公孫龍述及“日者大王欲破齊”，“其卒果破齊以為功”。時在燕昭王二十八年破齊之後。公孫龍之“應空洛之遇”，亦當在同一時期。是年秦大舉攻魏之大樑，趙、燕發大軍而救之，蓋即此時事。
前283,283,週報王三十二年（西元前二八三年）,14,史料,齊、燕、趙,廉頗,攻、取,[趙惠文王]十六年王與燕王遇。廉頗將，攻齊昔陽，取之。（《趙世家》，《六國表》記“取齊昔陽”于趙惠文王十五年）
前283,283,週報王三十二年（西元前二八三年）,15,史料,齊、趙、晉,廉頗,伐、取,廉頗者，趙之良將也。趙惠文王十六年廉頗為趙將，伐齊，大破之，取陽晉，拜為上卿，以勇氣聞于諸侯。（《廉頗列傳》）
前283,283,週報王三十二年（西元前二八三年）,16,考案,齊、趙、晉,廉頗,攻、取,案：廉頗所攻取齊邑，《趙世家》謂昔陽，而《廉頗列傳》作陽晉。張文虎雲：“《索隱》本作陽晉，各本誤倒。”考昔陽原為春秋時肥國所都，《正義》引《括地志》雲：“在並州樂平縣東。”在今河北晉縣西北，並非齊邑。陽晉，《正義》雲：“故城在今曹州乘氏縣西北四十七裡。”在今山東鄆城縣。洪頤煊謂《趙世家》“昔陽當作晉陽，是陽晉之訛”。甚是。
前283,283,週報王三十二年（西元前二八三年）,17,考案,秦、齊、趙、周,,,又案：《趙世家》又謂是年“秦複與趙數擊齊，齊人患之。蘇厲為齊遺趙王書曰：（見於周赧王三十二年所引）於是趙乃輟，謝秦不擊齊”。此說不足信。
前283,283,週報王三十二年（西元前二八三年）,18,史料,趙,,伐、取,趙王封孟嘗君以武城，孟嘗君擇舍人以為武城吏而遣之，曰：“鄙語豈不曰借車者馳之，借衣者被之哉？”皆對曰：“有之。”孟嘗君曰：“文甚不取也。夫所借衣、車者，非親友，則兄弟也。夫馳親友之車，被兄弟之衣，文以為不可。今趙王不知文不肖，而封之以武城，願大夫之往也，毋伐樹木，毋髮屋室（《太平御覽》二〇一引“發”作“廢”），皆然使趙王悟而知文也。謹使可全而歸之。”（《太平御覽》二〇一引“謹”作“僅”）（《趙策一》第十六章）
前283,283,週報王三十二年（西元前二八三年）,19,考案,秦、燕、趙、魏、周,,攻、救,案：林春溥《戰國紀年》、顧觀光《國策編年》皆系此事于周赧王三十二年。蓋是年孟嘗君正為魏相，因秦攻魏都大樑，入趙、燕借兵救魏，迫使秦即退兵。《魏策三》第七章雲：“因歸燕、趙之兵而封田文”，當為魏王因田文有功而封之。
前283,283,週報王三十二年（西元前二八三年）,20,史料,趙,,,或者同時趙王亦因而封田文。
前283,283,週報王三十二年（西元前二八三年）,21,史料,齊、燕,樂毅、齊湣王,伐、攻、奔,田單者，齊諸田疏屬也。湣王時單為臨菑市掾，不見知。及燕使樂毅伐破齊，齊湣王出奔，已而保莒城。燕師長驅平齊，而田單走安平，令宗人盡斷其車軸末而傅鐵籠。已而燕軍攻安平，城壞，齊人走，爭塗，以轡折車敗，為燕所虜，唯田單宗人以鐵籠故得脫，東保即墨。（《田單列傳》）
前283,283,週報王三十二年（西元前二八三年）,22,考案,燕、周,樂毅,攻,案：《資治通鑒》將田單從安平得脫之事，記在周赧王三十六年，而於開首以“初”字發之。胡三省注雲：“按[周赧王]三十一年樂毅入臨淄，以中軍據之，燕人攻安平，當在三十二年、三十三年之間，故《資治通鑒》於是年以‘初’字發之。”
前282,282,周赧王三十三年（西元前二八二年）,1,史料,秦、齊、楚、燕、韓、趙、魏,秦昭王、燕昭王,,秦昭王二十五年，魏昭王十四年，韓釐王十四年，趙惠文王十七年，齊襄王二年，楚頃襄王十七年，燕昭王三十年。
前282,282,周赧王三十三年（西元前二八二年）,2,史料,秦、趙,,拔,[秦昭襄王]二十五年拔趙二城。（《秦本紀》）
前282,282,周赧王三十三年（西元前二八二年）,3,史料,秦、齊、趙,,伐、拔,[趙惠文王]十七年秦怨趙不與己擊齊，伐趙，拔我兩城。（《趙世家》，《六國表》亦作“秦拔我兩城”）
前282,282,周赧王三十三年（西元前二八二年）,4,史料,秦,秦昭王,攻,[秦昭王]廿五年攻茲氏。（秦簡《編年記》）
前282,282,周赧王三十三年（西元前二八二年）,5,考案,秦、齊、燕、韓、趙、魏、晉、周、越、代,白起、秦昭王,攻、立、合縱、取、拔、殺,案：是時秦乘五國合縱破齊之時機，攻取三晉之地，《秦本紀》、《趙世家》、《六國表》皆謂秦拔趙兩城，未明言何地。《西周策》第六章蘇厲謂周君曰：“敗韓、魏，殺犀武；攻趙，取藺、離石、祁，皆白起。”錢穆據此謂“殺犀武在秦昭王十四年，前攻趙拔兩城十一年，然則兩城者藺與祁也。雲藺、離石者，兼言兩年事”。蓋秦攻離石即在秦昭王二十六年。見其所著《公孫龍說趙惠文王偃兵考》（《先秦諸子系年》第四三五至四三七頁）。但秦簡《編年記》雲是年攻茲氏，可知拔趙兩城，茲氏必為其一。韓連琪《睡虎地秦簡編年記考證》雲：“秦攻茲氏，不見於史。《水經·原水》：原公水出茲氏縣西羊頭山，並過其縣北，注：縣故秦置也。是茲氏當即秦昭王取祁後改稱。……《漢書·地理志》有祁、茲氏並列太原郡，或至漢時茲氏又分祁、茲氏兩縣。”此說非是。祁縣在今山西祁縣東南，茲氏在今山西汾陽南。中隔大澤昭余祁，顯為兩城，不容混而為一。出土有茲氏尖足布與圓足布，皆為趙幣，可知趙已稱茲氏，非出秦之改稱。《趙世家》載惠文王十年秦取梗陽，梗陽在今山西清徐，由梗陽南下，即是祁城。由祁向西，越昭余祁澤，即為茲氏。是年秦攻取趙之兩城，必為祁與茲氏無疑。藺在離石之東，靠近西河。《趙世家》載肅侯二十二年“趙疵與秦戰敗，秦殺疵河西，取我藺、離石”。武靈王十九年王召樓緩謀曰：“我先王因世之變，以長南藩之地，屬阻滯、滏之險，立長城，又取藺，郭狼，敗林人於荏，而功未遂。”郭狼即皋狼，在離石西北。蓋肅侯已收復藺、皋狼等地。《周本紀》周赧王三十四年蘇厲謂周君曰：“北取趙藺、離石者皆白起也。”《西周策》作“取藺、離石、祁者皆白起”。《呂氏春秋·審應》篇公孫龍謂趙惠文王曰：“今藺、離石入秦，而王縞素布總。”《燕策三》蘇代約燕王，謂秦“已得宜陽（當作“曲陽”）、少曲，至藺、石，因以破齊為天下罪”，石即離石。《趙策三》第四章雲：“秦攻趙，藺、離石、祁拔，趙以公子部為質于秦。”皆以藺、離石連稱。蓋藺與離石同時為白起所拔，時在周赧王三十四年，較白起拔祁與茲氏遲一年。
前282,282,周赧王三十三年（西元前二八二年）,6,史料,趙、魏,樂毅,攻,[趙惠文王]十七年樂毅將趙師攻魏伯陽。（《趙世家》）
前282,282,周赧王三十三年（西元前二八二年）,7,考案,齊、燕、趙、魏,樂毅,攻,案：梁玉繩雲：“毅是時方為燕攻齊，何從將趙師攻魏，蓋非毅將耳。”此說非是。時樂毅身兼趙、燕兩國之相，當能將趙師攻魏伯陽。伯陽在今河南安陽西北，正當趙、魏交界處。
前282,282,周赧王三十三年（西元前二八二年）,8,史料,秦、韓、魏,,會,[秦昭襄王]二十五年與韓王會新城，與魏王會新明邑。（《秦本紀》）
前282,282,周赧王三十三年（西元前二八二年）,9,史料,秦、韓、周,,會,[韓釐王]十四年與秦會兩周間。（《韓世家》，《六國表》同）
前282,282,周赧王三十三年（西元前二八二年）,10,史料,魏,,,魏昭王十四年大水。（《六國表》）
前282,282,周赧王三十三年（西元前二八二年）,11,史料,周,,,廿五年上郡守，曆造，高奴工師窯，丞申，工鬼薪詘。上郡武庫，洛都。（二十五年上郡守戈銘文，見原田淑人《周漢遺寶》五十五，出土於朝鮮平壤附近）
前282,282,周赧王三十三年（西元前二八二年）,12,史料,秦、楚、趙、魏、代,白起、秦昭王,攻、取、拔、遷,廿七年上守趙造，漆工師逺，丞挾，工隸臣積。（二十七年上郡守戈銘文，器藏北京故宮博物院）案：“上”當為上郡之省稱。廿五年上郡守戈，守之名，或釋為“屆”，或釋為“厝”。近人考釋，或以為以上二戈之上郡守，一作厝，一作趙，應為一人，可能即是秦名將司馬錯，此一推斷尚無確證。秦常以庶長一級爵位之人為將。如白起由左庶長升為左更，又遷為國尉，更升為大良造。左庶長、左更、大良造皆為庶長一級，相當於別國之卿。《秦本紀》于昭王十六年稱司馬錯為“左更錯”，《六國表》于魏昭王元年（即秦昭王十二年）稱“秦尉錯”，于秦昭王十八年又稱“客卿錯”。司馬錯與白起常同時分別為將作戰，其作戰地區皆離上郡較遠。昭王十二年攻魏襄城，在魏之南邊，十六年攻取魏之軹及鄧，皆在河內。十八年攻垣、河雍，亦在中原地區。是時秦分兩路進攻，白起主攻河東，司馬錯主攻河內。二十七年秦又分兵攻趙與楚，白起攻趙取代、光狼城，深入趙之北邊，司馬錯則一面攻楚之北邊鄧，一面攻拔楚西南之黔中。可知司馬錯未嘗以上郡守參與作戰。是時上郡守在於奪取趙所得之原林胡、樓煩之地。
前282,282,周赧王三十三年（西元前二八二年）,13,史料,秦、楚、燕、趙,廉頗、藺相如、秦昭王,卒、立、取、會、殺,藺相如者，趙人也，為趙宦者令繆賢舍人。趙惠文王時，得楚和氏璧。秦昭王聞之使人遺趙王書，願以十五城請易璧。趙王與大將軍廉頗諸大臣謀，欲予秦，秦城恐不可得，徒見欺；欲勿予，即患秦兵之來。計未定，求人可使報秦者，未得。宦者令繆賢曰：“臣舍人藺相如可使。”王問：“何以知之？”對曰：“臣嘗有罪竊計欲亡走燕，臣舍人相如止臣，曰：‘君何以知燕王？’臣語曰：‘臣嘗從大王與燕王會境上，燕王私握臣手，曰願結友（王念孫曰：“友，交之誤”。《文選·恨賦》注、《太平御覽·治道部》引並作交）。以此知之，故欲往。”相如謂臣曰：“夫趙強而燕弱，而君幸于趙王，故燕王欲結於君。今君乃亡趙走燕，燕畏趙，其勢必不敢留君，而束君歸趙矣。君不如肉袒伏斧質請罪，則幸得脫矣。”臣從其計，大王亦幸赦臣。臣竊以為其人勇士，有智謀，宜可使。”於是王召見，問藺相如曰：“秦王以十五城請易寡人之璧，可予不？”相如曰：“秦強而趙弱，不可不許。”王曰：“取吾璧，不予我城，奈何？”相如曰：“秦以城求璧而趙不許，曲在趙。趙予璧而秦不予趙城，曲在秦。均之二策，甯許以負秦曲。”王曰：“誰可使者？”相如曰：“王必無人，臣願奉璧往使。城入趙而璧留秦，城不入，臣請完璧歸趙。”趙王於是遂遣相如奉璧西入秦。秦王坐章台見相如，相如奉璧奏秦王。秦王大喜，傳以示美人及左右，左右皆呼萬歲。相如視秦王無意償趙城，及前曰：“璧有瑕，請指示王。”王授璧，相如因持璧卻立，倚柱，怒發上衝冠（《史記會注考證》雲：“‘楓’、‘三’本”，《太平御覽》三百七十三、八百六“沖”作“穿”）。謂秦王曰：“大王欲得璧，使人發書至趙王，趙王悉召群臣議，皆曰秦貪，負其強，以空言求璧，償城恐不可得。議不欲予秦璧。臣以為布衣之交尚不相欺，況大國乎！且以一璧之故逆強秦之歡，不可。於是趙王乃齋戒五日，使臣奉璧，拜送書於庭。何者？嚴大國之威以修敬也。今臣至，大王見臣列觀，禮節甚倨，得璧傳之美人，以戲弄臣。臣觀大王無意償趙王城邑，故臣複取璧。大王必欲急臣，臣頭今與璧俱碎於柱矣！”相如持其璧睨柱，欲以擊柱。秦王恐其破璧，乃辭謝固請，召有司案圖，指從此以往十五都予趙。相如度秦王特以詐詳為予趙城，實不可得，乃謂秦王曰：“和氏璧，天下所共傳寶也，趙王恐，不敢不獻。趙王送璧時，齋戒五日，今大王亦宜齋戒五日，設九賓於廷，臣乃敢上璧。”秦王度之，終不可強奪，遂許齋五日，舍相如廣成傳（張文虎曰：“各本傳下衍舍字，《索隱》本無”）。相如度秦王雖齋，決負約不償城，乃使其從者衣褐，懷其璧，從徑道亡，歸璧于趙。秦王齋戒五日後，乃設九賓禮於廷，引趙使者藺相如。相如至，謂秦王曰：“秦自繆公以來二十餘君，未嘗有堅明約束者也。臣誠恐見欺于王而負趙，故令人持璧歸，間至趙矣。且秦強而趙弱，大王遣一介之使至趙，趙立奉璧來。今以秦之強而先割十五都予趙，趙豈敢留璧而得罪于大王乎？臣知欺大王之罪當誅，臣請就湯鑊，唯大王與群臣孰計議之（“孰”通“熟”）。秦王與群臣相視而嘻。左右或欲引相如去，秦王因曰：“今殺相如，終不能得璧也，而絕秦、趙之歡，不如因而厚遇之，使歸趙，趙王豈以一璧之故欺秦邪？”卒廷見相如，畢禮而歸之。相如既歸，趙王以為賢大夫，使不辱于諸侯，拜相如為上大夫。秦亦不以城予趙，趙亦終不予秦璧。（《廉頗藺相如列傳》）
前282,282,周赧王三十三年（西元前二八二年）,14,考案,秦、趙,藺相如,伐、拔,案：此即藺相如“完璧歸趙”之故事。《藺相如列傳》於此下雲：“其後秦伐趙拔石城”，石城即離石，乃趙惠文王十八年事。則此事當在十七年前，不知的為何年。
前282,282,周赧王三十三年（西元前二八二年）,15,史料,趙,廉頗、藺相如,殺,趙奢者，趙之田部吏也。收租稅，而平原君家不肯出租，趙奢以法治之，殺平原君用事者九人。平原君怒，將殺奢。奢因說曰：“君于趙為貴公子，今縱君家而不奉公，則法削，法削則國弱，國弱則諸侯加兵，諸侯加兵，是無趙也，君安得有此富乎？以君之貴，奉公如法，則上下平，上下平則國強，國強則國固。而君為貴戚，豈輕於天下邪？”平原君以為賢，言之于王。王用之治國賦，國賦大平，民富而府庫實。（《廉頗藺相如列傳》）
前282,282,周赧王三十三年（西元前二八二年）,16,史料,趙,,,平原君趙勝者，趙之諸公子也。諸子中勝最賢，喜賓客，賓客蓋至者數千人。平原君相趙惠文王及孝成王，三去相，三復位，封于東武城。（《平原君列傳》）
前282,282,周赧王三十三年（西元前二八二年）,17,考案,秦、齊、燕、趙、魏,樂毅,攻,案：梁玉繩雲：“《六國表》于惠文王元年書平原君為相，孝成王元年又書平原君為相，兩書而已。孝惠文以相國印授樂毅，孝成割濟東地求田單為將，遂留相趙，故《趙世家》惠文十四年有樂毅攻齊事，孝成元年有單攻燕、二年有單為相之事，則平原之三相三去，固有征矣。孝成二年相單，是平原複相逾年而罷。迨單去趙歸齊之後，不再書平原復位者，《史》略之也。”考平原君為趙惠文王同母弟，《趙策四》第十四章諒毅曰：“趙豹、平原君，親寡君之母弟也。”據《趙世家》，惠文王為惠後所生，武靈王娶惠後在十六年，傳位於惠文王在二十七年，時惠文王年才十一，平原君當不過十歲，豈能為相？其為相，當在惠文王十四年相樂毅之前後，不能在惠文元年。平原君之“三去相，三複相”，猶如秦魏冉之四去相而四複相，不知平原君初相的在何年。
前282,282,周赧王三十三年（西元前二八二年）,18,考案,趙、周,,殺,又案：平原君家不肯出租，趙奢以法治之。平原君欲殺之，奢說平原君為貴公子，蓋為相以前之事，亦不知的在何年。《資治通鑒》系之于周赧王四十四年。
前281,281,周赧王三十四年（西元前二八一年）,1,史料,秦、齊、楚、燕、韓、趙、魏,秦昭王、燕昭王,,秦昭王二十六年，魏昭王十五年，韓釐王十五年，趙惠文王十八年，齊襄王三年，楚頃襄王十八年，燕昭王三十一年。
前281,281,周赧王三十四年（西元前二八一年）,2,史料,秦,秦昭王,攻,[秦昭王]廿六年攻離石。（秦簡《編年記》）
前281,281,周赧王三十四年（西元前二八一年）,3,史料,秦、趙,藺相如,伐、拔,[趙惠文王]十八年秦拔我石城。（《趙世家》，《六國表》同。《藺相如列傳》在敘述“完璧歸趙”故事後，亦雲：“其後秦伐趙，拔石城。”）
前281,281,周赧王三十四年（西元前二八一年）,4,考案,秦、齊、楚、燕、韓、趙、魏、周、衛、代,蘇秦、白起、秦昭王,伐、攻、合縱、取、拔、殺,案：梁玉繩《史記志疑》辨趙世家“秦拔我石城”事雲：“《正義》引右北平之石城縣及相州石城為證，而在北平者燕境，在相州者魏境，皆非趙地，胡注《通鑒》謂即魏西河之離石縣，然趙肅侯二十二年秦已取之矣，何待是時始拔乎？”考石城固即離石。《周本紀》周赧王三十四年蘇厲謂周君曰：“秦破韓、魏，撲師武，北取趙藺、離石者皆白起也。”《西周策》同，惟作“取藺、離石、祁者皆白起”。周赧王三十四年正當趙惠文王十八年，與《趙世家》《六國表》趙惠文王十八年拔石城之說合，此其證一也。《呂氏春秋·審應覽》公孫龍謂趙惠文王曰：“今藺、離石入秦，而王縞素布總，東攻齊得城而王加膳置酒。”考《趙世家》次年趙奢將，攻齊麥邱，取之。公孫龍既以藺、離石入秦與攻齊得城為先後事，明是年秦所拔趙之石城即離石，此其證二也。《燕策二》、《蘇秦列傳》蘇代約燕王曰：“秦……已得宜陽、少曲（“宜陽”當作“曲陽”），致藺、石，因以破齊為天下罪，秦欲攻魏重楚，則以南陽委于楚。”據此，是秦得趙藺、石固在天下合縱破齊後。《西周策》蘇厲謂周君曰：“敗韓、魏，殺犀武，攻趙取藺、離石、祁者皆白起……今攻梁，梁必破。”與蘇代約燕王語，以秦得藺石後欲攻魏之說又合，是石固離石之簡稱，此其證三也。《趙策三》第四章雲：“秦攻趙，藺、離石、祁拔，趙以公子郚為質于秦，而請內焦、黎、牛狐之城，以易藺、離石、祁于趙。趙背秦……秦王大怒，令衛胡易伐趙，攻闕與。”考闕與之役，在趙惠文王二十九年，事既由易回藺、離石、祁失信而起，明趙失藺、離石、祁，固當在趙惠文王時。此其證四也。秦簡《編年記》正作秦昭王廿六年攻離石，此其證五也。趙肅侯二十二年秦嘗取趙藺、離石，不久即收復。是年又為秦所拔。是年為秦所拔者亦為藺、離石兩城，說明已在上年案語中。
前281,281,周赧王三十四年（西元前二八一年）,5,史料,秦、楚、韓、趙、魏、周、代,白起,攻、立、滅、取、殺,蘇厲謂周君曰：“敗韓、魏（《周本紀》“敗”作“秦破”），殺犀武（《周本紀》作“撲師武”，《集解》徐廣曰：“撲一作僕”），攻趙取藺、離石、祁者（《周本紀》“攻趙”作“北”，無“祁”字）皆白起。是攻用兵（《周本紀》“攻”作“善”），又有天命也。今攻梁（《周本紀》作“今又將兵出塞攻梁”），梁必破，破則周危（《周本紀》作“梁破則周危矣”），君不若止之，謂白起曰（《周本紀》作“君何不令人說白起乎？曰》：“楚有養由基者善射，去柳葉者百步而射之（《周本紀》無“者”字），百發百中，左、右皆曰善（《周本紀》作“左、右觀者數千人皆曰善射”），有一人過曰（《周本紀》作“有一夫立其旁曰”）：善射，可教射也矣。養由基曰：人皆善，子乃曰可教射，子何不代我射之也（《周本紀》作“養由基怒，釋弓檻劍曰：客安能教我射乎？”）。客曰：我不能教子支左屈右（《周本紀》作“非吾能教子支左詘右也”），夫射柳葉者（《周本紀》作“夫去柳葉百步而射之”），百發百中，而不已善息（《周本紀》“已”作“以”），少焉氣力倦（《周本紀》“氣”下有“衰”字），弓撥矢鉤，一發不中，前功盡矣。（《周本紀》作“百發盡息”）今公破韓、魏（《周本紀》無“公”字），殺犀武（《周本紀》作“撲師武”），而北攻趙取藺、離石、祁者（《周本紀》“攻”作“取”，無“祁”字），公也（《周本紀》作“公之功多矣”）。今公又以秦兵出塞（《周本紀》作“今又將兵出塞”），過兩周，踐韓而以攻梁（《周本紀》作“倍韓攻梁”），一攻而不得（《周本紀》“攻而”作“舉”），前功盡滅（《周本紀》“滅”作“棄”），公不若稱病不出也。（《西周策》第六章，《周本紀》大體相同，系周赧王三十四年下）
前281,281,周赧王三十四年（西元前二八一年）,6,考案,秦、韓、魏、周、越,白起、秦昭王,攻、圍、取、拔,案：前二年，秦拔魏安城，攻林，入囿中，圍攻大樑。是年秦將白起在攻取藺、離石之後，又出塞過兩周、經韓而攻大樑。《周本紀·正義》“出塞”之“塞”謂伊闕塞，非是。塞當即般塞，經兩周之北邊及成皋、滎陽一帶，越魏長城而進攻大樑。前二年秦先拔安城，蓋安城即在魏長城之北邊。秦昭王三十二年穰侯將兵攻魏，先入北宅，進圍大樑，蓋北宅即宅陽，即在魏長城之東。豈可繞道至伊闕而進攻大樑？《魏世家》載無忌(當作朱己)謂魏王“秦七攻魏，五入囿中”，可知秦屢次攻魏，進攻之路線相同。是年白起率秦兵出塞，過兩周，踐韓而以攻魏大樑，當為七次攻大樑之一。
前281,281,周赧王三十四年（西元前二八一年）,7,史料,趙、魏、衛,,伐,[趙惠文王]十八年王再之衛東陽，決河水，伐魏氏，大潦，漳水出。魏冉來相趙。（《趙世家》）
前281,281,周赧王三十四年（西元前二八一年）,8,史料,秦、魏,,遷,[秦昭襄王]二十六年赦罪人遷之穰，侯冉複相。（《秦本紀》，《六國表》作“魏冉複為丞相”）
前281,281,周赧王三十四年（西元前二八一年）,9,考案,秦、魏,,會、遷,案：梁玉繩讀“赦罪人遷之”為句，“穰侯冉複相”為句。因雲：“但言遷罪人，不知遷於何地，《評林》謂遷於新明邑，亦臆說無據。蓋明年遷之南陽，史誤重也。”此說非是。《秦本紀》下文二十七年“赦罪人遷之南陽”下，《正義》雲：“南陽及上遷之穰，皆今鄧州也。”可知當讀“赦罪人遷之穰”為句，“侯冉複相”為句。《史記會注考證》雲：“古鈔'、‘楓'、‘三'、‘南’本侯下有魏字，據下文遷之南陽《正義》，穰字當連上句，上文雲魏冉免相，侯疑魏字。”其說疑是。《六國表》亦作“魏冉複為丞相”，史文未見稱穰侯魏冉為“侯冉”者。
前281,281,周赧王三十四年（西元前二八一年）,10,考案,秦、趙、魏,,,又案：《趙世家》言是年“魏冉來相趙”，梁玉繩雲：“冉複為秦相，安得相趙之事哉，誤矣。《大事記》謂相趙未幾複相秦，非也。”此說當是。是時秦、趙正不合，魏冉無緣為趙相，更不能兼為秦、趙之相。
前281,281,周赧王三十四年（西元前二八一年）,11,史料,秦、齊、韓、魏、越,,攻,穰侯越韓、魏而東攻齊五年，而秦不益尺土之地，乃成其陶邑之封。（《韓非子·定法》，“成”原誤作“城”，按下文“應侯攻韓八年，成其汝南之封”文例改正）
前281,281,周赧王三十四年（西元前二八一年）,12,考案,秦、齊、燕、韓、趙、魏、越、衛、宋,樂毅、秦昭王、齊湣王,伐、攻、卒、合縱、滅、取、拔,案：《秦本紀》雲：昭王十六年“冉免。封公子市宛，公子悝鄧，魏冉陶為諸侯”。《穰侯列傳》雲：昭王十六年“燭免，複相冉，乃封魏冉於穰，複益封陶，號曰穰侯”。秦昭王十六年當齊湣王十年，尚在齊、秦並稱東、西帝之前三年，秦不能越韓、魏而得陶以封魏冉。是年實公子市、公子悝封于宛、鄧之歲，《史記》誤以冉亦於是年封于陶。顧觀光《七國地理考》論之曰：“李兌約五國伐秦後，欲取陰（陰者陶之訛）定封，說穰侯者亦勸之。《策》文容有複混，而其事實並一時，上距冉複相秦五歲，使冉已封陶，兌安得欲之？而言者亦安得雲冉妒君之有陰，因此言而知冉之未封陶而欲得之也。其後齊滅宋，兩年而為五國所破，趙既不取陶，而齊卒亦不能有，穰侯之取陶，在此時與？”其說甚是。秦于昭王二十二年開始伐齊，拔齊河東列城九，次年樂毅以趙、燕兩國之相，統率五國之兵攻齊，大破齊軍於濟上。《資治通鑒》稱“樂毅還秦、韓之師，分魏師以略宋地，部趙師以收河間，身率燕師，長驅逐北”。胡三省注：“秦、韓與齊隔遠，故先還其師。宋地近于魏，故使略之。河間近于趙，故以方略部趙取之。”其實，秦未還師至本國，而乘五國合縱破齊之時機，移兵與魏爭奪齊所兼併之宋地。定陶一帶原為宋最富庶之區，奉陽君李兌與穰侯魏冉皆欲取為封邑。是時李兌既不便越衛、魏而攻取陶邑，魏雖與宋接壤，便於奪得宋地，但其兵力不足與秦爭奪，穰侯因而得以逐步攻佔定陶一帶。秦自昭王二十二年開始攻齊，至二十六年取得定陶一帶，當魏冉三次複為丞相時，陶邑成為其封邑。故《韓非子·定法》雲：“穰侯經韓、魏東攻齊五年，而秦不益尺土之地，乃成其陶邑之封。”蓋早先攻取河東之列城九，因移兵爭奪宋地而放棄。可知魏冉三次複相時，取得當時最富庶之陶邑作為封地，有巨大之市租收入，因而“私家富重於王室”。是魏冉封于陶在三次複相時，《史記》誤以為在再次複相時耳。
前281,281,周赧王三十四年（西元前二八一年）,13,史料,秦、齊、楚、燕、韓、趙、魏、魯、越、衛、宋、蔡,,伐、立、稱王、取、會,楚人有好以弱弓微繳加歸雁之上者，頃襄王聞，召而問之。對曰：“小臣之好射騏雁、羅鳶，小矢之發也，何足為大王道也？且稱楚之大，因大王之賢，所弋非直此也。昔者三王以弋道德，五霸以弋戰國，故秦、魏、燕、趙者，騏雁也；齊、魯、韓、衛者，青首也；鄒、費、郯、邳者，羅鳶也（錢大昕曰：“《孟子書》有鄒穆公、費惠公，此文雲泗上十二諸侯，則戰國之世小諸侯存者尚多也”）。外其餘，則不足射者。見鳥六雙，以王何取？王何不以聖人為弓，以勇士為繳，時張而射之，此六雙者，可得而囊載也。其樂非特朝昔之樂也（《索隱》雲：“昔猶夕也”），其獲非特鳧雁之實也。王朝張弓而射魏之大樑之南，加其右臂，而徑屬之于韓，則中國之路絕，而上蔡之郡壞矣。還射圉之東，解魏左肘，而外擊定陶，則魏之東外棄，而大宋方與二郡者舉矣。且魏斷二臂，顛越矣，膺擊郯國，大樑可得而有也。王綰繳蘭台（《集解》徐廣曰：“蘭一作簡”）、《正義》雲：“蘭台，桓山之別名也”），飲馬西河，定魏大樑，此一發之樂也。若王之於弋，誠好而不厭，則出寶弓，磬新繳，射噣鳥於東海，還蓋長城以為防，朝射東莒，夕發渢丘，夜加即墨，顧據午道，則長城之東收而太山之北舉矣(“太”通“泰”，太山即泰山)。西結境于趙，而北達于燕，三國布胝，則從不待約而可成也。北游目于燕之遼東，而南登望於越之會稽，此再發之樂也。若夫泗上十二諸侯，左縈而右拂之，可一旦而盡也。今秦破韓以為長憂，得列城而不敢守也，伐魏而無功，擊趙而顧病，則秦、魏之勇力屈矣。楚之故地漢中、析、酈，可得而複有也。王出寶弓，砮新繳，涉郫塞，而待秦之倦也，山東河內可得而一也。勞民休眾，南面稱王矣。故曰：秦為大鳥，負海內而處，東面而立。左臂據趙之西南，右臂傅楚鄢郢，膺擊韓、魏，垂頭中國，處既形便，勢有地利，奮翼鼓胝，方三千里，則秦未可得獨招而夜射也。”欲以激怒襄王，故對以此言。襄王因召與語，遂言曰：“夫先王為秦所欺，而客死於外，怨莫大焉。今以匹夫有怨，尚有報萬乘，白公、子胥是也。今楚之地方五千里，帶甲百萬，猶足以踴躍中野也，而坐受困，臣竊為大王弗取也。”於是頃襄王遣使于諸侯，複為從，欲以伐秦。秦聞之，發兵來伐楚。（《楚世家》頃襄王十八年下）
前281,281,周赧王三十四年（西元前二八一年）,14,考案,秦、齊、楚、燕、韓、趙、魏、周、魯、越、衛、宋、鄭、蔡,,攻、圍、合縱、稱王、滅、取、會,案：此文原載《戰國策》，宋以後逸失。《藝文類聚》六十、《北堂書鈔》一百二十五、《太平御覽》三百四十七，皆引有《戰國策》，同于此文開首之片段。見諸祖耿《戰國策逸文》第三十六。明張文歡所編《戰國策談概》，據《史記》輯入此文。《太平御覽》八百三十二引《春秋後語》亦有此文前段。楚人弋射者說頃襄王，分析當時形勢，以秦、魏、燕、趙為騏雁，即大雁；以齊、魯、韓、衛為青首，即中雁；以鄒、費、鄭、邳為羅鷥，即小雁。蓋當五國合縱破齊之後，齊之國力衰落，而燕、趙方強盛。弋射者主張楚首先攻魏。《正義》解釋雲：“言王朝張弓射魏大樑，汴州之南，即大樑之右臂，連韓、鄭，則河北中國之路向東南斷絕，則韓上蔡之郡自破壞矣。複繞射雍丘、圍城之東，便解散魏左肘宋州，而外擊曹定陶，及魏東之外解棄，則宋、方與兩郡並舉。”蓋五國破齊後，魏取得宋原有定陶以南之地，魏新建有大宋、方與二郡。弋射者以為楚攻魏，不僅可以取得魏都大樑，更可深入魏地，“飲馬西河”。時魏之河東已為秦佔有，但五國破齊後，魏又得大塊宋地，因而弋射者以魏與秦、燕、趙並列為大國。弋射者又主張楚攻齊。是時齊新為燕所破，國都臨淄及北方大塊土地為燕佔有，尚保有莒與即墨兩都，及其周圍地區，故弋射者以為“朝射東莒，夕發渢丘，夜加即墨，顧據午道，則長城之東收而太山之北舉矣”。弋射者又主張由此連結燕、趙。若楚、燕、趙三國合縱，可以“北游目于燕之遼東，而南登望於越之會稽”。蓋越已為楚所滅，楚建有江東郡，越君雖尚保留，已服屬於楚。楚、燕、趙三國合縱，其勢力可以北及燕之遼東而南及越之會稽，泗上十二諸侯如鄒、費、鄭、邳等，皆可包容在內。如此可以合縱攻秦，楚之故地漢中、析、酈皆可收復。待秦國力疲倦，山東、河內皆可取得統一。從此楚可以南面稱王矣，秦雖為大鳥，處既形便，勢有地利，“未可得獨招而夜射也。”此弋射者依據當時形勢，主張楚、燕、趙三國合縱，先攻魏、齊，而後攻秦，收復失地。
前281,281,周赧王三十四年（西元前二八一年）,15,史料,秦、齊、楚、韓、晉、周、魯、代,,伐、攻、圍、拔,楚欲與齊、韓連和伐秦，因欲圖周。周赧王使武公謂楚相昭子曰：“三國以兵割周郊地以便輸，而南器以尊楚，臣以為不然。夫弑共主，臣世君，大國不親，以眾脅寡，小國不附，大國不親，小國不附，不可以致名實。名實不得，不足以傷民。夫有圖周之聲，非所以為號也。”昭子曰：“乃圖周則無之，雖然，周何故不可圖也。”對曰：“軍不五不攻，城不十不圍，夫一周為二十晉，韓嘗以二十萬之眾，辱于晉之城下，銳士死，中士傷，而晉不拔。公之無百韓以圖周，此天下之所知也。夫結怨于兩周，以塞騶、魯之心，交絕于齊，聲失天下，其為事危矣。夫危兩周以厚三川，方城之外，必為韓弱矣。何以知其然也？西周之地，絕長補短，不過百里，名為天下共主，裂其地不足以肥國，得其眾不足以勁兵，雖無攻之，名為弑君。然而好事之君，喜攻之臣，發號用兵，未嘗不以周為終始，是何也？見祭器在焉，欲器之至而忘弑君之亂。今韓以器之在楚，臣恐天下以器仇楚也。臣請譬之：夫虎肉臊，其兵利身，人猶攻之也。若使澤中之麋蒙虎之皮，人之攻之，必萬之於虎矣。裂楚之地，足以肥國，詘楚之名，足以尊主。今子將以欲誅殘天下之共主，居三代之傳器，吞三翮六翼，以高世主，非貪而何？周書曰：‘欲起無先’，故器南，則兵至矣。”於是楚計輟不行。（《楚世家》頃襄王十八年下）
前281,281,周赧王三十四年（西元前二八一年）,16,考案,秦、楚、韓、趙、周,楚懷王,立、徙都、滅,案：武公，《集解》引徐廣曰：“定王之曾孫，而西周惠公之子。”鮑彪駁之曰：“此武公，赧王臣也，而徐注以為惠公之子，疏矣。惠公之子自為東周君，豈為西周用耶？”《資治通鑒》載此事，武公作東周武公。考東周確有武公，為東周惠公之子。《周本紀·正義》引郭緣生《述征記》雲：“鞏縣，周地，鞏伯邑。《史記》周顯王二年西周惠公封少子班于鞏，以奉王室，為東周惠公也，子武公，為秦所滅。”《趙世家·正義》引《括地志》相同。今本《史記》不見有此記載。據《趙世家》趙成侯八年“與韓分周為兩”，趙成侯八年正是周顯王二年，可知《述征記》與《括地志》所引《史記》，確有所據。蓋趙、韓乘西周內亂而助西周威公少子於東部獨立，因而分周為二。已說明在周顯王二年案語中。周赧王徙都西周，居於王城，名為天下共主，但已不能派遣東周君入楚。武公曰：“西周之地，絕長補短，不過百里，名為天下共主”，可知武公乃西周之臣。《資治通鑒》改作“東周武公”，不確。黃式三《周季編略》改作“使西都君謂令尹、昭雎”，更誤。《楚世家》“楚相昭子”，《資治通鑒》改“相”為“令尹”，是也。楚未設相位，仍以令尹為最高官職。但“昭子”並非“昭雎”。昭雎為楚懷王之令尹，未見於頃襄王時用事。周赧王三十五年（西元前二八〇年）
前281,281,周赧王三十四年（西元前二八一年）,17,史料,秦、齊、楚、燕、韓、趙、魏,秦昭王、燕昭王,,秦昭王二十七年，魏昭王十六年，韓釐王十六年，趙惠文王十九年，齊襄王四年，楚頃襄王十九年，燕昭王三十二年。
前281,281,周赧王三十四年（西元前二八一年）,18,史料,秦,秦昭王,攻,[秦昭王]廿七年攻鄧。（秦簡《編年記》）
前281,281,周赧王三十四年（西元前二八一年）,19,史料,秦、楚、趙、代,白起,攻、取、拔、遷,[秦昭襄王]二十七年，錯攻楚。赦罪人遷之南陽。白起攻趙，取代、光狼城。又使司馬錯發隴西，因蜀攻楚黔中，拔之。（《秦本紀》，《六國表》作“擊趙，斬首三萬”）
前281,281,周赧王三十四年（西元前二八一年）,20,史料,秦、楚,,伐,[楚頃襄王]十九年秦伐楚，楚軍敗，割上庸、漢北地予秦。（《楚世家》，《六國表》作“秦擊我，與秦漢北及上庸地”）
前281,281,周赧王三十四年（西元前二八一年）,21,史料,秦、齊、趙、魏,,攻、取,[趙惠文王]十九年秦敗我二城。趙與魏伯陽。趙奢將，攻齊麥丘，取之。（《趙世家》，《六國表》作“秦敗我軍，斬首三萬”）
前281,281,周赧王三十四年（西元前二八一年）,22,考案,秦、楚,秦昭王、楚懷王,伐、攻、取、拔,案：《資治通鑒》胡注：“秦兵時因蜀出巴郡枳縣路，以攻拔楚之黔中。”所謂“出巴郡枳縣路”，蓋本《華陽國志》。《華陽國志》載週報王七年，司馬錯從枳南入，以巴蜀水師攻取楚商於地為黔中郡，實則此役未能攻拔楚之黔中，此後十年，楚懷王受騙入秦而被留，秦嘗“要以割巫、黔中之郡”。秦亦未得楚黔中。因而是年又遣司馬錯調發隴西之眾，入蜀而再攻楚黔中，拔之。考《秦本紀》又雲：秦昭王三十年“蜀守若伐楚，取巫郡及江南為黔中郡”。《水經·沅水注》雲：“秦昭襄王二十七年使司馬錯以隴蜀軍攻楚，楚割漢北與秦。至三十年，秦又取楚巫、黔及江南地，以為黔中郡。”未敘及司馬錯拔黔中事，蓋秦昭王二十七年至三十年間，楚嘗一度收復黔中。因而秦之設黔中郡在三十年蜀守若伐楚取得巫、黔及江南之後。
前281,281,周赧王三十四年（西元前二八一年）,23,考案,秦,,拔,又案：秦敗我二城，梁玉繩雲：“敗當作拔。”
前281,281,周赧王三十四年（西元前二八一年）,24,史料,秦、趙,白起、秦昭王,攻、取,[秦昭王]二十七年白起攻趙，取光狼城。（《白起列傳》）
前281,281,周赧王三十四年（西元前二八一年）,25,考案,秦、趙、代,,取,案：《趙世家》言是年“秦敗我二城”。梁玉繩雲：“敗當作取”，即《秦本紀》所言“取代、光狼城”。《六國表》謂“擊趙，斬首三萬”，可知是役亦是大戰。
前281,281,周赧王三十四年（西元前二八一年）,26,考案,秦、齊、楚、燕、趙、晉、代,樂毅、廉頗,攻、取、拔、會,又案：梁玉繩《史記志疑》于《趙世家》雲：“是時齊亦尚止二城，麥丘屬燕，《年表》《田完世家》及《趙奢列傳》皆不書，未知此何以言之？”錢穆辨之曰：“不知《史》《策》言齊獨存二城者，指其五年中最後而言，非齊一敗而諸城皆下，即無地可攻也。謂余城皆屬燕，特舉大數言之，以燕獨入齊臨淄，又始終主其事也。非謂其他三晉諸國，均不得尺土一城，不博觀會通，而一切以繩，失者多矣。今以《呂覽》公孫龍之言參之，知《趙世家》所記固不誤。”又曰：“《趙世家》‘惠文王十七年秦拔我兩城，十八年秦拔我石城，十九年秦敗我二城，趙奢將攻麥邱，取之，二十年廉頗將攻齊’，公孫龍言蓋指是時事。”（《先秦諸子系年》第四三五至四三七頁）錢辨是也。《樂毅列傳》雲：“樂毅留徇齊五年，下齊七十餘城。”知七十餘城非一年皆下，且齊城本不止七十餘城，所謂惟獨莒、即墨未下者，由其別都言之，說已見前。《楚世家》上年楚人以弋說楚王曰：“朝射東莒，夕發溳丘，夜加即墨，顧據午道，則長城之東收而太山之北舉矣，西結境于趙，而北達于燕。”是其時齊地固不止莒、即墨二城。此年趙取齊麥丘，即蘇代所謂“以膠東委于燕，以濟西委于趙”。據蘇代約燕王語，蘇代此言，指天下破齊及秦得趙藺、離石以後事，若齊一破而諸城皆下，即無地可攻，則蘇代所謂濟西、膠東又將何指？
前281,281,周赧王三十四年（西元前二八一年）,27,史料,秦、齊、楚、燕、韓、趙、魏、蔡、代,蘇秦、燕昭王,攻,秦已得宜陽、少曲（“宜陽”當作“曲陽”），至藺、石（《蘇秦列傳》“至”作“致”，鮑本“石”上補“離”字，實則不必補“離”字，“離石”時或稱“石”），因以破齊為天下罪。秦欲攻魏，重楚，則以南陽委于楚，曰：“寡人固與韓且絕矣。殘均陵，塞郿隘（《蘇秦列傳》“隘”作“陀”）。苟利於楚，寡人如自有之。”魏棄與國而合于秦，因以塞郿隘為楚罪。兵困于林中，重燕、趙，以膠東委于燕，以濟西委于趙。已得講于魏（“已”原作“趙”，依鮑本、《蘇秦列傳》改），至公子延因犀首屬行而攻趙（“至”，《索隱》雲：“當為質。”鮑本改作“質”。金正煒雲：“至與致通，不煩改字”），兵傷于離石，遇敗于馬陵，而重魏（《蘇秦列傳》“離石”作“譙石”，“馬陵”作“陽馬”），則以葉、蔡委于魏。已得講于趙，則劫魏，魏不為割，困，則使太后穰侯為和（《蘇秦列傳》“後”下有“弟”字），羸則兼欺舅與母。（《燕策二》第一章，秦召燕王，燕王欲往，蘇代約燕王。並雲因而“燕昭王不行”。《蘇秦列傳》同）
前281,281,周赧王三十四年（西元前二八一年）,28,考案,秦、齊、楚、燕、韓、趙、魏、代,白起、燕昭王,攻、救、卒、取、拔,案：蘇代約燕王，開首曰：“楚得枳而國亡。”《集解》引徐廣曰：“燕昭王三十三年秦拔楚鄢、西陵。”燕昭王卒於三十三年，蘇代約燕昭王當在次年王未卒之前。此段蘇代所述，皆當為上年秦拔取藺、離石以後事。據此可知，秦得藺、離石之後，即謀攻魏，許楚攻取韓之南陽地。當秦攻魏大樑，燕、趙出兵救魏，使秦攻大樑之舉無功。即所謂“兵困于林中”，又許燕取齊之膠東，趙取齊之濟西，及魏背燕、趙而合于秦，秦又分兵攻楚與趙。是時秦之大將為白起與司馬錯，故是年白起攻趙，取代、光狼城，斬首三萬。司馬錯則一面攻楚之鄧，迫使楚割上庸、漢北地，一面又攻拔楚之黔中。至於秦攻大樑之舉，因無功，史略而未記。據蘇代所言，是時秦攻趙，尚有“兵傷于譙石，遇敗于陽馬”之事。譙石、陽馬兩地無考。梁玉繩《史記志疑》謂譙石、陽馬，“《策》作離石、馬陵，疑誤”。
前281,281,周赧王三十四年（西元前二八一年）,29,史料,秦,秦昭王,,秦昭王二十七年地動，壞城。（《六國表》）##### 卷十七
前279,279,周赧王三十六年（西元前二七九年）,1,史料,秦、齊、楚、燕、韓、趙、魏,秦昭王、燕昭王,,秦昭王二十八年，魏昭王十七年，韓釐王十七年，趙惠文王二十年，齊襄王五年，楚頃襄王二十年，燕昭王三十三年。
前279,279,周赧王三十六年（西元前二七九年）,2,史料,秦、楚,白起、秦昭王,攻、取、遷,[秦昭王]二十八年大良造白起攻楚，取鄢、鄧，赦罪人遷之。（《秦本紀》）
前279,279,周赧王三十六年（西元前二七九年）,3,史料,秦、楚,白起,拔,[楚頃襄王]二十年秦將白起拔我西陵。（《楚世家》）
前279,279,周赧王三十六年（西元前二七九年）,4,史料,秦、楚,,拔,楚頃襄王二十年秦拔鄢、西陵。（《六國表》）
前279,279,周赧王三十六年（西元前二七九年）,5,史料,秦、楚,白起、秦昭王,攻、拔,後七年(秦昭王二十八年)白起攻楚，拔鄢、鄧五城。(《白起列傳》)
前279,279,周赧王三十六年（西元前二七九年）,6,史料,秦、楚,白起,拔,頃襄王二十年秦白起拔楚西陵，或拔鄢、郢、夷陵，燒先王之墓，王徙東北，保于陳城，楚遂削弱，為秦所輕。（《秦策四》第九章）
前279,279,周赧王三十六年（西元前二七九年）,7,史料,秦、楚,白起、秦昭王,伐、取,江水又東徑西陵縣故城南，《史記》秦昭王遣白起伐楚取西陵者也。（《水經·江水三》）
前279,279,周赧王三十六年（西元前二七九年）,8,考案,秦、楚、周、越,白起、秦昭王,伐、攻、圍、取、拔,案：《資治通鑒》作“秦白起伐楚，取鄢、鄧、西陵”。梁玉繩《史記志疑》綜合《秦本紀》、《六國表》、《楚世家》，以為“《白起列傳》言拔鄢、鄧五城，乃拔鄢、鄧、西陵三城之誤”。考秦簡《編年記》書“攻鄧”于秦昭王二十七年，或者攻鄧在二十七年，至二十八年而拔之。鄧在今湖北襄樊市北，鄢在今湖北宜城縣東南，西陵在今湖北新洲縣西。惟《資治通鑒》胡三省注以為西陵非漢江夏郡之西陵，“西陵即夷陵，《漢書·地理志》夷陵縣屬南郡，《水經》江水東徑夷陵縣，又東徑西陵峽，蓋縣城去峽不遠。”程恩澤《國策地名考》從其說，以為“當時秦兵所及，亦僅至安陸而止，未嘗越漢陽武昌而至黃州也，”亦謂西陵指西陵峽。其實非是。《秦策四》第九章言是年“白起拔楚西陵，或拔鄢、郢、夷陵”。金正煒《補釋》雲：“此文或，猶又也，說見《經傳釋詞》，非謂別將”。蓋白起分兵兩路進攻，東路拔西陵，西路拔鄢、郢、夷陵，可知西陵與夷陵非指一地。《水經注》亦以為白起所伐取之西陵，即西陵縣故城。《白起列傳》稱“其明年攻楚，拔郢，燒夷陵，遂東至竟陵，楚王亡去郢，東走徙陳”。郢在今湖北江陵縣西北，夷陵在今湖北宜昌市東南，竟陵在今湖北潛江縣東北。秦簡《編年記》又謂秦昭王廿九年“攻安陸”，安陸在今湖北雲夢縣，在竟陵東北約一百里，西陵則又在安陸以東約一百公里。是役白起於兩年間，攻取得楚都周圍許多城邑，東至西陵，西至夷陵，大約有三百公里寬闊之富庶地帶，楚因而大為削弱。秦以斬首為功，每次大戰得勝，皆有斬首多少萬之記錄，但是役除鄢之戰，白起引水灌城，淹死軍民數十萬以外，未見有斬首多少萬之記載，蓋如白起所說楚軍“各有散心，莫有鬥志”（姚本《戰國策》末章武安君答應侯語），《楚世家》所謂“楚襄王兵散，遂不復戰”。
前279,279,周赧王三十六年（西元前二七九年）,9,史料,秦、魏、吳,,伐、攻、救、立,獻書秦王曰：“臣竊聞大王之謀出事于梁（“臣”原作“昔”，今從鮑本改正），謀恐不出於計矣（“出”讀作“屈”，短也。“不”字疑衍），願大王之熟計之也。梁者，山東之要也（“要”讀作“腰”）。有蛇於此，擊其尾其首救，擊其首其尾救，擊其中身首尾皆救。今梁者天下之中身也（“者”原作“王”，今從鮑本改正，“中身”鮑本作“脊”），秦攻梁者，是示天下要斷山東之脊也（“要”讀作“腰”）。是山東首尾皆救中身之時也。山東見亡必恐，恐必大合，山東尚強，臣見秦之必大憂可立而待也。臣竊為大王計，不如南出事於南方，其兵弱，天下不能救（“不”原作“必”，鮑本於“必”上補“不”字，吳師道雲：“必字恐當作不”，今據改），地可廣大（姚注：“曾無大字”），國可富，兵可強，主可尊。王不聞湯之伐桀乎，試之弱密須氏以為武教，得密須氏而湯之服桀矣（“之”鮑本作“知”）。今秦國與山東為仇（“國”鮑本作“欲”），不先以弱為武教，兵必大挫，國必大憂。”秦果南攻藍田、鄢、郢。（《魏策四》第一章）
前279,279,周赧王三十六年（西元前二七九年）,10,考案,秦、楚,,攻,案：鮑彪曰：“藍田，秦地，疑衍文。”非是。戰國時有兩地名藍田：一在秦國，在今陝西藍田縣西。另一藍田，在楚國，在今湖北鐘祥縣西北，漢水之西，即《續漢書·郡國志》南郡之藍口聚，或作藍田口聚，正當鄢之南，郢之北，為從鄢攻郢必經之地。
前279,279,周赧王三十六年（西元前二七九年）,11,史料,楚,白起,攻,夷水又東注於沔。昔白起攻楚，引西山長谷水，即是水也。舊竭去城百許裡，水從城西灌城東，入注為淵，今熨斗陂是也。水潰城東北角，百姓隨水流，死於城東者數十萬，城東皆臭，因名其陂為臭池。（《水經·沔水注》）
前279,279,周赧王三十六年（西元前二七九年）,12,史料,秦、楚,白起、秦昭王,伐、取、拔,故宜城，在縣南九裡，本楚鄢縣。秦昭王使白起伐楚，引蠻水灌鄢城，拔之，遂取鄢，即此城也。（《元和郡縣圖志》卷二十一）
前279,279,周赧王三十六年（西元前二七九年）,13,考案,秦、楚、代,白起、秦昭王,攻、立、拔,案：《大事記·解題》雲：“鄢，楚之別都也，在今襄州之宜城縣。南豐曾氏鞏曰：荊及康狼，楚之西山也。水出二山之間，東南而流，春秋之世曰鄢水。……秦昭王二十八年，使白起將攻楚，去鄢百里立堨，壅是水為渠，以灌鄢，遂拔之。秦既得鄢，以為縣。”《讀史方輿紀要》又雲：“長渠在宜城縣西四十裡，亦曰羅川，又曰鄢水，亦曰白起渠，即蠻水也。秦昭王二十八年使白起攻楚，去鄢百里立堨，壅是水為渠，以灌鄢。鄢入秦，而起所為渠不廢，今長渠是也。”今案：白起引水灌鄢。乃此次秦大舉攻楚之重要戰役。長谷水即蠻水、鄢水，亦稱白起渠，今鄢之遺址尚存，在今湖北宜城縣東南，俗稱楚皇城。白起渠之遺跡亦存於古城之西北。今古城東北角有缺口，即引水灌城之入口，東城牆南端又有出口，東南更有窪地。參看拙作《中國古代都城制度史研究》上編第八章楚之別都鄢。
前279,279,周赧王三十六年（西元前二七九年）,14,史料,秦,秦昭王,,洮水又北徑狄道縣故城西……濫水又西北徑武街城南，又西北徑狄道故城東。……漢隴西郡治，秦昭王二十八年置。（《水經·河水注》）
前279,279,周赧王三十六年（西元前二七九年）,15,史料,秦,秦昭王,,[秦昭王]廿八年隴棲郡守□造，西工宰閹，工□。（戈刻銘，此戈一九七八年二月陝西寶雞縣建河秦墓出土，見《文物》一九八〇年第九期報導）
前279,279,周赧王三十六年（西元前二七九年）,16,考案,秦,,,案：戈刻銘“隴”字有殘缺，“棲”即“西”字，“造”下“西”字，即隴西郡所屬西縣，在今甘肅天水縣西南。“廿八”或釋作“廿六”，《秦本紀》稱昭王二十七年“司馬錯發隴西”，秦設隴西郡當在二十七年前。考釋有李仲操《二十六年秦戈考》（《文博》一九八九年第一期），劉占成《隴西郡戈考》（《考古與文物》一九九四年第四期）。
前279,279,周赧王三十六年（西元前二七九年）,17,史料,秦、齊、趙,廉頗、秦昭王,攻,[趙惠文王]二十年，廉頗將，攻齊。王與秦昭王遇西河外。（《趙世家》）
前279,279,周赧王三十六年（西元前二七九年）,18,史料,秦、趙,藺相如,會,趙惠文王二十年與秦會黽池，藺相如從。（《六國表》）
前279,279,周赧王三十六年（西元前二七九年）,19,史料,秦、齊、趙,廉頗、藺相如,攻、卒、立、會,秦王使使者告趙王，欲與王為好會於西河外黽池。趙王畏秦，欲毋行。廉頗、藺相如計曰：“王不行，示趙弱且怯也。”趙王遂行，相如從。廉頗送至境，與王訣曰：“王行，度道裡會遇之禮畢，還，不過三十日。三十日不還，則請立太子為王，以絕秦望。”王許之，遂與秦王會黽池。秦王飲酒酣，曰：“寡人竊聞趙王好音，請奏瑟。”趙王鼓瑟。秦禦史前書曰：“某年月日，秦王與趙王會飲，令趙王鼓瑟。”藺相如前曰：“趙王竊聞秦王善為秦聲，請奏盆缻秦王，以相娛樂。”秦王怒，不許。於是相如前進缻，因跪請秦王。秦王不肯擊缻。相如曰：“五步之內，相如請得以頸血濺大王矣！”左右欲刃相如，相如張目叱之，左右皆靡。於是秦王不懌，為一擊缻。相如顧召趙禦史書曰：“某年月日，秦王為趙王擊缻。”秦之群臣曰：“請以趙十五城為秦王壽。”藺相如亦曰：“請以秦之咸陽為趙王壽。”秦王竟酒，終不能加勝於趙。趙亦盛設兵以待秦，秦不敢動。既罷歸國，以相如功大，拜為上卿，位在廉頗之右。廉頗曰：“我為趙將，有攻城野戰之大功，而藺相如徒以口舌為勞，而位居我上，且相如素賤人，吾羞，不忍為之下。”宣言曰：“我見相如，必辱之。”相如聞，不肯與會。相如每朝時，常稱病，不欲與廉頗爭列。已而相如出，望見廉頗，相如引車避匿。於是舍人相與諫曰：“臣所以去親戚而事君者，徒慕君之高義也。今君與廉頗同列，廉君宣惡言而君畏匿之，恐懼殊甚，且庸人尚羞之，況於將相乎！臣等不肖，請辭去。”藺相如固止之，曰：“公之視廉將軍孰與秦王？”曰：“不若也。”相如曰：“夫以秦王之威，而相如廷叱之，辱其群臣。相如雖駑，獨畏廉將軍哉？顧吾念之，強秦之所以不敢加兵于趙者，徒以吾兩人在也。今兩虎共鬥，其勢不俱生。吾所以為此者，以先國家之急而後私仇也。”廉頗聞之，肉袒負荊，因賓客至藺相如門謝罪。曰：“鄙賤之人，不知將軍寬之至此也。”卒相與歡，為刎頸之交。是歲，廉頗東攻齊，破其一軍。（《廉頗藺相如列傳》）
前279,279,周赧王三十六年（西元前二七九年）,20,史料,秦、齊、楚、燕、韓、趙、魏、晉、周、宋、鄭、蔡、代,蘇秦、燕昭王,伐、攻、救、滅、取、殺,秦召燕王，燕王欲往。蘇代約燕王曰：“楚得枳而國亡，齊得宋而國亡，齊、楚不得以有枳、宋事秦者，何也？是則有功者，秦之深仇也。秦取天下，非行義也，暴也。秦之行暴於天下，正告楚曰（《蘇秦列傳》作“秦之行暴，正告天下，告楚曰》）：“蜀地之甲，輕舟浮於汶，乘夏水而下江，五日而至郢。漢中之甲，乘舟出於巴，乘夏水而下漢，四日而至五渚。寡人積甲宛，東下隨，知者不及謀，勇者不及怒，寡人如射隼矣。王乃待天下之攻函穀，不亦遠乎？楚王為是之故，十七年事秦。秦正告韓曰：‘我起乎少曲，一日而斷太行。我起乎宜陽而觸平陽，二日而莫不盡繇，我離兩周而觸鄭，五日而國舉。”韓氏以為然，故事秦。秦正告魏曰：“我舉安邑，塞女戟，韓氏太行卷（“行”原作“原”，《蘇秦列傳·正義》引劉伯莊雲，“太原”，當為“太行”。于鬯《戰國策注》：“太原，趙地，此為韓太原，當非趙之太原，則是太行耳”。今據改。“韓氏太原卷”，《趙策四》第四章作“韓之太原絕”）。我下釩道、南陽、封、冀，包兩周，乘夏水，浮輕舟，強弩在前，銛戈在後（“銛”，《蘇秦列傳》作“錟”），決滎口，魏無大樑；決白馬之口，魏無濟陽（《蘇秦列傳》作“魏無外黃、濟陽”）；決宿胥之口，魏無虛、頓丘。陸攻則擊河內，水攻則滅大樑。”魏氏以為然，故事秦。秦欲攻安邑，恐齊救之，則以宋委于齊，曰：“宋王無道，為木人以寫寡人（鮑本“寫”作“象”），射其面，寡人地絕兵遠，不能攻也。王苟能破宋有之，寡人如自得之。”已得安邑，塞女戟，因以破宋為齊罪。秦欲攻韓（“韓”原作“齊”，據《蘇秦列傳》、鮑本改），恐天下救之，則以齊委於天下，曰：“齊王四與寡人約，四欺寡人，必率天下以攻寡人者三。有齊無秦，無齊有秦，必伐之，必亡之。”已得宜陽、少曲，致藺、石，因以破齊為天下罪。秦欲攻魏，重楚，則以南陽委于楚，曰：“寡人固與韓且絕矣！殘均陵，塞郚隘，苟利於楚，寡人如自有之。”魏棄與國而合于秦，因以塞郚隘為楚罪。兵困于林中，重燕、趙，以膠東委于燕，以濟西委于趙。已得講于魏（“已”原作“趙”，依鮑本、《蘇秦列傳》改），至公子延，因犀首屬行而攻趙。兵傷于離石，遇敗于馬陵（《蘇秦列傳》作“兵傷于譙石，而遇敗于陽馬”），而重魏，則以葉、蔡委于魏。已得講于趙，則劫魏，不為割（“不”上原有“魏”字，當衍。金正煒謂，此蓋誤複“魏”字。文以六字句，謂前以葉、蔡委于魏，今劫魏而不為之割也。今據《蘇秦列傳》刪）。困則使太后、穰侯為和（《蘇秦列傳》後下有“弟”字），贏則兼欺舅與母（“贏”原作“贏”，《蘇秦列傳》作“贏”，此依鮑本改）。適燕者曰以膠東，適趙者曰以濟西，適魏者曰以葉、蔡，適楚者曰以塞郾隘，適齊者曰以宋，此必令其言如迴圈，用兵如刺蜚繡（《蘇秦列傳》、鮑本無“繡”字。《全上古三代秦漢六朝文》引無“蜚”。黃丕烈謂：“此必《策》文作‘繡’，《史記》作‘蜚’，遂兩存也。”當刪“蜚”字)，母不能制，舅不能約。龍賈之戰，岸門之戰，封陵之戰(“陵”原作“陸”。王念孫謂“陵”“陸”二字相似，古書多亂。今依《蘇秦列傳》、鮑本改)，高商之戰，趙莊之戰，秦之所殺三晉之民數百萬，今其生者皆死秦之孤也。西河之外、上雒之地、三川晉國之禍，三晉之半，秦禍如此其大。而燕、趙之秦者，皆以爭事秦說其主，此臣之所大患。”燕昭王不行。蘇代複重于燕。燕反約諸侯從親(“反”，《蘇秦列傳》作“使”。金正煒謂“反”當為“乃”之誤)，如蘇秦時。或從或不，而天下由此宗蘇氏之從約。代、厲皆以壽死，名顯諸侯。（《燕策二》第一章）
前279,279,周赧王三十六年（西元前二七九年）,21,考案,秦、齊、楚、燕、周、宋,蘇秦、秦昭王、燕昭王,攻、取、拔,案：顧觀光系此于周赧王三十年，林春溥附此于赧王三十一年，黃式三、於鬯定在赧王三十六年。今從後說。《蘇秦列傳·集解》引徐廣，謂“楚得枳而國亡”，指“燕昭王三十三年秦拔楚鄢、西陵”，燕昭王三十三年當周赧王三十六年。策文“楚得枳而國亡，齊得宋而國亡”，兩“國亡”，“國”皆指國都，指楚失別都鄢，齊失國都臨淄。《蘇秦列傳》敘此策文于燕昭王二十八年五月“破齊，湣王出走”之後，雲：“久之，秦召燕王”。時當燕昭王末年。策文所謂“楚王十七年事秦”，蓋指秦昭王十年至二十六年間秦、楚友好而秦未嘗攻取楚地。
前279,279,周赧王三十六年（西元前二七九年）,22,史料,齊、燕、趙、代,樂毅、燕昭王,立、即位、拔、會,樂毅留徇齊五歲，下齊七十餘城，皆為郡縣以屬燕，唯獨莒、即墨未服。會燕昭王死，子立為燕惠王。惠王自為太子時嘗不快于樂毅，及即位，齊之田單聞之，乃縱反間于燕，曰：“齊城不下者兩城耳。然所以不早拔者，聞樂毅與燕新王有隙，欲連兵且留齊，南面而王齊。齊之所患，唯恐他將之來。”於是燕惠王固已疑樂毅，得齊反間，乃使騎劫代將，而召樂毅。樂毅知燕惠王之不善代之，畏誅，遂西降趙。趙封樂毅於觀津，號曰望諸君，尊寵樂毅以警動于燕、齊。齊田單後與騎劫戰，果設詐誑燕軍，遂破騎劫於即墨城下，而轉戰逐燕，北至河上，盡複得齊城，而迎襄王於莒，入於臨菑。（《樂毅列傳》）
前279,279,周赧王三十六年（西元前二七九年）,23,考案,齊、燕、趙、中山、代,樂毅、齊宣王、燕昭王、趙武靈王,伐、攻、合縱、奔,案：樂毅本為趙武靈王之謀臣，當齊宣王破燕時，嘗為趙主謀合縱伐齊而存燕。當燕昭王參與五國合縱攻齊時，樂毅以燕相兼趙相而為五國聯軍之統帥，先以趙師為主力由趙破齊於濟西，繼而獨率燕師深入，攻破齊都。及燕惠王以騎劫代樂毅為將，樂毅因而歸趙，此雲“降趙”，不確。趙因而封號為望諸君。《索隱》雲：“望諸，澤名，在齊，蓋趙有之，故號焉。《戰國策》望作藍也。”今案藍諸君見《中山策》第一、二章，又作望諸君，見《燕策二》第二章，乃中山之相，與樂毅同號，司馬貞誤以為即毅。《資治通鑒》胡三省注：“望諸，澤名，本齊地，毅自齊奔趙，趙人以此號之，本其所從也。”此說非是。毅既得封邑於觀津，不當以望諸澤名為封號，況且以所從之地為封號，戰國尚無它例。《正義》佚文曰：“諸，之也。言王起望君之日久矣，故號望諸君也。”（見南化、幻、梅、狩本，張衍田《史記正義佚文輯校》第三七四頁）其說可信。戰國封君有以封邑稱君者，亦用具有意義之稱號。
前279,279,周赧王三十六年（西元前二七九年）,24,史料,齊、燕,,攻、圍、立、殺,燕既盡降齊城，唯獨莒、即墨不下。燕軍聞齊王在莒，並兵攻之。淖齒既殺湣王於莒，因堅守距燕軍，數年不下。燕引兵東圍即墨。即墨大夫出與戰，敗死。城中相與推田單，曰：“安平之戰，田單宗人以鐵籠全，習兵。”立以為將軍。以即墨距燕。（《田單列傳》）
前279,279,周赧王三十六年（西元前二七九年）,25,考案,齊、楚、燕、韓、魏、晉、宋,樂毅、齊宣王,伐、攻、圍、立、滅、取、拔、奔,案：《呂氏春秋·行論》篇雲：“此濟上之所以敗，齊國以虛也，七十城微田單固幾不反，湣王以大齊驕而殘，田單以即墨而立功。”《齊策六》雲：“燕攻齊，取七十餘城，惟莒、即墨不下。”《燕策一》亦雲：“齊城之不下者惟獨莒、即墨”，而《燕世家》作“獨唯聊、莒、即墨”。《燕策二》雲：“下七十餘城，盡郡縣以屬燕，三城未下。”而《樂毅列傳》又作“樂毅留徇齊五歲，下齊七十餘城，皆為郡縣以屬燕，唯獨莒、即墨未服”。《田單列傳》亦雲：“燕既盡降齊城，唯獨莒、即墨不下。”《燕世家·索隱》雲：“按余篇及《戰國策》並無聊字。”梁玉繩《史記志疑》雲：“考《史》樂毅、田單《列傳》及《齊策》、《燕策》並無聊也，惟《燕策》又有三城未下之語，史或因此增加以實之。蓋牽合燕將守聊城不下事而與莒、即墨亂也；然《後漢書·李通傳·論》注引《史》此文無‘聊’字，豈所見本異歟？”又雲：“《潛夫論·敕邊篇》言田單圍聊、莒不拔，亦誤仍《策》《史》合為一事。”梁說甚是，林春溥《戰國紀年》又論之曰：“據《國策》鄒忌謂齊地方千里，百二十城，是在威王之世已然，況宣、湣以來，取燕滅宋，楚割淮北，西侵三晉，拓地愈廣，而謂七十餘城之外惟餘莒與即墨，其他別無可取，豈其然乎？”林說亦是。余考齊終戰國之世未設郡，別有五都之制。《燕策一》、《燕世家》謂齊宣王伐燕，“王因令章子將五都之兵，以因北地之眾以伐燕”，《索隱》雲：“臨淄，五都之一。”《孟子·公孫醜下》孟子謂平陸大夫孔距心曰：“子之持戟之士，一日而三失伍則去之否乎？”又見於王曰：“王之為都者，臣知五人焉，知其罪，惟孔距心。”則平陸亦必五都之一。余疑齊於臨淄外，四境各設別都，遣大夫將兵守之，有如魏、韓等國於邊境要衝設郡而置郡守然，此時莒與即墨亦齊之別都，未為燕下，故湣王奔莒而田單守即墨。蓋齊都之未下者惟獨莒、即墨，非齊城邑之未下者僅莒、即墨也。
前279,279,周赧王三十六年（西元前二七九年）,26,史料,齊、燕、趙、代,樂毅、燕昭王,伐、攻、卒、立、拔、殺、奔,燕昭王卒，惠王立，與樂毅有隙。田單聞知，乃縱反間于燕，宣言曰：“齊王已死，城之不拔者二年。樂毅畏誅而不敢歸，以伐齊為名，實欲連兵南面而王齊。齊人未附，故且緩攻即墨以待其事。齊人所懼，唯恐他將之來，即墨殘矣。”燕王以為然，使騎劫代樂毅。樂毅因歸趙，燕人士卒忿。而田單乃令城中人食必祭其先祖於庭，飛鳥悉翔舞城中下食。燕人怪之。田單因宣言曰：“神來下教我。”乃令城中人曰：“當有神人為我師。”有一卒曰：“臣可以為師乎？”因反走。田單乃起，引還，東鄉坐，師事之。卒曰：“臣欺君，誠無能也。”田單曰：“子勿言也！”因師之。每出約束，必稱神師。乃宣言曰：“吾唯懼燕軍之剿所得齊卒，置之前行，與我戰，即墨敗矣。”燕人聞知，如其言。城中人見齊諸降者盡剿，皆怒，堅守，唯恐見得。單又縱反間曰：“吾懼燕人掘吾城外塚墓，僇先人，可為寒心。”燕軍盡掘壟墓，燒死人。即墨人從城上望見，皆涕泣，俱欲出戰，怒自十倍。田單知士卒之可用，乃身操版插，與士卒分功，妻妾編于行伍之間，盡散飲食饗士。令甲卒皆伏，使老弱女子乘城，遣使約降于燕，燕軍皆呼萬歲。田單又收民金，得千溢，令即墨富豪遺燕將，曰：“即墨即降，願無擄吾族家妻妾，令安堵。”燕將大喜，許之。燕軍由此益懈。田單乃收城中，得千余牛，為絳繒衣，畫以五彩龍文，束兵刃於其角，而灌脂束葦於尾，燒其端。鑿城數十穴，夜縱牛，壯士五千隨其後。牛尾熱，怒而奔燕軍，燕軍夜大驚。牛尾炬尾光明炫耀，燕軍視之皆龍文，所觸盡死傷。五千人因銜枚擊之，而城中鼓噪從之，老弱皆擊銅器為聲，聲動天地。燕軍大駭，敗走。齊人遂夷殺其將騎劫。燕軍擾亂奔走，齊人追亡逐北，所過城邑皆畔燕而歸田單，兵日益多，乘勝，燕日敗亡，卒至河上，而齊七十餘城皆複為齊。乃迎襄王於莒，入臨菑而聽政。襄王封田單，號曰安平君。（《田單列傳》）
前279,279,周赧王三十六年（西元前二七九年）,27,考案,齊、周,,,案：《索隱》雲：“以單初起安平，故以為號。”安平在臨菑東，亦為單封邑，故《齊策六》第五章稱夜邑為其“益封”。《資治通鑒·周紀四》報王三十六年胡注：“齊以田單安國平難，又嘗保安平，故因以安平封之。”其說是。
前279,279,周赧王三十六年（西元前二七九年）,28,史料,齊、燕,,攻,襄王在莒五年，田單以即墨攻破燕軍，迎襄王於莒，入臨菑。齊故地盡複屬齊，齊封田單為安平君。（《田世家》）
前279,279,周赧王三十六年（西元前二七九年）,29,史料,齊、燕、趙、代,樂毅、燕昭王,卒、立、即位,[燕昭王]三十三年卒，子惠王立。惠王為太子時，與樂毅有隙，及即位，疑毅，使騎劫代將。樂毅亡走趙。齊田單以即墨擊敗燕軍，騎劫死，燕兵引歸，齊悉複得其故城。湣王死於莒，乃立其子為襄王。（《燕世家》）
前279,279,周赧王三十六年（西元前二七九年）,30,史料,齊、燕,,殺,齊襄王五年殺燕騎劫。（《六國表》）
前279,279,周赧王三十六年（西元前二七九年）,31,史料,齊、燕,,攻、立、取、殺、奔,燕攻齊，齊破。閔王奔莒，淖齒殺閔王。田單守即墨之城，破燕兵，複齊虛。襄王為太子微（“微”原作“徵”。孫詒讓《劄迻》卷三謂：“此‘徵’當為‘微’，亦形之誤。襄王易姓名為太史敦家庸，故曰微也”。微，隱匿。今據改）。齊以破燕，田單之立疑，齊國之眾，皆以田單為自立也。襄王立，田單相之。過菑水，有老人涉菑而寒，出不能行，坐于沙中。田單見其寒，欲使後車分之衣（“衣”上“之”字原脫，從姚引一本補），無可以分者，單解裘而衣之。襄王惡之，曰：“田單之施，將欲以取我國乎？不早圖，恐後之。”左右顧無人，岩下有貫珠者，襄王呼而問之曰：“女聞吾言乎？”對曰：“聞之。”王曰：“女以為何若？”對曰：“王不如因以為己善。王嘉單之善，下令曰：‘寡人憂民之饑也，單收而食之。寡人憂民之寒也，單解裘而衣之。寡人憂勞百姓，而單亦憂之，稱寡人之意。’單有是善而王嘉之，單之善亦王之善已！”王曰：“善。”乃賜單牛酒，嘉其行。後數日，貫珠者複見王，曰：“王至朝日，宜召田單而揖之於庭，口勞之，乃布令求百姓之饑寒者，收穀之。”乃使人聽於閭裡，聞丈夫相與語，舉曰：“田單之愛人，嗟，乃王之教澤也！”（《齊策六》第四章）
前279,279,周赧王三十六年（西元前二七九年）,32,考案,齊、燕,,,案：田單破燕，為齊相，二者當為同年之事。《資治通鑒》隸此于赧王三十六年，今從之。“貫珠”者有二說。姚注：“《元和姓纂》引《戰國策》，‘齊有貫殊’。則貫姓，殊名。”或以為穿珠匠人。于鬯《戰國策注》謂，“姚定為人姓名，于此文（按指上文“貫珠”）固可通，至下文‘貫珠’下似不必複著‘者’字，則竟似‘貫殊’非姓名。”於說是。
前279,279,周赧王三十六年（西元前二七九年）,33,史料,秦、齊、趙,,攻,趙惠王謂公孫龍曰：“寡人事偃兵十餘年矣而不成，兵不可似乎？”公孫龍對曰：“偃兵之意，兼愛天下之心也。兼愛天下，不可以虛名為也，必有其實。今藺、離石入秦，而王縞素布總；東攻齊得城，而王加膳置酒。秦得地而王布總，齊亡地而王加膳，非所兼愛之心也。此偃兵之所以不成也。”今有人於此，無禮慢易而求敬，阿黨不公而求令，煩號數變而求靜，暴戾貪得而求定，雖黃帝猶若困。（《呂氏春秋·審應》）
前279,279,周赧王三十六年（西元前二七九年）,34,考案,秦、齊、趙、周,秦昭王,攻、取,案：“今藺、離石入秦”，即指秦昭王二十五年（趙惠文王十七年）秦取趙之藺城，次年攻取離石，離石亦簡稱石。“東攻齊得城”，即指趙惠文王十九年“趙奢將攻齊麥丘，取之”。見錢穆《公孫龍說趙惠文王偃兵考》（《先秦諸子系年》第四三四至四三五頁）。《周季編略》已定此事在趙惠文王二十年，今從之。
前279,279,周赧王三十六年（西元前二七九年）,35,史料,燕、趙,,,公孫龍在趙之時，謂弟子曰：“人而無能者，龍不能與遊。”有客衣褐帶索而見曰：“臣能呼。”公孫龍顧謂弟子曰：“門下故有能呼者乎？”對曰：“無有。”公孫龍曰：“與之弟子之籍。”後數日，往說燕王，至於河上，而航在一氾，使善呼者呼之，一呼而航來。（《淮南子·道應訓》）
前279,279,周赧王三十六年（西元前二七九年）,36,考案,燕、趙,,,案：據此，公孫龍之說燕王，蓋自趙前往。
前279,279,周赧王三十六年（西元前二七九年）,37,史料,齊、燕,燕昭王,卒、取,公孫龍說燕昭王以偃兵，昭王曰：“甚善，寡人願與客計之。”公孫龍曰：“竊意大王之弗為也。”王曰：“何故？”公孫龍曰：“日者大王欲破齊，諸天下之士，其欲破齊者，大王盡養之。知齊之險阻要塞君臣之際者，大王盡養之。雖知而弗欲破者，大王猶若弗養。其卒，果破齊以為功。今大王曰‘我甚取偃兵’，諸侯之士，在大王之本朝者盡善用兵者也，臣是以知大王之弗為也。”王無以應。（《呂氏春秋·應言》）
前279,279,周赧王三十六年（西元前二七九年）,38,考案,燕、趙,燕昭王,,案：公孫龍說燕昭王，既自趙前往，當在燕昭王之晚年。燕昭王墓前華表。（《太平御覽》卷一百九十八）
前279,279,周赧王三十六年（西元前二七九年）,39,考案,燕,燕昭王,,案：此為帝王墓前設置華表之最早記載。當即設置于燕昭王死後興建陵墓之時。
前279,279,周赧王三十六年（西元前二七九年）,40,史料,秦、燕、趙、代,趙武靈王,,其後（指趙武靈王北破林胡、樓煩置雲中、雁門、代郡之後），燕有賢將秦開，為質于胡，胡甚信之。歸而襲破走東胡，東胡卻千餘裡。（《史記·匈奴列傳》）
前279,279,周赧王三十六年（西元前二七九年）,41,考案,秦、燕,,,案：呂祖謙《大事記·解題》卷四雲：“秦開不知當燕何君之世，然秦武陽乃開之孫，計其年，或在昭王時。”
前279,279,周赧王三十六年（西元前二七九年）,42,史料,秦、楚,,會,始楚威王時，使將軍莊蹻將兵循江上，略巴、蜀、黔中以西（《漢書·西南夷傳》無“蜀”字）。莊蹻者，故楚莊王苗裔也。蹻至滇池，地方三百里（《漢書》無“地”字），旁平地，肥饒數千里，以兵威定屬楚。欲歸報，會秦擊奪楚巴、黔中郡，道塞不通，因還，以其眾王滇，變服，從其俗，以長之。（《史記·西南夷列傳》）
前279,279,周赧王三十六年（西元前二七九年）,43,史料,楚,,伐、滅,初，楚頃襄王時，遣將莊豪從沅水伐夜郎，軍至且蘭，椓船于岸而步戰。既滅夜郎，因留王滇池。以且蘭有椓船牂柯處，乃改其名為牂柯。（《後漢書·西南夷傳》）
前279,279,周赧王三十六年（西元前二七九年）,44,史料,秦、楚、周,,伐,周之季世，楚頃襄王遣將軍莊蹻泝沅水、出且蘭，以伐夜郎，（“頃”原作“威”，《漢書·地理志》顏注，《史記·正義》，《藝文類聚》卷七十一，《北堂書鈔》卷一百三十八，《太平御覽》一百六十六、七百七十一，並引作“頃襄王”，顧觀光《校勘記》謂“必《華陽國志》古本如此，後人依《史》《漢》改耳”。今改還）。植牂柯，系船於是（《太平御覽》卷七七一引作“椓牂柯，系舡于且蘭”）。且蘭既克，夜郎又降，而秦奪楚黔中地，無路得反，遂留王滇池。蹻，楚莊王苗裔也（《北堂書鈔》卷一百三十六，《太平御覽》卷一百六十六，葉夢得《玉澗雜書》，曹學佺《蜀中廣記》卷六九均引作“遂留王之，號為莊王”。劉琳《華陽國志校注》謂“蹻，楚莊王苗裔也”乃李聖擅改，當依《書鈔》諸書所引改還）。以牂柯系船，因名且蘭為牂柯國。（《華陽國志》卷四《南中志》）
前279,279,周赧王三十六年（西元前二七九年）,45,考案,秦、齊、楚、韓、趙、魏、周,白起、秦惠王、秦昭王,伐、攻、卒、立、徙都、滅、取、拔、遷,案：楚將莊蹻將兵攻至滇池，《史記》《漢書》謂在楚威王時，不確。當從《後漢書》、古本《華陽國志》定在楚頃襄王時。《史記》稱“莊蹻將兵循江上，略巴、蜀、黔中以西”，《漢書》無“蜀”字，其實“巴蜀”二字皆為衍文。秦于惠王時已滅巴、蜀，建有蜀郡、巴郡，並以巴、蜀作為攻略兼併楚地之主要據點。秦將司馬錯主張伐取蜀地，並由蜀攻楚。錯曰：“且蜀，水通于楚，有巴之勁卒，浮大舶船以東向楚，楚地可得，得蜀則得楚，楚亡則天下並矣。”（《華陽國志》卷三《蜀志》）司馬錯伐蜀之議為秦惠王所接受，錯即為攻滅巴、蜀之主將。司馬錯由蜀伐楚之議，又為秦武王、秦昭王所接受，錯又為由蜀伐楚之主將。《華陽國志》稱：周赧王七年即秦武王三年，“司馬錯率巴蜀眾十萬，大舶船萬艘，米六百萬斛，浮江伐楚，取商於之地，為黔中郡。”結果未見成功。《秦本紀》載昭王二十七年“使司馬錯發隴西，因蜀攻楚黔中，拔之”。三十年“蜀守若伐楚，取巫郡及江南，為黔中郡”。《楚世家》載頃襄王二十二年（即秦昭王三十年）“秦複拔我巫、黔中郡”。次年“襄王乃收東地兵，得十余萬，複西取所拔我江旁十五邑以為郡距秦”。可知當時秦、楚之間爭奪黔中甚為激烈，秦先由巴蜀奪取黔中，楚嘗收復黔中而秦複拔之，楚又奪回江旁十五邑再建郡以距秦。當秦昭王二十七年秦將司馬錯拔黔中之後，三十年秦複拔楚黔中之前，楚必嘗大敗秦軍而一度收復黔中。當楚頃襄王二十一年即秦昭王二十九年，楚將白起已連續大敗楚師而攻取楚都郢，楚已無力遣軍西征而收復黔中，可知楚大敗秦軍而收復黔中，當在楚頃襄王二十年。是役大敗秦軍之楚將，當即莊蹻，故而荀子以楚之莊蹻與齊之田單等人同為世俗所謂善用兵之名將。莊蹻即乘此大勝之時機，略黔中以西而攻至滇池。此後莊蹻留王滇池，即因原來經過黔中之通道為秦所奪，楚已大敗而徙都。是役為莊蹻所大敗之秦將，疑即司馬錯。據《秦本紀》，是時司馬錯與白起正為秦主攻東方之南北兩員大將，司馬錯主攻楚以及韓、魏，白起主攻韓、魏以及趙、楚。但秦昭王二十八年（即楚頃襄王二十年）以後，忽而不見司馬錯之蹤跡，改由白起為主攻楚之統帥。司馬錯為司馬遷之祖先，獻伐蜀而攻楚之策，自秦惠王后元九年攻滅巴、蜀，至秦昭王二十七年攻拔楚黔中。三十六年間錯屢建戰功，何以史公不為之立傳？蓋一敗之後，前功盡棄，有難言之隱邪？
前279,279,周赧王三十六年（西元前二七九年）,46,史料,齊、楚、燕、周、吳,,伐、攻、卒、殺,貂勃常惡田單(“貂勃”，《文選·獄中上書自明》注引作“刁鞮”，《檄吳將校部曲·注》引作“刁勃”，“刁”、“貂”音同)，曰：“安平君，小人也！”安平君聞之，故為酒而召貂勃，曰：“單何以得罪于先生，故常見惡於朝？”(“惡”，原作“譽”，姚注：曾一作“惡”。今據改。《太平御覽》九百零四引《春秋後語》，作“常見惡乎”)貂勃曰：“蹠之狗吠堯，非貴蹠而賤堯也，狗固吠非其主也。且今使公孫子賢而徐子不肖，然而使公孫子與徐子鬥，徐子之狗，猶時攫公孫子之腓而噬之也，若乃得去不肖者而為賢者狗，豈特攫其腓而噬之耳哉！”安平君曰：“敬聞命。”明之，任之于王。王有幸臣九人（原作“王有所幸臣九人之屬”。今從《太平御覽》四百五十六引文改。《資治通鑒》作“王有所幸臣九人”)，欲傷安平君，相與語于王曰：“燕之伐齊之時，楚王使將軍將萬人而佐齊，今國已定而社稷已安矣，何不使使者謝于楚王？”王曰：“左右孰可？”九人之屬曰：“貂勃可。”貂勃使楚，楚王受而觴之，數日不反(《資治通鑒》“日”作“月”)，九人之屬相與語于王曰：“夫一人之身(“之”據姚注引別本及《資治通鑒》增)，而牽留萬乘者，豈不以據勢也哉？且安平君之與王也，君臣無禮(《資治通鑒》“禮”作“異”)而上下無別，且其志欲為不善，內牧百姓(鮑本“牧”作“收”，作“牧”為是。“牧百姓”即所謂“牧民”，《管子》有《牧民》篇，“牧”有愛護保養之意，與下文“子臨百姓”之意相同)，循撫其心，振窮補不足，布德於民，外懷戎翟，天下之賢士(《資治通鑒》“天”上有“禮”字)，陰結諸侯之雄俊豪英，其志欲有為也。願王之察之！”異日而王曰：“召相單來！”田單免冠、徒跣、肉袒而進，退而請死罪。五日而王曰：“子無罪於寡人。子為子之臣禮，吾為吾之王禮而已矣。”貂勃從楚來，王賜諸前（“賜”，吳《補》曰，“一本王觴諸前。恐‘賜’乃‘觴’之訛”。金正煒謂當從吳說作“觴”。按，“賜”亦通。《太平御覽》四五六引作“王賜諸酒”，《資治通鑒》作“王賜之酒”），酒酣，王曰：“召相田單而來。”（《資治通鑒》無“田”字）貂勃避席稽首曰：“王惡得此亡國之言乎？王上者孰與周文王？”王曰：“吾不若也。”貂勃曰：“然，臣固知王不若也。下者孰與齊桓公？”王曰：“吾不若也。”貂勃曰：“然，臣固知王不若也。然則周文王得呂尚以為太公，齊桓公得管夷吾以為仲父，今王得安平君而獨曰：‘單’！且自天地之辟，民人之治（“治”，姚注：曾作“始”字。《資治通鑒》同。諸祖耿改從曾本。按，“治”、“始”古通。於鬯謂此當讀“治”為“始”），為人臣之功者，誰有厚于安平君者哉？而王曰‘單’（原作“單單”，王念孫謂衍一“單”字。今刪），惡得此亡國之言乎？且王不能守先王之社稷（“先”，鮑本作“乎”。何建章疑“先”乃“夫”字之訛。按，《資治通鑒》無“先”字），燕人興師而襲，齊墟（《資治通鑒》無“墟”字，諸祖耿疑“墟”字衍文，不確。“齊墟”謂臨淄被攻破），王走而之城陽之山中。安平君以惴惴之即墨三裡之城，五裡之郭，敝卒七千，禽其司馬而反千里之齊，安平君之功也。當是時也，闔城陽而王（吳《補》：《春秋後語》“闔”作“舍”。案《資治通鑒》作“舍城陽而自王”），天下莫之能止（“天”上原有“城陽”二字。吳《補》曰：“城陽”二字因上文衍。今從之。《通鑒》亦無此二字）。然而計之於道，歸之於義，以為不可，故為棧道木閣，而迎王與後於城陽山中，王乃得反，子臨百姓。今國已定，民已安矣，王乃曰‘單’，且嬰兒之計不為此（《資治通鑒》無“且”字）。王不亟殺此九子者以謝安平君（《資治通鑒》無“不”字。金正煒《補釋》又疑“不”乃“亓”（其）之訛。案，“不”，語助詞，非“其”之訛），不然，國危矣！”王乃殺九子而逐其家，益封安平君以夜邑萬戶。（《齊策六》第五章，《資治通鑒》胡注：“夜邑，《戰國策》作掖邑”。“夜”“掖”古字通用）
前279,279,周赧王三十六年（西元前二七九年）,47,考案,秦、齊、楚、燕、周,,拔,案：《資治通鑒》、《大事記》、顧觀光《戰國策編年》、林春溥《戰國紀年》並隸此策于赧王三十六年，黃式三《周季編略》、于鬯《戰國策年表》系於三十八年。案，此策之事在田單破燕複國，“國已定而社稷已安”之後，襄王聽信九子讒言，猜忌田單，後又納貂勃之諫，益封安平君以夜邑萬戶。當在齊襄王五年即周赧王三十六年田單迎襄王自莒返臨淄復位之後。貂勃使楚謝楚王，當在襄王六年即周赧王三十七年楚都郢為秦所拔之前。
前279,279,周赧王三十六年（西元前二七九年）,48,考案,秦、齊、楚、燕、周、魯、宋,,救、殺、奔,又案：繆文遠《戰國策考辨》謂此策為後人擬托，並引黃少荃曰：“楚無使淖齒救齊事，即有之，淖齒實殺湣王，尚何謝楚之可言？貂勃又謂襄王棄社稷而走，誤湣為襄，《策》文蓋偽，不足信也。《春秋後語》有貂勃嘗惡田單于襄王，田單問之，以狗為喻，單任之于王一段，與《策》同，而無貂勃使楚，則《策》文之後段為偽附益明。又《齊策》有《齊以淖君之亂秦章》……顧觀光《編年》引作‘齊以淖君之亂惡楚’，顧氏所改是也。既雲惡楚，以《策》證《策》，則貂勃謝楚事益偽。”此說不確。楚確有使淖齒，為將救援齊國之事，齊確曾依仗楚之救援而重建政權。已說明在周赧王三十一年案語中。此時齊複國初定，尚需楚之支助。所謂“王不能守先王之社稷，燕人興師而襲，齊墟，王走而之城陽之山中”。《資治通鑒》胡注謂指“襄王從湣王走莒”，甚是。並非謂襄王棄社稷而走，誤湣為襄。胡注雲：“班《志》莒縣屬城陽國，故雲城陽之山中。”繆文遠《戰國策新校注》據此雲：“按莒屬城陽，當在漢置城陽國後，可見此策之擬托當在漢時。”此說亦不確。《說苑·奉使》篇第十八章記楚使亦曰：“王與太后奔于莒，逃于城陽之山。”城陽為當時地區名，因在齊長城之南而得名，包括莒在內。此地有崇山峻嶺，是時襄王從湣王與太后走莒，即深藏於崇山峻嶺中，並非居住莒之城內，故雲：“逃于城陽之山”，或“走而之城陽之山中”。及田單複國，因山路險阻，“為棧道木閣，而迎王與後於城陽山中。”漢文帝封朱虛侯章為城陽王而都莒，乃沿用原有地區名。《中國歷史地圖集》第一冊戰國齊、魯、宋圖中，定城陽為地區名而包括莒在內，確實無誤。此章所記，當為當時實情，非後人所能偽託。
前279,279,周赧王三十六年（西元前二七九年）,49,考案,齊,,立、殺,又案：《齊策六》第一章謂淖齒殺閔王於莒後，“太子乃解衣免服，逃太史之家為溉園。君王後，太史氏女知其貴人，善事之。”《齊策六》第八章又雲：“齊閔王遇殺，其子法章變姓名，為莒太史家庸夫，太史敷女奇法章之狀貌，以為非常人，憐而常竊衣食之，與私焉。莒中及齊亡臣相聚求閔王子，欲立之。”據此可知，太史為姓氏，非官名，當為居於山中之農民，法章在其父閔王被殺之後，為避殺害，乃解衣免服，逃至山中農民家為庸夫而灌園。
前279,279,周赧王三十六年（西元前二七九年）,50,史料,齊、楚、燕、吳、鄭,,攻、卒、聘、殺、奔,楚使使聘于齊，齊王饗之梧宮，使者曰：“大哉梧乎？”王曰：“江海之魚吞舟，大國之樹必巨，使何怪焉。”使者曰：“昔燕攻齊，遵雒路（“雒”通“絡”），渡濟橋，焚雍門，擊齊左而虛其右，王歜絕頸而死于杜山，公孫差格死于龍門，飲馬乎淄、澠，定獲乎琅邪，王與太后奔于莒，逃于城陽之山。當此之時，則梧之大何如乎？”王曰：“陳先生對之。”陳子曰：“臣不如刁勃。”王曰：“刁先生應之。”刁勃曰：“使者問梧之年耶？昔者荊平王為無道，加諸申氏，殺子胥父與其兄，子胥被發乞食于吳，闔廬以為將相，三年將吳兵復仇乎楚，戰勝于柏舉，級頭百萬，囊瓦奔鄭，王保於隨。吳引師入郢（“吳”字原脫，從盧文弨《群書拾補》補），軍雲行乎郢之都，子胥親射宮門，掘平王塚，笞其墳，數其罪，曰：‘吾先人無罪而子殺之，士卒人加百焉。’然後止。當若此時，梧可以為其枏矣。”（《說苑·奉使》第十八章）案：刁勃即《齊策六》第五章之貂勃。《水經·淄水注》雲：“系水又北徑臨淄城西門北，而西流經梧宮南。昔楚使聘齊，齊王饗之梧宮，即是宮矣。其地猶名梧台裡，台甚層秀，東西百余步，南北如減，即古梧宮之台。”《晏子春秋·雜下》篇與《說苑·辨物》篇雲：“齊景公畋於梧丘。”《齊策六》第六章記田單攻狄，三月不克，齊嬰兒謠曰：“ $ \underset{\cdot}{攻} $狄不下，壘於梧丘。”梧丘或稱梧宮，在臨淄宮城西門外，乃齊君遊樂之苑囿。《水經注》謂“楚使聘齊，齊王饗之梧宮”，即指《說苑·奉使》篇所記。此事當即在齊遣召勃入楚謝楚王之後。楚遣使來齊答謝，齊王因而饗之于梧宮，隆重接待。楚使之問，與刁勃之對，皆有深寓勸誡之意。
前279,279,周赧王三十六年（西元前二七九年）,51,史料,魯,,卒、立,[魯文公]二十三年文公卒，子讎立，是為頃公。（《魯世家》）
前279,279,周赧王三十六年（西元前二七九年）,52,考案,秦、楚、周、魯,,伐、滅、取、拔、遷,案：《六國表》列魯頃西元年在楚頃襄王二十七年，即周赧王四十三年，記楚“取魯，魯君封於莒”在楚考烈王八年，即魯頃公十八年，記楚滅魯，頃公遷卞為家人，絕祀”于楚考烈王十四年，即魯頃公二十四年。而《魯世家》雲：“頃公二年秦拔楚之郢，楚頃王東徙于陳。十九年楚伐我取徐州，二十四年楚考烈王伐滅魯，遷於下邑。”（《集解》徐廣曰“下一作卞”）考秦拔郢，楚徙陳在楚頃襄王二十一年，即周赧王三十七年。據此，則魯頃西元年在周赧王三十六年，楚滅魯在楚考烈王七年。《春申君列傳》稱“春申君相楚八年，為楚北伐滅魯”。春申君為相在楚考烈王元年，春申君相楚八年，正是考烈王八年。與《魯世家》相差一年。錢穆有《魯滅在楚考烈王七年非八年非十四年辨》（《先秦諸子系年》第四六二至四六四頁）。錢氏據此以為《魯世家》之記載為可信。定魯頃西元年在周赧王三十六年。
前279,279,周赧王三十六年（西元前二七九年）,53,史料,齊、燕、周,樂毅、燕昭王,伐、攻、圍、立、拔、會,是時齊地皆屬燕，獨莒、即墨未下，樂毅乃並右軍、前軍以圍莒，左軍、後軍圍即墨。即墨大夫出戰而死。即墨人曰：“安平之戰，田單宗人以鐵籠得全，是多智習兵。”因共立以為將以距燕。樂毅圍二邑，期年不克，乃令解圍，各去城九裡而為壘，令曰：“城中民出者勿獲，困者賑之，使即舊業，以鎮新民。”三年而猶未下。或讒之于燕昭王曰：“樂毅智謀過人，伐齊，呼吸之間克七十餘城，今不下者兩城耳，非其力不能拔。所以三年不攻者，欲久仗兵威以服齊人，南面而王耳。今齊人已服，所以未發者，以其妻子在燕故也。且齊多美女，又將忘其妻子，願王圖之。”昭王於是置酒大會，引言者而讓之曰：“先王舉國以禮賢者，非貪土地以遺子孫也。遭所傳德薄，不能堪命，國人不順。齊為無道，乘孤國之亂以害先王。寡人統位，痛之入骨，故廣延群臣，外招賓客，以求報仇；其有成功者，尚欲與之同共燕國。今樂君親為寡人破齊，夷其宗廟，報塞先仇，齊國固樂君所有，非燕之所得也。樂君若能有齊，與燕並為列國，結歡同好，以抗諸侯之難，燕國之福，寡人之願也。汝何敢言若此！”乃斬之。賜樂毅妻以後服，賜其子以公子之服；輅車乘馬，後屬百兩，遣國相奉而致之樂毅，立樂毅為齊王。樂毅惶恐不受，拜書，以死自誓。由是齊人服其義，諸侯畏其信，莫敢複有謀者。（《資治通鑒》周赧王三十六年）
前279,279,周赧王三十六年（西元前二七九年）,54,考案,齊、燕、周,樂毅、燕昭王,伐、圍、立,案：《資治通鑒》敘樂毅伐破齊國之事，頗多不見於現存戰國史料者，當別有所據，但所據史料並不可信，乃後人擬作而用以誇大樂毅之計謀與功績者，已說明在周赧王三十一年案語中。《資治通鑒》於此年所載樂毅並右軍、前軍以圍莒，並左軍、後軍以圍即墨之說，亦不可信。所謂燕昭王“立樂毅為齊王”之故事，亦非事實。《樂毅列傳》稱“樂毅留徇齊五歲，下齊七十餘城”，而此雲“呼吸之間克七十餘城”。戰國國君有分封臣下為封君之制，封君稱為“君”或“侯”，而此謂燕昭王“立樂毅為齊王”，使“與燕並為列國”，豈能得諸侯公認？此為虛構之故事無疑。周赧王三十七年（西元前二七八年）
前279,279,周赧王三十六年（西元前二七九年）,55,史料,秦、齊、楚、燕、韓、趙、魏,秦昭王,,秦昭王二十九年，魏昭王十八年，韓釐王十八年，趙惠文王二十一年，齊襄王六年，楚頃襄王二十一年，燕惠王元年。
前279,279,周赧王三十六年（西元前二七九年）,56,史料,秦、楚、周,白起,攻、取、拔、會,[秦昭襄王]二十九年大良造白起攻楚，取郢為南郡，楚王走。周君來。王與楚王會襄陵。白起為武安君。（《秦本紀》，《六國表》作“白起擊楚，拔郢，更東至竟陵，以為南郡”）
前279,279,周赧王三十六年（西元前二七九年）,57,考案,秦、楚,,攻、取、會,案：梁玉繩曰：“是秦攻楚取郢，燒其先王墓夷陵，楚襄王兵散，遁保于陳，安得楚與秦為好會乎？必非二十九年事也。”
前279,279,周赧王三十六年（西元前二七九年）,58,史料,秦、楚,白起、秦昭王,拔,四歲（案指秦昭王二十九年），而使白起拔楚之郢，秦置南郡，乃封白起為武安君。白起者，穰侯之所任舉也，相善。（《穰侯列傳》）
前279,279,周赧王三十六年（西元前二七九年）,59,史料,秦、楚,白起,攻、拔、遷,[白起]攻楚拔郢，燒夷陵，遂東至竟陵。楚王亡去郢，東走徙陳，秦以郢為南郡。白起遷為武安君。（《白起列傳》）
前279,279,周赧王三十六年（西元前二七九年）,60,考案,秦、楚、韓、趙、周、蔡,白起、秦昭王,攻、圍、救、拔,案：是年白起攻楚拔郢，郢在今湖北江陵。又西向攻至夷陵而燒楚先王陵園，夷陵在今湖北宜昌東南，又東向攻至竟陵，竟陵在今湖北潛江東北，橫掃郢之周圍地區，繼而又南下攻至洞庭湖周圍地區。白起封為武安君，《六國表》載於次年。《正義》雲：“言能撫養軍士，戰必克，得百姓安集，故號武安。故城在潞州武安縣西南五十裡，七國時趙邑，即趙奢救闕與處也。”崔逋駁之曰：“武安為名號，非起封邑名，如蔡澤為綱成君、趙奢為馬服君之類，《正義》一名兩釋，乖誤。”又雲：“秦昭王三十七年攻韓闕與，軍武安西，則前此秦安得有武安以封白起。”其說是。
前279,279,周赧王三十六年（西元前二七九年）,61,史料,秦、楚,白起,拔,[楚頃襄王]二十一年秦將白起遂拔我郢，燒先王墓夷陵。楚王兵散，遂不復戰，東北保于陳城。（《楚世家》，《六國表》作“秦拔我郢，燒夷陵，王亡走陳”）
前279,279,周赧王三十六年（西元前二七九年）,62,史料,秦、楚,白起,攻、拔,秦已前使白起攻楚巫、黔中郡，拔鄢、郢，東至竟陵，楚頃襄王東徙治于陳縣。（《春申君列傳》）
前279,279,周赧王三十六年（西元前二七九年）,63,考案,,白起,取、拔,案：白起取巫、黔中郡，在拔鄢、郢之後，當在次年。
前279,279,周赧王三十六年（西元前二七九年）,64,史料,秦、韓、周,白起,取、拔,秦昭襄王二十九年使白起拔鄢、郢，以漢南地而置南郡焉。《周書》曰：南，國名也。……按韓嬰敘《詩》雲：其地在南郡、南陽間。《呂氏春秋》所謂禹自塗山巡省南土者也。是郡取名焉。（《水經·江水注》）
前279,279,周赧王三十六年（西元前二七九年）,65,史料,秦、楚,白起,伐,江水又東徑故城北（按故城為地名）……北對夷陵縣之故城。城南臨大江，秦令白起伐楚，三戰而燒夷陵者也。應劭曰：“夷山在西北，蓋因山以名縣也。”（《水經·江水注》）
前279,279,周赧王三十六年（西元前二七九年）,66,史料,,白起,拔,巾水又西徑竟陵縣北，西注揚水，謂之巾口。水西有古竟陵大城，古鄖國也。……昔白起拔郢，東至竟陵即此也。（《水經·沔水注》）
前279,279,周赧王三十六年（西元前二七九年）,67,史料,秦、楚、蔡,白起,,白起率數萬之師，以與楚戰，一戰而舉鄢、郢，再戰而燒夷陵。（《秦策三》第十八章蔡澤謂應侯）
前279,279,周赧王三十六年（西元前二七九年）,68,史料,楚,白起,,白起小豎子耳，率數萬之眾，興師以與楚戰，一戰而舉鄢、郢，再戰而燒夷陵，三戰而辱王之先人。（《平原君列傳》載毛遂謂楚王）
前279,279,周赧王三十六年（西元前二七九年）,69,史料,秦、韓,,取,秦與荊大戰，大破荊，襲郢，取洞庭、五渚、江南，荊王君臣亡走，東服于陳。（《韓非子·初見秦》，《秦策一》第五章同，惟“五渚”作“五都”，“服”作“伏”）
前279,279,周赧王三十六年（西元前二七九年）,70,考案,秦、楚、周,蘇秦、白起,圍、取,案：《蘇秦列傳·集解》引《戰國策》，亦作“五渚”，作“渚”為是。據此可知白起大破楚軍，在取得楚都郢以後，更南下取得洞庭五渚，包括洞庭湖周圍之水澤地帶，大片長江以南土地。
前279,279,周赧王三十六年（西元前二七九年）,71,史料,秦,秦昭王,攻,[秦昭王]二十九年攻安陸。（秦簡《編年記》）
前279,279,周赧王三十六年（西元前二七九年）,72,考案,秦、楚,白起,攻、卒、取、拔,案：安陸在今湖北雲夢，據此可知，白起在攻取郢以後，不僅南下進攻，更北上進取，安陸在竟陵東北約一百公里。 $ ^{[秦昭]} $王乃使應侯往見武安君，責之曰：“楚地方五千里，持載百萬，君前率數萬之眾入楚，拔鄢、郢，焚其廟，東至竟陵，楚人震恐，東徙而不敢西向。……”武安君曰：“是時楚王恃其國大，不恤其政，而群臣相妒以功，諂諛用事，良臣斥疏，百姓心離，城池不修，既無良臣，又無守備，故起所以得引兵深入，多倍城邑，發梁焚舟以專民心，掠於郊野以足軍食。當此之時，秦中士卒，以軍中為家，將帥為父母，不約而親，不謀而信，一心同功，死不旋踵。楚人自戰其地，咸顧其家，各有散心，莫有鬥志，是以能有功也。”（原為蘇轍《古史·白起傳》采自《戰國策》，今本《戰國策》失載，姚宏以此收入《戰國策》附於末尾）
前279,279,周赧王三十六年（西元前二七九年）,73,考案,楚、吳,,,案：吳師道雲：“焚其廟，即所謂燒夷陵先王墓也。”可知夷陵楚之陵園附近建有宗廟。
前279,279,周赧王三十六年（西元前二七九年）,74,史料,齊、燕、魯,,攻、卒、立,田單將攻狄(《說苑·指武》作“田單為齊上將，興師十萬，將以攻翟”)，往見魯仲子(“仲子”，《說苑》皆作“仲連子”)，仲子曰：“將軍攻狄，不能下也(《說苑》作“將軍之攻翟，必不能下矣”)。田單曰：“單以五裡之城(“單”，原作“臣”。《說苑》《太平御覽》三百十一引作“單”，今據改)，七裡之郭，破亡餘卒，破萬乘之燕，複齊墟(此句《說苑》作“單以五裡之城，七裡之郭，複齊之國”)，今攻狄而不能下，何也？”(“能”，據《太平御覽》三百十一引增。《說苑》作“何為攻翟不能下”)上車弗謝而去(《說苑》作“去，上車不與言決”)。遂攻狄，三月而不克之也(《說苑》作“三月而不能下”)。齊嬰兒謠曰：“大冠若箕，修劍拄頤，攻狄不能下，壘於梧丘。”(原作“壘枯丘”。《說苑》作“壘於梧丘”，《資治通鑒》作“壘枯骨成丘”，王念孫謂當從《說苑》為是。《北堂書鈔》引策文同《說苑》田單乃懼，問魯仲子曰(《說苑》作“於是田將軍恐駭，往見魯仲連曰”)：“先生謂單不能下狄，請聞其說(《說苑》作“先生何以知單之攻翟不能下也”)。魯仲子曰：“將軍之在即墨(《說苑》作“夫將軍在即墨之時”)，坐而織蕢，立則丈插(《說苑》作“坐則織蕢，立則杖垂”)，為士卒倡曰：無可往矣(無據《資治通鑒》及姚注引別本增。《說苑》無此四字！宗廟亡矣！雲白尚矣（原作“雲日”，《資治通鑒》作“今日”。黃丕烈《戰國策劄記》謂“日”當作“白”，“雲白”者“魂魄”之省文。朱起鳳謂“雲白”乃“魂魄”之訛缺。皆通。《說苑》作“魂魄喪矣”)！歸於何黨矣！當此之時（《說苑》無此四字），將軍有死之心，而士卒無生之氣（《說苑》“將”上有“故”字，下無“軍”字。無“而”字），聞若言，莫不揮泣奮臂而欲戰，此所以破燕也（《說苑》無此十八字）。當今將軍東有夜邑之奉（《說苑》無“當”字。“夜”作“掖”，“奉”作“封”），西有菑上之虞（《說苑》“虞”作“寶”，《資治通鑒》“虞”作“娛”），黃金橫帶（《說苑》作“金銀黃帶”），而馳乎淄、澠之間（《說苑》作“馳騁乎淄、澠之間”），有生之樂，無死之心（《說苑》作“是以樂生而惡死也”），所以不勝者也（《說苑》無此句）。”田單曰：“單有心，先生志之矣（《說苑》無此十一字)。”明日，乃厲氣循城，立於矢石之所及（“及”，原作“乃”，姚注：劉本“乃”作“及”。按，“及”“乃”形近，古書多誤。當據劉本改。《說苑》作“田將軍明日結髮，徑立矢石之所乃”。“乃”亦“及”之誤)，援枹鼓之，狄人乃下（《說苑》作“引枹而鼓之，翟人下之”）。（《齊策六》第六章，《說苑·指武》第八章同）
前279,279,周赧王三十六年（西元前二七九年）,75,史料,齊、趙,,攻,案，田單攻狄事，《史記》未載。《資治通鑒》、《大事記》、顧觀光《編年》、林春溥《紀年》系此章于赧王三十六年，黃式三《編略》、於鬯《年表》系於三十九年，皆非。攻狄之事在田單“複齊墟”、益封夜邑之後，且歷時三月不能下，當在赧王三十七年左右。狄，城邑名，在今山東高青東南，博興之西，距齊都臨淄只百里之遙，不可能在田單複國三年後，尚未攻克。《說苑》謂單“興師十萬”攻狄，蓋誇大之詞，不足盡信。[趙惠文王]二十一年趙徙漳水武平西。（《趙世家》）
前279,279,周赧王三十六年（西元前二七九年）,76,考案,趙、魏,,伐,案：趙惠文王十八年“決河水，伐魏氏，大潦，漳水出”，造成連年水災。是年漳水又徙武平西，二十七年“徙漳水武平南”，“河水出，大潦”。
前279,279,周赧王三十六年（西元前二七九年）,77,史料,齊、楚、燕、趙、魏、吳、宋、代,樂毅、燕昭王,伐、攻、卒、立、即位、會、奔,昌國君樂毅為燕昭王合五國之兵而攻齊，下七十餘城，盡郡縣之以屬燕。三城未下而燕昭王死（“三”當作“二”，詳案語）。惠王即位，用齊人反間，疑樂毅而使騎劫代之將。樂毅奔趙，趙封以為望諸君。齊田單欺詐騎劫，卒敗燕軍，複收七十城以複齊。燕王悔，懼趙用樂毅，承燕之弊以伐燕。燕王乃使人讓樂毅，且謝之曰：“先王舉國而委將軍，將軍為燕破齊，報先王之仇，天下莫不振動，寡人豈敢一日而忘將軍之功哉！會先王棄群臣，寡人新即位，左右誤寡人，寡人之使騎劫代將軍者，為將軍久暴露于外，故召將軍且休、計事。將軍過聽，以與寡人有郤（“郤”，鮑本作“隙”，《樂毅列傳》亦作“隙”，“隙”同“郤”），遂捐燕而歸趙。將軍自為計則可矣，而亦何以報先王之所以遇將軍之意乎？”望諸君乃使人獻書報燕王曰（《樂毅列傳》作樂毅《報遺燕惠王書》曰）：“臣不佞（《新序·雜事三》“佞”作“肖”），不能奉承先王之教（《樂毅列傳》《新序》皆作“不能奉承王命”），以順左右之心，恐抵斧質之罪，以傷先王之明（《新序》“質”作“鉞”），《樂毅列傳》無“抵斧質之罪以”六字），有害於足下之義，故遁逃奔趙（《樂毅列傳》“奔”作“走”，《新序》無“奔趙”兩字），自負以不肖之罪，故不敢為辭說（《樂毅列傳》無以上兩句，《新序》“故”作“而”）。今王使使者數之罪（《樂毅列傳》作“今足下使人數之罪”，《新序》作“今王數之以罪”），恐侍禦者之不察先王之所以畜幸臣之理（《新序》無“幸”字），而又不白於臣之所以事先王之心，故敢以書對。臣聞聖賢之君，不以祿私其親，功多者授之（《樂毅列傳》“授”作“賞”）；不以官隨其愛（《樂毅列傳》無此句），能當之者處之。故察能而授官者，成功之君也；論行而結交者，立名之士也。臣以所學者觀之，先王之舉錯（以上兩句，《樂毅列傳》作“臣竊觀先王之舉也”，《新序》“錯”作“措”），故假節于魏王（《樂毅列傳》《新序》皆無“王”字)，而以身得察于燕。先王過舉，擢之乎賓客之中（《樂毅列傳》“擢”作“廁”），而立之乎群臣之上，不謀於父兄，而使臣為亞卿（《樂毅列傳》《新序》“使臣為”皆作“以為”）。臣自以為奉令承教（《樂毅列傳》“臣”下有“竊不自知”四字），可以幸無罪矣，故受命而不辭（《樂毅列傳》“命”作“令”）。先王命之曰：‘我有積怨深怒于齊，不量輕弱，而欲以齊為事。’臣對曰：‘夫齊，霸國之餘教也（《樂毅列傳》《新序》“教”皆作“業”，《新序》“霸國”作“霸王”），而驟勝之遺事也（《驟》，《樂毅列傳》作“最”，最訓叢，與“驟”義同。《新序》作戰勝）。閑于兵甲（《樂毅列傳》“閑”作“練”，《新序》“甲”作“革”），習于戰攻，王若欲攻之（《樂毅列傳》“攻”作“伐”），則必舉天下而圖之（《樂毅列傳》《新序》“舉”作“與”）。舉天下而圖之（《樂毅列傳》作“與天下圖之”，《新序》作“圖之”，連下句），莫徑于結趙矣（《樂毅列傳》作“莫若結于趙”，《新序》作“莫若往結趙”）。且淮北、宋地，楚魏之所同願也（《新序》無“同”字，《樂毅列傳》“同願”作“欲”）。趙若許約，楚魏盡力（魏下原有“宋”字，《新序》無“宋”字，黃丕烈、金正煒、於鬯皆以“宋”為衍字，下文言“四國攻之”，四國者燕、趙、楚、魏，不當有宋。今從《新序》刪。《樂毅列傳》無此句，《樂毅列傳》上文載樂毅對曰：“齊霸國之餘業也，地大人眾，未易獨攻也，王必欲伐之，莫如與趙及楚魏”，蓋即據此書）。四國攻之，齊可大破也。臣乃口受令（金正煒疑“口”為“躬”之泐文，或本作□，闕文符號。今案《新序》作“臣乃受命”，“口”當為衍字。《樂毅列傳》以上兩句作“先王以為然”），具符節，南使臣于趙，顧反命（《新序》無“命”字），起兵隨而攻齊（《樂毅列傳》《新序》皆無“隨而”二字），以天之道，先王之靈，河北之地，隨先王舉而有之於濟上（《樂毅列傳》“舉而有之於”作“而舉之”；《新序》亦作“而舉之”而無“濟上”二字）。濟上之軍奉令擊齊（《樂毅列傳》“奉令”作“受命”，《新序》亦作“受命”而無擊齊二字），大勝之（《新序》“大”作“而”，《樂毅列傳》作“大敗齊人”)，輕卒銳兵，長驅至齊(“齊”原作“國”，《樂毅列傳》作“國”，《新序》作“齊”。王念孫謂作“齊”者原文，作“國”者後人據《樂毅列傳》改之也，上文既言“擊齊”，此不當複言“至齊”，至齊謂至齊都，並引《新序》與《文選注》引《燕策》文為證。今據改）。齊王逃遁走莒，僅以身免，珠玉財寶，車甲珍器，盡收入燕。大呂陳于元英，故鼎反於曆室(《樂毅列傳》“曆”作“屠”)，齊器設于寧台，薊丘之植植於汶皇(鮑本“皇”作“篁”，《樂毅列傳》《新序》皆作“篁”，竹田曰篁。程恩澤謂皇通隍，植於汶上之城池耳，因訛為篁，說者誤以竹田訓之)。自五伯以來，功未有及先王者也(《新序》“功”作“功業之盛”)。先王以為愜其志(《樂毅列傳》“愜”作“慊”，《新序》又作“快”)，以臣為不頓命(《新序》“頓”作“損”，《樂毅列傳》無此句)，故裂地而封之，使之得比乎小國諸侯。臣不佞(《樂毅列傳》作“臣竊不自知”)，自以為奉令承教，可以幸無罪矣，故受命而弗辭(《新序》無以上四句)。臣聞賢明之君(《樂毅列傳》《新序》“賢明”皆作“賢聖”)，功立而不廢，故著於春秋；蚤知之士，名成而不毀，故稱於後世。若先王之報怨雪恥(《新序》“恥”作“醜”)，夷萬乘之強國(《新序》“強國”作“齊”)，收八百歲之蓄積，及至棄群臣之日，餘令詔後嗣之遺義(《新序》“遺義”作“義法”，《樂毅列傳》此句作“餘教未衰”)，執政任事之臣所以能循法令(《樂毅列傳》無“所以能”三字，“循”作“修”，《新序》無“之臣所以能”五字)，順庶孽者(《樂毅列傳》“順”作“慎”，無“者”字，《新序》亦無“者”字)，施及萌隸，皆可以教於後世。臣聞善作者不必善成，善始者不必善終。昔，五子胥說聽於闔閭(《樂毅列傳》《新序》“五”皆作“伍”，鮑本亦作“伍”，五、伍同字)，故吳王遠跡至於郢。夫差弗是也，賜之鴟夷而浮之江(《新序》“浮”作“沈”)，故吳王夫差不悟先論之可以立功(《樂毅列傳》“悟”作“寤”，《新序》作“計”)，故沉子胥而不悔。子胥不蚤見主之不同量，故入江而不改(《樂毅列傳》《新序》“改”皆作“化”，《索隱》雲：“言子胥懷恨，故雖投江而神不化，猶為波濤之神也”。夫免身全功以明先王之跡者（《樂毅列傳》“全”作“立”），離毀辱之非（《樂毅列傳》“非”作“誹謗”，《新序》“毀”作“虧”，“非”作“誹”。“離”通“罹”，遭也），墮先王之名者，臣之所大恐也。臨不測之罪，以幸為利者，義之所不敢出也。臣聞古之君子，交絕不出惡聲，忠臣之去也，不潔其名（《樂毅列傳》“潔”作“絜”，《新序》作“絕交無惡言，去臣無惡聲”），臣雖不佞，數奉教于君子矣。臣恐侍禦者之親左右之說而不察疏遠之行也，故敢以書報，唯君之留意焉。”（《樂毅列傳》“君”下有“王”字，《新序》無此句)（《燕策二》第九章，《樂毅列傳》有大體相同之記載，《新序·雜事三》第五章所載樂毅使人獻燕王書，亦與此大體相同）
前279,279,周赧王三十六年（西元前二七九年）,78,考案,齊、燕、吳,,攻,案：《策》文“三城未下”，姚注：“聊、即墨、莒”，蓋據《燕世家》雲：“齊城之不下者，獨唯聊、莒、即墨。”《索隱》雲：“按余篇及《戰國策》並無聊字。”吳師道、金正煒、梁玉繩、於鬯皆據《齊策六》第三章、《田單列傳》等以證此“三城”乃“二城”之誤。《燕世家》蓋因燕將守聊城，田單攻之歲餘不下而誤。所謂“二城未下”，實指當時齊有五都，尚有即墨與莒兩都未為燕所攻下。
前279,279,周赧王三十六年（西元前二七九年）,79,史料,齊、楚、燕、趙、魏、魯、吳、宋、代,樂毅、齊湣王,伐、攻、圍、救、卒、立、取、會、殺,樂毅為昭王謀，必待諸侯兵，齊乃可伐也。於是乃使樂毅使諸侯，遂合連四國之兵以伐齊，大破之。閔王亡逃，僅以身脫，匿莒。樂毅追之，遂屠七十餘城，臨淄盡降，唯莒、即墨未下。盡複收燕寶器而歸，複易王之辱。樂毅謝罷諸侯之兵，而獨圍莒、即墨。時田單為即墨令，患樂毅善用兵，田單不能詐也，欲去之，昭王又賢，不肯聽讒。會昭王死，惠王立，田單使讒之惠王，惠王使騎劫代樂毅，樂毅去之趙，不歸燕。騎劫既為將軍，田單大喜，設詐大破燕軍，殺騎劫，盡複收七十餘城。是時，齊湣王已死，田單得太子于莒，立為齊襄王。而燕王大慚，自悔易樂毅，以致此禍。惠王乃使人遺樂毅書曰：“寡人不佞，不能奉順君志，故君捐國而去，寡人不肖明矣。敢謁其願而君弗肯聽也，故使使者陳愚志，君誠諭之。語曰：仁不輕絕，智不輕怨。君于先王，世之所明知也。寡人望有非，則君覆蓋之，不虞君明棄之也！望有過，則君教誨之，不虞君明罪之也。寡人之罪，百姓弗聞，君微出，明怨以棄寡人，寡人必有罪矣，然恐君之未盡厚矣。諺曰：厚者不損人以自益，仁者不危軀以要名。故覆人之邪者，厚之行也；救人之過者，仁之道也。世有覆寡人之邪，救寡人之過，非君惡所望之？今君厚受德于先王之成尊，輕棄寡人以快心，則覆邪救過，難得於君矣。且世有厚薄，故施異；行有得失，故患同。今寡人任不肖之罪，而君有失厚之累，於為君擇無所取。國有封疆，猶家之有垣牆，所以合好覆惡也。室不能相和，出訟鄰家，未為通計也。怨惡未見而明棄之，未為盡厚也。寡人雖不肖，未如殷紂之亂也；君雖未得志，未如商容、箕子之累也。然不內盡寡人，明怨於外，恐其適足以傷高義而薄於行也。非然，苟可以成君之高，明君之義，寡人雖惡名，不難受也。本以為明寡人之薄，而君不得厚；揚寡人之毀，而君不得榮，是一舉而兩失也。義者不毀人以自益，況傷人以自損乎？願君無以寡人之不肖，累往事之美。昔者，柳下季為理于魯，三絀而不去，或曰：“可以去矣！”柳下季曰：“苟與人異，惡往而不絀乎？猶且絀也，寧故國耳。”柳下季不以絀自累，故自前業不忘；不以去為心，故遠近無議。寡人之罪，國人不知，而議寡人者天下。諺曰：“仁不輕絕，知不簡功。”簡功棄大者仇也，輕絕厚利者怨也。仇而棄之，怨而累之，宜在遠者，不望之乎君。今寡人無罪，君豈怨之乎？願君捐忿和怒，追順先王，以複教寡人，寡人意君之曰：“余將快心以成而過，不顧先王以明而惡”，使寡人進不得循初，退不得變過，此君所制，唯君圖之。此寡人之愚志，敬以書謁之。”樂毅使人獻書燕王曰：“臣不肖，不能奉承王命，以順左右之心，恐抵斧鉞之罪，以傷先王之明，有害足下之義，故遁逃自負以不肖之罪，而不敢有辭說。今王數之以罪，恐侍禦者不察先王之所以畜臣之理，不白乎臣之所以事先王之心，故不敢不以書對。臣聞賢聖之君，不以祿私親，功多者授之；不以官隨愛，能當者處之。故曰：察能而授官者，成功之君也；論行而結交者，立名之士也。臣以所學，觀先王舉措，有高世主之心，故假節于魏，以身得察于燕。先王過舉，擢之賓客之中，立之群臣之上，不謀父兄，以為亞卿。臣自以為奉令承教，可幸無罪，故受命而不辭。先王命臣曰：我有積怨深怒于齊，不量輕弱，而欲以齊為事。臣對曰：夫齊者，霸王之余業，戰勝之遺事，閑於兵革，習于戰攻。王若欲攻之，必與天下圖之。圖之莫若徑結趙，且淮北、宋地，楚、魏之願也。趙若許約，楚、魏盡力，四國攻之，齊可大破也。王曰：善。臣乃受命，具符節，南使趙，顧反，起兵攻齊。以天之道，先王之靈，河北之地，隨先王而舉之，濟上之兵，受命而勝之。輕卒銳兵，長驅至齊。齊王遁逃走莒，僅以身免。珠玉貨寶，車甲珍器，皆收入燕。大呂陳于元英，故鼎反於曆室，齊器設于寧台，薊丘之植，植於汶篁。五伯以來，功業之盛，未有及先王者也。先王以為快其志，以臣不損令，故裂地而封臣，使比小國諸侯。臣聞賢聖之君，功立不廢，故著於春秋；蚤知之士，名成而不毀，故稱於後世。若先王之報怨雪仇，夷萬乘之齊，收八百年之積，及其棄群臣之日，餘令詔後嗣之義法，執政任事，循法令，順庶孽，施及萌隸，皆可以教後世。臣聞善作者不必善成，善始者不必善終。昔伍子胥說聽於闔閭，吳為遠跡至郢。夫差不是也，賜之鵖夷沉之江。故夫差不計先論之可以立功也，沉子胥而不悔。子胥不蚤見王之不同量也，故入江而不化。夫免身而全功，以明先王之跡，臣之上計也；離虧辱之誹、墮先王之明，臣之大恐也。臨不測之罪，以幸為利，義之所不敢出也。臣聞君子絕交無惡言，去臣無惡聲。臣雖不肖，數奉教于君子。臣恐侍禦者親交之說，不察疏遠之行，故敢以書謝。”（《新序·雜事三》第五章）
前279,279,周赧王三十六年（西元前二七九年）,80,考案,秦、齊、楚、燕、韓、趙、魏、周、宋、中山,樂毅、齊宣王、燕昭王、趙武靈王,伐、攻、卒、立、即位、合縱、滅、取,案：《燕策一》與《燕世家》俱稱燕昭王收破燕即位，卑身厚幣以招賢者，尊郭隗而師事之，於是士爭趨燕，樂毅自魏往，鄒衍自齊往，劇辛自趙往。經二十八年，燕國殷富，士卒樂佚輕戰，於是樂毅合縱伐齊。樂毅《報燕惠王書》亦雲：毅假節于魏王入燕，昭王“擢之乎賓客之中，而立之乎群臣之上，不謀於父兄，而使臣為亞卿”。《資治通鑒》據之，因定週報王三年樂毅自魏往燕，“昭王以樂毅為亞卿，任以國政”。此皆與史實不符，乃後世策士虛構而為遊士張目者，已辨明在週報王三年案語中。不但鄒衍、劇辛皆仕燕王喜，不及見燕昭王；樂毅入燕亦非在昭王初即位時。《樂毅列傳》稱樂毅為魏名將樂羊之後，樂羊因伐取中山之功，封於中山之靈壽，子孫因家焉。樂毅嘗為趙臣，及趙武靈王有沙丘之亂，樂毅乃去趙適魏，其後為魏使入燕，其事已在燕昭王十七年以後。惟《樂毅列傳》稱趙滅中山，“樂毅賢、好兵，趙人舉之”，尚不確切。趙滅中山在趙惠文王三年，即燕昭王十六年。據《趙策三》第三章，當齊宣王破燕時，趙欲存之，樂毅謂趙王，不能與諸侯無約而攻齊，主張以趙河東易燕地于齊，使天下憎齊，諸侯“必皆事王以伐齊，是因天下以破齊”。趙武靈王從其謀，以河東與齊，楚、魏因而憎齊，使大臣淖滑（即昭滑）、惠施至趙，請合縱伐齊而存燕。事在燕王噲七年，樂毅已為趙大臣而主謀“伐齊而存燕”。趙武靈王因而使樂池送燕公子職入燕，立以為王，即燕昭王。此即樂毅在趙主謀“伐齊而存燕”之結果。及沙丘之亂，武靈王去世，樂毅去趙經魏而入燕，因前功而為燕昭王所重用，立以為亞卿。樂毅並非如《報燕惠王書》所說，憑空為燕昭王“擢之乎賓客之中，而立之乎群臣之上”。樂毅《報燕惠王書》稱燕昭王欲以齊為事，樂毅主張結趙而約楚、魏，合四國攻之，昭王使樂毅于趙，“顧反命，起兵隨而攻齊”。《樂毅列傳》因謂昭王“使樂毅約趙惠文王，別使連楚魏”，“樂毅還報，燕昭王悉起兵。”若是役合縱伐破齊國，全出樂毅之計謀與出使之結果，皆與當時史實不合。當齊滅宋時，趙已發兵攻齊，齊滅宋後，趙與齊之矛盾擴大，秦乘機主謀發動五國合縱攻齊，以瓜分齊地為餌，並推趙主持其事，並攻取齊之河東九城，作為秦之九縣，即所謂“先出聲於天下”。更由秦出質于趙、燕以為信。於是以趙、秦、燕三國為核心，趙、秦、韓、魏、燕五國合縱之形勢結成，由樂毅為燕、趙兩國之“共相”而為五國合縱之統帥，已辨明在周赧王三十年案語中。據此可知，樂毅《報燕惠王書》亦出於後世策士之擬作，講究對仗排比，徒以文采華麗，為世傳誦，為人所信。太史公曰：“始齊之蒯通及主父偃讀樂毅之報燕王書，未嘗不廢書而泣也。”蓋已不知其為擬作而信之。
前279,279,周赧王三十六年（西元前二七九年）,81,考案,秦、燕、趙、魯、代,樂毅、廉頗,救、卒、取,又案：《新序》所載燕惠王遺樂毅書，與《燕策二》、《樂毅列傳》所載燕惠王讓樂毅書不同；而《燕策二》、《樂毅列傳》所載燕王喜遺樂間書又與《新序》所載燕惠王遺樂毅書相同。《樂毅列傳》載：燕王恨不用樂間，樂間既在趙，乃遺樂間書曰：“紂之時，箕子不用，犯諫不怠，以冀其聽；商容不達，身只辱焉，以冀其變。及民志不入，獄囚自出，然後二子退隱。故紂負桀暴之累，二子不失忠聖之名。何者？其憂患之盡矣。今寡人雖愚，不若紂之暴也；燕民雖亂，不若殷民之甚也。室有語，不相盡，以告鄰里。二者，寡人不為君取也。”此書內容較為簡略。《燕策三》所載燕王喜遺樂間書，則較為詳細，與《新序》所載燕惠王遺樂毅書基本相同。《燕策三》第三章載：“趙使廉頗以八萬遇粟腹於鄗，使樂乘以五萬遇慶秦於代。燕人大敗，樂間入趙，燕王以書且謝焉，曰：‘寡人不佞，不能奉順君意，故君捐國而去，則寡人之不肖明矣。敢端其願，而君不肯聽，故使使者陳愚意，君試論之。語曰：仁不輕絕，智不輕怨。君之于先王也，世之所明知也，寡人望有非，則君掩蓋之，不虞君之明罪之也(“罪”，鮑本作“棄”，當是)。望有過，則君教誨之，不虞君之明罪之也！且寡人之罪，國人莫不知，天下莫不聞。君微出明怨以棄寡人，寡人必有罪矣。雖然，恐君之未盡厚也！諺曰：厚者不毀人以自益也，仁者不危人以要名。以故掩人之邪者，厚人之行也；救人之過者，仁者之道也。世有掩寡人之邪，救寡人之過，非君心所望之？(鮑本“心”作“恐”，又改作“孰”。黃丕烈雲：“心即惡之壞”。王念孫曰：“作恐者惡之訛，作心者惡之脫，惡，何也！”)今君厚受位於先王以成尊，輕棄寡人以快心，則掩邪救過，難得於君矣。且世有薄于故厚施(鮑本“於”作“而”)，行有失而故惠用。今使寡人任不肖之罪，而君有失厚之累，於為君擇之也，無所取之。國之有封疆，猶家之有垣牆(鮑本無“猶”字)，所以合好掩惡也。室不能相和，出語鄰家，未為通計也。怨惡未見而明棄之，未盡厚也(鮑本“未”下有“為”字)。寡人雖不肖乎，未如殷紂之亂也；君雖不得意乎，未如商容、箕子之累也。然則不內蓋寡人而明怨于外(鮑注：“蓋一作盡”)，恐其適足以傷于高而薄於行也。非然也，苟可以明君之義，成君之高，雖任惡名，不難受也。本欲以為明寡人之薄，而君不得厚；楊寡人之辱(鮑本“楊”作“揚”)，而君不得榮。此一舉而兩失也！義者不虧人以自益，況傷人以自損乎？願君無以寡人不肖累往事之美。昔者，柳下惠吏于魯，三黜而不去，或謂之曰：可以去！柳下惠曰：苟與人之異，惡往而不黜乎？猶且黜乎，甯於故國爾！柳下惠不以三黜自累，故前業不忘；不以去為心，故遠近無議。今寡人之罪，國人未知，而議寡人者遍天下。語曰：論不修心，議不累物，仁不輕絕，智不簡功。棄大功者輟也(鮑本“棄”上有“簡”字)，輕絕厚利者怨也。輟而棄之，怨而累之，宜在遠者，不望之乎君也！今以寡人無罪，君豈怨之乎？願君捐怨，追惟先王，複以教寡人！意君曰（王念孫雲：“意，詞也，讀與抑同”）：余且願心以成而過（金正煒雲：“愚當作願，快也”）。不顧先王以明而惡，使寡人進不得修功，退不得改過，君之所揣也（姚注：“揣，曾作削”，王念孫雲：“揣者削之論，削者制之論。《新序》作制，是其明證。”於鬯謂：“削制二字義通”）。唯君圖之！此寡人之愚意也。敬以書謁之。”樂間、樂乘怨不用其計，二人卒留趙不報。”（金正煒雲：“樂乘及二人四字並行”）
前279,279,周赧王三十六年（西元前二七九年）,82,考案,秦、燕、趙、吳、代,樂毅、廉頗,攻、圍、卒、取、殺、奔,又案：吳師道雲：“考之毅答惠王書雲：今足下使人數之以罪。”而《史》所載惠王讓毅，無數罪之語。前章燕王使人讓毅（案，指《燕策二》第九章），且謝之曰云云，當是此章之首，蓋錯簡也。且《策》以此為樂問答書，而末雲‘間、乘怨不用其計’，于乘何與？《史記·趙世家》，孝成王十五年，廉頗破殺栗腹，虜卿秦、樂間，則是間為將而被擄。《燕世家》則出奔趙。又趙孝成王十六年，廉頗圍燕，以樂乘為武襄君。二十一年孝成王卒，廉頗將，攻繁陽，取之。使樂乘代之，頗攻乘，乘走。據《策》，《史》所記多舛，故知此書非樂間事，而《新序》之說為是。”馬驥《繹史》、顧炎武《日知錄》、牟庭《雪泥書屋雜誌》、鐘鳳年《戰國策勘研》、張國銓《新序校注》、諸祖耿《戰國策集注匯考》並贊同吳說。牟庭雲：“今案毅報書與此針對，知為惠王遺樂毅書無疑。《國策》多斷爛之文，而《史記》誤據之，及劉向校《國策》，尚沿誤未能是正也。其作《新序》，必別有所據。”馬驥雲：此書與樂毅答書“往復詞旨，頗相酬合，當以《新序》為是”。黃丕烈則謂：“《策》文與《史記·樂毅列傳》同，《新序》當系別記，吳氏所說未是。”梁玉繩亦雲：“余疑燕惠遺毅，燕喜遺間，或系二事，未可混並為一。蓋《國策》不載遺間書，止載遺毅書，而誤分為兩章。《史》又止載前半，截去‘寡人不佞’已下。其實書辭條暢婉麗，不可刪也。此百餘字（案，指《樂毅列傳》遺間書），當是喜遺間書，但文意雖別而意則同，豈古之視草者亦襲舊詔乎？”（《史記志疑》卷三十）今案樂毅《報燕惠王書》既出於後世策士擬托，辨已見前，所謂燕惠王《讓樂毅書》或《讓樂間書》亦當出於後世擬托，更不可信。
前279,279,周赧王三十六年（西元前二七九年）,83,史料,燕、趙、魏,樂毅,,昔樂毅走趙，趙王欲與之圖燕，樂毅伏而垂泣，對曰：“臣事昭王，猶事大王。臣若獲戾，放在他國，沒世然後已，不忍謀趙之徒隸，況燕後嗣乎！”(《三國志·魏書·武帝紀》注引《魏武故事》)
前279,279,周赧王三十六年（西元前二七九年）,84,史料,齊、燕、趙,樂毅,立、奔,樂毅忠於昭王，其子惠王立而疑樂毅，樂毅懼而奔趙。趙王謂樂毅曰：“燕王竭于齊，其主信讒，國人不附，其可圖乎？”毅伏而垂涕曰：“臣事昭王，猶事大王也。臣若獲戾於他國，沒身不忍謀趙徒隸，況其後嗣乎！”(《後漢書·鄧禹傳》注)
前279,279,周赧王三十六年（西元前二七九年）,85,考案,秦、燕,樂毅,,案：以上兩則所記同為一事，不見於先秦古籍，蓋亦樂毅忠於燕昭之傳說。
前279,279,周赧王三十六年（西元前二七九年）,86,史料,齊、魏,,卒、立、滅,齊襄王立，而孟嘗君中立于諸侯，無所屬。齊襄王新立，畏孟嘗君，與連和，複親薛公。文卒，諡為孟嘗君。諸子爭立，而齊、魏共滅薛。孟嘗絕嗣無後也。（《孟嘗君列傳》）
前279,279,周赧王三十六年（西元前二七九年）,87,考案,齊、楚、魏、周、魯,,伐、卒、立、合縱、滅、取,案：《資治通鑒》以孟嘗君歸薛而中立于諸侯，在齊襄王五年（即周赧王三十六年）齊複國之後，因而雲：“湣王死，襄王複國，而孟嘗君中立于諸侯，無所屬。”同時又連敘“孟嘗君卒，諸子爭立，而齊、魏共滅薛”，似乎孟嘗君歸薛不久即卒。黃式三《周季編略》則列“薛君田文卒”于周赧王三十七年，並雲：“至是齊王入臨淄，與連和，複親之而適卒。”今案《孟嘗君列傳》此節所述，可疑之處甚多。《傳》稱孟嘗君，卒後諸子爭立而“齊、魏共滅薛”，但《呂氏春秋·首時》篇雲：“齊以東帝困於天下，而魯取徐州。”徐州即薛。所謂“齊以東帝困於天下”當指五國合縱伐破齊國之時。《魯世家》載頃公十九年“楚伐我，取徐州”，可知此後薛確為魯有，至魯頃公十九年方為楚所取。顧觀光以為“襄王五年齊、魏滅薛，其後地入于魯”，若齊、魏二大國共滅薛，魯為小國，尚能取薛乎？
前279,279,周赧王三十六年（西元前二七九年）,88,考案,秦、齊,范雎、秦昭王,卒,又案：《說苑·善說》篇第十七章載孟嘗君為張祿作薦書，“寄之秦王，往而大遇”。張祿即范雎，秦昭王三十六年入秦，上距齊複國已八年，孟嘗君恐已卒，此一傳說不可信。明人陳霆謂：秦有兩張祿，《說苑·善說》篇之張祿，居範雎之先入秦（《兩山墨談》卷十）。然史書中受秦王“大遇”者，唯有范雎別號張祿，陳說無據。
前279,279,周赧王三十六年（西元前二七九年）,89,考案,鄭,,卒、會,又案：《傳》言“文卒，諡為孟嘗君”。《索隱》雲：“此雲諡，非也。孟，字也。嘗，邑名。《詩》雲：‘居常與許’，鄭《箋》常或作嘗，嘗邑在薛之旁’，是也。”今案此“諡”猶“號”也，不作諡法解。田文生前已號孟嘗君，非卒後之稱號。《史記會注考證》引中井積德：“疑孟嘗乃封邑名，田嬰四十余子，文賤妾之子，蓋在叔季，無字孟之理。”
前279,279,周赧王三十六年（西元前二七九年）,90,史料,齊,,,[漷水]又西徑薛縣故城北……齊封田文於此，號孟嘗君，有惠喻，今郭側猶有文塚，結石為郭，作制嚴固，瑩麗可尋，行人往還，莫不徑觀，以為異見矣。（《水經·泗水注》）
前279,279,周赧王三十六年（西元前二七九年）,91,考案,齊、魯,,卒,案：《孟嘗君列傳·集解》引《皇覽》曰：“孟嘗君塚在魯國薛城中向門東，向門，出北邊門也。”《正義》引《括地志》雲：“孟嘗君墓在徐州滕縣五十二裡，卒在齊襄王之時也。”賀次君《括地志輯校》雲：“薛城所在，《元和郡縣圖志》、《太平寰宇記》並雲在滕縣東南四十二裡，則此引脫東南二字，五當作四。”
前277,277,周赧王三十八年（西元前二七七年）,1,史料,秦、齊、楚、燕、韓、趙、魏,秦昭王,,秦昭王三十年，魏昭王十九年，韓釐王十九年，趙惠文王二十二年，齊襄王七年，楚頃襄王二十二年，燕惠王二年。
前277,277,周赧王三十八年（西元前二七七年）,2,史料,秦、楚,,伐、取,[秦昭襄王]三十年蜀守若伐楚，取巫郡及江南，為黔中郡。（《秦本紀》）
前277,277,周赧王三十八年（西元前二七七年）,3,史料,楚,白起,取,武安君因取楚，定巫、黔中郡。（《白起列傳》）
前277,277,周赧王三十八年（西元前二七七年）,4,史料,秦、楚,,拔,[楚頃襄王]二十二年秦複拔我巫、黔中郡。（《楚世家》，《六國表》作“秦拔我巫、黔中”）
前277,277,周赧王三十八年（西元前二七七年）,5,史料,秦、楚,,攻、取,沅水又東徑臨沅縣南……縣治武陵郡下，本楚之黔中郡矣。秦昭襄王二十七年使司馬錯以隴、蜀軍攻楚，楚割漢北與秦。至三十年，秦又取巫、黔及江南地，以為黔中郡。（《水經·沅水注》）
前277,277,周赧王三十八年（西元前二七七年）,6,史料,秦、周,,,秦武安君定巫、黔中，初置黔中郡。（《資治通鑒》周赧王三十八年）
前277,277,周赧王三十八年（西元前二七七年）,7,考案,秦、楚,白起、秦昭王,伐、攻、取、拔,案：秦昭王二十七年秦將司馬錯率隴西、蜀郡兵攻拔楚黔中，不久即為楚所收復，故《水經注》但言“使司馬錯以隴、蜀軍攻楚”，而不言“拔楚黔中”。三十年秦發大軍伐楚、再度拔取巫、黔中，初置黔中郡，故《楚世家》言“秦複拔我巫、黔中郡”，《水經注》亦謂“秦又取巫、黔及江南地”，《資治通鑒》又稱“秦武安君定巫、黔中”，“定”即謂確實佔有。是役秦之主將，《白起列傳》《春申君列傳》並言是白起，《秦本紀》則謂蜀守張若，梁玉繩《史記志疑》以為起與若共之，是也。白起當為統帥，張若則以蜀守率蜀郡兵隨同作戰。秦之黔中郡治在黔中。《元和郡縣圖志》辰州沅陵縣下載：“秦黔中故郡城在縣西二十裡”，《秦本紀·正義》引《括地志》亦雲：“黔中故城在辰州沅陵縣西二十裡。”在今湖南沅陵縣西二十裡。漢改黔中郡為武陵郡，郡治移義陵，在今湖南漵浦縣。東漢移治臨沅，在今湖南常德市東。《讀史方輿紀要》卷八十武陵縣下雲：“臨沅城一名張若城。《地記》：秦昭王三十年使白起伐楚，起定黔中，留其將張若守之，若因築此城以拒楚。”
前277,277,周赧王三十八年（西元前二七七年）,8,考案,秦、楚,秦昭王,取,又案：是年秦所取江南，乃楚之江南。《正義》引《括地志》雲：“江南，今黔府亦在其地也。”《華陽國志·蜀志》載秦昭王二十二年張若為蜀守，“因取笮及其江南地”，則指金沙江以南地區，與此非一事。
前277,277,周赧王三十八年（西元前二七七年）,9,史料,秦、楚、趙、蔡,,卒、取,莊辛謂楚襄王曰(“謂”，《文選·詠懷詩》注引作“諫”)：“君王左州侯，右夏侯，輦從鄢陵君與壽陵君，專淫逸侈靡，不顧國政，郢都必危矣！”襄王曰：“先生老悖乎？將以為楚國祆祥乎？”莊辛曰：“臣誠見其必然者也，非敢以為國祆祥也。君王卒幸四子者不衰，楚國必亡矣！臣請辟于趙，淹留以觀之。”莊辛去，之趙，留五月，秦果舉鄢、郢、巫、上蔡、陳之地(“月”當作“年”，“上蔡”當作“上庸”，“陳”為衍文），襄王流掩于城陽(鮑本“城”作“成”，“城陽”當是“陳城”之誤)。於是使人發騶征莊辛于趙，莊辛曰：“諾。”莊辛至，襄王曰：“寡人不能用先生之言，今事至於此，為之奈何？”莊辛對曰：“臣聞鄙語曰：‘見兔而顧犬，未為晚也；亡羊而補牢，未為遲也。’臣聞昔湯、武以百里昌，桀、紂以天下亡。今楚國雖小，絕長續短，猶以數千里，豈特百里哉！王獨不見乎夫蜻蛉乎？六足四翼，飛翔乎天地之間，俛啄蚊虻而食之，仰承甘露而飲之，自以為無患，與人無爭也。不知夫五尺童子，方將調飴膠絲（“飴”原作“鈆”，從鮑本改。《太平御覽》九百零五引作“調鉤膠絲”），加己乎四仞之上，而下為螻蟻食也。蜻蛉其小者也（鮑本無此七字），黃雀因是已。俛啄白粒（《藝文類聚》九十二引“粒”作“糧”），仰棲茂樹，鼓翅奮翼，自以為無患，與人無爭也。不知夫公子王孫，左挾彈，右攝丸，將加己乎十仞之上，以其頸為招(“頸”原作“頮”，王念孫謂“顙”乃“頸”之誤。《文選·詠懷詩》注引“招”作“的”，“招”“的”聲近義通)，倏忽之間，墜于公子之手。晝遊乎茂樹，夕調乎酸醎(“倏忽”以下十字，原在“醎”之下。金正煒謂乃錯簡，“倏忽”句當在“晝遊”句上。今從金說)。夫黃雀其小者也，黃鵠因是已。游于江海，淹乎大沼，俯噣鯫鯉(“鯫”原作“鮳”。王念孫謂當從《新序》及《藝文類聚·鳥部》《太平御覽·羽族部》引文作“鯤鯉”，今改正)，仰齧葰衡(《太平御覽》九百十六引作“仰斷菱藕”，《藝文類聚》九十引作“仰斷菱藕”)，奮其六翻而淩清風，飄搖乎高翔，自以為無患，與人無爭也，不知夫射者方將修其荓盧，治其繒繳，將加己乎百仞之上，被礛礌（“被”原作“彼”，從鮑本），引微繳，折清風而抎矣。故晝遊乎江湖，夕調乎鼎鼐。夫黃鵠其小者也，蔡聖侯之事因是已。南游乎高陂，北陵乎巫山，飲茹溪之流（“溪”下原奪“之”字，從《春秋後語》、《文選·詠懷詩》注引補），食湘波之魚，左抱幼妾，右擁嬖女，與之馳騁乎高蔡之中，而不以國家為事。不知夫子發方受命乎宣王，系己以朱絲而見之也（“左抱”以下句，《荀子·強國篇》注引，“抱”作“枕”，無“與之”二字，“中”作“間”，“乎”作“於”，無“己”字）。蔡聖侯之事，其小者也，君王之事因是已。左州侯，右夏侯，輦從鄢陵君與壽陵君（“輦”原作“輩”，從鮑本改），飯封祿之粟，而戴方府之金（“戴”，《鮑本》作“載”），與之馳騁乎雲夢之中，而不以天下國家為事。不知夫穰侯方受命乎秦王，填黽塞之內，而投己乎黽塞之外。”襄王聞之，顏色變作，身體戰慄（《文選·詠懷詩》注引作“襄王聞，顏色變，四體戰慄”）。於是乃以執珪而授之，封之為陽陵君（姚本原無“封之”二字，今從曾本補），與舉淮北之地也（原無“舉”字。《新序·雜事》作“與舉淮北之地十二諸侯”。《春秋後語》“而與謀秦，複取淮北之地”。程恩澤《國策地名考》謂“與”蓋“舉”字之訛。金正煒雲，據《新序》，“與”下脫“舉”字。今從金說增之。（《楚策四》第四章）
前277,277,周赧王三十八年（西元前二七七年）,10,考案,秦、楚、趙、周,,取、拔,案：呂祖謙《大事記》載周赧王三十七年莊辛受封陽陵君，林春溥、顧觀光從之。黃式三、於鬯系此策于赧王三十八年。《策》言楚頃襄王召辛在秦拔鄢、郢、巫地之後，故以黃、於二氏之說為是。《策》文“莊辛去，之趙，留五月”，金正煒謂“五月”當作“五年”。辛去楚，當在頃襄王十八年，迄于秦人取巫，適為五年，其說是。《策》中“城陽”（鮑本改作“戊陽”）之地望，程恩澤、張琦謂在河南汝甯府信陽東北，或光州息縣之西，顧觀光謂陳城之陽（今河南淮陽）。金正煒疑“城陽”乃“陳城”之訛，“陳”誤為“陽”，又誤倒於“城”字下。今案楚失鄢、郢後，即東走徙陳，“城陽”當是“陳城”之誤。蓋“陳”字錯入上句，後人又于“城”下妄加“陽”字耳。
前277,277,周赧王三十八年（西元前二七七年）,11,史料,秦、楚、趙、蔡,,卒,莊辛諫楚襄王曰：“君王左州侯，右夏侯，從新安君，與壽陵君同軒，淫衍侈靡，而忘國政，郢其危矣！”王曰：“先生老僭歟！妄為楚國妖歟！”莊辛對曰：“臣非敢為楚妖，誠見之也。君王卒近此四子者，則楚必亡矣。辛請留于趙以觀之。”於是不出十月，王果亡巫山、江漢、鄢郢之地。於是王乃使召莊辛，至於趙。辛至，王曰：“嘻！先生來耶。寡人以不用先生言至於此，為之奈何？”莊辛曰：“君王用辛言則可，不用辛言，又將甚乎此。庶人有稱曰：亡羊而固牢，未為遲。見兔而呼狗，未為晚。”湯、武以百里王，桀、紂以天下亡。今楚雖小，絕長繼短，以千里數，豈特百里哉！且君王獨不見夫青蛉乎？六足四翼，蜚翔乎天地之間，求蚊虻而食之，時甘露而飲之，自以為無患，與民無爭也。不知五尺之童子，膠絲竿加之乎四仞之上，而下為蟲蛾食也。青蛉猶其小者也。夫爵僥啄白粒，仰棲茂樹，鼓其翼，奮其身，自以為無患，與民無爭也。不知公子王孫，左把彈，右攝丸，定操持，審參連，故晝遊乎茂樹，夕和乎酸醎。爵猶其小者也。鴻鵠嬉游乎江漢，息留乎大沼，僥啄鯫鯉，仰奮陵衡，修其六翮，而陵清風，麋搖高翔，一舉千里，自以為無患，與民無爭也。不知弋者選其弓弩，修其防翳，加繒繳其頸，投乎百仞之上，引纖繳，揚微波，折清風而殞。故朝遊乎江河，而暮調乎鼎俎。鴻鵠猶其小者也，蔡侯之事故是也。蔡侯南游乎高陵，北經乎巫山，逐麋麋獐鹿，黃溪子隨時鳥，嬉游乎高蔡之囿，溢滿無涯，不以國家為事。不知子發受令宣王，厄以淮水，填以巫山，庚子之朝，纓以朱絲，臣而奏之乎宣王也。蔡侯之從新安君與壽陵君，淫衍侈靡，康樂遊娛，馳騁乎雲夢之中，不以天下與國家為事。不知穰侯方與秦王謀，真之以黽厄，而投之乎黽塞之外。”而襄王大懼，形體悼栗，曰：“謹受令。”乃封莊辛為成陵君而用計焉，與舉淮北之地十二諸侯。（《新序·雜事二》第十四章）
前277,277,周赧王三十八年（西元前二七七年）,12,史料,秦、齊、楚,,攻、取,齊以淖君之亂仇楚(“亂”下原為“秦”字，無“仇楚”。一本作“齊以淖君之亂仇秦”，今從金正煒說改“秦”為“楚”)，其後秦欲取齊，故使蘇涓之楚，令任固之齊。齊明謂楚王曰：“秦王欲楚，不若其欲齊之甚也。其使涓來，以示齊之有楚，以資固于齊。齊見楚之聽涓也，必受固，是適為固驅以合齊秦也。齊秦合，非楚之利也。且夫涓來之辭，必非固之所以之齊之辭也。王不如令人以涓來之辭謾固于齊，齊、秦必不合，齊、秦不合，則王重矣。王欲收齊以攻秦，漢中可得也，王即欲以秦攻齊，淮、泗之間亦可得也。”（《齊策六》第十章）
前277,277,周赧王三十八年（西元前二七七年）,13,考案,秦、齊、楚、周,,攻,案：顧觀光《戰國策編年》系此策于赧王三十九年，曰：“因言以秦攻齊，淮、泗之間可得，故附此。”然此年並無楚攻齊事。《楚世家》雖雲：“襄王乃收東地兵，得十余萬”，並未明言“東地”即齊淮、泗之地。顧說無確證。考《楚策四》第四章，頃襄王二十二年（周赧王三十八年）封莊辛為陽陵君，“與舉淮北之地”。《新序·雜事二》作“與舉淮北之地十二諸侯”，則此策時間當更在前。今姑附于赧王三十八年。
前277,277,周赧王三十八年（西元前二七七年）,14,史料,楚、周、衛,,,楚王問莊辛曰：“君子之行，奈何？”莊辛對曰：“居不為垣牆，人莫能毀傷；行不從周衛，人莫能暴害；此君子之行也。”楚王複問：“君子之富，奈何？”對曰：“君子之富，假貸人，不德也，不責也；其食飲人，不使也，不役也；親戚愛之，眾人善之，不肖者事之，皆欲其壽，樂而不傷於患，此君子之富也。”楚王曰：“善。”（《說苑·貴德》第二十二章）
前277,277,周赧王三十八年（西元前二七七年）,15,考案,周,,,案：《周季編略》編此於是年，今附編於此。
前276,276,周赧王三十九年（西元前二七六年）,1,史料,秦、齊、楚、燕、韓、趙、魏,秦昭王,,秦昭王三十一年，魏安釐王元年，韓釐王二十年，趙惠文王二十三年，齊襄王八年，楚頃襄王二十三年，燕惠王三年。
前276,276,周赧王三十九年（西元前二七六年）,2,史料,秦、楚、魏,白起、秦昭王,伐、取,[秦昭王]三十一年，白起伐魏，取兩城。楚人反我江南。（《秦本紀》）
前276,276,周赧王三十九年（西元前二七六年）,3,史料,秦、魏,,拔,魏安釐王元年，秦拔我兩城。（《魏世家》）
前276,276,周赧王三十九年（西元前二七六年）,4,史料,秦、魏,,拔,魏安釐王元年秦拔我兩城。封弟公子無忌為信陵君。（《六國表》）
前276,276,周赧王三十九年（西元前二七六年）,5,史料,秦、楚,,拔,楚頃襄王二十三年秦所拔我江旁反秦。（《六國表》）
前276,276,周赧王三十九年（西元前二七六年）,6,史料,秦、楚,,取、拔,[楚頃襄王]二十三年，襄王乃收東地兵，得十余萬，複西取秦所拔我江旁十五邑以為郡，距秦。（《楚世家》）
前276,276,周赧王三十九年（西元前二七六年）,7,考案,楚,,,案：此江旁十五邑，當指今巴東一帶臨江地區，原屬楚江南。
前276,276,周赧王三十九年（西元前二七六年）,8,史料,魏,,即位,魏公子無忌者，魏昭王少子而魏安釐王異母弟也。昭王薨，安釐王即位，封公子為信陵君。（《魏公子列傳》）
前276,276,周赧王三十九年（西元前二七六年）,9,史料,趙、魏,廉頗,攻、取,[趙惠文王]二十三年，樓昌將攻魏幾，不能取。十二月，廉頗將攻幾，取之。（《趙世家》）
前276,276,周赧王三十九年（西元前二七六年）,10,史料,齊,廉頗,伐、拔,居二年，廉頗複伐齊幾，拔之。（《廉頗列傳》）
前276,276,周赧王三十九年（西元前二七六年）,11,考案,秦、齊、趙、魏,,伐、攻、取、拔、會,案：“居二年”指澠池之會後二年，即趙惠文王二十二年，當是“居三年”之誤。《索隱》雲：“《世家》雲惠文王二十三年頗將攻魏之幾邑取之，與此列傳合。《戰國策》雲秦敗闕與及攻魏幾（案見《趙策三》第四章），幾亦屬魏。而裴駰引《齊世家》及年表無伐齊拔幾之事，疑其幾是故邑，或屬齊、魏故耳。”梁玉繩《史記志疑》雲：“此作齊幾誤，裴駰謂或魏或屬齊，非也。先是樓昌攻幾，不能取，故雲複伐。又居二年，乃居三年之誤。”其說是。幾為魏邑，魏之布幣，有“幾氏”、“幾城”、“幾斬”等種，即魏之幾邑所鑄。幾在今河北大名東南。
前275,275,週報王四十年（西元前二七五年）,1,史料,秦、齊、楚、燕、韓、趙、魏,秦昭王,,秦昭王三十二年，魏安釐王二年，韓釐王二十一年，趙惠文王二十四年，齊襄王九年，楚頃襄王二十四年，燕惠王四年。
前275,275,週報王四十年（西元前二七五年）,2,史料,秦、魏,,攻,[秦昭襄王]三十二年，相穰侯攻魏至大樑，破暴鳶，斬首四萬，鳶走，魏入三縣以和。（《秦本紀》）
前275,275,週報王四十年（西元前二七五年）,3,史料,秦、韓、魏,,救、拔,[魏安釐王]二年[秦]又拔我二城，軍大樑下，韓來救，予秦溫以和。（《魏世家》，《六國表》同，無“又”字，有“秦”字，“予”作“與”）
前275,275,週報王四十年（西元前二七五年）,4,史料,秦、韓、魏,,救,[韓釐王]二十一年使暴臷救魏，為秦所敗，臷走開封。（《韓世家》，《六國表》同）
前275,275,週報王四十年（西元前二七五年）,5,考案,秦、齊、韓、魏,秦昭王,伐、拔,案：《秦本紀》暴鳶，《韓世家》作暴載，“鳶”、“載”音義俱同。據《魏世家》，《秦本紀》所謂“魏入三縣以和”，三縣包括秦所拔之二城，所入者實僅溫一縣。梁玉繩《史記志疑》謂“斬首四萬”是秦昭王三十三年事，《秦本紀》誤書於三十二年，是也。《穰侯列傳》雲：“明年（指秦昭王三十三年）魏背秦，與齊從親，秦使穰侯伐魏，斬首四萬，走魏將暴鳶，得魏三縣。穰侯益封。”此又誤以韓將暴鳶誤為魏將，並將秦敗暴鳶誤次於昭王三十三年。
前275,275,週報王四十年（西元前二七五年）,6,史料,秦,秦昭王,攻,[秦昭王]卅二年攻啟封。（秦簡《編年記》）
前275,275,週報王四十年（西元前二七五年）,7,考案,秦、韓,,攻,案：啟封即開封，《史記》因避漢景帝諱改為開封，在今河南尉氏縣東北。《韓世家》言暴鸞敗走開封，而《編年記》雲攻啟封。蓋暴鸞敗走開封，秦隨即追擊之。
前275,275,週報王四十年（西元前二七五年）,8,史料,趙、魏,廉頗,攻、取、拔,[趙惠文王]二十四年廉頗將，攻魏房子，拔之，因城而還。又攻安陽，取之。（《趙世家》）
前275,275,週報王四十年（西元前二七五年）,9,史料,魏,廉頗,攻、拔,後三年廉頗攻魏之防陵、安陽，拔之。（《廉頗列傳》，《集解》徐廣曰：“一作房子。”）
前275,275,週報王四十年（西元前二七五年）,10,考案,楚、趙、魏,,拔,案：“後三年”指拔之後三年，誤。梁玉繩雲：“當作後一年，乃惠文王二十四年也。”防陵，《魏世家》作房子。《索隱》雲：“案防陵，在楚之西，屬漢中郡，魏有房子，蓋陵字誤也。”《正義》謂防陵城“在相州安陽之南二十裡，因防水為名”。當以《正義》為是。沈濤《銅熨斗齋隨筆》雲：“房子趙邑，漢屬常山郡，即今贊皇，魏境不得到此。此與安陽同拔，則地近安陽，《正義》之說必有所據。”其說是。魏防陵在今河南安陽西南，非楚之西。
前274,274,周赧王四十一年（西元前二七四年）,1,史料,秦、韓、趙、魏,秦昭王,,秦昭王三十三年，魏安釐王三年，韓釐王二十二年，趙惠文王
前274,274,周赧王四十一年（西元前二七四年）,2,史料,齊、楚、燕,,,二十五年，齊襄王十年，楚頃襄王二十五年，燕惠王五年。
前274,274,周赧王四十一年（西元前二七四年）,3,史料,秦、蔡,秦昭王,攻,[秦昭王]卅三年攻蔡、中陽。（秦簡《編年記》）
前274,274,周赧王四十一年（西元前二七四年）,4,史料,秦、魏、蔡,秦昭王,攻、取,[秦昭王]三十三年客卿胡傷攻魏卷、蔡陽、長社，取之。(《秦本紀》)
前274,274,周赧王四十一年（西元前二七四年）,5,史料,秦、魏,,拔,[魏安釐王]三年秦拔我四城，斬首四萬。（《魏世家》，《六國表》同）
前274,274,周赧王四十一年（西元前二七四年）,6,史料,秦、齊、韓、趙、魏、蔡,白起、秦昭王,伐、攻、取,明年（指秦昭王三十三年）魏背秦，與齊從親。秦使穰侯伐魏，斬首四萬，走魏將暴鳶，得魏三縣，穰侯益封。明年，穰侯與白起、客卿胡陽攻趙、韓、魏，破芒卯于華陽下，斬首十萬。取魏之卷、蔡陽、長社，趙氏觀津。且與觀津，益趙以兵，伐齊。（《穰侯列傳》）
前274,274,周赧王四十一年（西元前二七四年）,7,考案,秦、楚、韓、魏、鄭、蔡,,攻、救、取、拔,案：《穰侯列傳》誤以上年秦敗走暴鳶為此年事，又誤以救魏之韓將暴鳶為魏將，更誤以秦攻取魏之卷、蔡陽、長社為下年事。以秦簡《編年記》與《史記》比勘，可知《秦本紀》與《穰侯列傳》之“蔡陽”，當是“蔡、中陽”之誤。西漢南陽郡有蔡陽，當今湖北棗陽縣東，時屬楚，非魏地。《秦本紀·正義》引《括地志》雲：“蔡陽，今豫州上蔡水之陽，古城在豫州北七十裡。”蓋以古蔡國所在之上蔡，又名蔡陽，但於史籍無確據。是時蔡為魏地，中陽亦為魏地，即梁惠王十七年鄭麓侯（即韓昭侯）來朝中陽之中陽。《魏世家》、《六國表》謂“秦拔我四城”，四城當即卷、蔡、中陽、長社。卷在今河南原陽縣西，中陽在今河南鄭州市東，長社在今河南長葛縣東北，蔡在今河南上蔡縣西南，皆在韓、魏接境之邊緣，蓋秦兵據韓地以攻取魏西邊之城邑。
前274,274,周赧王四十一年（西元前二七四年）,8,史料,燕、趙、周,,攻、取,[趙惠文王]二十五年燕周將，攻昌城、高唐取之。（《趙世家》）
前274,274,周赧王四十一年（西元前二七四年）,9,考案,齊、燕、趙、周,樂毅,攻、取,案：昌城、高唐皆為齊地。高唐為齊西北之重要城邑，在今山東高唐縣東北，昌城在今河北冀縣西北。《趙世家》載孝成王十年燕攻昌壯，《正義》謂“壯”乃“城”之誤，引《括地志》雲：“昌城故城在冀州信都縣西北五裡。”原為齊邑而趙取之。此處《正義》引《括地志》雲：“故昌城在淄州淄川縣東北四十裡也。”蓋誤以昌城為昌國，昌國曾為樂毅封地，在今山東淄博市南，齊都臨淄之西，趙不能突然攻取其地。# 卷 十八 周赧王四十二年（西元前二七三年）至 五十年（西元前二六五年）
前273,273,週報王四十二年（西元前二七三年）,1,史料,秦、齊、楚、燕、韓、趙、魏,秦昭王,,秦昭王三十四年，魏安釐王四年，韓釐王二十三年，趙惠文王二十六年，齊襄王十一年，楚頃襄王二十六年，燕惠王六年。
前273,273,週報王四十二年（西元前二七三年）,2,史料,秦,秦昭王,攻,[秦昭王]卅四年攻華陽。（秦簡《編年記》）
前273,273,週報王四十二年（西元前二七三年）,3,史料,秦、魏、蔡,,攻、取,[秦昭襄王]三十三年客卿胡傷攻魏卷、蔡陽、長社取之。擊芒卯、華陽破之，斬首十五萬，魏入南陽以和。（《秦本紀》，“擊芒卯、華陽”乃三十四年事，此誤上一年）
前273,273,週報王四十二年（西元前二七三年）,4,史料,秦、趙、魏、晉,白起,攻、卒、拔,[秦]昭王三十四年白起攻魏，拔華陽，走芒卯，而虜三晉將（“晉”字當為衍文），斬首十三萬。與趙將賈偃戰，沈其卒二萬人於河中。（《白起列傳》）
前273,273,週報王四十二年（西元前二七三年）,5,史料,秦、魏、晉,白起、秦昭王,,秦昭王三十四年白起擊魏華陽軍，芒卯走，得三晉將（“晉”字當為衍文），斬首十五萬。（《六國表》）
前273,273,週報王四十二年（西元前二七三年）,6,史料,秦、趙、魏,白起,,[趙惠文王]二十五年與魏共擊秦，秦將白起破我華陽，得一將軍。（《趙世家》）
前273,273,週報王四十二年（西元前二七三年）,7,史料,秦、魏,,,魏安釐王四年與秦南陽以和。（《六國表》）
前273,273,週報王四十二年（西元前二七三年）,8,史料,秦、韓、趙、魏、蔡,白起、秦昭王,攻、取,明年（指秦昭王三十四年）穰侯與白起、客卿胡陽複攻趙、韓、魏（“韓”字當為衍文），破芒卯于華陽下，斬首十萬，取魏之卷、蔡陽、長社，趙氏觀津。（《穰侯列傳》）
前273,273,週報王四十二年（西元前二七三年）,9,史料,秦、韓、魏,白起、秦昭王,攻,秦昭王使白起攻韓、魏，敗之于華陽，禽魏將芒卯，韓、魏服而事秦。（《春申君列傳》，“禽”當為“走”字之誤）
前273,273,週報王四十二年（西元前二七三年）,10,考案,秦、齊、韓、趙、魏、周、吳,白起,攻、救、立,案：據《韓世家》及《韓策三》第十五章，是年趙、魏攻韓華陽，韓相遣使入秦見穰侯求救，穰侯請秦王發兵救之，大敗趙、魏于華陽。《魏世家》、《白起列傳》、《穰侯列傳》、《六國表》以及秦簡《編年記》皆系華陽之役於是年。《秦本紀》與《趙世家》則誤上一年。此役秦之主將，《秦本紀》只言胡傷，《六國表》、《趙世家》、《白起列傳》、《春申君列傳》皆言白起。《穰侯列傳》則謂穰侯與白起、客卿胡陽，蓋穰侯主其事，白起為指揮作戰之大將，而胡傷為主攻之將軍也。《穰侯列傳》作胡陽，《趙策三》作“胡易”（誤作“胡易”），梁玉繩謂“傷”乃“陽”之訛，作“陽”為是。今案“陽”、“傷”均從“易”聲，音同字通，“傷”非訛字。陳直舉封斯侯劉胡傷、吳胡傷之名，謂《秦記》之“胡傷”為人名，非姓名連稱（《史記新證》十六頁），尚不足以為定論。芒卯又作孟卯，見帛書《戰國縱橫家書》第十五章，《西周策》第十一章，《呂氏春秋·應言》，《韓非子》的《說林》、《顯學》篇、《淮南子·氾論訓》等。“孟”“芒”音轉通用。作“芒”者疑後起。陳直以為《周金文存》著錄一劍，銘曰：“王立事歲，衞衞令孟卯、右軍師司馬倉，尉導執劑”（卷六第九十一頁），蓋即魏將孟卯之物（《史記新證》第十六頁）。此說不足信。此為趙國兵器，陳氏釋文有誤，當釋作：“王立事，南行陽令瞿卯，左庫工師司馬郃，冶導執齊”（拓本見《殷周金文錄遺》五九九），此劍與孟卯無關。
前273,273,週報王四十二年（西元前二七三年）,11,考案,秦、韓、趙、魏、晉,白起,伐、攻、救、卒,又案：《秦本紀》、《六國表》言“斬首十五萬”，據《白起列傳》，當是指華陽之役十三萬，又沉趙卒二萬人而言。《白起列傳》稱“虜三晉將”，《六國表》作“得三晉將”，“晉”字當為衍文。《資治通鑒》作“虜三將”，是也。《穰侯列傳》稱“複攻趙、韓、魏”，“韓”字當為衍文。梁玉繩曰：“是時秦救韓而伐趙、魏，何雲攻韓，當衍韓字。”《穰侯列傳》雲“斬首十萬”，當作“十三萬”。
前273,273,週報王四十二年（西元前二七三年）,12,史料,秦、韓、趙、魏,,攻、救,趙、魏攻華陽，韓謁急於秦，冠蓋相望，秦不救。韓相國謂田苓曰：“事急。願公雖疾，為一宿之行。”田苓見穰侯，穰侯曰：“韓急乎？何故使公來？”田苓對曰：“未急也。”穰侯怒曰：“是何以為公之主使乎（“主”原誤作“王”，從鮑本及《韓世家》改正）？冠蓋相望，告弊邑甚急，公曰：‘未急’，何也？”田苓曰：“彼韓急則將變矣。”穰侯曰：“公無見王矣！臣請今發兵救韓（“今”原作“令”，今從《韓世家》改正)！”八日中，大敗趙、魏于華陽之下。（《韓策三》第十五章）
前273,273,週報王四十二年（西元前二七三年）,13,史料,秦、韓、趙、魏,,攻、救、卒、立,[韓釐王]二十三年，趙、魏攻我華陽。韓告急于秦，秦不救。韓相國謂陳筮曰：“事急，願公雖病，為一宿之行。”陳筮見穰侯。穰侯曰：“事急乎？故使公來。”陳筮曰：“未急也。”穰侯怒曰：“是可以為公之主使乎？夫冠蓋相望，告敝邑甚急，公來言未急，何也？”陳筮曰：“彼韓急則將變而佗從，以未急，故複來耳。”穰侯曰：“公無見王，請今發兵救韓。”八日而至，敗趙、魏于華陽之下。是歲，釐王卒，子桓惠王立。（《韓世家》）
前273,273,週報王四十二年（西元前二七三年）,14,考案,韓,,,案：陳筮，《集解》徐廣曰：“一作筌”，《索隱》引徐廣作“荃”，又引《戰國策》作“田荼”。今本《韓策三》第十五章作“田苓”，《太平御覽》四百六十所引，訛作“由餘”。今案：“田”“陳”古通用，“筮”“筌”“荼”“苓”形近，未知“筮”“苓”孰是。《古今人表》作陳筮，同于《韓世家》。
前273,273,週報王四十二年（西元前二七三年）,15,史料,秦、韓、周,,,天下又比周而軍華下，大王以詔破之，兵至梁郭下。（《韓非子·初見秦》，《秦策一》第五章同，惟“周”作“志”，“詔”作“詐”，無下字，鮑改“郭”為“都”）
前273,273,週報王四十二年（西元前二七三年）,16,考案,秦、韓、趙、魏、周、吳、鄭,,攻、圍、取,案：《魏策三》第五章雲：“華軍之戰，魏不勝秦。”《戰國縱橫家書》第十五章亦雲：“華軍，秦戰勝魏，走孟卯，攻大樑”，《魏策三》第三章與第四章皆謂“秦敗魏于華”，蓋華陽原名華，亦稱華下。所謂“華軍”，即“軍華下”也。韓非子稱“天下又比周而軍華下”，《秦策》“比周”作“比志”，吳曾祺《補注》：“比志謂志合也。”朱起鳳以為“作比周者傳寫之誤”，恐不確。“比周”謂密集聚屯。《秦本紀·正義》雲：“《括地志》雲：故華城在鄭州管城縣南三十裡，《國語》雲史伯對鄭桓公，虢鄶十邑，華其一也。華陽即此城也。按是時韓、趙聚兵于華陽攻秦，即此矣。”華陽即在今河南鄭州南三十裡，正當韓都新鄭之北。是時魏、趙聚兵于華陽欲大舉進攻韓都也。秦軍于八日突然大舉圍攻華陽，取得大勝，斬首十三萬，又追擊潰退之趙軍，當趙將賈偃所部潰退渡河時，擊沉其二萬人於河中。秦軍繼而乘勝，圍攻魏都大樑。《韓非子》所謂“兵至梁郭下”。梁即大樑，郭即其大郭。程恩澤雲：“《竹書紀年》梁惠王三十一年為下溝于北郭，以行圃田之水，北郭即梁郭也。”甚是。“兵至梁郭下”即是“圍大樑”。
前273,273,週報王四十二年（西元前二七三年）,17,史料,秦、齊、楚、燕、韓、趙、魏、晉、周、吳、衛、宋、鄭、中山,,伐、攻、圍、救、取、拔、殺,秦敗魏于華，走芒卯而圍大樑（《穰侯列傳》“走芒卯”下有“入北宅”，帛書《戰國縱橫家書》十五章“圍”作“攻”）。須賈為魏謂穰侯曰：“臣聞魏氏大臣父兄皆謂魏王曰：‘初時惠王伐趙，戰勝乎三梁，十萬之軍拔邯鄲，趙氏不割，而邯鄲複歸。齊人攻燕，殺子之，破故國，燕不割而燕國複歸。燕、趙之所以國全兵勁而地不並乎諸侯者，以其能忍難而重出地也。宋、中山數伐數割，而隨以亡。臣以為燕、趙可法，而宋、中山可無為也。夫秦，貪戾之國而無親，蠶食魏，盡晉國，戰勝睾丸（“睾”，當依帛書及《穰侯列傳》作“暴”，暴子即韓將暴鳶。二字形近而訛），割八縣，地未畢人而兵複出矣。夫秦何厭之有哉！今又走芒卯，入北地（“北地”，帛書及《穰侯列傳》作“北宅”，當依改。“北宅”，又名“宅陽”，今鄭州北），此非但攻梁也，且劫王以多割也！王必勿聽也。今王循楚、趙而講(“循”，《穰侯列傳》作“背”，帛書亦作“循”。帛書編者注：“循當作遁，逃避”)，楚、趙怒而與王爭事秦，秦必受之。秦挾楚、趙之兵以複攻，則國救亡不可得也已，願王之必無講也。王若欲講，必少割而有質，不然必欺。是臣之所聞于魏也。願君之以是慮事也。《周書》曰：“維命不于常。”此言幸之不可數也。夫戰勝畢子而割八縣（“畢”當作“暴”），此非兵力之精，非計之工也，天幸為多矣。今又走芒卯，入北地以攻大樑，是以天幸自為常也，知者不然。臣聞魏氏悉其百縣勝兵以止成大樑（“止”，帛書、《穰侯傳》皆作“上”，“上”字於義為長），臣以為不下三十萬，以三十萬之眾，守十仞之城（“十仞”，當依帛書及《穰侯列傳》作“七仞”。“十”、“七”形近古書多相訛），臣以為雖湯、武複生，弗易攻也。夫輕信楚、趙之兵（“信”，當從帛書作“倍”，形近而訛。“倍”通“背”。《穰侯列傳》正作“背”），陵十仞之城（“十”乃“七”之訛，說見上），戴三十萬之眾而志必舉之（戴，《穰侯列傳》作“戰”，吳師道雲：“一本標孫作戰。”帛書“戴”作“犯”），臣以為自天地之始分以至於今（“地”原作“正”，從《穰侯列傳》改正），未嘗有之也。攻而不能拔，秦兵必罷，陶必亡（“陶”原誤作“陰”，從帛書及《穰侯列傳》改正），則前功必棄矣。今魏方疑，可以少割收也，願之及楚、趙之兵未任于大樑也（“願之”，當從帛書、《穰侯列傳》作“願君”。“任”當為“位”（蒞）之誤），亟以少割收，魏方疑，而得以少割為和，必欲之，則君得所欲矣。楚、趙怒于魏之先己講也，必爭事秦，從是以散，而君後擇焉。且君之嘗割晉國取地也，何必以兵哉。夫兵不用而魏效絳、安邑，又為陶啟兩機，盡故宋（“機”，帛書作“畿”，帛書編者注：“疑幾字與畿通，疆界之意。”《穰侯列傳》作“又為陶開兩道，幾盡故宋”，亦可通），衛效尤憚（鮑本作“憚尤”，當為“單父”之誤。《穰侯列傳》作單父）。秦兵已令而君制之（“已令”，帛書作“苟全”，《穰侯列傳》作“可全”，“令”乃“全”之訛），何求而不得？何為而不成？臣願君之熟計而無行危也！”穰侯曰：“善。”乃罷梁圍。（《魏策三》第三章）
前273,273,週報王四十二年（西元前二七三年）,18,史料,秦、齊、楚、燕、韓、趙、魏、晉、周、衛、宋、中山,白起、秦昭王,伐、攻、圍、拔、殺,華軍，秦戰勝魏，走孟卯，攻大樑（梁）。須賈說穰侯曰：“臣聞魏長吏胄（謂）魏王曰：‘初時者，惠王伐趙，戰勝三梁（梁），拔邯戰(“戰”，“鄲”之訛)，趙氏不割而邯戰(鄲)複歸。齊人攻燕，拔故國，殺子之，燕人不割而故國複反。燕、趙之所以國大兵強而地兼諸侯者，以其能忍難而重出地也。宋、中山數伐數割，而國隋(隨)以亡。臣以為燕、趙可法，而宋、中山可毋為也。秦，貪戾之國也，而無親，蠶食魏氏，盡晉國，勝暴子，割八縣，地未畢入而兵複出矣。夫秦何厭(饜)之有哉(哉)。今有(又)走孟卯，入北宅，此非敢梁(梁)也(《戰國縱橫家書》編者注謂“敢”下當依《穰侯列傳》補“攻”字)。且劫王以多割，王必勿聽也。今王循(遁)楚、趙而講，楚、趙怒而與王爭秦，秦必受之。秦挾楚、趙之兵以複攻，則國求毋亡，不可得已。願王之必毋講也。王若欲講，必小(少)割而有質，不然必欺。”此臣之所聞于魏也，願君之以氏(是)慮事也。周書曰：“唯命不為常。”此言幸之不可數也。夫戰勝暴子，割八縣之地，此非兵力之請(精)也，非計慮之攻(工)也，夫天幸為多。今有(又)走孟卯，入北宅，以攻大樑(梁)，是以天幸自為常也。知(智)者不然。臣聞魏氏悉其百縣勝甲以上，以戎(“戎”、“戍”之訛)大樑(梁)，臣以為不下卅萬。以卅萬之眾，守七仞之城，臣以為湯、武複生，弗易攻也。夫輕倍(背)楚、趙之兵，陵七刃(仞)之城，犯卅萬之眾，而志必舉之，臣以為自天地始分，以至於今，未之嘗有也。攻而弗拔，秦兵必罷，陶必亡，則前功有必棄矣。今魏方疑，可以小(少)割而收也。願君遝(遽)楚、趙之兵未至於梁(梁)也，亟以小(少)割收魏。魏方疑，而得以小(少)割為和，必欲之，則君得所欲矣。楚、趙怒于魏之先己也，必爭事秦，從(縱)已散，而君後(後)擇焉。且君之得地也，豈必以兵哉(哉)。□(割)晉國也，秦兵不功(攻)，而魏效降(降)、安邑，有(又)為陶啟兩幾，盡故宋，而率(“率”，“衛”之訛)蟬尤(“尤”，“父”之訛)。秦兵苟全而君制之。何索而不得，奚為□□□(而不成)。願□(君)之孰(熟)慮之而毋行危也。”君曰：“善。”乃罷梁(梁)圍。(《戰國縱橫家書》第十五章)[秦]昭王三十二年(當作三十四年)，穰侯為相國，將兵攻魏，走芒卯，入北宅，遂圍大樑，梁大夫須賈說穰侯曰：“臣聞魏之長吏謂魏王曰：‘昔梁惠王伐趙，戰勝三梁，拔邯鄲；趙氏不割，而邯鄲複歸。齊人攻衛，拔故國，殺子良；衛人不割，而故地複反（帛書作“齊人攻燕，拔故國，殺子之，燕人不割而故國複反”，《穰侯列傳》大體相同，此處“衛”當作“燕”，“子良”當作“子之”）。衛、趙之所以國全兵勁而地不並于諸侯者，以其能忍難而重出地也。宋、中山數伐割地，而國隨以亡。臣以為衛、趙可法，而宋、中山可為戒也。秦，貪戾之國也，而毋親，蠶食魏氏，又盡晉國，戰勝暴子，割八縣，地未畢入，兵複出矣。夫秦何厭之有哉。今又走芒卯，入北宅，此非敢攻梁也，且劫王以求多割地。王必勿聽也。今王背楚、趙而講秦，楚、趙怒而去王，與王爭事秦，秦必受之。秦挾楚、趙之兵以複攻梁，則國求無亡不可得也。願王之必無講也。王若欲講，少割而有質；不然，必見欺。此臣之所聞于魏也，願君之以是慮事也(“君”下原衍“王”字，從帛書與《魏策》刪)。《周書》曰“惟命不于常”，此言幸之不可數也。夫戰勝暴子，割八縣，此非兵力之精也，又非計之工也，天幸為多矣。今又走芒卯，入北宅，以攻大樑，是以天幸自為常也，智者不然。臣聞魏氏悉其百縣勝甲以上戍大樑，臣以為不下三十萬。以三十萬之眾守梁七仞之城，臣以為湯、武複生，不易攻也。夫輕背楚、趙之兵，陵七仞之城，戰三十萬之眾，而志必舉之，臣以為自天地始分以至於今，未嘗有者也。攻而不拔，秦兵必罷，陶邑必亡，則前功必棄矣。今魏氏方疑，可以少割收也。願君逮楚、趙之兵未至於梁，亟以少割收魏。魏方疑而得以少割為利，必欲之，則君得所欲矣。楚、趙怒于魏之先己也，必爭事秦，從以此散，而君後擇焉。且君之得地豈必以兵哉。割晉國，秦兵不攻，而魏必效絳安邑。又為陶開兩道，幾盡故宋，衛必效單父。秦兵可全，而君制之，何索而不得，何為而不成。願君熟慮之而無行危。”穰侯曰：“善。”乃罷梁圍。（《穰侯列傳》）案：據《韓世家》、《白起列傳》、《魏策三》第三章，華陽之戰，走芒卯，入北宅，圍大樑，須賈為魏說穰侯，乃秦昭王三十四年事，《穰侯列傳》以“穰侯為相國，將兵攻魏，走芒卯，入北宅，圍大樑，須賈說穰侯”誤列于昭王三十二年，又以穰侯與白起胡陽“破芒卯于華陽下”列於三十四年，將一事誤分為二，分列兩年。
前273,273,週報王四十二年（西元前二七三年）,19,考案,秦、魏,,拔,又案：《魏策》、《穰侯列傳》載須賈說穰侯曰：“戰勝暴子，割八縣，地未畢入而兵複出矣。”暴子即暴鳶，《秦本紀》載秦破暴鳶，“魏入三縣以和”，《穰侯列傳》稱“得三縣”，梁玉繩謂“八縣誤”。其實不誤。帛書亦作“八縣”，“八縣”乃魏請和之許諾，地未畢入而秦兵複出，予秦者蓋三縣而已，二縣秦已拔之，溫縣為魏所獻。
前273,273,週報王四十二年（西元前二七三年）,20,考案,秦、魏,,圍,又案：因須賈說穰侯而解梁圍之說，鮑彪以為不可信。鮑彪辨之曰：“賈之說不足以已秦也，為其為魏也過深，而說秦者不切。夫以秦為天幸，而欲其無行危也，秦豈信之哉？秦行是，何危之有？且其為魏之過深也，適足以疑秦，豈沮於是哉？梁圍之解，將別有故，非賈之力也。”梁玉繩從其說，雲：“梁圍之罷，因獻南陽，何曾是須賈說穰侯而罷乎？鮑彪辨是也。”
前273,273,週報王四十二年（西元前二七三年）,21,史料,秦、韓、趙、魏、代,,救、滅、殺,[魏安麓王]四年，秦破我及韓、趙（“韓”字衍文），殺十五萬人，走我將芒卯。魏將段幹子請予秦南陽以和。蘇代謂魏王曰：“欲璽者段幹子也，欲地者秦也。今王使欲地者制璽，使欲璽者制地，魏氏地不盡則不知已。且夫以地事秦，譬猶抱薪救火，薪不盡，火不滅。”王曰：“是則然也。雖然，事始已行，不可更矣。”對曰：“王獨不見夫博之所以貴梟者，便則食，不便則止矣。今王曰‘事始已行，不可更’，是何王之用智不如用梟也？”(《魏世家》)
前273,273,週報王四十二年（西元前二七三年）,22,考案,,,,案：南陽，《集解》徐廣曰：“在修武。”
前273,273,週報王四十二年（西元前二七三年）,23,史料,秦、魏,,救,華軍之戰（姚注：“華下一本有陽字。”鮑本“軍”作“陽”），魏不勝秦，明年，將使段幹崇割地而講。孫臣謂魏王曰：“魏不以敗之上割，可謂善用不勝矣。而秦不以勝之上割，可謂不能用勝矣（鮑本“能”作“善”）。今處期年，乃欲割，是群臣之私，而王不知也。且夫欲璽者，段幹子也，王因使之割地；欲地者秦也，而王因使之受璽；夫欲璽者制地，而欲地者制璽，其勢必無魏矣！且夫奸臣固皆欲以地事秦（鮑本“臣”作“人”），以地事秦譬猶抱薪而救火也，薪不盡，則火不止。今王之地有盡，而秦之求無窮（鮑本“之求”作“求之”），是薪火之說也。”魏王曰：“善。雖然，吾已許秦矣，不可以革也。”對曰：“王獨不見夫博者之用梟邪？欲食則食，欲握則握，今君劫於群臣而許秦，因曰‘不可革’，何用智之不若梟也？”魏王曰：“善。”乃案其行。（《魏策三》第五章）
前273,273,週報王四十二年（西元前二七三年）,24,考案,秦、魏,,,案：魏使段幹子割地而講，《魏世家》在安釐王四年華陽戰敗之後，《六國表》亦記是年“與秦南陽以和”。《秦本紀》亦記“魏入南陽以和”在破芒卯華陽之後。而《魏策三》則謂在“華軍之戰”之明年。今從《魏世家》。
前273,273,週報王四十二年（西元前二七三年）,25,考案,秦、魏、周,,會,又案：《魏世家》段幹子，《魏策三》作段幹崇。《史記·老子列傳》雲：“老子之子名宗，宗為魏將，封于段幹。”姚範《援鶉堂筆記》雲：“崇疑即宗，計崇之年，似不為老子之子。”(見《史記會注考證》所引)《老子列傳》又謂：嘗見秦獻公之周太史儋或即老子，汪中《老子考異》以為段幹崇即為太史儋之子。
前273,273,週報王四十二年（西元前二七三年）,26,考案,秦、魏,,卒,又案：《魏策三》雲：“魏王曰：“善。”乃案其行。”《太平御覽》九百二十七引《春秋後語》亦雲：“王乃止其行。”但《秦本紀》言“魏入南陽以和”，《六國表·魏表》亦謂“與秦南陽以和”，《資治通鑒》作“魏王不聽，卒以南陽為和，實修武”，當有所據。
前273,273,週報王四十二年（西元前二七三年）,27,考案,秦、魏,,,又案：《青照堂叢書次編》引《春秋後語》，以及《太平御覽》九百二十七引《春秋後語》，大體皆與《魏世家》相合，惟《青照堂叢書》所引作“王使段幹木子從，與秦南陽，木以千金和”，與《魏世家》不合，恐不確。
前273,273,週報王四十二年（西元前二七三年）,28,史料,秦、齊、楚、韓、趙、魏、晉、蔡、代,白起、秦昭王,伐、攻、取、會,明年（指秦昭王三十四年），穰侯與白起、客卿胡陽複攻趙、韓、魏（“韓”為衍文），破芒卯于華陽下，斬首十萬，取魏之卷、蔡陽、長社，趙氏觀津。且與趙觀津，益趙以兵，伐齊。齊襄王懼，使蘇代為齊陰遺穰侯書曰：“臣聞往來者言曰：秦將益趙甲四萬以伐齊，臣竊必之敝邑之王曰：秦王明而熟于計，穰侯智而習於事，必不益趙甲四萬以伐齊。”是何也？夫三晉之相與也，秦之深仇也。百相背也，百相欺也，不為不信，不為無行。今破齊以肥趙，趙，秦之深仇，不利於秦。此一也。秦之謀者，必曰‘破齊，弊晉、楚，而後制晉、楚之勝’。夫齊，罷國也，以天下攻齊，如以千鈞之弩決潰痛也，必死，安能弊晉、楚？此二也。秦少出兵，則晉、楚不信也；多出兵，則晉、楚為制于秦。齊恐，不走秦，必走晉、楚。此三也。秦割齊以啖晉、楚，晉、楚案之以兵，秦反受敵（《史記會注考證》：楓山、三條本“敵”作“弊”）。此四也。是晉、楚以秦謀齊，以齊謀秦也，何晉、楚之智而秦、齊之愚？此五也。故得安邑以善事之，亦必無患矣。秦有安邑，韓氏必無上黨矣。取天下之腸胃，與出兵而懼其不反也，孰利？臣故曰秦王明而熟于計，穰侯智而習於事，必不益趙甲四萬以伐齊矣。”於是穰侯不行，引兵而歸。（《穰侯列傳》，其中蘇代遺穰侯書，同于《秦策二》第十五章）
前273,273,週報王四十二年（西元前二七三年）,29,考案,秦、魏、蔡,,取,案：“取魏之卷、蔡陽、長社”，據秦簡《編年記》與《秦本紀》，乃上年之事，此誤下一年。
前273,273,週報王四十二年（西元前二七三年）,30,史料,秦、齊、楚、韓、趙、魏、晉、代,,伐、救、取,《初學記》二十二引“齊”下有“王”字，當是)，令田章以陽武合于趙，而以順子為質，趙王喜，乃案兵告于秦，曰：“齊以陽武賜弊邑，而納順子，欲以解伐，敢告下吏。”秦王使公子他之趙，謂趙王曰：“齊與大國救魏而倍約，不可信。恃大國弗義，以告弊邑，而賜之二社之地，以奉祭祀，今又案兵，且欲合齊而受其地，非使臣之所知也！請益甲四萬，大國裁之！”蘇代為齊獻書穰侯曰：“臣聞往來者之言曰（“之”原在“者”上，從《初學記》二十二、《太平御覽》三百五十五所引及鮑本改正）：秦且益趙甲四萬人以伐齊，臣竊必之弊邑之王曰：‘秦王明而熟于計，穰侯智而習於事，必不益趙甲四萬人以伐齊。’（《初學記》二十二、《太平御覽》三百五十五引“甲”下有“兵”字，下同）是何也？夫三晉相結，秦之深仇也。三晉背秦，百欺秦，不為不信，不為無行。今破齊以肥趙，趙，秦之深仇，不利於秦，一也。秦之謀者，必曰：‘破齊弊晉（“晉”下當依《穰侯列傳》補“楚”字），而後制晉楚之勝。’夫齊，罷國也；以天下擊之，譬猶以千鈞之弩決潰癰也。秦王安能制晉楚哉？二也。秦少出兵，則晉、楚不信；多出兵，則晉、楚為制于秦；齊恐，則必不走于秦（鮑本無“必”字），且走晉、楚。三也。齊割地以實晉、楚，則晉、楚安；齊舉兵而為之頓劍，則秦反受兵。四也。是晉、楚以秦破齊，以齊破秦（鮑本“破”作“伐”），何晉、楚之智而齊、秦之愚？五也。秦得安邑，善齊以安之，亦必無患矣。秦有安邑，則韓、魏必無上黨哉（《太平御覽》一百六十三引“韓”下無“魏”字，同于《穰侯列傳》）。夫取三晉之腸胃，與出兵而懼其不反也，孰利？故臣竊必之以弊邑之王曰：‘秦王明而熟于計，穰侯智而習於事，必不益趙甲四萬人以伐齊矣。’”（《秦策二》第十五章）
前273,273,週報王四十二年（西元前二七三年）,31,考案,秦、齊、楚、燕、韓、趙、魏、宋、鄭、代,蘇秦、樂毅、白起、齊威王、齊宣王、齊湣王,伐、攻、滅、取、遷,案：唐蘭曰：《史記·穰侯列傳》把此事（案，指陘山之事）放在穰侯和白起等破芒卯于華陽下之後。華陽在今河南省密縣，在鄭州西南，不知與陘山何涉。陘山屬太行山脈，當指（西元）前二八五年樂毅以趙相國名義伐齊取靈丘一事。田章即陳璋。順子大概是齊閔王的子侄，過去就曾在趙國當作質子，見《燕策二》。如果是破芒卯以後，那就在（西元）前二七三年，齊閔王已死十一年，怎麼能有這兩個人物呢？破齊肥趙，正是五國攻齊時的話。齊滅宋後，魏國就向秦國獻安邑，那麼獻書穰侯當在（西元）前二八五年無疑。《秦策》“蘇代”當是“蘇秦”(《司馬遷所沒有見過的珍貴史料》注二十九，收入《戰國縱橫家書》)。此說根據不足。唐氏據高注，以為陘山蓋趙井陘塞，陘山之事，指趙惠文王十四年相國樂毅率五國之師攻齊取靈丘一事。靈丘在今山東高唐之南，“取靈丘”與陘山何涉。《楚世家》載威王十年魏伐楚取陘山，《正義》引《括地志》雲：“陘山在鄭州新鄭縣西南三十裡。”《蘇秦列傳》記蘇秦說韓王：“南有陘山”，《集解》：“徐廣曰：召陵有陘亭，密縣有陘山。”鮑彪因謂“陘山在密，《後漢書·地理志》注雲：《史記》秦破魏華陽，地亦在縣，則此策書陘山，史書華陽，一役也。事在（秦昭）三十四年。”其說是。徐廣謂“召陵有陘亭，密縣有陘山”。蓋稱陘山者非一地，除密縣有陘山外，楚與韓、魏之間尚有陘山，即召陵之陘山。《策》言“夫齊，罷（疲）國也，以天下擊之，譬猶以千鈞之弩決潰癰也”，蓋齊已為樂毅所破而後經田單複國者。若將此事定在西元前二八五年，當齊湣王十六年，樂毅方率五國之兵攻齊，齊尚未攻破，兵力尚強，豈得“譬猶以千鈞之弩決潰癰也”？《策》言“趙且與秦伐齊”，趙因齊獻地而案兵，秦又欲益甲四萬伐齊，齊因使蘇代獻書穰侯，請不益甲伐齊，此與樂毅方合五國之兵攻齊之形勢亦不合。陳夢家《六國紀年》以為陳璋、田章、章子、匡章是一人，亦無當。匡章不能與田章混為一談。匡章于齊威王晚年已為將，于齊宣王時屢建戰功，至齊湣王初年仍為攻秦函谷之主將，其後無聞，蓋已高年不為將。
前273,273,週報王四十二年（西元前二七三年）,32,史料,秦、楚、韓、魏,白起、秦昭王、楚懷王,攻、滅、取、拔、賂,春申君者楚人也，名歇，姓黃氏。遊學博聞，事楚頃襄王。頃襄王以歇為辯，使于秦。秦昭王使白起攻韓、魏，敗之于華陽，禽魏將芒卯，韓、魏服而事秦。秦昭王方令白起與韓、魏共攻楚，未行，而楚使黃歇適至於秦，聞秦之計。當是之時，秦已前使白起攻楚，取巫、黔中之郡，拔鄢、郢，東至竟陵，楚頃襄王東徙治于陳縣。黃歇見楚懷王之為秦所誘而入朝，遂見欺，留死于秦。頃襄王，其子也，秦輕之，恐壹舉兵而滅楚。歇乃上書說秦昭王……秦昭王曰：“善。”於是乃止白起而謝韓、魏。發使賂楚，約為與國。（《春申君列傳》）
前273,273,週報王四十二年（西元前二七三年）,33,史料,楚、韓,,,楚莊王之弟春申君有愛妾曰余，春申君之正妻曰甲。余欲君之棄其妻也，因自傷其身以視君而泣……君因信妾餘之詐，為棄正妻。（《韓非子·奸劫弑臣》）
前273,273,週報王四十二年（西元前二七三年）,34,考案,秦、齊、楚、韓、趙、魏、越、代,秦昭王、齊宣王,伐、攻、立、遷,案：《春申君列傳》稱黃歇因遊學博聞，楚頃襄王以為辯而使于秦，不確。春申君乃頃襄王之弟。金正煒于《楚策三》第十章《補釋》雲：“按春申與孟嘗、信陵、平原並稱四公子，當亦楚之疏屬，故朱英說以代立。《韓非子·奸劫弑臣》謂為楚莊王之弟，莊王即襄王，後章莊辛謂楚襄王，《荀子·注》作莊辛謂楚莊王可證。其言當必有據。”其說是。錢穆繼此作《楚頃襄王又稱莊王考》與《春申君乃頃襄王弟不以游士致顯辨》（見《先秦諸子系年》第四○五至四○九頁）：“楚頃襄王蓋又諡莊王，《韓非子·喻老》篇稱：楚莊王欲伐越，莊子諫曰(“莊”原誤作“杜”，從王先慎據《荀子注》所改正)：“莊躊為盜於境內云云，莊子即莊辛，莊辛與莊躊皆楚頃襄王時人。所謂楚莊王亦即楚頃襄王。”考《史記·遊俠列傳》雲：“近世延陵、孟嘗、春申、平原、信陵之徒，皆因王者親屬，藉于有土、卿相之富厚，招天下賢者，顯名諸侯。”可知司馬遷亦知春申君非遊士致顯，乃王者親屬。孟嘗君之父田嬰為齊宣王弟，平原君為趙惠文王弟，信陵君為魏安釐王弟，春申君亦為楚頃襄王弟，韓非親與春申同時，其言不致有謬誤。不知何故，《春申君列傳》誤為“遊學博聞”而致顯也。《春申君列傳》所載黃歇上秦昭王書，原見《秦策四》第十章，鮑本策文開首原作“說秦王曰”，不以為黃歇所作，所說秦王，高誘注明雲“秦王名正，莊王楚之子”，是秦王政而非秦昭王。此乃秦王政十二年當秦攻楚時，有人遊說秦王之辭，《春申君列傳》誤以為黃歇上秦昭王書。黃歇使秦，當有其事，事在秦大敗魏、趙于華陽之後，《傳》稱“攻韓、魏”，“禽魏將芒卯”，皆有誤。是年秦攻韓，芒卯敗走。
前273,273,週報王四十二年（西元前二七三年）,35,史料,趙、代,,取,[趙惠文王]二十六年取東胡歐代地。（《趙世家》）
前273,273,週報王四十二年（西元前二七三年）,36,考案,韓、趙、魏、晉、代,智伯、趙襄子,滅、取、會,案：《索隱》：“東胡叛趙，驅略代地人眾以叛，故取之也。”《史記會注考證》：“古鈔本、楓山本、三條本歐作毆，中井積德曰：歐代類地名。”考《史記·匈奴列傳》，“趙襄子逾句注而破並代，以臨胡貉，其後既與韓、魏共滅智伯，分晉地而有之，則趙有代、句注以北。”是趙在滅智伯而分晉時，已據有代北。《索隱》將是年趙“取東胡歐代地”，解釋為東胡“驅略代地人眾以叛，故取之也”，則所謂“取”者，究為何地？中井氏謂“歐代類地名”，亦不確。歐代若為地名，則不能稱為“歐代地”。此所謂“歐代”，當即匈奴、東胡之方言“甌脫”。《匈奴列傳》雲：東胡“與匈奴間中有棄地，莫居千餘裡，各居其邊為甌脫”。“歐脫”亦作“區脫”。“歐”“甌”同音，“代”“脫”聲近。丁謙《漢書匈奴傳地理考證》謂：“歐脫指棄地而言，原極明析。”又雲：“‘甌脫’二字為當時方言，今難確解，然大意不過為不毛之地，不足以居人。”
前273,273,週報王四十二年（西元前二七三年）,37,史料,秦、周,,伐、卒,[周赧王]四十二年，秦破華陽約。馬犯謂周君曰：“請令梁城周。”乃謂梁王曰：“周王病若死，則犯必死矣。犯請以九鼎自入于王，王受九鼎而圖犯。”梁王曰：“善。”遂與之卒，言戍周。因謂秦王曰：“梁非戍周也，將伐周也。王試出兵境以觀之。”秦果出兵。又謂梁王曰：“周王病甚矣（《索隱》雲：“《戰國策》‘甚’作‘愈’。義較長）。犯請後可而複之，今王使卒之周，諸侯皆生心，後舉事且不信。不若令卒為周城，以匿事端。”梁王曰：“善。”遂使城周。（《周本紀》）
前273,273,週報王四十二年（西元前二七三年）,38,考案,秦、楚、魏、周、宋、代,,滅、取,案：《索隱》雲：“馬犯見秦破魏約，懼周危，故謂周君請梁城周，而設詭計也。”《正義》雲：“馬犯，周臣也。乃說梁王曰，秦破魏華陽之軍，去周甚近，周王憂懼國破，猶身之重病，若死，則犯必死也。”《索隱》引《戰國策》有此事，今本《戰國策》佚此章。呂祖謙《大事記》雲：“所謂周者，西周也。周君者，西周武公也。周王者，赧王也。太丘社之亡，九鼎已毀，特以虛名給魏耳。使九鼎是時尚存，則後十余歲秦遂滅周，鼎必入于秦始皇，何為索之于泗水哉（《周本紀》書周亡秦取九鼎寶器，亦非也)。”此以周君為西周武公，不確。武公乃西周之臣，周赧王嘗使武公謂楚相昭子，見於《楚世家》頃襄王十八年下。周君當指西周君。武公謂楚相昭子，周為“天下之共主，居三代之傳器”。秦武王至周，嘗與孟說舉龍文赤鼎，絕臏而死。可知西周確有較大之鼎，但未必是作為傳國之寶的九鼎。所謂周顯王三十三年宋太丘社亡而鼎沒于泗水只是一種傳說。《周本紀》、《秦本紀》所載西周為秦所滅，秦取九鼎入秦，亦非事實。秦始皇二十八年過彭城，“欲出周鼎泗水，使千人沒水求之，弗得”。可知九鼎並未入秦。
前273,273,週報王四十二年（西元前二七三年）,39,史料,秦,,,《史記》曰（《水經·渭水注》作“《史記·秦本紀》雲”）：秦武王三年，渭水赤者三日（《水經注》無“者”字），昭王三十四年，渭水又赤三日（《水經注》“赤”上有“大”字）。（《漢書·五行志》，《洪範五行傳》同）
前273,273,週報王四十二年（西元前二七三年）,40,考案,秦,,立,案：今本《秦本紀》無此文。《秦始皇本紀》所附《秦記》謂悼武王“立三年，渭水赤三日”，當為《秦始皇本紀》所載。今本《秦始皇本紀》脫去“昭王三十四年，渭水又赤三日”。
前273,273,週報王四十二年（西元前二七三年）,41,史料,秦、齊、楚、韓、魏、周、吳,秦昭王,攻、圍、取,穰侯攻大樑，乘北郢，魏王且從。謂穰侯曰：“君攻楚，得宛、穰以廣陶。攻齊，得剛、博以廣陶。得許、鄢陵以廣陶。秦王不問者，何也？以大樑之未亡也，今日大樑亡，許、鄢陵必議，議則君必窮。為君計者，勿攻便。”(《魏策四》第六章)案：鮑彪以此為秦昭王二十四年（即周赧王三十二年）秦攻魏至大樑時事。《大事記》、顧觀光《編年》、林春溥《紀年》、黃式三《編略》系于周赧王四十年，皆無據。吳師道、張琦皆謂“北郢”乃“北宅”之訛，則事在赧王四十二年。張琦《釋地》雲：“此文多舛誤。宛為公子市所封，穰為冉之本邑，此雲得宛穰，一也。穰封在前，益封陶在後，此雲廣陶，二也。穰，戰國時屬韓，《韓世家》、《秦記》、《年表》並雲取韓、穰，此雲攻楚，三也。軍大樑在秦昭三十二年（案張氏誤將此役與三十二年圍大樑，混為一事），取剛壽在秦昭三十七年，吳氏已辨之，四也。攻許、鄢陵，《世家》、《秦記》皆不書，五也。”今案：吳師道雲：“得許上當有攻魏字”，此雲“今日大樑亡，許、鄢陵必議，議則君必窮”，可知此事在秦攻魏得許、鄢陵之後，今不知秦得許、鄢陵在何年，因而不能確定此次攻大樑在何年。姑附編于此。
前272,272,周赧王四十三年（西元前二七二年）,1,史料,秦、齊、楚、燕、韓、趙、魏,秦昭王,,秦昭王三十五年，魏安釐王五年，韓桓惠王元年，趙惠文王二十七年，齊襄王十二年，楚頃襄王二十七年，燕惠王七年。
前272,272,周赧王四十三年（西元前二七二年）,2,史料,楚、燕、韓、魏,,伐、卒、立,[燕]惠王七年卒。韓、魏、楚共伐燕。燕武成王立。（《燕世家》）
前272,272,周赧王四十三年（西元前二七二年）,3,考案,秦、楚、燕、趙、晉,,伐、卒、立、殺,案：《索隱》雲：“《趙世家》趙惠文王二十八年，燕相成安君公孫操弑其王。樂資以為惠王也。徐廣按《年表》，是年燕武成王元年，武成即惠王子，則惠王為成安君弑明矣。此不言者，燕遠，諱不告，或太史公之說疏也。”今案：《燕世家》未言武成王為惠王子，《索隱》謂武成即惠王子，不確。《資治通鑒》書“燕惠王薨，子武成王立”，大謬。據《趙世家》，次年燕將成安君公孫操弑王，公孫操蓋封君兼相而專權者，殺惠王而擁立武成王。是年秦、楚助三晉伐燕，因燕內亂而干預之。次年公孫操殺惠王而擁武成王，武成王未逾年而改元，其實惠王八年見殺，《燕世家》因諱言見殺，而去“惠王七年卒”。
前272,272,周赧王四十三年（西元前二七二年）,4,史料,燕、韓,,伐,[韓]桓惠王元年伐燕。（《韓世家》）
前272,272,周赧王四十三年（西元前二七二年）,5,史料,燕、魏,,,魏安釐王五年擊燕。（《六國表》）
前272,272,周赧王四十三年（西元前二七二年）,6,史料,楚、燕,,,楚頃襄王二十七年擊燕。（《六國表》）
前272,272,周赧王四十三年（西元前二七二年）,7,考案,燕、韓,,,案：梁玉繩雲：“《韓表》當有‘擊燕’二字，各本俱脫。”
前272,272,周赧王四十三年（西元前二七二年）,8,史料,秦、楚、燕、晉,,伐,[楚頃襄王]二十七年使三萬人助三晉伐燕。複與秦平，而入太子為質于秦，楚使左徒侍太子于秦。（《楚世家》）
前272,272,周赧王四十三年（西元前二七二年）,9,史料,秦、楚、燕、韓、魏,秦昭王,伐,[秦昭王]三十五年佐韓、魏、楚伐燕，初置南陽郡。（《秦本紀》）
前272,272,周赧王四十三年（西元前二七二年）,10,考案,秦、齊、楚、燕、韓、趙、魏、晉、周、越、吳、宋,,伐、攻、救、滅、取,案：《燕策三》第一章雲：“齊、韓、魏共攻燕，燕使太子請救于楚，楚王使景陽將而救之……景陽怒……於是遂不救燕而攻魏雍丘，取之，以與宋。”鮑彪注：“燕惠王七年書韓、魏、楚共伐燕，他不書，則楚當是齊。此楚頃襄王二十七年。”梁玉繩從其說，以為“楚方救燕，不聞伐燕，即秦亦無擊燕之事，而趙未出師，又何雲三晉？然則伐燕者齊、韓、魏三國也，秦、趙不與也。楚乃救燕者也，《秦本紀》與《燕世家》同誤。”今案：吳師道駁鮑雲：“《策》有宋，蓋宋未滅時，豈得改楚為齊？”黃式三《周季編略》以為《燕策》所述，與此自是兩事。其說甚是。《楚世家》稱“使三萬人助三晉伐燕”當是事實。韓、魏不與燕接界，不能越趙而伐燕，趙必參與其事，《趙世家》失載。
前272,272,周赧王四十三年（西元前二七二年）,11,史料,秦、楚,白起,伐、取,[淯水]又南徑宛城東……秦襄王使白起為將，伐楚取郢，即以此地為南陽郡，改縣曰宛。（《水經·淯水注》）
前272,272,周赧王四十三年（西元前二七二年）,12,考案,秦,,,案：秦以宛為南陽郡治。
前272,272,周赧王四十三年（西元前二七二年）,13,史料,秦、楚,,,黃歇受約歸楚，楚使歇與太子完入質于秦，秦留之數年。（《春申君列傳》）
前272,272,周赧王四十三年（西元前二七二年）,14,考案,秦、楚,,,案：《楚世家》言是年“入太子為質于秦，楚使左徒侍太子于秦”，蓋黃歇時為左徒。《資治通鑒》稱左徒黃歇，當有所據。
前272,272,周赧王四十三年（西元前二七二年）,15,史料,秦、楚、周,,,楚以左徒黃歇侍太子完為質于秦。（《資治通鑒》周赧王四十三年）
前272,272,周赧王四十三年（西元前二七二年）,16,史料,趙,,,[趙惠文王]二十七年，徙漳水武平南。封趙豹為平陽君。河水出，大潦。（《趙世家》）
前272,272,周赧王四十三年（西元前二七二年）,17,考案,秦、趙,,,案：《集解》曰：“《戰國策》曰：趙豹，平陽君，惠文王母弟。”今案《趙策四》第十四章記趙惠文王時諒毅見秦王曰：“趙豹，平原君，親寡君之母弟也。”
前272,272,周赧王四十三年（西元前二七二年）,18,史料,秦,,立、滅、殺,及昭王立，義渠王朝秦，遂與昭王母宣太后通，生二子。至赧王四十三年，宣太后誘殺義渠王于甘泉宮，因起兵滅之，始置隴西、北地、上郡焉。（《後漢書·西羌傳》）
前272,272,周赧王四十三年（西元前二七二年）,19,考案,秦、周,秦昭王,伐、立、滅、會、殺,案：蒙文通《周秦少數民族研究》“義渠與匈奴”條雲：“《秦本紀》言昭王二十年王之上郡北河，此義渠滅始置地也。以前例後，則列傳言殺義渠王甘泉宮，遂伐殘義渠，應在二十年以前，則赧王四十三年，為衍‘四’字，正昭王之五年，而義渠滅也。”此說不可信。考《戰國策·秦策三》及《範雎列傳》，雎入秦，待命歲余，昭王始見之，曰：“寡人宜以身受令久矣。會義渠之事急，寡人日自請太后。今義渠之事已，寡人乃得以身受命。”是時昭王已立三十六年。足證《後漢書·西羌傳》之說不誤，當在秦昭王三十五年，即周赧王四十三年。《大事記》列之于周赧王四十四年，蓋誤後一年。
前271,271,周赧王四十四年（西元前二七一年）,1,史料,秦、齊、楚、燕、韓、趙、魏,秦昭王,,秦昭王三十六年，魏安釐王六年，韓桓惠王二年，趙惠文王二十八年，齊襄王十三年，楚頃襄王二十八年，燕武成王元年。
前271,271,周赧王四十四年（西元前二七一年）,2,史料,齊、趙、周,廉頗、藺相如,伐、攻,[趙惠文王]二十八年，藺相如伐齊，至平邑。罷城北九門大城。（《趙世家》，《六國表》亦作“藺相如攻齊，至平邑”）案：“罷城北九門大城”，謂邯鄲“大城”中地處“城北”之“九門”（苑囿名），廢棄不用。已說明在周赧王六年案語中。後四年（指攻防陵、安陽之後四年，即趙惠文王二十八年），藺相如將而攻齊，至平邑而罷。（《廉頗藺相如列傳》）
前271,271,周赧王四十四年（西元前二七一年）,3,史料,秦、齊,,伐、取,[秦]昭王三十六年，相國穰侯言客卿灶，欲伐齊取剛、壽以廣其陶邑。（《穰侯列傳》）
前271,271,周赧王四十四年（西元前二七一年）,4,考案,秦、齊、周,,伐、取,案：《資治通鑒》周赧王四十五年載：“穰侯言客卿灶于秦王，使伐齊，取剛、壽以廣陶邑。”是《資治通鑒》作者所見《史記》，“客卿灶”下有“于王”兩字。黃式三雲：“言客卿灶當作用客卿灶言。”
前271,271,周赧王四十四年（西元前二七一年）,5,史料,秦、齊、燕、趙、晉、越、吳,,伐、攻、卒,秦客卿造謂穰侯曰：“秦封君以陶，藉君天下數年矣。攻齊之事成，陶為萬乘，長小國，率以朝天子（鮑本無“率”字，帛書《戰國縱橫家書》作“率以朝”），天下必聽，五伯之事也。攻齊不成，陶為鄰恤而莫之據也（“鄰恤”，鮑注：“言近于憂”，金正煒雲：“疑恤或為殉之訛。”帛書作“廉監”，帛書編者注：“廉、鄰聲近，監、恤形近而誤。廉監即磏礛，磨玉之粗石”）。故攻齊之于陶也，存亡之機也。君欲成之，何不使人謂燕相國曰：‘聖人不能為時，時至而弗失（鮑本無“而”字，帛書“而”作“亦”）。舜雖賢，不遇堯也，不得為天子。湯、武雖賢，不當桀、紂不王。故以舜、湯、武之賢，不遭時，不得帝王。今攻齊（姚本“今”作“令”，帛書作“今天下攻齊”），此君之大時也已。因天下之力，伐仇國之齊，報惠王之恥，成昭王之功，除萬世之害，此燕之長利，而君之大名也。《書》雲（“書”，鮑本作“詩”，注：“詩，逸《詩》。”偽古文《泰誓》：“樹德務滋，除惡務本。”黃丕烈《劄記》雲：“東晉偽古文以為《泰誓》耳，《策》文當本作詩，後人誤以古文改作書也。”）：樹德莫如滋，除害莫如盡（帛書“害”作“怨”）。吳不亡越，越故亡吳。齊不亡燕，燕故亡齊。齊亡于燕，吳亡於越，此除疾不盡也。非以此時成君之功（“非以”從鮑本，姚本作“以非”，帛書亦作“非以”），除君之害，秦卒有他事而從齊，齊、趙合（鮑本“趙”作“秦”，帛書作“趙”），其仇君必深矣。挾君之仇以誅于燕，後雖悔之，不可得也已。君悉燕兵而疾僭之（鮑本“僭”作“攻”，吳師道雲：“當作從。”金正煒雲：“疑為儧。”帛書作“贊”，帛書編者注：“贊，助。《秦策》作僭，字形相近而誤”），天下之從君也，若報父子之仇。誠能亡齊，封君于河南，為萬乘，達途于中國，南與陶為鄰，世世無患。願君之專志于攻齊而無他慮也。”（《秦策三》第二章，帛書《戰國縱橫家書》第十九章大體相同）
前271,271,周赧王四十四年（西元前二七一年）,6,史料,秦、齊、燕、趙、越、吳,,伐、攻,胃(謂)穰侯：“秦封君以陶，假君天下數年矣。攻齊之事成，陶為萬乘，長小國，率以朝，天下必聽，五伯之事也。攻齊不成，陶為廉監(編者讀為“磏礛”，磨玉粗石)，而莫[之]據。故攻齊之于陶也，存亡之幾(機)也。君欲成之，侯不使人胃(謂)燕相國曰(“侯”當從《秦策》作“何”)：“聖人不能為時，時至亦弗失也。舜雖賢，非適思(遇)堯，不王也。湯、武雖賢，不當桀、紂，不王天下。三王者皆賢矣，不曹(遭)時不王。今天下攻齊，此君之大時也。因天下之力，伐仇國之齊，報惠王之聦(恥)，成昭襄王之功，除萬世之害，此燕之利也，而君之大名也。《詩》曰：樹德者莫如茲(滋)，除怨者莫如盡。吳不亡越，越故亡吳。齊不亡燕，燕故亡齊。吳亡于越，齊亡于燕，餘(除)疾不盡也。非以此時也，成君之功，除萬世之害，秦有它事而從齊，齊、趙親，其仇君，必深矣。挾君之仇以于燕(編者注：當依《秦策》作以誅于燕)，後雖悔之，不可得已。君悉燕兵而疾贊之，天下之從於君也，如報父子之仇。誠為鄰(據《秦策》相校，誠字下脫十九字：能亡齊，封君于河南，為萬乘，達途于中國，南與陶。蓋帛書抄錄時脫去一簡)，世世無患。願君之刳(專)志于攻齊而毋有它慮也。”(帛書《戰國縱橫家書》第十九章)
前271,271,周赧王四十四年（西元前二七一年）,7,考案,秦、齊、燕、趙、魏、周、代,秦昭王,伐、攻、取,案：《穰侯列傳》言秦昭王三十六年穰侯納客卿灶之言，灶欲攻齊取剛、壽以廣陶邑。而《秦本紀》言三十六年客卿灶攻齊取剛、壽予穰侯。《周季編略》遂謂是年“魏冉納灶言，遂使灶攻齊剛、壽”。《田世家》及《六國表》又列秦擊齊剛、壽在齊襄王十四年，即秦昭王三十七年。《周季編略》又列“秦攻齊剛、壽”在周赧王四十五年，即秦昭王三十七年，蓋以秦攻取剛、壽經歷兩年。而《資治通鑒》則記“穰侯言客卿灶于秦王，使伐齊，取剛、壽以廣其陶邑”于周赧王四十五年。今從《穰侯列傳》定穰侯納客卿灶之言在周赧王四十四年，即秦昭王三十六年，從《田世家》與《六國表》定伐取剛、壽在次年。近人馬雍謂：《策》文言“報惠王之恥，成昭王之功”，“惠王之恥”即指齊田單破燕軍之事，秦昭王三十六年正當燕武成王元年，惠王初死，《趙世家》載惠文王二十八年燕將成安君公孫操弑其王，《燕世家·索隱》引“燕將”作“燕相”，此年正是燕武成王元年，故知公孫操所弑者即燕惠王，本章之燕相國即公孫操。（《帛書戰國縱橫家書各篇年代和歷史背景》，收入《戰國縱橫家書》）其說甚是。
前271,271,周赧王四十四年（西元前二七一年）,8,史料,秦、齊、楚、魏、晉、鄭,秦昭王、楚懷王,卒、立、稱帝、拔,范睢者(“睢”，當作“睢”，下同)，魏人也，字叔。遊說諸侯，欲事魏王，家貧無以自資，乃先事魏中大夫須賈。須賈為魏昭王使于齊，范睢從。留數月，未得報。齊襄王聞睢辯口，乃使人賜睢金十斤及牛酒，睢辭謝不敢受。須賈知之，大怒，以為睢持魏國陰事告齊，故得此饋，令睢受其牛酒，還其金。既歸，心怒睢，以告魏相。魏相，魏之諸公子，曰魏齊。魏齊大怒，使舍人笞擊睢，折脅摺齒。睢詳(佯)死，即卷以簀，置廁中。賓客飲者醉，更溺睢，故僇辱以懲後，令無妄言者。睢從簀中謂守者曰：“公能出我，我必厚謝公。”守者乃請出棄簀中死人。魏齊醉，曰：“可矣。”范睢得出。後魏齊悔，複召求之。魏人鄭安平聞之，乃遂操范睢亡，伏匿，更名姓曰張祿。當此時，秦昭王使謁者王稽于魏。鄭安平詐為卒，侍王稽。王稽問：“魏有賢人可與俱西遊者乎？”鄭安平曰：“臣裡中有張祿先生，欲見君，言天下事。其人有仇，不敢晝見。”王稽曰：“夜與俱來。”鄭安平夜與張祿見王稽。語未究，王稽知范睢賢，謂曰：“先生待我于三亭之南。”與私約而去。王稽辭魏去，超載范睢入秦。至湖，望見車騎從西來。范睢曰：“彼來者為誰？”王稽曰：“秦相穰侯東行縣邑。”范睢曰：“吾聞穰侯專秦權，惡內諸侯客，此恐辱我，我甯且匿車中。”有頃，穰侯果至，勞王稽，因立車而語曰：“關東有何變？”曰：“無有。”又謂王稽曰：“謁君得無與諸侯客子俱來乎？無益，徒亂人國耳。”王稽曰：“不敢。”即別去。范睢曰：“吾聞穰侯智士也，其見事遲，鄉者疑車中有人，忘索之。”於是范睢下車走，曰：“此必悔之。”行十餘裡，果使騎還索車中，無客，乃已。王稽遂與范睢入咸陽。已報使，因言曰：“魏有張祿先生，天下辯士也。秦王之國危於累卵，得臣則安。然不可以書傳也。臣故載來。”秦王弗信，使舍食草具。待命歲餘。當是時，昭王已立三十六年。南拔楚之鄢郢，楚懷王幽死于秦。秦東破齊。湣王嘗稱帝，後去之。數困三晉。厭天下辯士，無所信。（《范睢列傳》）
前271,271,周赧王四十四年（西元前二七一年）,9,考案,秦、楚、韓、魏、吳、宋,范雎、秦昭王,會,案：範雎之“雎”，《戰國策》、《資治通鑒》皆作“雎”，《資治通鑒》胡三省注、吳師道《戰國策補》皆雲：“音雖。”《史記》各種版本“雎”“雎”雜出，張文虎雲：“宋本、毛本作‘雎’，《漢書·古今人表》同，它本‘雎’‘雎’雜出。”《史記會注考證》雲：“慶長本標記雲：雎，七余反，蓋騶誕生音。”《韓非子·外儲說左上》、《武梁祠石刻畫像》皆作“範且”。錢大昕《武梁祠堂畫像跋尾》與《通鑒注辨正》以及梁玉繩《古今人表考》均以作“雎”為是。錢氏雲：“戰國、秦、漢人多以且為名，讀子餘切，且旁或加隹。”“且”“雎”音同字通，如《魏世家》唐雎，《魏策四》與《楚策三》均作“唐且”，是其例證。作“雎”者乃“雎”之形誤。范雎入秦，《列傳》書于秦昭王三十六年，《大事記》從之，《資治通鑒》載于明年。
前271,271,周赧王四十四年（西元前二七一年）,10,史料,燕、趙,,,[趙惠文王二十八年]燕將成安君公孫操弑其王。（《趙世家》）
前271,271,周赧王四十四年（西元前二七一年）,11,考案,燕、趙,,卒、立、殺,案：《集解》徐廣曰：“《年表》雲是燕武成王元年。”《索隱》雲：“按樂資雲其王即惠王。”《燕世家·索隱》引《趙世家》作“燕相成安君公孫操弑其王”，疑作“相”為是。蓋是年公孫操以封君兼相而專權，殺燕惠王而擁立武成王。武成王未逾年而改元，故《六國表》以是年為燕武成王元年。《燕世家》諱言惠王見殺，乃謂惠王七年卒而武成王立。
前270,270,周赧王四十五年（西元前二七0年）,1,史料,秦、齊、楚、燕、韓、趙、魏,秦昭王,,秦昭王三十七年，魏安釐王七年，韓桓惠王三年，趙惠文王二十九年，齊襄王十四年，楚頃襄王二十九年，燕武成王二年。
前270,270,周赧王四十五年（西元前二七0年）,2,史料,秦、齊、楚,,,[齊襄王]十四年秦擊我剛、壽。（《田世家》，《六國表》作“秦、楚擊我剛、壽”）
前270,270,周赧王四十五年（西元前二七0年）,3,考案,秦、楚,,,案：梁玉繩謂《六國表》“楚”字衍，《秦記》、《田完世家》、《穰侯列傳》、《範雎列傳》無“楚”字。
前270,270,周赧王四十五年（西元前二七0年）,4,史料,秦、齊,秦昭王,攻、取,[秦昭王]三十六年客卿灶攻齊，取剛、壽予穰侯。（《秦本紀》）
前270,270,周赧王四十五年（西元前二七0年）,5,考案,秦、齊、韓、魏、越,,攻、取,案：秦取剛、壽，當從《編年記》、《田世家》、《六國表》，定在昭王三十七年。《秦本紀》“六”乃“七”字之誤。“剛”亦或作“綱”，《範雎列傳》記雎曰：“夫穰侯越韓、魏而攻齊綱、壽，非計也。”
前270,270,周赧王四十五年（西元前二七0年）,6,史料,秦,秦昭王,,[秦昭王]卅七年□寇剛。（秦簡《編年記》）
前270,270,周赧王四十五年（西元前二七0年）,7,考案,秦、齊、楚、韓、魏、越,,伐、攻,案：《編年記》所記秦攻伐別國之事皆稱“攻”，惟此用貶詞作“寇”，或者以為此乃作者對穰侯越韓、魏而攻齊綱、壽，表示指斥。但《編年記》中未見有反對穰侯之意圖。原文此三字並不清楚，第一字不能辨識，第二、三兩字，右側殘缺。因而所識“寇”字，恐不確。
前270,270,周赧王四十五年（西元前二七0年）,8,史料,秦、楚、周、宋,,立、取、會,范子因王稽入秦，獻書昭王曰：“臣聞明主蒞政（《範雎列傳》）“蒞”作“立”)，有功者不得不賞，有能者不得不官，勞大者其祿厚，功多者其爵尊，能治眾者其官大，故不能者不敢當其職焉（《傳》“不能”作“無能”），能者亦不得蔽隱（《傳》“能”作“有能”）。使以臣之言為可，則行而益利其道（《傳》“則”作“願”），若將弗行（《傳》作“以臣之言為不可”），則久留臣無為也。語曰：“人主賞所愛而罰所惡（“人主”，《傳》作“庸主”，姚注：“《後語》作庸主”），明主則不然，賞必加于有功，刑必斷於有罪。”今臣之胸不足以當椹質，要不足以待斧鉞，豈敢以疑事嘗試于王乎？雖以臣為賤而輕辱，臣獨不重任臣者後無反復于王前耶？（《傳》作“獨不重任臣之無反復于王邪”。鮑本“王前”作“前者”，金正煒雲：“王”字當從《鮑本》省)臣聞周有砥厄（“厄”，《傳》作“砭”。《史記會注考證》雲：“砭，秘閣本作厲，三條本作礪”），宋有結綠，梁有懸黎（《傳》“黎”作“藜”），楚有和璞（《傳》“璞”作“樸”），此四寶者，工之所失也（《傳》作“土之所生、良工之所失也”），而為天下名器，然則聖王之所棄者（金正煒雲：“聖王，疑當作世主。”“王”改作“主”為是），獨不足以厚國家乎？臣聞善厚家者，取之于國；善厚國者，取之于諸侯；天下有明主，則諸侯不得擅厚矣。是何故也？（鮑本無“故”字，《傳》作“何也”）為其凋榮也（姚注：“凋榮”，曾、錢、劉一作“凋弊”。《史記》“割榮”，《後語》“害榮”。“凋”疑“害”之誤），良醫知病人之死生，聖主明於成敗之事，利則行之，害則舍之，疑則少嘗之，雖堯、舜、禹、湯複生（《傳》無“堯”“湯”二字），弗能改已。語之至者，臣不敢載之於書；其淺者又不足聽也。意者臣愚而不闔于王心耶？（“闔”，《傳》作“概”，《索隱》引《戰國策》作“關”）亡其言臣者將賤而不足聽耶？（“亡”，姚本作“已”，錢本、曾本作“亡”。王引之雲：“亡其，轉語詞也。”《傳》亦作“亡”）非若是也（《傳》作“自非然者”），則臣之志，願少賜遊觀之間，望見足下而入之。”（《傳》作“望見顏色，一語無效，請伏斧質”。《史記會注考證》：“秘閣、楓山、三條本無顏色二字。”）書上，秦王說之，因謝王稽說（姚注：“一無說字。”《傳》作“乃謝王稽”），使人持車召之（《傳》作“使以傳車召範雎”）。（《秦策三》第八章，《範雎列傳》大體相同）
前270,270,周赧王四十五年（西元前二七0年）,9,史料,秦、齊、楚、韓、趙、魏、周、越、吳、中山,范雎、齊湣王,伐、攻、卒、立、滅、拔、會、賂、殺、奔,範雎至(“雎”當作“雎”，下同)，秦王庭迎，謂範雎曰(鮑本無“謂”字，《範雎列傳》作“遂延迎，謝曰”。黃丕烈雲：“考《史記》，謂或謝字誤也。”)：“寡人宜以身受令久矣。會義渠之事急(“會”原作“今日”，《傳》作“會”。王念孫曰：“下既雲今義渠之事已，則上文義渠之事急二句乃追敘之詞，今日二字，即會字之訛。”今改正)，寡人日自請太后(《傳》“日”作“旦暮”)。今義渠之事已，寡人乃得以身受命(鮑本無“得”字，《傳》無“以身”二字)，躬竊閔然不敏，敬執賓主之禮。”範雎辭讓。是日見範雎見者(“是日”下“見”字，《傳》作“觀”)，無不變色易容者(《傳》作“群臣莫不灑然變色易容者)。秦王屏左右，宮中虛無人，秦王跪而請曰(鮑本“請”作“進”，《傳》“跪”作“跽”)：“先生何以幸教寡人？”範雎曰：“唯，唯。”有間，秦王複請(《傳》作“秦王複跽而請曰：“先生何以幸教寡人”)。範雎曰：“唯唯。”若是者三，秦王跽曰：“先生不幸教寡人乎？”(《傳》“生”下有“卒”字，“乎”作“邪”)范雎謝曰：“非敢然也。臣聞始時呂尚之遇文王也(《傳》“始”作“昔”)，身為漁父而釣于渭陽之濱耳(《傳》“渭陽之濱”作“渭濱”)。若是者，交流也。已一說而立為太師(曾本無“一說”二字，《傳》無“一字”)，載與俱歸者，其言深也。故文王果收功于呂尚(《傳》“果”作“遂”)，卒擅天下而身立為帝王(《傳》作“而卒王天下”)。即使文王疏呂尚而弗與深言(“尚”原作“望”，《傳》作“尚”，今據改，使上下文一律。“即”《傳》作“鄉”)，是周無天子之德，而文、武無與成其王也(《傳》“王”下有“業”字)。今臣，羈旅之臣也，交疏于王，而所願陳者，皆匡君之事(原本作“之之事”，鮑本上“之”字作“臣”。今從《傳》刪“之”字)。處人骨肉之間，願以陳臣之陋忠(《傳》作“願效愚忠”)，而未知王心也，所以王三問而不對者是也。臣非有所畏而不敢言也，知今日言之於前，而明日伏誅於後，然臣弗敢畏也。大王信行臣之言，死不足以為臣患，亡不足以為臣憂，漆身而為厲，被發而為狂，不足以為臣恥。五帝之聖焉而死，三王之仁焉而死，五伯之賢焉而死，烏獲之力焉而死（以上四句“焉”字原脫，據姚引錢本及《傳》增補，“烏獲”下《傳》有“任鄙”），奔、育之勇焉而死（《傳》作“成荊、孟賁、王慶忌、夏育之勇焉而死”，“奔”“賁”乃同音通用）。死者，人之所必不免也。處必然之勢，可以少有補于秦，此臣之所大願也。臣何患乎？（《傳》作“臣又何患哉”）伍子胥囊載而出昭關，夜行而晝伏，至於蔆水（《傳》作“陵水”，《索隱》引劉氏雲：“陵水即栗水也”）。無以餌其口（“餌”當從《傳》改作“糊”），坐行蒲服（《傳》作“坐”作“膝”，“服”作“伏”。按“坐行”即“膝行”，見《左傳》昭公二十六年注。《傳》下有“稽首肉袒，鼓服吹篪”兩句，《集解》徐廣曰：“篪一作簫”），乞食于吳市，卒興吳國，闔廬為霸（《傳》作“霸”作“伯”）。使臣得進謀如伍子胥（《傳》“進謀”作“盡謀”），加之以幽囚，終身不復見（鮑本無“終身”，《傳》有“終身”），是臣說之行也，臣何憂乎？箕子、接輿漆身而為厲，被發而為狂，無益于殷、楚（《傳》“殷、楚”作“主”）。使臣得同行于箕子、接輿（《傳》無“接輿”二字），可以補所賢之主，是臣之大榮也。臣又何恥乎？臣之所恐者，獨恐臣死之後，天下見臣盡忠而身蹶也（《傳》作“身死”），是以杜口裹足，莫肯即秦耳（《傳》“即”作“鄉”）。足下上畏太后之嚴，下惑奸臣之態，居深宮之中，不離保傅之手（《傳》“保傅”作“阿保”），終身暗惑（《傳》作“迷惑”），無與照奸（《傳》“照”作“昭”），大者宗廟滅覆，小者身以孤危。此臣之所恐耳！若夫窮辱之事，死亡之患，臣弗敢畏也。臣死而秦治，賢於生也。”（《傳》作“是臣死賢于生”）秦王曰：“先生是何言也。夫秦國僻遠，寡人愚不肖，先生乃幸至此（《傳》“幸至此”作“幸辱至於此”），此天以寡人恩先生（“愚，《後語》作授。”《傳》亦作“愚”，《集解》徐廣曰：“亂先生也。音溷”），而存先王之宗廟也“宗”字原脫，從《傳》補）。寡人得受命于先生，此天所以幸先王而不棄其孤也。先生奈何而言若此？事無大小，上及太后，下至大臣，願先生悉以教寡人，無疑寡人也。”范睢再拜，秦王亦再拜。范睢曰：“大王之國，北有甘泉、谷口，南帶涇、渭，右隴、蜀，左關、阪，戰車千乘，奮擊百萬（《傳》於此下有“利則出攻，不利則入守，此王者之地也。民怯於私鬥而勇於公戰，此王者之民也。王並此二者而有之”）。以秦卒之勇，車騎之多，以當諸侯（《太平御覽》四六〇引“當”作“赴”，《傳》“多”作“眾”，“當”作“治”），譬若馳韓盧而逐蹇兔也（鮑本“馳”作“施”，“蹇”作“駑”，《傳》“馳”作“施”，“蹇”作“搏”），霸王之業可致（《傳》於此下有“而群臣莫當其位”）。今反閉關而不敢窺兵于山東者（姚本無“關”字，此從鮑本。《傳》“今反閉關”作“至今閉關十五年”），是穰侯為國謀不忠，而大王之計有所失也。”王曰：“願聞所失計。”（《傳》於此下有“然左右多竊聽者，范睢恐，未敢言內，先言外事，以觀秦王之俯仰”）睢曰（《傳》作“因進曰》：“大王越韓、魏而攻強齊（《傳》作“夫穰侯越韓魏而攻齊綱壽”），非計也。少出師，則不足以傷齊，多之，則害于秦。臣意王之計，欲少出師，而悉韓、魏之兵也，則不義矣。今見與國之不可親，越人之國而攻，可乎？疏于計矣。昔者齊人伐楚戰勝（《傳》作“且昔齊湣王南攻楚”），破軍殺將，再辟千里（《傳》“辟”下有“地”字），膚寸之地無得者（《傳》作“而齊尺寸之地無得焉者”），豈齊不欲地哉？（《傳》作“豈不欲得地哉”）形弗能有也（《傳》“形”作“形勢”）。諸侯見齊之罷露（《傳》“露”作“弊”），君臣之不親（《傳》“親”作“和”），舉兵而伐之（《傳》作“興兵而伐齊”），主辱軍破為天下笑（《傳》作“大破之，士辱兵頓，皆咎其王”。《傳》在此下有“曰：誰為此計者乎？王曰文子為之，大臣作亂，文子出走”）。所以然者（《傳》作“故齊所以大破者”），以其伐楚而肥韓、魏也。此所謂藉賊兵而齎盜食者也（《傳》“藉”作“借”，“食”作“糧”）。王不如遠交而近攻，得寸則王之寸，得尺亦王之尺也。今舍此而遠攻(《傳》“舍”作“釋”)，不亦繆乎？且昔者，中山之地方五百里，趙獨擅之(《傳》“擅”作“吞”)，功成、名立、利附(《傳》作“功成名立而利附焉”)，則天下莫能害。今韓、魏，中國之處，而天下之樞也。王若欲霸(《傳》“若”作“其”)，必親中國而以為天下樞，以威楚、趙；趙強則楚附，楚強則趙附(《傳》作“楚強則附趙，趙強則附楚”)，楚、趙附(《傳》“附”上有“皆”字)，則齊必懼，懼必卑辭重幣以事秦(《傳》“懼”上有“齊”字)，齊附而韓、魏可虛也。”(《傳》“虛”作“虜”)王曰：“寡人欲親魏(《傳》“魏”下有“久矣”)，魏多變之國也，寡人不能親。請問親魏奈何？”範雎曰：“卑辭重幣以事之。不可，削地而賂之。不可，舉兵而伐之。”於是舉兵而攻邢丘(《傳》作王曰：“寡人敬聞命矣。”乃拜範雎為客卿，謀兵事。卒聽範雎謀，使五大夫綰伐魏，拔懷。後二歲，拔邢丘）。邢丘拔而魏請附。(《秦策三》第九章，《範雎列傳》大體相同而有不少增補)
前270,270,周赧王四十五年（西元前二七0年）,10,史料,秦、齊、韓、魏、越,范雎,伐,穰侯、華陽君，昭王母宣太后之弟也；而涇陽君、高陵君皆昭王同母弟也。穰侯相，三人者更將，有封邑，以太后故，私家富重於王室。及穰侯為秦將，且欲越韓、魏而伐齊綱、壽，欲以廣其陶封。範雎乃上書曰：“（“雎”當作“雎”，下同。范雎上書，見《秦策三》第八章，《範雎列傳》大體相同，已見前，此從略）
前270,270,周赧王四十五年（西元前二七0年）,11,史料,秦、齊、楚、韓、趙、魏、越、中山,秦昭王、齊湣王,伐、攻、卒、立、拔、賂、殺,於是秦昭王大說，乃謝王稽，使以傳車召范睢。於是范睢乃得見於離宮，詳為不知永巷而入其中。王來而宦者怒，逐之，曰：“王至！”范睢繆為曰：“秦安得王？秦獨有太后、穰侯耳。”欲以感怒昭王。昭王至，聞其與宦者爭言，遂延迎，謝曰：（案秦昭王延迎范睢，謝睢，睢因而進言，見《秦策三》第九章，《范睢列傳》大體相同，已見前，此從略）范睢拜，秦王亦再拜。范睢曰：“大王之國，四塞以為固，北有甘泉、谷口，南帶涇、渭，右隴、蜀，左關、阪，奮擊百萬，戰車千乘，利則出攻，不利則入守，此王者之地也。民佐於私鬥而勇於公戰，此王者之民也。王並此二者而有之。夫以秦卒之勇，車騎之眾，以治諸侯，譬若施韓盧而搏蹇兔也，霸王之業可致也，而群臣莫當其位。至今閉關十五年，不敢窺兵于山東者，是穰侯為秦謀不忠，而大王之計有所失也。”秦王跽曰：“寡人願聞失計。”然左右多竊聽者，范睢恐，未敢言內，先言外事，以觀秦王之俯仰。因進曰：“夫穰侯越韓、魏而攻齊綱、壽，非計也。少出師則不足以傷齊，多出師則害于秦。臣意王之計，欲少出師而悉韓、魏之兵也，則不義矣。今見與國之不親也，越人之國而攻，可乎？其于計疏矣。且昔齊湣王南攻楚，破軍殺將，再辟地千里，而齊尺寸之地無得焉者，豈不欲得地哉，形勢不能有也。諸侯見齊之罷弊，君臣之不和也，興兵而伐齊，大破之。士辱兵頓，皆咎其王，曰：‘誰為此計者乎？’王曰：‘文子為之。’大臣作亂，文子出走。故齊所以大破者，以其伐楚而肥韓、魏也。此所謂借賊兵而齎盜糧者也。王不如遠交而近攻，得寸則王之寸也，得尺亦王之尺也。今釋此而遠攻，不亦繆乎！且昔者中山之國地方五百里，趙獨吞之，功成名立而利附焉，天下莫之能害也。今夫韓、魏，中國之處而天下之樞也，王其欲霸，必親中國以為天下樞，以威楚、趙。楚強則附趙，趙強則附楚，楚、趙皆附，齊必懼矣。齊懼，必卑辭重幣以事秦。齊附而韓、魏因可虜也。”昭王曰：“吾欲親魏久矣，而魏多變之國也，寡人不能親。請問親魏奈何？”對曰：“王卑詞重幣以事之；不可，則割地而賂之；不可，因舉兵而伐之。”王曰：“寡人敬聞命矣。”乃拜范睢為客卿，謀兵事。卒聽范睢謀，使五大夫綰伐魏，拔懷。（《范睢列傳》）
前270,270,周赧王四十五年（西元前二七0年）,12,史料,秦、齊、魏、晉、越,秦昭王,伐、攻,魏人范睢自謂張祿先生，譏穰侯之伐齊，乃越三晉以攻齊也，以此時奸說秦昭王。昭王於是用范睢。（《穰侯列傳》）
前270,270,周赧王四十五年（西元前二七0年）,13,考案,秦、齊、楚、燕、韓、趙、魏、晉、周、越,白起、范雎、秦昭王、齊湣王、燕昭王,伐、攻、卒、合縱、滅、取、殺、奔,案：據《範雎列傳》，秦昭王三十六年雎入秦，“待命歲餘”，得見秦王。進獻遠交近攻之策，事在秦滅義渠與取齊剛、壽之後，《資治通鑒》列于周赧王四十五年，即秦昭王三十七年，甚確。《大事記》、《周季編略》等系之于秦昭王三十六年，不確。《範雎列傳》所載雎進獻遠交近政策略之說辭，較《秦策三》第九章有所增訂，蓋別有所據。錢大昕雲：“范雎說秦在昭王三十六年，是時秦用白起破趙、魏及楚者屢矣，而穰侯方出兵攻綱、壽，安有閉關十五年之事。”此固為浮誇之辭，不合事實。梁玉繩又謂：“《國策》既誤，史公所增又誤。湣王二十三年伐楚有功，至四十年諸侯伐齊，敗於濟西，相越已十八年。且濟西之役，實燕欲報齊，故合秦、楚、三晉以伐之，何曾因攻楚罷敝而興兵乎？此史公仍《策》之誤也。齊敗濟西，孟嘗謝相印歸老于薛，將十年矣，而曰文子為之哉？當是別一人。至所謂大臣作亂，文子出走，乃閱王三十年田甲劫王之事，在敗濟西前十年，不得並為一案，此史公增益之誤也。”梁氏此說，誤解範雎之說。范雎以齊遠攻近交之失誤為教訓，向昭王進獻遠交近攻之策，齊湣王重用孟嘗，合韓、魏攻楚，破軍殺將，辟地於千里之外，其勢不能據有，繼而合縱攻秦伐燕，連年大戰，雖得勝利，使齊罷敝，成為後來齊敗破原因之一。齊之君臣不和，田甲劫王而孟嘗君出走，因而國力削弱，成為後來齊敗破原因之二。孟嘗君出奔入魏，為魏相國，常與趙將韓徐為合謀攻齊，又促使燕昭王伐齊，見於《戰國縱橫家書》，成為促成秦合縱伐齊之因素。《孟嘗君列傳》稱孟嘗君為魏相，“西合秦、趙與燕共伐破齊。”《範雎列傳》稱範雎進說秦王，謂齊大破之後，“士辱兵頓，皆咎其王曰：誰為此計者乎？王曰：文子為之。”並非出於史公增益之誤。或人謂周冣曰：“薛公[背]故主，輕忘其薛，不顧其先君之丘墓。”(《東周策》第二十一章)即指薛公主謀伐齊之事。薛公嘗為魏謂秦相魏冉曰：“君不如勸秦王令弊邑卒攻齊之事，齊破，文請以所得封君。”(《秦策三》第一章)即是“西合秦、趙與燕共伐破齊”之計謀。
前270,270,周赧王四十五年（西元前二七0年）,14,史料,秦、齊、周,,攻、取,[周赧王]四十五年，周君之秦，客謂周取曰：“公不若譽秦王之孝，因以應為太后養地，秦王必喜，是公有秦交。交善，周君必以為公功。交惡，勸周君入秦者，必有罪矣。”秦攻周，而周取謂秦王曰：“為王計者不攻周。攻周，實不足以利，聲畏天下。天下以聲畏秦，必東合于齊，兵弊于周。合天下于齊，則秦不王矣。天下欲弊秦，勸王攻周。秦與天下弊，則令不行矣。”（《周本紀》）
前270,270,周赧王四十五年（西元前二七0年）,15,史料,秦、周,,取,周君之秦。謂周取曰：“不如譽秦王之孝也，因以原為太后養地（“原”本作“應”，《周本紀·索隱》引《策》文作“原”，今據改），秦王、太后必喜，是公有秦也。交善，周君必以為公功，交惡，勸周君入秦者，必有罪矣。”（《西周策》第五章）
前270,270,周赧王四十五年（西元前二七0年）,16,史料,秦、齊、周,,攻、取,秦欲攻周，周取謂秦王曰：“為王之國計者不攻周（鮑本“王之國”作“國之”），攻周，實不足以利國而聲畏天下。天下以聲畏秦，必東合于齊。兵弊于周而合天下于齊，則秦孤而不王矣。是天下欲罷秦，故勸王攻周。秦與天下罷（“罷”上原有“俱”字，《周本紀》無“俱”字。王念孫雲：“與猶為也，謂秦為天下所罷也，後人不達與字之義而加入俱字”，今刪），則令不橫行于周矣。”（《西周策》第十三章）
前270,270,周赧王四十五年（西元前二七0年）,17,考案,齊、周,,,案：《周本紀·索隱》雲：“冣，音詞喻反。周之公子也。”《周本紀》周赧王五十八年“則固有周聚以收齊”。《集解》徐廣曰：“一作冣，冣亦古之聚字。”據此可知周冣即周聚，今本《史記》、《戰國策》多數訛為周最。“冣”為古“聚”字，與“最”音義本別，至南北朝始混同，說詳段玉裁《說文解字注》。
前270,270,周赧王四十五年（西元前二七0年）,18,考案,秦、魏、晉、周、魯,范雎,,又案：《周本紀》“應”，《策》文作“原”。應在今河南魯山東，原在今河南濟源西北。《索隱》雲：“原，周地”，《正義》雲：“應城此時屬周”，均不確。原為魏邑，應當已入秦。張宗泰雲：“考秦昭襄王時范雎封應侯，應本屬秦。其先請以為太后養地，說自可通。至原為周邑，周襄王以賜晉文公。三家分晉，地歸於魏，周何能以魏之地必其予秦，以奉養太后也。竊以為此等處皆當時隨意而為之說，固不可以為依據也。”（《魯嚴所學集》）當從《周本紀》作“應”為是。
前269,269,週報王四十六年（西元前二六九年）,1,史料,秦、齊、楚、燕、韓、趙、魏,秦昭王,,秦昭王三十八年，魏安釐王八年，韓桓惠王四年，趙惠文王三十年，齊襄王十五年，楚頃襄王三十年，燕武成王三年。
前269,269,週報王四十六年（西元前二六九年）,2,史料,秦,秦昭王,,[秦昭王]卅八年閼輿。（秦簡《編年記》）
前269,269,週報王四十六年（西元前二六九年）,3,史料,秦、趙,秦昭王,攻、取,[秦昭王]三十八年中更胡傷攻趙閼與，不能取。（《秦本紀》）
前269,269,週報王四十六年（西元前二六九年）,4,史料,秦、韓、趙,,攻、圍,[趙惠文王]二十九年(當作三十年)秦、韓相攻，而圍閼與，趙使趙奢將，擊秦，大破秦軍閼與下，賜號為馬服君。(《趙世家》)
前269,269,週報王四十六年（西元前二六九年）,5,史料,秦、趙,,攻、拔,趙惠文王二十九年（當作三十年）秦拔我閼與（“拔”當作“攻”），趙奢將擊秦，大敗之，賜號曰馬服。（《六國表》）
前269,269,週報王四十六年（西元前二六九年）,6,史料,秦、韓、趙,,拔,韓桓惠王三年(當作四年)秦擊我閼與城，不拔。(《六國表》，此條有誤，閼與為趙地，非韓地)
前269,269,週報王四十六年（西元前二六九年）,7,史料,秦、韓、趙,,伐、救,[南水]又東北徑梁榆城南，即閼與故城也。秦伐韓閼與（“韓”當作“趙”），惠文王使趙奢救之，奢納許曆之說，破秦於閼與，謂此也。司馬彪、袁山松《郡國志》並言涅縣有閼與聚。盧諶《征艱賦》曰：訪梁榆之虛郭，吊閼與之舊都。閼駟亦雲閼與，今梁榆城是也。（《水經·清漳水注》，“閼駟”原誤作“桓”，今改正）
前269,269,週報王四十六年（西元前二六九年）,8,史料,秦、韓、趙、周,廉頗、藺相如、秦昭王,伐、攻、圍、取、拔,棠：趙破秦于闕與，《趙世家》、《六國表》、《廉頗藺相如列傳》均列于趙惠文王二十九年，即秦昭王三十七年，惟《秦本紀》在昭王三十八年。考秦簡《編年記》亦在三十八年，當以《秦本紀》為是。《資治通鑒》記趙奢大敗秦師于闕與于周，報王四十五年即秦昭王三十七年，又記秦胡傷攻趙闕與不拔於次年，誤分一事於兩年。《大事記》、《戰國紀年》、《周季編略》皆沿其誤。闕與之“與”，《編年記》作“輿”，同音通假。《秦本紀》、《廉頗藺相如列傳》及《六國表》之《趙表》以闕與為趙地，而《六國表》之《韓表》又以為韓地，《趙世家》又謂“秦、韓相攻而圍闕與”。《水經·清漳水注》亦稱“秦伐韓闕與”，楊守敬《水經注疏》以為闕與趙地，“闕與”上當補“軍於”二字。據《正義》引《括地志》，闕與有三處，一在潞州銅鞮縣西北，今山西沁縣南，一在儀州和順縣，今山西和順縣，一在洺州武安西南，今河北武安。當從《水經注》，定闕與在今山西和順為是。《秦始皇本紀》載十一年“王翦攻闕與轅陽”。轅陽在今山西左權，即在和順西南約八十裡，兩地相鄰，同時為王翦所攻取。
前269,269,週報王四十六年（西元前二六九年）,9,史料,秦、楚、趙、魏、衛、鄭,廉頗、藺相如,伐、攻、救、卒、拔,秦攻趙藺、離石、祁，拔，趙以公子郚為質于秦，而請內焦、黎、牛狐之城，以易藺、離石、祁于秦(“秦”原作“趙”，從鮑本改)。趙背秦，不予焦、黎、牛狐。秦王怒，令公子繒請地。趙王乃令鄭朱對曰：“夫藺、離石、祁之地，曠遠于趙，而近於大國。有先王之明與先臣之力，故能有之。今寡人不逮，其社稷之不能恤，安能收恤藺、離石、祁乎？寡人有不令之臣，實為此事也，非寡人之所敢知。”卒倍秦。秦王大怒，令衛胡易伐楚(“易”原作“易”，從黃丕烈改正。易、陽、傷，古音同通用)，攻閼與，趙奢將救之。魏令公子咎以銳師居安邑以挾秦。秦敗於閼與，反，攻魏幾(《廉頗藺相如列傳·索隱》引《策》文“反”作“及”)。廉頗救幾，大敗秦師。(《趙策三》第四章)
前269,269,週報王四十六年（西元前二六九年）,10,考案,秦、趙、周,秦昭王,攻、取、拔,案：秦攻取趙藺、離石、祁，事當秦昭王三十五、三十六年，即周赧王三十三、三十四年，在秦使胡傷攻闕與之前十二、十三年。據《趙策》文，秦使胡傷攻趙闕與，由於趙請納焦、黎、牛狐三城換取藺、離石、祁三邑，失約背秦。蓋秦攻拔藺、離石、祁三邑在十二、十三年之前，而趙請納三城以易藺、離石、祁三邑則當為不久之事。
前269,269,週報王四十六年（西元前二六九年）,11,考案,秦、韓、趙,廉頗、藺相如,伐、攻、圍、救,又案：《秦本紀》言“胡傷攻趙闕與”，而《趙世家》又雲：“秦、韓相攻而圍闕與”，楊守敬調停兩說，雲：“闕與實趙地，但與韓境相接耳。本秦伐韓，故史雲秦、韓相攻，溯其始也，而波及趙地，故史又雲：秦攻趙地闕與也。”（《水經注疏》卷十)今案此說不可信。據《趙策》文，秦王因趙失約背秦，大怒而令胡陽伐趙攻闕與，與韓無涉也。《廉頗藺相如列傳》作“秦伐韓，軍于闕與”。趙王召廉頗、樂乘、趙奢問而欲救之。亦不確。《資治通鑒》改作“秦伐趙圍闕與”。趙王召廉頗、樂乘、趙奢問而欲救之，甚是。《廉頗列傳》稱趙王令趙奢將而救之，大破秦軍，“秦軍解而走，遂解闕與之圍而歸”。闕與既為趙地，若秦伐韓，波及趙地，秦竟以重兵圍攻趙城，於情理不合。
前269,269,週報王四十六年（西元前二六九年）,12,考案,秦、齊、韓、趙、魏、晉、代,秦昭王,伐、攻、圍,又案：《策》言“魏令公子咎以銳師居安邑以挾秦”，鐘鳳年《戰國策勘研》雲：“考《年表》，秦昭王二十一年（當趙惠文十三年）魏已納安邑，則斯時尚何能以銳師居之？”《大事記》則雲：“豈戰國之時城邑往來不常，是時或屬魏與？”考秦昭王三十四年，秦圍魏大樑，須賈為魏說秦相穰侯雲：“且君之得地豈必以兵哉！割晉國，秦兵不攻，而魏必效絳、安邑。”見於《魏策三》、《穰侯列傳》及《戰國縱橫家書》。同年秦將益甲四萬以伐齊，蘇代為齊獻書穰侯曰：“秦得安邑，善齊以安之，亦必無患矣，秦有安邑，則韓、魏必無上黨矣。”可知秦昭王三十四年安邑尚為魏地。蓋秦昭王二十一年魏納安邑于秦後，一度又收復安邑。
前269,269,週報王四十六年（西元前二六九年）,13,考案,秦、韓、趙、魏、周,廉頗、藺相如,伐、攻、圍、救、立、滅、取、會,又案：《策》言“秦敗于闕與，反，攻魏幾”，鐘鳳年雲：“秦既敗于闕與，魏更躡其後，乃竟反攻魏幾，豈非自取覆滅？所言殊多可疑。”此說亦非。周赧王三十九年廉頗取魏幾，幾遂為趙邑。呂祖謙《大事記》謂《策》文所謂魏幾者，“因其本魏地而稱之也”，非攻魏地。幾在今河北大名東南，秦從闕與敗退，不可能又繞道反攻至此。“反”當讀為“返”，當讀為句，謂因敗于闕與而退兵，“攻魏幾”，乃另一戰役。于鬯《戰國策年表》系闕與之戰于周赧王四十五年，系廉頗救幾在次年。蓋有見於此。秦伐韓，軍於閼與。王召廉頗而問曰：“可救不？”對曰：“道遠險狹，難救。”又召樂乘而問焉，樂乘對如廉頗言。又召問趙奢，奢對曰：“其道遠險狹，譬之猶兩鼠鬥於穴中，將勇者勝。”王乃令趙奢將，救之。兵去邯鄲三十裡，而令軍中曰：“有以軍事諫者死。”秦軍軍武安西，秦軍鼓噪勒兵，武安屋瓦盡振。軍中候有一人言急救武安，趙奢立斬之。堅壁，留二十八日不行，複益增壘。秦間來入，趙奢善食而遣之。間以報秦將，秦將大喜曰：“夫去國三十裡而軍不行，乃增壘，閼與非趙地也。”趙奢既已遣秦間，乃卷甲而趨之（《史記會注考證》雲：“楓”、“三”本“趨”上有“行”字。《太平御覽》二百九十三引《戰國策》“趨”上亦有“行”字），二日一夜至，令善射者去閼與五十裡而軍。軍壘成，秦人聞之，悉甲而至。軍士許曆請以軍事諫，趙奢曰：“內之。”許曆曰：“秦人不意趙師至此，其來氣盛，將軍必厚集其陣以待之。不然，必敗。”趙奢曰：“請受令。”許曆曰：“請就鐵質之誅。”趙奢曰：“胥後令邯鄲。”許曆複請諫（《索隱》本“複請”作“請複”），曰：“先據北山上者勝，後至者敗。”趙奢許諾，即發萬人趨之。秦兵後至，爭山不得上，趙奢縱兵擊之，大破秦軍。秦軍解而走，遂解閼與之圍而歸。趙惠文王賜奢號為馬服君，以許曆為國尉。趙奢於是與廉頗、藺相如同位。（《廉頗藺相如列傳》）
前269,269,週報王四十六年（西元前二六九年）,14,考案,秦、韓、趙,廉頗,伐、圍、救,案：《太平御覽》二百九十二引《戰國策》雲：“秦師圍趙闕與，趙將趙奢救之，去趙國都三十裡不進，秦間來，奢善食遣之，間以報！秦將以為奢師怯弱而止不行，奢即隨而卷甲趨秦師，擊破之。”蓋概括引之。《太平御覽》二百九十三引上文，自“秦伐韓”至“秦人聞之，悉甲而至”，加上結句“奢縱兵擊破之，闕與圍解”，共一百八十六字。《太平御覽》三百三十一引“許曆曰”云云，又引“先據北山上者勝”至“大破秦軍”，加結句“遂解闕與之圍”，皆謂引自《戰國策》。可知《太平御覽》作者所見《戰國策》有與《廉頗列傳》相同之文，今佚。又案：《索隱》雲：王粲詩雲：“許曆為完士，一言猶敗秦”，是言趙奢用其計，遂破秦軍也。江遂曰：“漢令稱完而不髡曰耐，是完士未免從軍也。”所謂“完而不髡”，即僅去鬢須，不剃其發者。可知許曆曾受耐刑而從軍者。“完”原指不加肉刑髡剃而罰服勞役者。
前269,269,週報王四十六年（西元前二六九年）,15,考案,趙,,殺,又案：“趙奢曰：胥後令邯鄲許曆複請諫”，《索隱》讀“胥後令”為句，以“邯鄲”屬下文，並以“邯鄲”為“欲戰”之訛。《索隱》雲：“案胥須古人通用，今者須後令。謂胥為須，須者待也，待後令，謂許曆之言，更不擬誅之，故更待後令也。”又雲：“按‘邯鄲’二字，當為欲戰，謂臨戰之時，許曆複諫也。”《資治通鑒》胡三省注，讀“胥”為句，“後令邯鄲”為句，雲：“許曆請刑，趙奢令其且待也，蓋謂敢諫者死，邯鄲之令耳，今既自邯鄲進軍近闕與矣，許曆之諫固在邯鄲之後，不當用邯鄲之令以殺之，故曰後令邯鄲。”錢大昕讀“胥後令邯鄲”為句，雲：“趙都邯鄲，謂須待趙王之令也。”梁玉繩贊同其說。以上三說，以《索隱》之說為愜。
前269,269,週報王四十六年（西元前二六九年）,16,考案,秦、齊、韓、趙、魏、吳、中山,廉頗,攻、圍、救、取,又案：《趙世家·正義》釋馬服君曰：“因馬服山為號也。”虞喜《志林》雲：“馬，兵之首也。號馬服者，言能服馬也。”《括地志》雲：“馬服山，邯鄲縣西北十裡也。”按《正義》之說非是，虞喜之說是也。《趙世家》《六國表》《廉頗列傳》皆謂賜號為馬服君。馬服應為封號，而非封地之名。《趙策三》第十六章載魏牟謂趙王曰：“且王之先帝，駕犀首而驂馬服，以與秦角逐”，先帝即指趙惠文王，所謂“駕犀首而驂馬服”，即指重用趙奢為將與秦在闕與決戰，“駕犀首”是用來陪襯“驂馬服”之形容詞，但由此可知“馬服”亦如“犀首”同為戰將之稱號而非封地名。《廉頗列傳·集解》引張華曰：“趙奢家在邯鄲界西山上，謂之馬服山。”可知馬服山因葬趙奢而得名，並非由於趙奢封於此地。趙惠文王三十年，相都平君田單問趙奢曰（鮑本“都平”改作“平都”）：“吾非不說將軍之兵法也，所以不服者，獨將軍之用眾。用眾者，使民不得耕作，糧食挽賃，不可給也，此坐而自破之道也，非單之所為也。單聞之，帝王之兵，所用者不過三萬，而天下服矣。今將軍必負十萬之十萬之眾乃用之，此單之所不服也。”馬服曰（鮑本“曰”上有“君”字）：“君非徒不達於兵也，又不明其時勢，夫吳幹之劍（《荀子·強國》篇楊注引作“吳幹將之劍”，鮑注從其說，金正煒以為不確。《呂氏春秋·疑似》篇亦雲：“患劍之似吳幹者。”幹為國名），肉試則斷牛馬，金試則截盤匜，薄之柱上而擊之，則折為三，質之石上而擊之，則碎為百。今以三萬之眾而應強國之兵，是薄柱擊石之類也（鮑本“類”作“謂”）。且夫吳幹之劍材難，夫毋脊之厚而鋒不入（鮑本“毋”作“無”），無脾之薄而刃不斷，兼有是兩者（鮑本“兩”作“二”），無釣旱鐔蒙須之便（姚注：曾本“須”作“頃”。鮑本“釣”作“鉤”，“旱”作“罕”，又改作“竿”。吳師道謂：“旱即咢字，鍔同，刃鋒也。”孫詒讓《劄逡》疑“旱”當作“票”，即“鏢”，刀劍鞘下飾也），操其刃而刺，則未入而手斷。君無十萬二十萬之眾（“十萬”原作“十余”，從吳師道改正），而為此釣旱鐔蒙須之便，而徒以三萬行於天下，君焉能乎？且古者四海之內，分為萬國，城雖大，無過三百丈者；人雖眾，無過三千家者，而以集兵三萬距，此奚難哉？今取古之為萬國者，分以為戰國七，能具數十萬之兵（鮑本“能”上補“不”字），曠日持久數歲，即君之齊已。齊以二十萬之眾攻荊，五年乃罷；趙以二十萬之眾攻中山，五年乃歸，今者，齊、韓相方而國圍攻焉，豈有敢曰我其以三萬救是者乎哉？今千丈之城、萬家之邑相望也。而索以三萬之眾圍千丈之城，不存其一角，而野戰不足用也，君將以此何之？”都平君喟然大息曰：“單不至也。”（《趙策三》第一章）
前269,269,週報王四十六年（西元前二六九年）,17,考案,秦、齊、燕、韓、趙、吳,,攻、卒,案：鮑彪據章首“趙惠文王三十年，相都平君田單”句，謂是年單已為趙相。雲：“孝成元年，單將趙師攻燕，二年為相。蓋相平都(案：鮑改“都平”為“平都”)而將之，實自惠文。至孝成，乃攻燕複相也。”然據《趙世家》，田單並無兩度拜相之事。金正煒《補釋》雲，“‘相都平君’之上疑脫‘齊’字，是時單猶未相趙也。”黃式三《編略》系于赧王四十六年，趙惠文王三十年，曰：“齊安平君田單如趙，見馬服君趙奢。”鐘鳳年《勘研》雲：“此既與攻燕策(案，指《趙策四》第七章)無相關明文，或單于趙惠文王三十年曾一游趙，亦未可知。”而林春溥《紀年》、顧觀光《編年》據《趙世家》孝成二年田單為相與章首“相都平君田單”，系此策于赧王五十一年，趙孝成王二年。吳師道《補正》又有一說，雲：“《史記·趙世家》，惠文王三十三年卒，孝成王元年，田單將趙師攻燕及韓，二年，田單為相。此稱都平君，是仍齊相之稱。都平即安平也。……惠文王三十年，正趙奢破秦軍闕與之戰後一載，單未至趙也。疑‘三十年’下有缺文。”吳氏蓋以此策與《趙世家》孝成元年單將趙師同時。今案，吳氏謂此策安平君田單仍為齊相，其說是也。本章有明確紀年，吳、顧諸氏疑“趙惠文王三十年”之下有脫文，並無確證。又趙奢譏單“非徒不達於兵也，又不明其時勢”。若此時單已為趙相，且于上年率趙師敗燕、韓，趙奢置辭決不能如此率意為之。辭中又屢舉齊為證，當因田單仍任齊相之故。故此策當從黃、金、鐘氏之說，系于赧王四十六年，趙惠文王三十年。
前269,269,週報王四十六年（西元前二六九年）,18,史料,燕、趙,,攻,又案，于鬯《戰國策注》謂惠文三十年燕攻趙，趙“求安平君將”即在是年。此乃田單入趙之緣起，說詳赧王五十年《趙策四》第七章案語。
前269,269,週報王四十六年（西元前二六九年）,19,史料,秦,秦昭王,,秦昭王三十八年上郡大饑。（《太平御覽》九十五引《洪範五行傳》）
前269,269,週報王四十六年（西元前二六九年）,20,史料,秦、齊、楚、燕、韓、趙、魏,秦昭王,,週報王四十七年（西元前二六八年）秦昭王三十九年，魏安釐王九年，韓桓惠王五年，趙惠文王三十一年，齊襄王十六年，楚頃襄王三十一年，燕武成王四年。
前269,269,週報王四十六年（西元前二六九年）,21,史料,秦,秦昭王,攻,[秦昭王]卅九年攻懷。（秦簡《編年記》）
前269,269,週報王四十六年（西元前二六九年）,22,史料,秦、魏,,拔,[魏安釐王]九年秦拔我懷。（《魏世家》，《六國表》作“秦拔我懷城”）
前269,269,週報王四十六年（西元前二六九年）,23,史料,秦、魏,秦昭王,伐、卒、拔,[秦昭王]卒聽範雎謀，使五大夫綰伐魏拔懷。（《範雎列傳》）
前269,269,週報王四十六年（西元前二六九年）,24,史料,秦、齊、楚、趙,,攻、救,昔者秦人下兵攻懷，服其人，三國從之，趙奢、鮑佞將（姚注“佞一作接”），楚有四人起而從之，臨懷而不救，秦人去而不從，不識三國之憎秦而愛懷邪？忘其憎懷而愛秦邪（鮑本“忘”作“亡”，王引之曰：“忘與亡同，亡其，轉語詞也”？夫攻而不救，去而不從，是以三國之兵困（鮑本“以”下補“知”字），而趙奢、鮑佞之能也（金正煒曰：“能”下當有脫文，或“也”為“弛”之缺損半字”），故裂地以敗于齊。（《趙策二》第二章蘇子謂秦王）
前269,269,週報王四十六年（西元前二六九年）,25,考案,秦、韓、魏、晉,,伐、攻、圍、取、拔,案：《秦本紀》載昭王四十一年“夏攻魏，取邢丘、懷”，此誤以秦攻取魏懷與攻取邢丘在同年。《範雎列傳》言“使五大夫綰伐魏拔懷，後二歲拔邢丘”，是也。秦簡《編年記》亦記攻懷在昭王卅九年，攻邢丘在卅一年。《秦本紀·集解》引《韓詩外傳》：“武王伐紂，到于邢丘，勒兵于甯，更名邢丘曰懷，甯曰修武。”（見於卷三第十三章）此以懷與邢丘為一地而前後異名，其實不然。《左傳》宣公六年“赤狄伐晉，圍懷及邢丘”，可知明為二邑。懷在今河南武陟縣西南，邢丘在今河南溫縣東二十裡，兩地鄰近。
前269,269,週報王四十六年（西元前二六九年）,26,史料,秦、齊、楚、燕、韓、趙、魏,秦昭王,,秦昭王四十年，魏安釐王十年，韓桓惠王六年，趙惠文王三十二年，齊襄王十七年，楚頃襄王三十二年，燕武成王五年。[秦昭襄王]四十年悼太子死魏，歸葬芷陽。（《秦本紀》）秦昭王四十年太子質于魏者死，歸葬芷陽。（《六國表》）秦昭王十年太子死。（《呂不韋列傳》）
前269,269,週報王四十六年（西元前二六九年）,27,史料,秦、魏,,,[魏安釐王]十年秦太子外質于魏死。（《魏世家》）
前269,269,週報王四十六年（西元前二六九年）,28,考案,秦、齊、楚、韓、魏、周,張儀、范雎、秦惠王、秦昭王,攻、卒、合縱、連橫,案：悼太子當為秦昭王之太子，悼為死後之諡，《周季編略》雲：“秦太子質于魏卒，稱曰悼太子。”是也。馬非百《秦集史·質子表》雲：“若秦之出質，則既非求和，又非乞援，而全為遠交近攻政策之運用，乃屬於攻勢外交，與六國之僅屬於守勢外交者大異其趣。……范雎說昭王，親中國以為天下樞，以實現其遠交近攻之政策，則使悼太子出質于魏，此其彰明較著者也。”此說非是。秦之出質子於他國，當應合其推行合縱連橫政策之需要。當秦惠王時，張儀當國而推行連橫之政策，欲連韓、魏而攻齊、楚，因使公子繇出質于魏。悼太子出質于魏，當在範雎推行遠交近攻政策之前。范雎欲遠交齊、楚而近攻韓、魏，則不必出質子于魏。悼太子之出質，當在魏冉當權而欲合韓、魏以攻齊之時。
前266,266,周赧王四十九年（西元前二六六年）,1,史料,秦、齊、楚、燕、韓、趙、魏,秦昭王,,秦昭王四十一年，魏安釐王十一年，韓桓惠王七年，趙惠文王三十三年，齊襄王十八年，楚頃襄王三十三年，燕武成王六年。
前266,266,周赧王四十九年（西元前二六六年）,2,史料,秦,秦昭王,攻,[秦昭王]卅一年攻邢丘。（秦簡《編年記》）
前266,266,周赧王四十九年（西元前二六六年）,3,史料,秦、魏,,攻、取,[秦昭襄王]四十一年夏攻魏，取邢丘、懷。（《秦本紀》，取懷在上二年，此誤下二年）
前266,266,周赧王四十九年（西元前二六六年）,4,史料,秦、魏,,拔,[魏安釐王]十一年秦拔我郪丘。（《魏世家·集解》徐廣曰：“郪丘一作廩丘，又作邢丘。”）
前266,266,周赧王四十九年（西元前二六六年）,5,史料,秦、魏,,拔,魏安釐王十一年秦拔我廩丘。（《六國表·集解》徐廣曰：“或作邢丘。”）
前266,266,周赧王四十九年（西元前二六六年）,6,史料,秦、魏,,伐、卒、拔,後二歲（指秦王卒聽範雎謀，使大夫綰伐魏拔懷之後二年），拔邢丘。（《範雎列傳》）
前266,266,周赧王四十九年（西元前二六六年）,7,史料,秦、魏,,伐、攻、拔、賂,[秦]王曰：“寡人欲親魏，魏多變之國也，寡人不能親，請問親魏奈何？”範雎曰：“卑辭重幣以事之，不可，削地而賂之，不可，舉兵而伐之。”於是舉兵而攻邢丘，邢丘拔而魏請附。（《秦策三》第九章）
前266,266,周赧王四十九年（西元前二六六年）,8,考案,秦、齊、趙、魏,蘇秦,伐、攻、取,案：是年秦取魏邢丘，《魏世家》作郪丘，《六國表》作廩丘，梁玉繩以為當從《魏世家》作郪丘，雲：“廩丘乃齊地，時屬於趙。郪丘為汝南郡新郪縣，春秋時屬齊，六國時屬魏。《漢書·地理志》應劭注雲：秦伐魏取郪丘，可為證據矣。若邢丘之地，久入于秦，不待是時始取，故魏襄王時蘇秦說魏，歷數魏地不及邢丘，而《魏世家》安釐王十一年信陵君謂魏王曰：秦固有懷、茅、邢丘也，則非是時始取可知。”此說不可從。秦簡《編年記》、《秦本紀》、《範雎列傳》以及《秦策三》第九章皆作邢丘，以邢丘為是。應劭之說不足為是年伐魏取郪丘之證。《漢書·地理志》汝南郡有新郪縣，應劭注：“秦伐魏，取郪丘，漢興為新郪。”新郪在今安徽界首縣東北，非是時秦所能攻取。蘇秦遊說魏襄王之辭，述及魏地有新郪而無邢丘，本出後世策士擬作，不足為據。《魏世家》載信陵君謂魏王一節，采自《魏策三》第八章，當隸週報王五十三年，即魏安釐王十五年，上距秦取邢丘已五年，自可謂“秦固有懷、茅、邢丘”也。
前266,266,周赧王四十九年（西元前二六六年）,9,史料,秦、韓、魏,,攻、拔,雎複說昭王曰（策文此節在“於是舉兵而攻邢丘，邢丘拔而魏請附”之下，鮑注：“雎複說也。”《範雎列傳》在“後二歲拔邢丘”下有此一節，開首作“客卿範雎複說昭王曰”。金正煒謂《策》文當從《史》補“雎複說昭王曰”六字）：“秦、韓之地形相錯如繡，秦之有韓，若木之有蠹（《傳》“若”作“譬如”），人之病心腹。天下有變（《傳》此句上有“天下無變則已”六字），為秦害者莫大于韓（《傳》“害”作“患”，“莫”作“孰”，“韓”下有“乎”字），王不如收韓。”王曰：“寡人欲收韓（《傳》作“吾固欲收韓”），韓不聽（“韓”字原無，姚注謂劉本有。鮑本亦有。《傳》亦有），為之奈何？”範雎曰：“舉兵而攻滎陽（《傳》作“韓安得無聽乎？王下兵而攻滎陽”），則成睪之路不通（《傳》作“則鞏、成皋之道不通”）；北斬太行之道（《藝文類聚》七引“斬”作“壍”，“斬”通“壍”，《傳》“斬”作“斷”），則上黨之兵不下（《傳》“兵”作“師”），一舉而攻滎陽（《傳》作“王一興兵攻滎陽”），則其國斷而為三（於鬯雲：“攻滎陽則四字涉上文而衍。”）。夫韓見亡（“夫”原作“魏”，鮑注：“衍魏字。”《傳》“魏”作“夫”，今據改），焉得不聽？若韓聽而霸事可成也。”（《傳》成也）作“慮矣”）王曰：“善。”（《秦策三》第九章，《範雎列傳》大體相同。“善”下有“且欲發使于韓”六字）
前266,266,周赧王四十九年（西元前二六六年）,10,考案,秦、韓、趙、魏、吳、鄭,白起、范雎、秦昭王,伐、攻、取、拔,案：范雎以韓為秦心腹之患，其遠交近攻之策略，重點即在攻韓，因而在“邢丘拔而魏請附”以後，即向昭王獻計，請舉兵攻韓；從河南與河北分兩路進擊。《趙策一》第十一章記：秦昭王謂公子他（“他”當作“池”）曰：“韓之在我，心腹之疾，吾將伐之。”公子他曰：“王出兵韓，韓必懼，懼則可以不戰而深取割。”王曰“善。”乃起兵；一軍臨滎陽，一軍臨太行，韓恐，使陽城君入謝于秦，請效上黨之地以為和。顧觀光以為“秦乃起兵，一軍臨滎陽，一軍臨太行，正用範雎說也”，其說甚是。秦昭王謂“韓之在我，心腹之疾”，即用範雎之說；分兵兩路進擊，主要在於“北斷太行之道”，即是范雎攻韓之謀。次年秦攻取韓之少曲、高平，後年白起攻取韓之陘城，三年秦攻取韓太行山南之南陽，四年秦又攻取韓之野王，從而切斷上党通韓都新鄭之孔道，即範雎“北斷太行之道”之攻韓戰略。吳師道雲：“昭王四十四年攻韓取南陽，絕太行道，皆行雎之謀也。”其說至確。
前266,266,周赧王四十九年（西元前二六六年）,11,史料,秦、齊、趙、吳、代,秦昭王,伐、攻、卒、立、取、會、殺,范睢曰(“睢”當作“雎”，下同)：“臣居山東，聞齊之內有田單（姚注：“一無內字，單，《後語》作文。”《範雎列傳》作“聞齊之有田文”），不聞其王（鮑本“王”上有“有”字，《傳》亦有“有”字）。聞秦之有太后、穰侯、涇陽、華陽、高陵，不聞其有王。夫擅國之謂王，能專利害之謂王(《傳》無“專”字)，制殺生之威之謂王。今太后擅行不顧，穰侯出使不報，涇陽、華陽擊斷無諱，高陵進退不請（原無此句，姚注謂曾本有，《傳》亦有，金正煒雲當補，以足四貴之數)，四貴備而國不危者，未之有也。為此四者下(《傳》“四”下有“貴”字)，乃所謂無王已。然則權焉得不傾，而令焉得從王出乎？臣聞善為國者(《傳》“為”作“治”)，內固其威而外重其權。穰侯使者操王之重，決裂諸侯(《傳》“裂”作“制于”)，剖符於天下，征敵伐國(《傳》“征敵”作“政適”，《集解》徐廣曰：“音征敵”)，莫敢不聽。戰勝攻取，則利歸於陶，國弊禦于諸侯(《傳》“弊”作“弊”，《索隱》雲：“弊者斷也。禦，制也。言穰侯執權，以制禦主斷于諸侯。”吳師道曰：“下章利盡歸於陶，國之幣帛云云，恐有缺誤。”金正煒曰：“按下章，利盡歸於陶，國之幣帛竭入太后之家”，則此文弊即幣也，幣弊古通用。禦，進也”)；戰敗則怨結于百姓，而禍歸社稷。《詩》曰：“木實繁者披其枝，披其枝者傷其心。大其都者危其國，尊其臣者卑其主。”淖齒管齊之權(《傳》“淖齒”上誤衍“崔杼”二字)，縮閔王之筋(《傳》作“射王股，擢王筋”)，縣之廟梁，宿昔而死。李兌用趙(《傳》“用”作“管”)，減食主父(《傳》作“囚主父于沙丘”)，百日而餓死。今秦太后、穰侯用事(《傳》“今”下有“臣聞”)，高陵、華陽、涇陽佐之(原無“華陽”二字，據曾本及《傳》增補)，卒無秦王，此亦淖齒、李兌之類已(此句下，《傳》有“且夫三代所以亡國者”云云一小節)。臣今見王獨立於廟朝矣(《傳》作“見王獨立於朝”)，且臣將恐後世之有秦國者，非王之子孫也！”秦王懼。於是乃廢太后，逐穰侯，出高陵，走涇陽、華陽于關外（原無“華陽”二字，據曾本及《傳》增補）。昭王謂范睢曰：“昔者齊公得管仲，時以為‘仲父’。今吾得子，亦以為父。”(《秦策三》第十章，《范睢列傳》大體相同，無章末昭王謂范睢“亦以為父”之語。《傳》記昭王謂平原君曰：“今範君亦寡人之叔父也”，金正煒雲：“亦以為父，當作亦以為叔父。”范睢日益親，複說用數年矣，因請間說曰：“臣居山東時，聞齊之有田文（《史記會注考證》：“秘閣、楓山、三條本田文作田單”）。不聞其有王也；聞秦之有太后、穰侯、華陽、高陵、涇陽，不聞其有王也。夫擅國之謂王，能利害之謂王，制殺生之威之謂王。今太后擅行不顧，穰侯出使不報，華陽、涇陽等擊斷無諱，高陵進退不請。四貴備而國不危者，未之有也。為此四貴者下，乃所謂無王也。然則權安得不傾，令安得從王出乎？臣聞善治國者，乃內固其威而外重其權。穰侯使者操王之重，決制于諸侯，剖符於天下，政適伐國，莫敢不聽。戰勝攻取則利歸於陶，國弊禦于諸侯；戰敗則結怨于百姓，而禍歸於社稷。詩曰‘木實繁者披其枝，披其枝者傷其心；大其都者危其國，尊其臣者卑其主’。崔杼、淖齒管齊（《史記會注考證》：“楓山、三條本無崔杼二字”，《秦策》亦無“崔杼”二字。“崔杼”二字當為衍文），射王股，擢王筋，縣之于廟梁，宿昔而死。李兌管趙，囚主父于沙丘，百日而餓死。今臣聞秦太后、穰侯用事，高陵、華陽、涇陽佐之，卒無秦王，此亦淖齒、李兌之類也。且夫三代所以亡國者，君專授政，縱酒馳騁弋獵，不聽政事。其所授者，妒賢嫉能，禦下蔽上，以成其私，不為主計，而主不覺悟，故失其國。今自有秩以上至諸大吏（《史記會注考證》：楓山、三條本“吏”作“史”），下及王左右，無非相國之人者。見王獨立於朝，臣竊為王恐，萬世之後（《史記會注考證》：秘閣、楓山、三條本“恐”下重“恐”字），有秦國者非王子孫也。”昭王聞之大懼，曰：“善。”於是廢太后，逐穰侯、高陵、華陽、涇陽君於關外。秦王乃拜范睢為相。收穰侯之印，使歸陶，因使縣官給車牛以徙（《史記會注考證》：秘閣、楓山、三條本“徙”作“從”），千乘有餘。到關，關閱其寶器，寶器珍怪多於王室。秦封范睢以應，號為應侯。當是時，秦昭王四十一年也。（《范睢列傳》）
前266,266,周赧王四十九年（西元前二六六年）,12,史料,秦,范雎、秦昭王,卒,范雎言宣太后專制，穰侯擅權于諸侯，涇陽君、高陵君之屬太侈，富於王室。於是秦昭王悟，乃免相國，令涇陽之屬皆出關，就封邑。穰侯出關，輜車千乘有餘。穰侯卒于陶，而因葬焉。秦複收陶為郡。（《穰侯列傳》）
前266,266,周赧王四十九年（西元前二六六年）,13,史料,秦,,伐、攻、立、滅、取,應侯謂昭王曰：“亦聞恒思有神叢與？恒思有悍少年，請與叢博，曰：‘吾勝叢，叢籍我神三日（鮑本籍作藉，下同），不勝叢，叢困我。’乃左手為叢投；右手自為投。勝叢，叢籍其神。三日，叢往求之，遂弗歸。五日而叢枯，七日而叢亡。今國者，王之叢；勢者，王之神。籍人以此，得無危乎？臣未嘗聞指大於臂，臂大於股，若有此，則病必甚矣。百人輿瓢而趨，不如一人持而走疾（姚注：“曾、錢、劉，一無疾字”。《太平御覽》七百六十二引有）。百人誠輿瓢（《太平御覽》七百六十二引“誠”作“試”），瓢必裂。今秦國，華陽用之，穰侯用之，太后用之，王亦用之。不稱瓢為器則已，已稱瓢為器（鮑本無“已”字），國必裂矣。臣聞之也：‘木實繁者枝必披，枝之披者傷其心。都大者危其國，臣強者危其主。’且今邑中自鬥食以上（“且今”原作“其令”，從金正煒據鮑本改正），至尉內史，及王左右，有非相國之人者乎？國無事則已；國有事，臣必見王獨立於庭也（“見”上原有“聞”字，鮑本無，與上章“臣今見王獨立於廟朝也”相合，與《範雎列傳》作“見王獨立於朝”亦同，今據刪）。臣竊為王恐，恐萬世之後，有國者非王子孫也。臣聞古之善為政也，其威內扶，其輔外布，四時治政（“四”，鮑本作“而”。金正煒雲：“改四為而，義仍未安，疑四下或脫時字”），不亂不逆，使者直道而行，不敢為非。今太后使者分裂諸侯，而符布天下，操大國之勢，強徵兵（鮑本作“征強兵”），伐諸侯，戰勝攻取，利盡歸於陶；國之幣帛，竭入太后之家；竟內之利，分移華陽。古之所謂危主滅國之道，必從此起。三貴竭國以自安，然則令何得從王出？權何得毋分？是王果處三分之一也。”（“王”上原有“我”字。姚注：“劉本無我字”，黃丕烈曰：“鮑衍我字”，今刪)（《秦策三》第十一章）
前266,266,周赧王四十九年（西元前二六六年）,14,考案,秦、齊、楚、韓、趙、魏,秦昭王,,案：穰侯魏冉、高陵君悝、涇陽君市與華陽君羋戎，時稱四貴。魏冉為宣太后之異父弟，羋戎為宣太后之同父弟，公子悝與市皆秦昭王之同母弟。魏冉于昭王十二年為相，已稱穰侯，封于新得韓之穰（在今河南鄧縣），昭王二十六年加封新得于齊之陶邑（今山東定陶）。公子市原封于涇陽（今陝西涇陽西北），故稱涇陽君，昭王十六年又封于新得楚之宛（今河南南陽）。公子悝初封于彭（當即彭衙，在今陝西澄城西北），後封高陵（今陝西高陵），故稱高陵君。昭王十六年又封于新得韓之鄧（今河南郾城東南），又稱為葉陽君。《趙策四》第十四章諒毅謂昭王曰：“趙豹、平原君親寡君之母弟也，猶大王之有葉陽君、涇陽君也。”《秦本紀》昭王四十五年“葉陽君悝出之國”。可見悝確又稱為葉陽君。于鬯《戰國策注》謂“蓋悝封鄧，鄧在河南郾城，當葉縣東南，故又稱葉陽”。此以葉陽即是鄧，恐不確。《魏策三》第八章朱己曰：“秦之葉陽、昆陽與舞陽鄰。”（《魏世家》同，《正義》引《括地志》雲：“葉陽今許州葉縣也。”可知葉陽即葉，葉在鄧之西，蓋同為悝之封邑，故又稱葉陽君。羋戎先封于華陽（今陝西華陰縣華山之陽），後又加封新得韓之新城（今河南密縣東南），故羋戎稱華陽君或新城君。“華”“葉”二字形近，常相混誤。《藝文類聚》二十五、《太平御覽》四百六十引《趙策》“猶大王之有葉陽君、涇陽君也”，“葉陽君”皆作“華陽君”。鮑彪辨之曰：“此言葉陽為王之母弟，則非戎矣，葉不可作華。”其說是。《秦本紀》“葉陽君悝出之國”，《集解》雲：“一雲華陽”，梁玉繩以葉陽為華陽之誤，當作華陽君羋戎為是。
前266,266,周赧王四十九年（西元前二六六年）,15,考案,秦、魏、吳,,伐、取,又案：《秦策三》第十章與《範雎列傳》所載廢太后、逐四貴之事，蓋出於遊士誇大，未可全信。呂祖謙、吳師道皆以《皇極經世》書“罷穰侯相國及宣太后權”為實。呂祖謙《大事記》曰：“《秦本紀》宣太后沒，書薨，書葬，初未嘗廢。魏公子無忌諫魏王親秦之辭，止曰：太後母也，而以憂死，亦未嘗言其廢。穰侯雖免相，猶以太后之故未就國，在太后既葬之後，始出之陶耳。《範雎列傳》所載，特辯士增飾之辭，欲誇範雎之事，而不知甚昭王之惡也。《皇極經世》曰罷穰侯相國及宣太后權，蓋得其實矣。”全祖望《經史問答》亦有類似之辨析。今案《秦策三》第十一章應侯謂昭王，“臣聞之也”以下，與《秦策三》第十章及《範雎列傳》所述，用意相同，但不以穰侯、華陽、高陵、涇陽為“四貴”，而以太后、穰侯、華陽為“三貴”，不及高陵、涇陽。謂三貴操大國之勢，伐諸侯而利歸“三貴”，朝廷中秦王僅“處三分之一”地位，將恐後世有國者非王之子孫，因而必須收回“三貴”所分去之權勢。此與《秦策三》第十章及《範雎列傳》所載範雎諫請廢太后、逐四貴之言論，蓋一事而兩傳。以兩者比較，當以第十一章所載諫請奪回“三貴”權勢為得實。《秦本紀》載昭王四十二年十月“宣太后薨，九月穰侯出之陶”，蓋是年秦用顓頊曆，以十月為歲首，宣太后死于歲首，穰侯就封至陶已在歲末。《魏策三》第八章朱己謂魏王曰：“故太後母也，而以憂死。穰侯舅也，功莫大焉，而竟逐之，兩弟無罪，而再奪之國。”是則高陵君、涇陽君取消封國，未被逐走。《秦本紀》載昭王四十五年“葉陽君悝出之國，未至而死”。《集解》雲：“一雲華陽”，當作“華陽君羋戎出之國”為是。若為葉陽君悝被逐，何以涇陽君又不逐，何以華陽君亦不逐？李斯《諫逐客書》雲：“昭王得範雎，廢穰侯，逐華陽，強公室，杜私門。”可知所逐者確為華陽。高陵、涇陽則未逐也。
前266,266,周赧王四十九年（西元前二六六年）,16,考案,齊,,會,又案：《範雎列傳》言“崔杼、淖齒管齊，射王股，擢王筋”，《索隱》雲：“言射王股，誤也。崔杼射莊公之股，淖齒擢湣王之筋，是說二君事也。”張文虎因謂“此兩王字皆主之論，下又雲：不為主計而主不覺悟，是其證”。《史記會注考證》雲：“楓山、三條本無‘崔杼’二字，與《策》合，可從。崔杼、淖齒，古今不類，下文亦不言崔杼，二字後人依《索隱》誤增，昔、夕通，《策》‘射王股，擢王筋’作‘縮閔王之筋’，義長。”其說是。考《索隱》、《集解》于“崔杼、淖齒管齊”下，解釋“淖齒”而不及“崔杼”，可知原無“崔杼”二字。
前266,266,周赧王四十九年（西元前二六六年）,17,考案,秦、韓、趙、魏、晉、魯,范雎、秦昭王,攻、取、拔,又案：《韓非子·定法》篇雲：“應侯攻韓八年，成其汝南之封。”據《秦策三》第九章，範雎複說秦昭王，以為攻韓而使“韓聽而霸事可成”，事在拔魏邢丘之後，當秦昭王四十一年。如韓非之說，應侯得封于應，當在昭王四十八年，正當秦破趙長平之後。范雎所封之應，《索隱》雲：“劉氏雲河東臨晉有應亭（案：臨晉在今陝西大荔東），則秦地有應也。又案：《秦本紀》以應為太后養地，解者雲在潁川之應鄉，未知孰是。”《正義》引《括地志》雲：“故應城，古應鄉，在汝州魯山縣東四十裡也。”顧觀光雲：“證以《秦策》，應侯失韓之汝南，說者謂與應鄰，則在汝州者是也。”今按韓非稱“應侯攻韓八年，成其汝南之封”，汝南即應，在今河南魯山縣東，秦攻韓，“北斷太行之道”，奪取上黨之地，原出範雎之謀，疑範雎即因攻韓得勝之功而封于應。《范雎列傳》謂範雎進說昭王廢太后、逐四貴而拜相後，即封于應而號為應侯，此亦遊士誇飾之辭耳。
前266,266,周赧王四十九年（西元前二六六年）,18,史料,秦、齊、楚、韓、趙、魏、吳、鄭,,伐、卒、取、會,范睢既相秦，秦號曰張祿，而魏不知，以為范睢已死久矣（《史記會注考證》雲：“秘閣、楓山本‘睢’下有‘良’字”）。魏聞秦且東伐韓、魏（《史記會注考證》：“秘閣、三條、楓山本‘東’下有‘兵’字），魏使須賈于秦。范睢聞之，為微行，敝衣閒步之邸，見須賈。須賈見之而驚曰：“范叔固無恙乎！”范睢曰：“然。”須賈笑曰：“范叔有說于秦邪？”曰：“不也。睢前日得過於魏相，故亡逃至此，安敢說乎！”（《史記會注考證》：秘閣、三條本“敢”下有“有”字）須賈曰：“今叔何事？”范睢曰：“臣為人庸賃。”須賈意哀之，留與坐飲食，曰：“范叔一寒如此哉！”乃取其一綈袍以賜之。須賈因問曰：“秦相張君，公知之乎？吾聞幸于王，天下之事皆決於相君。今吾事之去留在張君。孺子豈有客習於相君者哉？”范睢曰：“主人翁習知之。唯睢亦得謁，睢請為見君于張君。”須賈曰：“吾馬病，車軸折，非大車駟馬，吾固不出。”范睢曰：“願為君借大車駟馬於主人翁。”（《史記會注考證》：秘閣、楓山、三條本無“翁”字）范睢歸取大車駟馬，為須賈禦之，入秦相府。府中望見，有識者皆避匿。須賈怪之。至相舍門，謂須賈曰：“待我，我為君先入通於相君。”須賈待門下（《史記會注考證》：秘閣本無“待門下”三字），持車良久，問門下曰：“范叔不出，何也？”門下曰：“無范叔。”須賈曰：“鄉者與我載而入者。”（《史記會注考證》：秘閣本“鄉”作“向”，楓山本“我”下有“俱”字）門下曰：“乃吾相張君也。”須賈大驚，自知見賣，乃肉袒膝行，因門下人謝罪。於是范睢盛帷帳，侍者甚眾，見之。須賈頓首言死罪，曰：“賈不意君能自致于青雲之上（《史記會注考證》：秘閣本句下有“制海內至於今”六字）。賈不敢複讀天下之書，不敢複與天下之事。賈有湯鑊之罪，請自屏于胡貉之地，唯君死生之！”范睢曰：“汝罪有幾？”曰：“擢賈之發以續賈之罪，尚未足。”范睢曰：“汝罪有三耳。昔者楚昭王時而申包胥為楚卻吳軍，楚王封之以荊五千戶（《史記會注考證》：秘閣、楓山、三條本無“荊”字），包胥辭不受，為丘墓之寄于荊也。今睢之先人丘墓亦在魏，公前以睢為有外心于齊而惡睢于魏齊，公之罪一也。當魏齊辱我於廁中，公不止，罪二也。更醉而溺我，公其何忍乎？罪三矣。然公之所以得無死者，以涕袍戀戀，有故人之意，故釋公。”乃謝罷。入言之昭王，罷歸須賈。須賈辭于范睢，范睢大供具，盡請諸侯使，與坐堂上，食飲甚設。而坐須賈於堂下，置巫豆其前，令兩黥徒夾而馬食之。數曰：“為我告魏王，急持魏齊頭來。不然者（《史記會注考證》：“秘閣、楓山、三條本無‘然’字，是”），我且屠大樑。”須賈歸，以告魏齊。魏齊恐，亡走趙，匿平原君所。范睢既相，王稽謂范睢曰：“事有不可知者三，有不可奈何者亦三。宮車一日晏駕，是事之不可知者一也。君卒然捐館舍，是事之不可知者二也。使臣卒然填溝壑，是事之不可知者三也。宮車一日晏駕，君雖恨於臣，無可奈何。君卒然捐館舍，君雖恨於臣，亦無可奈何。使臣卒然填溝壑，君雖恨於臣，亦無可奈何。”範雎不懌，乃入言于王曰：“非王稽之忠，莫能內臣於函谷關；非大王之賢聖，莫能貴臣。今臣官至於相，爵在列侯，王稽之官尚止於謁者，非其內臣之意也。”昭王召王稽，拜為河東守，三歲不上計。又任鄭安平，昭王以為將軍。範雎於是散家財物，盡以報所嘗困厄者（《史記會注考證》：“秘閣本嘗'下有與'字，楓山、三條本有共'字”）。一飯之德必償，睚眥之怨必報。（《範雎列傳》）
前266,266,周赧王四十九年（西元前二六六年）,19,史料,秦、齊、韓、趙、魏、晉,智伯、趙襄子、韓康子、魏桓子、秦昭王,伐、攻、圍、滅,秦昭王謂左右曰(《韓非子·難三》“謂”作“問於”。《說苑·敬慎》此句之上有“魏安釐王十一年》：“今日韓、魏，孰與始強？”(“日”，《韓非子》作“時”。此句《史記·魏世家》作“今時韓、魏與始孰強”，《說苑》作“今時韓、魏與秦孰強”)對曰：“弗如也。”(《韓非子》作“左右對曰：‘弱於始也’”。《史記》作“對曰：‘不如始強’”。《說苑》作“對曰：‘不如秦強’”)王曰：“今之如耳、魏齊(《史記》、《說苑》“之”作“時”。《韓非子》無“王曰”二字)，孰與孟嘗、芒卯之賢？”(《韓非子》此句作“孰與曩之孟常、芒卯”，常、嘗古通。《史記》、《說苑》“孰”在“賢”上，無“之”字)對曰：“弗如也。”(《韓非子》作“不及也”。《史記》作“不如”。《說苑》作“不如孟嘗、芒卯之賢”)王曰：“以孟嘗、芒卯之賢，帥強韓、魏之兵，以伐秦，猶無奈寡人何也(《韓非子》“孟嘗”上無“以”字。“芒卯”下無“之賢”字。“魏”下無“之兵以伐秦”五字。《史記》、《說苑》“帥”作“率”，下同。無“之兵”二字)。今以無能之如耳、魏齊，帥弱韓、魏以攻秦，其無奈寡人何，亦明矣。”(《韓非子》脫此句)左右皆曰：“甚然。”(《韓非子》“皆”作“對”。《說苑》無“甚”字)中期推琴對曰(今本《韓非子》作“中期推琴而對曰”。《索隱》引《韓非子》作“推瑟”。《史記》作“中旗馮琴而對曰”。《說苑》作“申旗伏瑟而對曰”。《索隱》引《後語》“推琴”作“伏琴”）：“王之料天下過矣！昔者六晉之時(“昔者”，《韓非子》作“夫”，《說苑》作“當”。《史記》此句作“當晉六卿之時”)，智氏最強，滅破範、中行(《韓非子》、《史記》“智”作“知”，下同。二字古通。與《說苑》並無“破”字)，又帥韓、魏以圍趙襄子于晉陽(《韓非子》此句作“而從韓、魏之兵以伐趙”。《史記》、《說苑》“魏”下有“之兵”二字)，決晉水以灌晉陽，城不沈者三板耳(《韓非子》此句作“灌以晉水，城之未沈者三板”。《史記》、《說苑》“陽”下並有“之”字，“城”連上讀。“沈”，《史記》作“湛”，二字古通，《說苑》作“滿”。均無“耳”字)。智伯出行水，韓康子禦，魏桓子驂乘(《韓非子》無“行水”二字。下文作“魏宣子禦、韓康子為驂乘”。《史記》、《說苑》無“出”字，下二句同《韓非子》。唯《史記》“宣”作“桓”，“驂”作“參”，均為通用字)。智伯曰：始吾不知水之可亡人之國也，乃今知之(《史記》、《說苑》“始吾”作“吾始”。《韓非子》“亡”作“滅”，無“也”字。《說苑》“人”下無“之”字)。汾水利以灌安邑；絳水利以灌平陽。(《韓非子》、《史記》、《說苑》“利以”並作“可以”)魏桓子肘韓康子，康子履魏桓子，躡其踵(《韓非子》、《說苑》“桓子”均作“宣子”，二書與《史記》均無“躡其踵”三字。末句《韓非子》作“康子踐宣子之足”，《說苑》作“康子履魏宣子之足”)。肘、足接于車上，而智氏分矣。身死國亡，為天下笑(《韓非子》作“肘足接乎車上，而知氏分于晉陽之下”，無“身死國亡為天下笑”八字。《史記》“分矣”作“地分”。《說苑》無“矣”字)。今秦之強，不能過智伯(《韓非子》作“今足下雖強，未若知氏”。《史記》“秦”下有“兵”字，“智伯”作“知氏”。《說苑》無“能”字)；韓、魏雖弱，尚賢在晉陽之下也(鮑本“在”上有“其”字，同《史記》、《說苑》。《韓非子》後句作“未至如其在晉陽之下也”)。此乃方其用肘、足時也，願王之勿易也。”(《韓非子》作“此天下方用肘足之時”，下句“之”在“易”下。《史記》、《說苑》“此”下無“乃”字，“時”上有“之”字。《說苑》“時”下無“也”字，“勿”上有“必”字。二書末尾皆有“秦王恐”三字)(《秦策四》第四章，《史記·魏世家》、《韓非子·難三》、《說苑·敬慎》第十八章大體相同)
前266,266,周赧王四十九年（西元前二六六年）,20,考案,秦、楚、韓、魏,,遷,案：《魏世家》系此章于魏安麓王十一年下。中期，《魏世家》作中旗，《說苑》作申旗，《韓非子》同《秦策》。黃丕烈雲：“申即中訛耳，期、旗同字。”韓非評論此事，雲：“且中期之所官，琴瑟也。弦不調，弄不明，中期之任也，此中期所以事昭王也。”是中期乃秦之樂官。《秦策五》第二章又記“秦王與中期爭論而不勝，秦王大怒，中期徐行而去。”高誘注因曰：“中期，秦辨士也。”不確。此章謂“中期推琴對曰”，或作“馮琴”，或作“推瑟”、“伏瑟”，可知其為樂官。門無子《韓子遷評》作“鐘期”，汪中《述學·伯牙事考》以為即鐘子期，與伯牙相友者，非是。鐘子期、伯牙乃春秋時楚人。
前266,266,周赧王四十九年（西元前二六六年）,21,史料,秦、齊、楚、魏,,攻、救、合縱、連橫,秦、魏為與國（《史記·魏世家》無此句），齊、楚相約而欲攻魏（《史記》無“欲”字）。魏使人求救于秦，冠蓋相望，秦救不出。魏人有唐且者（《史記》“且”作“雎”下同），年九十余，謂魏王曰：“老臣請西說秦（“請”下原有“出”字，從王念孫據《史記》《新序·雜事三》以及《藝文類聚》《太平御覽》引《策》文刪），令兵先臣出，可乎？”（《史記》無“可乎”二字）魏王曰：“敬諾。”（《史記》“曰敬諾”作“再拜”），遂約車而遣之。唐且見秦王（《史記》“見”上有“到入”二字），秦王曰：“文人芒然乃遠至此（《新序》“芒然”作“罔然”），甚苦矣。魏來求救數矣（《新序》無“救”字），寡人知魏之急矣。”唐且對曰（《新序》“對”作“答）：“大王已知魏之急而救不至者（《史記》“至”作“發”，《新序》無“者”字），是大王籌策之臣無任矣（《新序》“無任矣”作“失之也”，《史記》作“臣竊以為用策之臣無任矣”），且夫魏一萬乘之國（《史記》此下有“然而所以西面而事秦”九字），稱東藩，受冠帶，祠春秋者，以為秦之強足以為與也（《新序》“為秦”上無“以”字，《史記》“秦”上無“為”字）。今齊、楚救之。《魏世家》列于安釐王十一年下，符合當時秦、魏連橫之形勢。此時魏正“稱東藩，受冠帶，祠春秋”，魏安得為“從主”而主謀合縱之事？范座一作“範痤”，“座”“痤”同音通用。原為魏之相國，此時已免相，其事蹟不明，所謂“魏為從主”之事亦不詳，因而不能確斷為何年。
前265,265,週報王五十年（西元前二六五年）,1,史料,秦、齊、楚、燕、韓、趙、魏,秦昭王,,秦昭王四十二年，魏安釐王十二年，韓桓惠王八年，趙孝成王元年，齊襄王十九年，楚頃襄王三十四年，燕武成王七年。
前265,265,週報王五十年（西元前二六五年）,2,史料,秦,秦昭王,攻,[秦昭王]卅二年攻少曲。（秦簡《編年記》）
前265,265,週報王五十年（西元前二六五年）,3,史料,秦、韓,秦昭王,伐、拔,范睢相秦二年，秦昭王之四十二年，東伐韓少曲、高平，拔之。（《范睢列傳》）
前265,265,週報王五十年（西元前二六五年）,4,考案,秦、齊、燕、韓、趙、魏、鄭、代,蘇秦、范雎、秦昭王,伐、攻、取,案：《范雎列傳》敘範雎為相，“一飯之德必償，睚眥之怨必報”之後，接敘伐韓少曲、高平。梁玉繩《史記志疑》論之曰：“上文方敘雎償德報怨，便當接入報魏、齊仇一段，何得橫插伐韓事。遍檢《紀》《表》《世家》《列傳》，亦無秦昭四十二年伐韓事。少曲雖無考，蓋與高平相近，而高平為魏地，《趙世家》雲反高平于魏是也。況雎相二年，乃秦昭王四十三年，非四十二年，疑此廿三字當衍。”此說非是。據秦簡《編年記》，昭王四十二年確有攻少曲之事。可知《傳》所敘至確。《燕策二》第一章蘇代約燕王，言“秦正告韓曰：我起乎少曲，一日而斷太行”，又曰：“已得宜陽、少曲”（“宜陽”當是“曲陽”之誤），是少曲確為韓地，因在少水（即沁水）彎曲處而得名，在今河南濟源東北。高平在少曲之西南，在今河南孟縣西，據古本《竹書紀年》，高平原名向，魏襄王四年韓以此地歸魏。一度此地為秦攻佔，秦昭王二十年蘇秦、李兌約五國攻秦，秦又以此地歸魏，見於《趙世家》惠文王十六年所載蘇厲遺趙王書。此時又歸屬于韓。兩地正當太行山脈之西南，《索隱》雲：“劉氏以為蓋在太行西南”，是也。因而成為秦推行范雎伐韓“北斷太行之道”戰略必攻之起點。范雎為相在昭王四十一年，至四十二年首尾正是“相秦二年”。範雎主張以“遠交近攻”之策作為秦進行統一戰爭之方針，其伐韓“北斷太行之道”戰略，蓋欲切斷上党通韓都新鄭之通道，從而奪取韓之上黨郡大塊土地。
前265,265,週報王五十年（西元前二六五年）,5,考案,秦、趙,秦昭王,,又案：梁玉繩疑此二十三字為衍文，既不確，崔適《史記探源》又以此二十三字誤列於“睚眥之怨必報”句下，義不相屬。謂：此事在昭王四十一年，當趙惠文王三十三年。若在四十二年，乃當孝成王元年，安得稱平原君為王之弟耶？因而主張將此二十三字移至“秦昭王乃出平原君歸趙”句之下。此說亦不當。平原君乃孝成王之叔父，《史記》所載秦昭王遺趙王書誤作“王之弟”，不能因此而改孝成王為惠文王，並以此二十三字為錯簡。
前265,265,週報王五十年（西元前二六五年）,6,史料,秦、齊、楚、趙、魏、周,秦昭王,伐、圍、卒、取、會,秦昭王聞魏齊在平原君所，欲為范睢必報其仇，乃詳為好書遺平原君曰：“寡人聞君之高義，願與君為布衣之友，君幸過寡人，寡人願與君為十日之飲。”平原君畏秦，且以為然，而入秦見昭王。昭王與平原君飲數日，昭王謂平原君曰：“昔周文王得呂尚以為太公，齊桓公得管夷吾以為仲父，今范君亦寡人之叔父也（《史記會注考證》：“楓山本‘範君’作‘範雎’，下同。《藝文類聚》亦作雎”）。范君之仇在君之家，願使人歸取其頭來；不然，吾不出君于關。”平原君曰：“貴而為交者，為賤也；富而為交者，為貧也。夫魏齊者，勝之友也，在，固不出也，今又不在臣所。”昭王乃遺趙王書曰：“王之弟在秦（錢大昕曰：“平原君為惠文王之弟，于孝武王為叔父，此時惠文已沒，不當更稱弟。”“王之弟”當作“王之叔父”，下同），范君之仇魏齊在平原君之家。王使人疾持其頭來；不然，吾舉兵而伐趙，又不出王之弟于關。”趙孝成王乃發卒圍平原君家，急，魏齊夜亡出，見趙相虞卿。虞卿度趙王終不可說，乃解其相印，與魏齊亡，同行，念諸侯莫可以急抵者，乃複走大樑，欲因信陵君以走楚。信陵君聞之，畏秦，猶豫未肯見，曰：“虞卿何如人也？”時侯贏在旁，曰：“人固未易知，知人亦未易也。夫虞卿躡屩簷簦，一見趙王，賜白璧一雙，黃金百鎰；再見，拜為上卿；三見，卒受相印，封萬戶侯。當此之時，天下爭知之。夫魏齊窮困過虞卿，虞卿不敢重爵祿之尊，解相印，捐萬戶侯而間行。急士之窮而歸公子，公子曰何如人，人固不易知，知人亦未易也！”信陵君大慚，駕如野迎之。魏齊聞信陵君之初難見之，怒而自剄。趙王聞之，卒取其頭予秦。秦昭王乃出平原君歸趙。（《範雎列傳》）
前265,265,週報王五十年（西元前二六五年）,7,史料,趙,,,虞卿者，遊說之士也。躡躋簷簦說趙孝成王，一見賜黃金百鎰，白璧一雙；再見為趙上卿，故號為虞卿。（《虞卿列傳》開首）
前265,265,週報王五十年（西元前二六五年）,8,考案,韓、趙、周,,卒,案：《集解》譙周曰：“食邑于虞。”《索隱》雲：“趙之虞在河東大陽縣，今之虞鄉縣是也。”虞為食邑之說不確。虞當為氏，故所著書名為《虞氏春秋》。卿當為字，非因上卿而得名。《韓非子·外儲說左上》作虞慶，“慶”“卿”同音通用。據《範雎列傳》記侯嬴曰：“夫虞卿躡躋簷簦，一見趙王，賜白璧一雙，黃金百鎰；再見，拜為上卿；三見，卒受相印，封萬戶侯。”《虞卿列傳》蓋脫“三見，卒受相印，封萬戶侯”十字。
前265,265,週報王五十年（西元前二六五年）,9,史料,齊、趙、魏,,卒,虞卿既以魏齊之故，不重萬戶侯、卿相之印，與魏齊間行，卒去趙，困于梁。魏齊既死，不得意，乃著書。上采《春秋》，下觀近世，曰《節義》、《稱號》、《揣摩》、《政謀》，凡八篇，以刺譏國家得失，世傳之曰《虞氏春秋》。（《虞卿列傳》末尾）
前265,265,週報王五十年（西元前二六五年）,10,史料,趙,,,趙孝成王時，其相虞卿上采《春秋》，下觀近勢，亦著八篇，為《虞氏春秋》。（《十二諸侯年表·序》）
前265,265,週報王五十年（西元前二六五年）,11,史料,,,,《虞氏春秋》十五篇。（《漢書·藝文志》列儒家）《虞氏微傳》二篇。（《漢書·藝文志》列春秋家）
前265,265,週報王五十年（西元前二六五年）,12,考案,秦、齊、韓、趙、魏、周,范雎、秦昭王,取、殺,案：《范雎列傳》稱秦昭王欲為範雎報仇，聞魏齊在平原君所，因召平原君入秦，虞卿以魏齊之故，偕魏齊逃之大樑，魏齊在梁自剄，趙以其頭予秦。秦乃出平原君歸趙。事在秦昭王四十二年。但《虞卿列傳》記虞卿為趙謀劃之事皆在秦破趙長平之後，又謂虞卿因魏齊之故困于梁，“魏齊既死，不得意”而著《虞氏春秋》。《資治通鑒》因之將秦昭王召平原君、虞卿與魏齊偕亡、魏齊自殺而秦乃歸平原君等事，列于周赧王五十六年，即秦昭王四十八年。《資治通鑒》之說未可信據。《古史》雲：“意者魏齊死，卿自梁還相趙，而太史公失不言耳。”全祖望《經史問答》亦雲：“虞卿嘗再相趙，何嘗窮愁以老。”梁玉繩《史記志疑》亦謂：“虞卿嘗再相趙，則其著書非窮愁之故。”黃式三《周季編略》更雲：“司馬《資治通鑒》，朱、趙《綱目》書秦誘趙公子勝於下五十六年，由讀《虞卿列傳》不明而誤也。《虞卿列傳》末追敘前事，言虞卿自魏齊死後，志在著書，而後猶仕趙，非其志也。誤以《傳》為循時事先後而敘之，則書執勝於五十六年虞卿如齊之後，不思秦自趙取韓上党，與趙仇怨甚深，豈於此時佯為好書以召平原君？平原君創取上黨之策者，豈此時敢入秦乎？”
前265,265,週報王五十年（西元前二六五年）,13,考案,秦、齊、韓、趙、魏,秦昭王,伐、圍、卒,又案：趙孝成王發卒圍平原君家，虞卿偕魏齊走大樑，時在趙孝成王元年，與上年魏齊走趙匿平原君所，非一時事。故《範雎列傳》插敘于秦昭王四十二年伐韓少曲、高平之後。崔適因昭王遺趙王書稱平原君為“王之弟”，以為趙孝成王當改為趙惠文王，不確。虞卿為趙相已在趙孝成王時，虞卿是時“解相印，捐萬戶侯”而偕魏齊出走，必不得在趙惠文王時。平原君乃孝成王叔父，昭王遺趙王書誤作“王之弟”耳。
前265,265,週報王五十年（西元前二六五年）,14,史料,秦、趙,,拔,趙孝成王元年秦拔我三城，平原君相。（《六國表》）
前265,265,週報王五十年（西元前二六五年）,15,考案,趙,,,案：《六國表》謂趙惠文王元年以公子勝為相，時平原君，平原君為趙惠文王之胞弟，是年不過十一二歲，不能為相。已辨在週報王十七年雜語中。《六國表》又謂趙常成王元年平原君相。據《範雎列傳》與《虞卿列傳》，是年虞卿正為相國。平原君當為相于孝成王時，未必元年已為相。因平原君有“相趙惠文王及孝成王，三去相，三復位”(《平原君列傳》)之說，《六國表》分別書“平原君相”于惠文王元年與孝成王元年。
前265,265,週報王五十年（西元前二六五年）,16,史料,秦、趙,,伐、攻、立、拔,[趙]孝成王元年，秦伐我，拔三城。趙王新立，太后用事，秦急攻之。（《趙世家》）
前265,265,週報王五十年（西元前二六五年）,17,史料,秦、齊、楚、燕、趙、衛,,攻、救、會,趙太后新用事（帛書《戰國縱橫家書》“新”作“規”，編者注雲：“規疑親字之誤，親與新通”），秦急攻之。趙氏求救于齊（帛書無“趙氏”二字）。齊曰：“必以長安君為質（帛書作“必[以]大（太）後少子長安君來質”），兵乃出。”太后不肯，大臣強諫。太后明謂左右（帛書、《史記·趙世家》、《太平御覽》卷三百八十七引，“右”下皆有“曰”字）：“有複言令長安君為質者（《史記》無“有”、“令”字。帛書無“為”字），老婦必唾其面。”左師觸龍言願見太后（“龍言”二字，原誤合為“鬻”，今從王念孫據《史記》、《漢書·古今人表》、《荀子·議兵》注及《太平御覽》所引改正，帛書正作“龍言”），太后盛氣而揖之（帛書、鮑本“太后”二字不重，“揖”，帛書、《史記》作“胥”，作“胥”為是。《太平御覽》所引作“須”，胥猶須也，待也）。入而徐趨（《史記》作“入，徐趨而坐”），至而自謝曰（《史記》無“至而”二字）：“老臣病足，曾不能疾走，不得見久矣。竊自恕（帛書作“竊自□老”，編者注：“自下一字疑是赦字，赦與恕音義俱近。”），而恐太后玉體之有所郤也（“而”，帛書作“輿”[與]，二字古通用。郤同郤，疲羸。《史記》“郤”作“苦”），故願望見太后。”太后曰：“老婦恃輦而行。”（帛書、鮑本“太后”不重。帛書作“老婦持（恃）連（輦）而畏（還）。”還，旋動）曰：“（日）食飲得無衰乎？”（帛書、《史記》無“日”字。金正煒雲“日”即“曰”字之誤衍。帛書、《史記》“無”作“毋”。《史記》無“飲”字）曰：“恃鬻耳。”（《史記》“鬻”作“粥”，“鬻”通“粥”。帛書作“鬻鬻”，“鬻”是誤寫）曰：“老臣今者殊不欲食（帛書、《史記》“今者”作“間者”，義近）。乃自強步，日三四裡，少益耆食，和於身也。”(“耆”，《史記》、鮑本作“嗜”。“和”，帛書作“智”，編者注：“智通知。”《趙策》與《趙世家》並作和，字形之誤。《方言》三：知，愈也，南楚病癒者或謂之知)太后曰：“老婦不能。”（帛書、鮑本無“太后”二字）太后之色少解（《史記》“後”下有“不和”二字）。左師公曰（帛書作“左師觸龍曰”，下同）：“老臣賤息舒祺最少，不肖（帛書“舒祺”作“舒旗”，“肖”作“宵”。字均通），而臣衰（帛書無“臣”字），竊愛憐之，願令得補黑衣之數（鮑本無“得”字。《史記》無“令”字，“數”作“缺”），以衛王宮(“宮”原誤作“官”，從帛書、《史記》及鮑本改正），沒死以聞。”（帛書、《史記》“沒”作“昧”，字通）太后曰：“敬諾。年幾何矣？”對曰：“十五歲矣！雖少，願及未填溝壑而托之。”（帛書“溝壑”，作“叡[壑]谷”）太后曰：“丈夫亦愛憐其少子乎？”（帛書，《史記》《太平御覽》卷四五六引，均無“其”字）對曰：“甚於婦人！”太后笑曰（帛書無“太后笑”三字，鮑本無“笑”字）：“婦人異甚。”對曰：“老臣竊以為媼之愛燕後，賢于長安君。”（帛書無“於”字）曰：“君過矣！不若長安君之甚！”（帛書無“之”字。《史記》“曰”上有“太后”二字）左師公曰：“父母之愛子，則為之計深遠（帛書、《史記》“母”下無“之”字）。媼之送燕後也，持其踵，（帛書持作“攀”）為之泣（姚注，劉作“而泣之甚”），念悲其遠也，亦哀之矣！（帛書、《史記》無“悲”字，當據刪。帛書無“之”字）已行，非弗思也（《史記》“弗”作“不”），祭祀必祝之，祝曰（帛書、《史記》均作“祭祀則祝之曰”)：“必勿使反。”豈非計久長，有子孫相繼為王也哉。”（“久長”，帛書作“長久”，無“有”字。“有”，《史記》、姚引曾本，《太平御覽》卷四五六引均作“為”)太后曰：“然。”左師公曰：“今三世以前，至於趙之為趙，趙主之子孫侯者（帛書無“孫”字。此與《史記》誤衍“孫”字，當據帛書刪。鮑本“主”作“王”，形誤。《史記》脫“趙之為趙”四字，《史記會注考證》引古鈔、楓山、三條本，有此四字），其繼有在者乎？”曰：“無有。”曰：“微獨趙，諸侯有在者乎？”曰：“老婦不聞也。”（帛書作“老婦弗聞”。此下與《史記》皆有“曰”字)“此其近者禍及身（帛書、《史記》“及”下有“其”字），遠者及其子孫（帛書無“孫”字）。豈人主之子孫則必不善哉？（帛書、《史記》及鮑本“孫”皆作“侯”，當據改）位尊而無功，奉厚而無勞，而挾重器多也。今媼尊長安君之位（帛書、鮑本無“君”字），而封之以膏腴之地（帛書無“以”字，鮑本無“之”字），多予之重器，而不及今令有功于國，一旦山陵崩（帛書無“一旦”二字），長安君何以自托于趙？老臣以媼為長安君計短也（帛書“計”下有“之”。《史記》“之”在“計”上），故以為其愛不若燕後”（“愛”下，帛書有“也”字，《史記》有“之”字，無“其”字）。太后曰：“諾。恣君之所使之。”於是為長安君約車百乘質于齊。齊兵乃出（帛書“齊”不重）。子義聞之曰：“人主之子也，骨肉之親也（帛書“子”上無“之”。《史記》“子”下無“也”），猶不能恃無功之尊，無勞之奉（帛書、《史記》“恃”作“持”。帛書“無”作“不”），而守金玉之重也！而況人臣乎？”（帛書“而”作“然”。《史記》“人臣”作“於予”)（《趙策四》第十八章，《趙世家》《戰國縱橫家書》第十八章大體相同）
前265,265,週報王五十年（西元前二六五年）,18,考案,齊、趙、吳,,卒、立,案：《趙世家》系此章于孝成王元年，《索隱》言“束廣微言太后才三十有奇者，誤也”。並謂“如世家計之，則武靈王十六年夢吳娃而納之，至二十七年王薨，及惠文王三十二年卒，孝成王元年遣長安君質于齊。若娃年二十入王宮，至此亦年六十左側，亦可稱老”。此說不確。趙太后即惠文後，趙孝成王之母。據《世家》，武靈王十六年納吳娃孟姚，是為惠後，二十五年惠後卒，二十七年立惠後之子何為王，是為惠文王，時約十餘歲。惠文王在位三十三年，享年約四十四歲，則惠文後之年不過四十歲內外。錢大昕雲：“古者夫歿稱未亡人，太后自稱老婦，不必計年之多寡。”(《廿二史考異》卷四)焦袁熹亦雲：“惠王之夫人，既稱太后，雖年止三十有奇，自稱老婦何害？恃輦而行，恃粥以養，豈須遲暮乃當有此，中年疾恙蓋亦如然。”(《此木軒雜著》)。俞正燮亦曰：“老是太后常稱，恃輦是儀制，恃粥是飲食之常。”(《癸巳存稿》)皆確。《索隱》因“老婦”、“媼”、“恃輦”、“恃粥”之語，誤以太后乃武靈王之後吳娃，不顧《史記》已有吳娃卒年之明文，反謂束哲言太后才三十奇者為誤。
前265,265,週報王五十年（西元前二六五年）,19,考案,秦、趙、吳,,,又案：長安君，《索隱》引孔衍雲：“惠文後之少子也。趙亦有長安，今其地闕”，以“長安”為封地名。《正義》雲：“長安君者，以長安善，故名也。”以“長安”為封號。吳師道補曰：“按《趙世家》，封長安君以饒。《正義》雲，即饒陽也。明長安是號。”今案，趙悼襄王六年封長安君以饒，此長安君乃秦王政之弟成嬌，因降趙而受封，非孝成王之弟長安君也，詳見秦王政八年相關案語。
前265,265,週報王五十年（西元前二六五年）,20,考案,趙、宋,,,又案：“左師觸謩願見太后”，《史記》作“左師觸龍言願見太后”。黃丕烈《劄記》言：“謩當作龍，《古今人表》中下雲左師觸龍，即此。“言”字本下屬‘願見’讀，誤合二字為一。《史記》不誤。”王念孫《讀書雜誌》亦有詳論。帛書此句正作“左師觸龍言願見”，可證其說不誤。“左師”，《資治通鑒》卷五般王五十年胡注雲，“春秋時宋國之官有左右師，上卿也。趙以觸龍為左師，蓋冗散之官，以優老臣者也”。
前265,265,週報王五十年（西元前二六五年）,21,考案,衛,,拔,又案：左師觸龍言有少子“願令得補黑衣之數”，《史記》“數”作“缺”；蓋為少子求為侍衛國君之郎。郎具有候補官員之性質，國君常從郎官中選拔人才。金正煒雲：“《漢書·梁丘賀傳》夜玄服入廟，居郎間。師古曰：郎著皂衣，故章玄服以廁也。下雲以衛王宮，則顏說為得。王官當從《史記》作王宮。”
前265,265,週報王五十年（西元前二六五年）,22,史料,齊、燕、韓、趙,,攻、拔,[趙孝成王元年]齊安平君田單將趙師而攻燕中陽，拔之。又攻韓注人，拔之。（《趙世家》）燕武成王七年齊田單拔中陽。（《六國表》）
前265,265,週報王五十年（西元前二六五年）,23,考案,燕、中山,,取,案：中陽，《集解》徐廣曰：“一作人”，《正義》雲：“燕無中陽，《括地志》雲：中山故城一名中人亭，在定州唐縣東北四十一裡，爾時屬燕國也。”《資治通鑒》胡注所引作“唐縣北四十一裡”，考《水經·滱水注》載“滱水又東徑中人亭南”，又雲：“應劭《地理風俗記》曰：唐縣西四十裡得中人亭，今於此城取中人鄉，則四十也。”據此中人當在今河北唐縣西四十裡。
前265,265,週報王五十年（西元前二六五年）,24,史料,秦,,,[秦昭襄王]四十二年安國君為太子。十月宣太后薨，葬芷陽鄘山。九月穰侯出之陶。（《秦本紀》，《六國表》作“宣太后薨，安國君為太子”）
前265,265,週報王五十年（西元前二六五年）,25,史料,秦、魏、吳,,救,秦宣太后愛魏醜夫（《太平御覽》五五三引作“愛魏餘”），太后病將死，出令曰：“為我葬（《藝文類聚》三十五、《太平御覽》五五三引“葬”作“死”），必以魏子為殉。”魏子患之。庸芮為魏子說太后曰（姚注：《十二國史》作“虞其為醜夫說太后》：“以死者為有知乎？”太后曰：“無知也。”曰：“若太后之神靈，明知死者之無知矣，何為空以生之所愛，葬無知之死人哉？（“生”下原無“之”字，“葬”下原有“於”字，從《太平御覽》五百五十三引增刪）若死者有知，先王之積怒之日久矣（《太平御覽》五百五十三引作“先王之積怒久矣”）。太后救過不贍，何暇及私魏醜夫乎？（“及”原作“乃”，從姚引曾、錢、劉本改。吳師道曰：“一無乃字。”《藝文類聚》三十五引作“太后救過不暇，何得更殉魏醜”。《太平御覽》五百五十三後句引作“何得私魏子乎”）太后曰：“善。”乃止。（《秦策二》第十六章）
前265,265,週報王五十年（西元前二六五年）,26,考案,秦、周、代,秦昭王,會,案：《秦本紀》於是年先記十月，次記九月，呂祖謙《大事記》及閻若璩《尚書古文疏證》皆以為此時秦已用顓頊曆，以十月為歲首。梁玉繩《史記志疑》以為《秦記》“十月”乃“七月”之誤，《大事記》及《尚書古文疏證》之說“恐未然”。瀧川資言《史記會注考證》引古鈔、南本“十月”作“七月”，亦以作“十月”者論。今案秦簡《編年記》言昭王四十五年“十二月甲午雞鳴時喜產”，與汪曰楨《歷代長術輯要》所推定之秦顓頊曆相合，可知秦昭王時確已用顓頊曆。《秦本紀》是年先記十月，確已用十月為歲首。據秦簡《編年記》及同出土之秦簡有“後九月”之記載，可知秦以建亥之月（夏曆十月）為歲首，但月名次第仍同夏正，故此“十月”下複有九月，“十”決非“七”字之訛。秦昭王四十二年十月歲首，正當周赧王四十九年十二月，顧觀光《編年》隸此于周赧王四十九年，並雲：“秦正建亥，則此十月乃歲首十月。”甚確。
前265,265,週報王五十年（西元前二六五年）,27,考案,秦、魏,,,又案：魏醜夫，鮑彪注：“魏人，仕秦。”《太平御覽》五百五十三引作“魏餘”，蓋餘其名，“醜夫”乃時人所稱之別號。
前265,265,週報王五十年（西元前二六五年）,28,史料,秦,秦昭王,卒,秦王乃拜范睢為相，收穰侯之印，使歸陶，因使縣官給車牛以徙，千乘有餘。到關，關閱其寶器，寶器珍怪多於王室。（《範雎列傳》誤記入秦昭王四十一年）穰侯出關，輜重千乘有餘。穰侯卒于陶，秦複收陶為郡。（《穰侯列傳》）
前265,265,週報王五十年（西元前二六五年）,29,史料,秦、魏,,卒,濟水又東北徑冤朐縣故城南……濟水又東徑秦相魏冉塚南，冉……免相，就封出關，輜車千乘，卒于陶而因葬焉。世謂之安平陵，墓南崩碑尚存。（《水經·濟水注》）
前265,265,週報王五十年（西元前二六五年）,30,史料,齊,,卒、立,[齊襄王]十九年襄王卒，子建立。（《田世家》）
前265,265,週報王五十年（西元前二六五年）,31,史料,齊、周,,立,齊襄王死，子建立，建年少，國事皆決于君王後。（《資治通鑒》周赧王五十年）
前265,265,週報王五十年（西元前二六五年）,32,史料,秦、齊,,卒、立,[齊]襄王卒，子建立為齊王。君王後事秦謹，與諸侯信，以故建立四十有餘年，不受兵。（《齊策六》第八章）
前265,265,週報王五十年（西元前二六五年）,33,考案,齊,,即位,案：君王後即齊襄王之後，太史敷之女。《齊策六》第一章雲：“襄王即位，君王後以為後，生齊王建。”
前265,265,週報王五十年（西元前二六五年）,34,附編,,,,【附編】
前265,265,週報王五十年（西元前二六五年）,35,史料,齊、燕、趙、吳、宋,,攻、取、殺,燕封宋人榮盆為高陽君，使將而攻趙。趙王因割濟東三城盧、高唐、平原陵地城邑市五十七(“盧”上原有“令”字，鮑本“令”作“合”，今刪。姚注：“一本無陵字”，鮑本“邑市”作“市邑”)，命以與齊而以求安平君而將之。馬服君謂平原君曰：“國奚無人甚哉。君致安平君而將之，乃割濟東三城市邑五十七以與齊(“三”下原有“令”字。姚注：“一本無令字。”鮑本“三”下補“城”字，“令”作“合”)，此夫子與敵國戰(“子”鮑本作“予”，又改為“子”。《大事記》刪“夫予”二字)，覆軍殺將之所取，割地於敵國者也，今君以此與齊，而求平安君而將之，國奚無人甚也(鮑本“也”作“哉”)。且君奚不將奢也？奢嘗抵罪居燕，燕以奢為上谷守，燕之通谷要塞奢習知之。百日之內，天下之兵未聚，奢已舉燕矣。然則君奚求安平君而為將乎？”平原君曰：“將軍釋之矣。僕已言之僕主矣。僕主幸以聽僕也(鮑本“以”作“已”)，將軍無言已。”馬服君曰：“君過矣。君之所以求安平君者，以齊之于燕也，茹肝涉血之仇耶(“肝”原作“肝”，從《鮑本》改正)，其於奢不然(鮑本“奢”下有“也”字)。使安平君愚，固不能當榮盆；使安平君知(“知”鮑本作“智”，下同)，又不肯與燕人戰；此兩言者，安平君必處一焉。雖然，兩者有一也。使安平君知，則奚以趙之強為？趙強，則齊不復霸矣。今得強趙之兵以杜燕，將曠日持久數歲，令士大夫余子之力盡於溝壘，車甲羽毛袒敝(鮑注：“羽毛謂箭，袒即裂字。”吳師道曰：“羽毛即羽旄”)，府庫倉廩虛，兩國交以習之(“交以習之”，姚注：“曾、劉作交敝”。金正煒讀“習”為“慆”，懼也)，乃引其兵而歸。夫盡兩國之兵，無明此者矣。”夏軍也縣釜而炊(鮑本“夏”作“是”，鮑注：“《大事記》無夏主炊七字，雲已而得三城。”吳師道雲：“未詳，恐上下文有缺誤。”)，得三城也，城大無能過百雉者，果如馬服之言也。（《趙策四》第七章）
前265,265,週報王五十年（西元前二六五年）,36,考案,齊、燕、韓、趙、周,,攻、拔,案：呂祖謙《大事記》系此于週報王五十年，雲：“《國策》言田單為趙將，攻燕得三城，此即《趙世家》今歲所載之事也，但載所得之城微不同也。”黃式三《周季編略》從之，結尾雲：“是役也，安平君田單攻燕中人拔之，又攻韓注人拔之，得二城，城大無過百雉者，果如馬服君奢之言。”將《國策》此章與《趙世家》牽合為一事。林春溥、顧觀光亦系此于周赧王五十年。其實，此章田單攻燕得三城與《趙世家》單為趙將而拔燕中人與拔韓注人，明為不同之兩事，不僅所攻之國與所得之城不同，田單所將之師亦不同。此《策》言趙割三城、市邑五十七與齊，而求田單將之，又謂趙之所以求田單為將，“以齊之于燕也，茹肝涉血之仇耶”。可知求田單所將不僅是趙師，且欲合齊師以攻燕也。趙奢又謂：“使安平君知，又不肯與燕人戰”，亦不願使趙強而齊不復霸，將曠日持久數歲，使兩國交敝，“乃引其兵而歸”。金正煒雲：“其兵，蓋單將以助趙之齊人，謂之其者，以別于趙之兵也，歸謂歸齊。”其後果如馬服之言。而《趙世家》田單攻燕、韓，所將者唯趙師，連拔燕、韓二城，費時甚短，顯然與此策所言不合。于鬯《戰國策注》以為此章戰事起于惠文王三十年，止于孝成王元年，歷時五年之久，所謂“曠日持久數歲”是也。亦為推測之辭，不足為定論。##### 卷十九
前264,264,周赧王五十一年（西元前二六四年）,1,史料,秦、齊、楚、燕、韓、趙、魏,秦昭王,,秦昭王四十三年，魏安釐王十三年，韓桓惠王九年，趙孝成王二年，齊王建元年，楚頃襄王三十五年，燕武成王八年。
前264,264,周赧王五十一年（西元前二六四年）,2,史料,秦、韓,白起,攻、拔,[秦昭襄王]四十三年，武安君白起攻韓拔九城，斬首五萬。（《秦本紀》）
前264,264,周赧王五十一年（西元前二六四年）,3,史料,秦、韓,白起,攻、拔,[秦]昭王四十三年，白起攻韓陘城，拔五城，斬首五萬。（《白起列傳》）
前264,264,周赧王五十一年（西元前二六四年）,4,史料,秦、韓,,攻、拔,[秦]昭王四十三年，秦攻韓汾、陘，拔之，因城河上廣武。（《範雎列傳》）
前264,264,周赧王五十一年（西元前二六四年）,5,史料,秦、韓,,拔,[韓桓惠王]九年，秦拔我陘，城汾旁。（《韓世家》，《六國表》同。）
前264,264,周赧王五十一年（西元前二六四年）,6,考案,秦、韓,白起,攻、拔,案：《白起列傳》謂“白起攻韓陘城，拔五城”，疑“陘城”乃“陘、汾”之誤。《範雎列傳》作“秦攻韓汾、陘”，蓋指汾水兩岸汾城、陘城一帶。《韓世家》與《六國表》言“秦拔我陘，城汾旁”，而《範雎列傳》則稱“因城河上廣武”，《索隱》引劉氏雲：“此河上，蓋近河之地，本屬韓，今秦得而城。”此說可疑，陘城既在汾旁，因得陘城，而“城河上廣武”，“河”疑“汾”之誤。
前264,264,周赧王五十一年（西元前二六四年）,7,史料,秦、韓、魏,張儀、范雎、秦昭王,攻、圍,秦攻韓，圍陘。范雎謂秦昭王曰：“有攻人者，有攻地者，穰侯十攻魏而不得傷者（姚注：“得一作能”），非秦弱而魏強也，其所攻者地也。地者，人主所甚愛也；人主者，人臣之所樂為死也；攻人主之所愛，與樂死者鬥，故十攻而弗能勝也。今王將攻韓圍陘，臣願王之毋獨攻其地而攻其人也。王攻韓圍陘，以張儀為言（鮑注：“儀死至雎之相，四十四年矣。儀亦未嘗在韓，此必誤”）。張儀之力多，且削地而以自贖于王（鮑本“削”作“割”。姚注：“錢、劉本無而字”），幾割地而韓不盡；張儀之力少，則王逐張儀，而更與不如張儀者市（鮑本無“張”字。黃丕烈雲：“無者當是，上文張字皆有訛”）。則王之所求于韓者，言可得也。”（鮑本“言”作“盡”。金正煒雲：“按《廣雅·釋詁》：言，從也，謂所求從此可得也。亦與雲同，發語詞也。說詳《經傳釋詞》”）（《秦策三》第十二章）
前264,264,周赧王五十一年（西元前二六四年）,8,考案,秦、韓、趙、吳,張儀、秦昭王,攻、圍、卒、殺,案：馬驌《繹史》亦雲：“張儀死已久，且不在韓，此策舛誤。”鮑彪列此在秦昭王四十三年，是也。惟誤以為召陵之陘亭，吳師道以為汾水旁之陘是也。範雎不僅主張遠交近攻，而且主張“毋獨攻其地而攻其人”，此後長平之戰，秦坑殺趙俘四十余萬人，蓋即雎之主張。“張儀”，以為“張平”之誤，“據《史記·留侯世家》雲：良父平相釐王、惠王，卒于惠王之二十二年。秦圍韓陘，在秦昭王四十二年，當韓桓惠王九年，張平正為韓相。秦攻韓圍陘，韓之執政者請割地言和，而範雎正謀大舉破韓，不欲言和也。
前264,264,周赧王五十一年（西元前二六四年）,9,史料,秦、韓,,攻、取,秦攻陘，韓使人馳南陽之地（“馳”讀作“移”，移，易也。詳案語）。秦已馳，又攻陘，韓因割南陽之地。秦受地，又攻陘。陳軫謂秦王曰：“國形不便故馳，交不親故割。今割矣而交不親，馳矣而兵不止，臣恐山東之無以馳割事王者矣。且王求百金於三川而不可得，求千金于韓，一旦而具。今王攻韓，是絕上交而固私府也，竊為王弗取也。”（《韓策一》第十章）
前264,264,周赧王五十一年（西元前二六四年）,10,考案,秦、韓、趙,張儀,攻、取、拔,案：鮑彪曰：“此事史不書。後至韓桓惠王九年秦拔我陘，然陳軫、張儀同時，儀死至桓惠九年，四十六年矣，軫必不存，故因舊。”鮑彪因陳軫與張儀同時，以為此事遠在韓桓惠九年之前。其實，此章之陳軫，與《秦策三》第十二章之張儀同為字誤。此事固當在韓桓惠九年。王念孫曰：鮑說甚謬。馳讀為移。移，易也。謂以南陽之地易秦地也。下文曰：“國形不便故馳，謂兩國之地形不便，故交相易也。”王說尚不確切。此時韓以“馳割”（即移割）事秦，並非由於兩國間地形不便而作友好之相互交易，而是在秦不斷進攻中，韓以其他土地割讓，換取秦正謀攻取之城邑。韓之南陽，指太行山東南一帶之地，包括野王等地在內，此乃韓由中原連通上黨之太行通道所在。此時秦相範雎之策謀，欲攻取南陽之太行道，以切斷韓上党郡與其國都之聯繫，從而攻佔全部上黨地區。韓以“國形不便”，欲以其他地方“馳割”于秦，但秦一面接受“馳割”之地，一面繼續進攻，欲韓割南陽之地，因此韓以“馳割”事秦，秦仍進攻不止，因而韓桓惠王十年秦即攻取韓之南陽之太行道，迫使韓上黨郡守以上党郡降趙。
前264,264,周赧王五十一年（西元前二六四年）,11,史料,秦、齊、楚、燕、趙、魏、越、代,秦孝公、秦惠王,攻、殺,虞卿謂春申君曰：“臣聞之，于安思危，危則慮安。今楚王之春秋高矣，而君之封地不可不早定也。為主君慮封者，莫如遠楚。秦孝公封商君，孝公死而後王殺之（“王”原誤作“不免”，從金正煒改正，帛書《戰國縱橫家書》第二十三章作“秦孝公死，公孫鞅殺”）。秦惠王封冉子，惠王死而後王奪之（帛書作“惠王死，襄子殺”，“襄”與“穰”通，魏冉封穰侯，穰子即是冉子。“殺”疑為“戕”字之誤“戕”古“奪”字。“惠王死”當是“太后死”之誤）。公孫鞅功臣也，冉子親姻也，然而不免奪死者，封近故也。太公望封于齊，邵公奭封于燕，為其遠王室矣。今燕之罪大而趙怒深，故君不如北兵以德趙，踐亂燕以定身封，此百代之一時也。”君曰：“所道攻燕，非齊則魏，魏、齊新怨楚（“怨”帛書作“惡”），楚雖欲攻燕，將何道哉？”（“何道”原作“道何”，今從帛書改正）對曰：“請令魏王可。”君曰：“何如？”對曰：“臣請到魏而使所以信之。”（帛書“使”作“便”，“信”作“言”）乃謂魏王曰：“夫楚亦強大矣，天下無敵，乃且攻燕。”魏王曰：“鄉也子雲天下無敵，今也子雲乃且攻燕者何也？”對曰：“今為馬多力則有矣，若曰勝千鈞則不然者何也？夫千鈞非馬之任也。今謂楚強大則有矣，若越趙、魏而鬥兵于燕（帛書“鬥兵”作“關甲”，“關”通“擐”），則豈楚之任也哉？非楚之任而楚為之，是敝楚也。敝楚，強楚（“強楚”原誤作“是強魏也”，今從帛書改正），其于王孰便也？”（《楚策四》第十三章，帛書《戰國縱橫家書》第二十三章同）
前264,264,周赧王五十一年（西元前二六四年）,12,考案,秦、楚、燕、趙、魏、晉、吳,秦惠王,伐、立、取、殺,案：吳師道曰：“按《史》考烈王元年封歇春申君，賜淮北地……此策言楚王春秋高，君之封地不可不早定，則在未封之前，頃襄王時乎？頃襄王三十四年，趙嘗伐燕，豈或此時勸以踐燕定封，亦欲其取地于大國如魏冉乎？”今案此雲“秦惠王封冉子，惠王死而後王奪之”，“惠王死”當作“太后死”。虞卿之說春申，當在穰侯出之陶以後，即楚頃襄王三十五年以後，蓋燕自成安君公孫操殺燕惠王而擁立武成王，引發內亂，三晉與楚嘗伐燕干預，未能成功。虞卿謂“今燕之罪大而趙怒深”，當即指此，因而進說春申君“北兵以德趙，踐亂燕以定身封”也。
前264,264,周赧王五十一年（西元前二六四年）,13,史料,楚、燕、韓、趙、魏、越,,攻,王曰：“向也，子曰天下無道（金正煒曰：“道當作適，讀如敵”），今也，子曰乃且攻燕者，何也？”對曰：“今謂馬多力則有矣，若曰勝千鈞則不然者，何也？夫千鈞，非馬之任也。今謂楚強大則有矣，若夫越趙、魏而鬥兵于燕，則豈楚之任也哉？且非楚之任而楚為之，是弊楚也，強楚、弊楚，其于王孰便也？”(《韓策一》第二十二章)
前264,264,周赧王五十一年（西元前二六四年）,14,考案,楚、吳,,,案：吳師道謂此章“乃《楚策·虞卿謂春申君》之文脫簡誤行，略有不同。”顧觀光附此于《虞卿謂春申君》章後，曰：“即上文而佚其前半，應刪並歸一。”
前264,264,周赧王五十一年（西元前二六四年）,15,史料,趙,,卒,[趙孝成王]二年惠文後卒。田單為相。（《趙世家》）
前264,264,周赧王五十一年（西元前二六四年）,16,附編,齊、趙,,殺,【附編】齊王使使者問趙威後，書未發，威後問使者曰：“歲亦無恙耶？民亦無恙耶？王亦無恙耶？”使者不說，曰：“臣奉使使威後，今不問王而先問歲與民，豈先賤而後尊貴者乎？”威後曰：“不然。苟無歲，何以有民？苟無民，何以有君？故有舍本而問末者耶？”（“有”下原有“問”字，姚注：“一無問字”。金正煒雲：“有問之問，當從一本省。”）乃進而問之曰：“齊有處士曰鐘離子，無恙耶？是其為人也，有糧者亦食，無糧者亦食；有衣者亦衣，無衣者亦衣，是助王養其民者也，何以至今不業也。葉陽子無恙乎？是其為人，哀鰥寡，恤孤獨，振困窮，補不足，是助王息其民也，何以至今不業也？北宮之女嬰兒子無恙耶？徹其環瑱，至老不嫁，以養父母，是皆率民而出於孝情者也，胡為至今不朝也。此二士弗業，一女不朝，何以王齊國、子萬民乎？於陵子仲尚存乎？是其為人也，上不臣于王，下不治其家，中不索交諸侯，此率民而出於無用者，何為至今不殺乎？”（《齊策四》第七章）
前264,264,周赧王五十一年（西元前二六四年）,17,考案,齊、趙、周、吳,,,案：鮑彪謂趙威後乃惠文後，又編次於齊王建時。吳師道雲：“問王而不及後，必非君王後、王建時。”顧觀光列此在週報王五十年。黃式三《周季編略》編入週報王五十一年。
前264,264,周赧王五十一年（西元前二六四年）,18,史料,秦、魯,秦昭王,取、殺,秦昭王問孫卿子曰：“儒無益于人之國？”孫卿子曰：“儒者法先王，隆禮義，謹乎臣子，而致貴其上者也（《新序·雜事五》第十章“致”上有“能”字）。人主用之，則勢在本朝而宜（《新序》作“則進在本朝”），不用則退編百姓而愨（《新序》作“置而不用則退編百姓”），必為順下矣（《新序》“必”上有“而敵”二字）。雖窮困凍餧（《新序》“餧”作“餒”），必不以邪道為貪（《新序》“貪”作“食”，梁啟雄曰：“《新序》貪作食，義長”）。無置錐之地，而明於持社稷之大義（《新序》“義”作“計”）。嗚呼而莫之能應（《新序》“嗚”作“叫”，王先謙校改“嗚”為“噪”，謂“噪”與“叫”同），然而通乎財物、養百姓之經紀（《新序》“乎”作“呼”，“財”作“裁”）。勢在人上，則王公之材也；在人下，則社稷之臣，國君之寶也。雖隱于窮閻漏室（《新序》“閻”作“閭”），人莫不貴，貴道誠存也（“貴”原作“之”，王先謙據《治要》校改，雲：“言人所以莫不貴此人者，以其可貴之道在也。”）。仲尼將為司寇，沈猶氏不敢朝飲其羊，公慎氏出其妻，慎潰氏逾境而徙（《新序》“徙”作“走”），魯之粥牛馬者不豫賈（《新序》“粥”作“鬻”，古通用），必蚤正以待之也（《新序》無“必”字，“蚤”作“布”。俞樾雲：“必字衍文，蚤疑修字之誤”）。居於闕党，闕黨之子弟，罔不必分（《新序》作“罔罟分”，王紹蘭《讀書雜記》雲：“不即罘之省文”，梁啟雄雲：“罔綃古今字”），有親者取多，孝弟以化之也。儒者在本朝則美政，在下位則美俗，儒之為人下如是矣。”王曰：“然則其為人上何如？”孫卿曰：“其為人上也廣大矣。志意定乎內，禮節修乎朝，法則度量正乎官，忠信愛利形乎下。行一不義、殺一無罪而得天下，不為也。此君義信乎人矣，通于四海，則天下應之如謹（《新序》作“則天下之外應之而懷之”），是何也？則貴名白而天下治也。（《荀子·儒效》）
前264,264,周赧王五十一年（西元前二六四年）,19,史料,秦、齊、楚、韓、趙、魏、周、宋、蔡,,圍,應侯問孫卿子曰：“入秦何見？”孫卿子曰：“其固塞險，形勢便，山林川穀美，天材之利多，是形勝也。入境，觀其風俗，其百姓朴，其聲樂不流汙，其服不挑，甚畏有司而順，古之民也。及都邑官府，其百吏肅然，莫不恭儉敦敬忠信而不梏，古之吏也。入其國，觀其士大夫，出於其門，入於公門；出於公門，歸於其家，無有私事也；不比周，不朋黨，偶然莫不明通而公也，古之士大夫也。觀其朝廷，其朝閑（“閑”上原脫“朝”字，從久保愛《荀子增注》據宋本補），聽決百事不留，恬然如無治者，古之朝也。故四世有勝，非幸也，數也（顧廣圻據《荀子》中《榮辱》《王制》等篇，校改“治”為“願”）；故近者歌謳而樂之，遠者竭蹶而趨之，四海之內若一家，通達之屬莫不從服，夫是之謂人師。《詩》曰：自西自東，自南自北，無思不服，此之謂也。夫其為人下也如彼，其為人上也如此，何謂其無益于人之國也。”昭王曰：“善。”（《荀子·儒效》，《新序·雜事五》第十章大體相同）力術止，義術行。曷謂也？曰：秦之謂也。威強乎湯、武，廣大乎舜、禹，然而憂患不可勝校也；讒讒然常恐天下之一合而軋己也，此所謂力術止也。曷謂乎威強乎湯、武？湯、武也者，乃能使說己者使耳。今楚父死焉，國舉焉，負三王之廟而辟于陳、蔡之間，視可，司間，案欲剡其脛而以蹈秦之腹，然而秦使左案左，使右案右，是乃使仇人役也。此所謂威強乎湯、武也。曷謂廣大乎舜、禹也？曰：古者百王之一天下臣諸侯也，未有封內千里者也。今秦南乃有沙漠與俱，是乃江南也。北與胡貉為鄰，西有巴戎，東在楚者乃界于齊，在韓者逾常山乃有臨慮，在魏者乃據圍津（楊注：“圍當為圍。《漢書》：曹參下修武，度圍津。顏師古曰：在東郡，豈古名圍津，轉寫為圍，或作韋津，今有韋城，豈是邪？《史記》：朱忌謂魏安釐王曰：秦固有懷、茅、邢丘，城垝津以臨河內，河內共、汲必危。垝、圍聲相近，疑同”），即去大樑百有二十裡耳。其在趙者剡然有苓而據松柏之塞，負西海而固常山，是地遍天下也，威動海內，強殆中國，然而憂患不可勝校也，讒讒然常恐天下之一合而軋己也。此所謂廣大乎舜、禹也。然則奈何？曰：節威反文，案用夫端誠信全之君子治天下焉，因與之參國政，正是非，治曲直，聽咸陽。順者錯之，不順者而後誅之。若是則兵不復出於塞外而令行天下矣。若是則雖為之築明堂於塞外而朝諸侯，殆可矣。假今之世，益地不如益信之務也。（《荀子·強國》）
前264,264,周赧王五十一年（西元前二六四年）,20,考案,秦、齊、周,,,案：《周季編略》列荀況由齊如秦在周赧王五十一年。據《荀子·強國》篇所述秦“廣大乎舜、禹”之疆域，以及“威強乎湯、武”之形勢，當在秦大勝於長平之前，荀況入秦當在周赧王五十一至五十四年間。
前263,263,周赧王五十二年（西元前二六三年）,1,史料,秦、韓、趙、魏,秦昭王,,秦昭王四十四年，魏安釐王十四年，韓桓惠王十年，趙孝成王
前263,263,周赧王五十二年（西元前二六三年）,2,史料,秦、齊、楚、燕、韓,白起,攻、取,三年，齊王建二年，楚頃襄王三十六年，燕武成王九年。[秦昭襄王]四十四年攻韓南陽，取之。（《秦本紀》，“陽”原誤作“郡”，從《六國表》、《白起列傳》改正）
前263,263,周赧王五十二年（西元前二六三年）,3,史料,秦、韓,秦昭王,攻、取,秦昭王四十四年秦攻韓取南陽。（《六國表》，《集解》徐廣曰：“一作郡。”作郡乃字誤。按表例，“秦”字當為衍文）
前263,263,周赧王五十二年（西元前二六三年）,4,史料,秦,白起、秦昭王,攻,[秦昭王]四十四年白起攻南陽、太行道，絕之。（《白起列傳》）
前263,263,周赧王五十二年（西元前二六三年）,5,史料,秦,秦昭王,攻,[秦昭王]四十四年攻大行，攻。（秦簡《編年記》）
前263,263,周赧王五十二年（西元前二六三年）,6,史料,秦、韓、趙,,,[韓桓惠王]十年秦擊我於太行，我上黨郡守以上党郡降趙。（《韓世家》）
前263,263,周赧王五十二年（西元前二六三年）,7,史料,秦、韓,,,[韓桓惠王]十年秦擊我太行。（《六國表》）
前263,263,周赧王五十二年（西元前二六三年）,8,考案,秦、楚、韓、魏、晉、蔡,白起、范雎、秦昭王,伐、攻、取、拔,案：錢大昕《潛研堂文集》卷十二“答問九”，以為《秦本紀》攻韓南郡，《六國表》作南陽，當以南陽為是，甚確。錢氏又謂：“韓之南陽，即秦、漢之南陽郡，昭王三十五年初置南陽郡者也。昭王十六年拔韓宛城，又封魏冉穰侯，皆南陽郡地，是南陽屬秦已久。而此時又雲攻取韓南陽，蓋戰國時，大郡或領十數城，非一時所能盡拔。秦雖置南陽郡，尚未全有其地，至是始悉取之。”此說大謬。《白起列傳·集解》曰：“此南陽，河內修武是也。”《正義》又曰：“案南陽屬韓，秦攻之，則韓太行羊腸道絕矣。”此說是也。蓋韓、魏有兩處名南陽，一處即秦、漢之南陽郡，與楚上庸相近。另一處乃太行山之南陽，因地處太行山之南而得名。《續漢書·郡國志》：河內郡修武故南陽。《漢書·地理志》注引應劭曰：“晉始啟南陽，今南陽城是也。”修武在今河南獲嘉縣，《白起列傳》稱昭王四十五年“伐韓之野王，野王降秦，上黨道絕”。野王在今河南沁陽縣，當修武之西南。是時秦攻取韓之南陽、野王，佔有太行山東南一帶，以絕斷韓上党郡與韓國都之通道。《白起列傳》稱“攻南陽、太行道，絕之”，又稱“上黨道絕”，《蔡澤列傳》記蔡澤說範雎曰：“今君相秦，計不下席，謀不出廊廟，坐制諸侯，利施三川，以實宜陽；決羊腸之險，塞太行之道。”亦指此而言。此乃范雎攻破韓國之計謀。范雎說秦昭王曰：“北斷太行之道，則上党之師不下；王一興兵而攻滎陽，則其國斷而為三。”秦簡《編年記》稱是年攻太行，《韓世家》稱秦擊我於太行，皆指太行道而言。
前263,263,周赧王五十二年（西元前二六三年）,9,史料,秦、趙,,攻、取、會,天下之士合從相聚于趙，而欲攻秦。秦相應侯曰：“王勿憂也，請今廢之（“今”原作“令”，從王念孫改正。王念孫曰：“今猶即也，言請即廢之也”）。秦於天下之士非有怨也，相聚而攻秦者，以己欲富貴耳（鮑本“欲”作“有”）。王見大王之狗，臥者臥，起者起，行者行，止者止，毋相與鬥者，投之一骨，輕起相牙者何則？有爭意也。”於是使唐雎載音樂（“使”字原缺，從鮑本補），予之五千金（“千”原作“十”，鮑本作“千”。黃丕烈雲：“千字是也。下覆載五十金同。”金正煒曰：“五十金並應作五千金，下文散不能三千金，可證”），居武安，高會相與飲，謂邯鄲人誰來取者？於是其謀者固未可得予也，其可得與者（鮑本“與”作“予”），與之昆弟矣。“公與秦計功者，不問金之所之，金盡者功多矣。今令人覆載五千金隨公。”唐雎行，行至武安，散不能三千金，天下之士，大相與鬥矣。（《秦策三》第十四章）
前263,263,周赧王五十二年（西元前二六三年）,10,考案,秦、齊、楚、韓、趙、魏、周、吳,,攻、救、合縱、賂,案：顧觀光附此于周赧王四十九年，蓋《魏世家》載安麓王十一年記齊、楚相約攻魏，魏使人求救于秦，而秦救不至。魏王使唐雎入見秦遊說，於是秦發兵救魏。顧氏以為一時事。此事當在長平之戰前。是時東方六國中以趙最強，因而天下之士有相聚于趙謀合縱攻秦之舉。吳師道曰：“《秦記》尉繚說秦王曰：願大王毋愛財物，賂其豪臣，不過亡三十萬金，則諸侯可盡。《大事記》雲：前此範雎之散合縱，後此陳平之間項羽，同出一術。”範雎賂天下之士以散合縱，蓋欲個別擊破韓、趙等國。
前263,263,周赧王五十二年（西元前二六三年）,11,史料,秦、齊、楚、燕、韓、趙、魏、晉、周、越、衛、鄭、蔡,智伯,伐、攻、圍、救、拔,魏將與秦攻韓（《史記·魏世家》作“魏王以秦救之故，欲親秦而伐韓，以求故地）。朱己謂魏王曰（今本《史記》“朱己”誤作“無忌”，《荀子·強國》篇楊倞注引《史記》作“朱忌》：“秦與戎翟同俗，有虎狼之心，貪戾好利而無信（帛書《戰國縱橫家書》第十六章“信”作“親”），不識禮義德行。苟有利焉，不顧親戚兄弟，若禽獸耳。此天下之所同知也（《史記》“知”作“識”），非所施厚積德也。故太后，母也，而以憂死。穰侯舅也，功莫大焉（帛書“大”作“多”），而竟逐之；兩弟無罪，而再奪之國。此于其親戚兄弟若此（帛書、《史記》皆無“兄弟”二字），而又況于仇讎之敵國也。今大王與秦伐韓，而益近秦患（“患”字原脫，從帛書、《史記》補），臣甚惑之，而王弗識也，則不明矣。群臣知之而莫以此諫（帛書、《史記》皆作“群臣莫以聞”），則不忠矣。今夫韓氏，以一女子承一弱主（帛書、《史記》“承”作“奉”），內有大亂，外安能支強秦、魏之兵（帛書無“安能”二字，《史記》“安能支”作“交”），王以為不破乎？（帛書、《史記》“破”作“亡”）韓亡，秦盡有鄭地，與大樑鄰，王以為安乎？王欲得故地，而今負強秦之禍也（《史記》“禍”作“親”），王以為利乎？秦非無事之國，韓亡之後必且更事（“更”原誤作“便”，從帛書、《史記》改正），更事必就易與利，就易與利必不伐楚與趙矣。是何也？夫越山逾河，絕韓之上党而攻強趙，則是複闕與之事也，秦必不為也。若道河內，倍鄴、朝歌（“倍”與“背”通），絕漳、滏之水，而以與趙兵決勝於邯鄲之郊，是智伯之禍也，秦又不敢。伐楚，道涉谷（“穀”上誤衍“山”字，從帛書、《史記》刪），行三千里而攻黽隘之塞（“黽”原誤作“危”，從王念孫改正，“黽隘”，帛書作“冥庖”，《史記》作“冥阝”，古通用），所行甚遠，而所攻者甚難，秦又弗為也。若道河外，背大樑而右上蔡、召陵，以與楚兵決于陳郊，秦又不敢也。故曰：秦必不伐楚與趙矣，又不攻燕與齊矣（“燕”，原誤作“衛”，《史記》同誤，今從帛書改正）。韓亡之後，兵出之日，非魏無攻矣（帛書、《史記》“矣”作“已”）。秦故有懷、茅、邢丘（“故”，帛書、《史記》作“固”，“故”與“固”通。“茅”原誤作“地”，從帛書、《史記》改正)，城垝津，而以之臨河內，河內之共、汲莫不危矣。秦有鄭地，得垣雍，決熒澤，而水大樑（《史記》“水”下有“灌”字，帛書無“而水大樑”四字），大樑必亡矣。王之使者大過矣，乃惡安陵氏于秦，秦之欲許久矣(“許”下原衍“之”字，今從帛書刪。《史記》誤作“誅之”)。然而秦之葉陽、昆陽與舞陽鄰(“舞陽”下原衍“高陵”二字，從帛書、《史記》刪)，聽使者之惡也，隨安陵氏而欲亡之(“隨”帛書作“墮”，“隨”與“墮”通)。秦繞舞陽之北(“繞”帛書作“繚”，二字通用)，以東臨許，則南國必危矣。南國雖無危，則魏國豈得安哉？（帛書作“南國必危，國先害已”，《史記》“先”誤作“無”)。且夫憎韓不愛安陵氏可也(“愛”原誤作“受”，從帛書、《史記》改正)，夫不患秦之不愛南國非也(帛書無“之”字，金正煒雲：“之字疑又字之訛”)。異日者，秦乃在河西，晉國之去梁也，幹裡有餘，河山以闌之，有周、韓而間之。從林軍以至於今(《史記》“林”作“林鄉”)，秦七攻魏(“七”原誤作“十”，從帛書、《史記》改正)，五入圍中(“圍”誤作“國”，從帛書、《史記》改正)，邊城盡拔，文台墮，垂都焚(“焚”帛書作“然”，通“燃”)，林木伐，麋鹿盡，而國繼以圍。又長驅梁北，東至陶、衛之郊，北至乎闞（帛書、《史記》“闞”作“監”，音近通用)，所亡于秦者，山南、山北、河外、河內(“山南”二字原脫，從帛書、《史記》補)，大縣數十(“十”原誤作“百”，從帛書、《史記》改正)，名部數百(“部”原誤作“都”，“百”原誤作“十”，從帛書改正)，秦乃在河西。晉國之去大樑也尚千里，而禍若是矣，又況于使秦無韓而有鄭地，無河山以闌之，無周、韓以間之，去大樑百里，禍必百此矣(《史記》“百”誤作“由”)。異日者，從之不成也(“從”與“縱”通)，楚、魏疑而韓不可得而約也。今韓受兵三年，秦撓之以講，韓知亡猶弗聽(帛書、《史記》“知”作“識”)，投質于趙，而請為天下雁行頓刃。以臣觀之，則楚、趙必與之攻矣(帛書、《史記》皆作“楚、趙必集兵”)，皆知秦之欲無窮也(“欲”原脫，從《史記》補)，非盡亡天下之兵而臣海內之民，必不休矣。是故臣願以從事乎王（“從”與“縱”通），王速受楚、趙之約，而挾韓之質（“韓”上原衍“魏”字，從帛書、《史記》刪），以存韓為務，因求故地于韓，韓必效之。如此則士民不勞而故地得（帛書“得”作“反”，“反”與“返”通），其功多於與秦共伐韓，然而無與強秦鄰之禍（帛書“無”上有“必”字，《史記》“無”誤作“又”）。夫存韓安魏而利天下，此亦王之大時已。通韓之上党于共、甯（“甯”原誤作“莫”，從帛書、《史記》改正），使道安成之關（原作“使道已通因而關之”，《史記》作“使道安成”，帛書作“使道安成之□”，今據以校正），出入賦之，是魏重質韓以其上黨也，共有其賦（帛書“共”作“合”，《史記》誤作“今”），足以富國，韓必德魏，愛魏，重魏，畏魏，韓必不敢反魏，是韓，魏之縣也。魏得韓以為縣，則衛大樑，河外必安矣（帛書“河外”作“河北”）。今不存韓，則二周必危，安陵必易（帛書“易”作“貤”，與“弛”通），楚、趙大破，燕、齊甚卑（原誤作“衛、齊甚畏”，《史記》同誤，今從帛書改正），天下之西鄉而馳秦、入朝為臣之日不久矣。”（帛書“鄉”作“舟”，“舟”與“輈”通。“矣”字從帛書、《史記》補)（《魏策三》第八章，《魏世家》與帛書《戰國縱橫家書》第十六章同）
前263,263,周赧王五十二年（西元前二六三年）,12,考案,秦、楚、韓、趙、魏、周、越,秦昭王,伐、攻、卒、立、合縱、會、殺,案：《魏世家》系此于安麓王十一年後，顧觀光列此于周般王四十九年，林春溥、於鬯列此于周般王五十三年，皆不確。此雲穰侯見逐，穰侯出之陶，在秦昭王四十二年九月，已是歲末，此事必在周般王五十一年以後，此謂“今韓受兵三年”，考是時秦伐韓，起于秦昭王四十二年，則此事必在昭王四十四年即周般王五十二年。此又謂“夫越山逾河，絕韓之上党而攻強趙，則複闕與之事也，秦必不為也”，可知必在此年秦攻絕韓之太行道之前。《秦策三》第十四章，謂“天下之士合從相聚于趙而欲攻秦”，正此時事，朱己即是謀合縱攻秦之士而遊說于魏安麓王者。彼分析當時形勢，了若指掌，此後未見魏助秦攻韓，或與此有關。楚頃襄王病，太子不得歸。而楚太子與秦相應侯善，於是黃歇乃說應侯曰：“相國誠善楚太子乎？”應侯曰：“然。”歇曰：“今楚王恐不起疾（《史記會注考證》：“楓山、三條本王下有病字。”《資治通鑒》作“楚王疾恐不起”），秦不如歸其太子。太子得立，其事秦必重而德相國無窮，是親與國而得儲萬乘也。若不歸，則咸陽一布衣耳。楚更立太子，必不事秦，夫失與國而絕萬乘之和（《資治通鑒》“夫”作“是”），非計也。願相國孰慮之。”應侯以聞秦王。秦王曰：“令楚太子之傅先往問楚王之疾，返而後圖之。”黃歇為楚太子計曰（《資治通鑒》“為”作“與”，“計”作“謀”)：“秦之留太子也，欲以求利也。今太子力未能有以利秦也，歇憂之甚。而陽文君子二人在中，王若卒大命，太子不在，陽文君子必立為後，太子不得奉宗廟矣。不如亡秦，與使者俱出，臣請止，以死當之。”楚太子因變服為楚使者禦以出關，而黃歇守舍，常為謝病（《資治通鑒》“為”下有“太子”二字）。度太子已遠，秦不能追，歇乃自言秦昭王曰：“楚太子已歸，出遠矣，歇當死，願賜死。”昭王大怒，欲聽其自殺也。應侯曰：“歇為人臣，出身以徇其主，太子立，必用歇，故不如無罪而歸之，以親楚。”秦因遣黃歇。歇至楚三月，楚頃襄王卒，太子完立，是為考烈王。（《春申君列傳》）
前263,263,周赧王五十二年（西元前二六三年）,13,史料,楚、吳、代,,卒、立,[楚頃襄王]三十六年頃襄王病，太子亡歸。秋頃襄王卒，太子熊元代立，是為考烈王。考烈王以左徒為令尹，封以吳，號春申君。（《楚世家》）
前263,263,周赧王五十二年（西元前二六三年）,14,史料,,,,考烈王元年以黃歇為相，封為春申君，賜淮北地十二縣。（《春申君列傳》，《六國表》亦記“黃歇為相于考烈王元年”）
前263,263,周赧王五十二年（西元前二六三年）,15,史料,楚,,,楚考烈王完。（《楚世家》“太子熊元”下引《世本》作“完”）
前263,263,周赧王五十二年（西元前二六三年）,16,考案,楚,,,案：考烈王之名，或作元，或作“完”，音同通用。金文作“肯”，見楚王禽肯鼎、簠之銘文。“元”古讀若昆，《說文》“阮”字下雲：“讀若昆”，元、肯乃一聲之轉。
前263,263,周赧王五十二年（西元前二六三年）,17,考案,楚、吳,,立、即位,又案：《楚世家》謂春申君受封于考烈王立年是也。初受封，即賜淮北十二縣，當以《春申君列傳》為是。春申君改封于吳，在此後十五年。《資治通鑒》作“考烈王即位，以黃歇為相，封以淮北地，號曰春申君”，甚是。
前263,263,周赧王五十二年（西元前二六三年）,18,史料,齊、趙、周,,,[趙孝成王]三年相邦建郭君(“郭”讀作“信”)，邦左厙工師□□，冶尹月執齊(“齊”讀作“劑”)。（三年相邦建信君矛刻銘，《周金文存》卷六著錄）
前263,263,周赧王五十二年（西元前二六三年）,19,史料,齊、趙,,,[趙孝成王]三年相邦建鄔君（“鄔”讀作“信”），邦右厙工師……（三年相邦建信君劍刻銘，《善齊吉金錄·古兵下》著錄）
前263,263,周赧王五十二年（西元前二六三年）,20,考案,齊、趙、魏、代,,即位,案：此外尚有八年相邦建信君矛、劍刻銘，見於《三代吉金文存》卷二十等。矛劍刻銘，“建信君”皆作“建鄔君”，古“信”與“伸”“身”同音通用。《趙策三》第十六章記魏公子牟稱建信君為“幼艾”，即《孟子·萬章上》所謂“知好色，則慕少艾”。古稱年輕美貌之男子為少艾或幼艾。《趙策三》第十七章又載或謂建信曰：“君之所以事王者色也。”趙孝成王因好男色，寵倖建信君而任以為相邦，當在此年或即位之後。今人或以西漢千乘郡之建信作為建信君之封邑，尚無確證。千乘郡之建信，在千乘之西，漯水之南，在今山東高青西北，已是齊之腹地。建信疑是封號。
前263,263,周赧王五十二年（西元前二六三年）,21,史料,趙,,取,或謂建信：“君之所以事王者色也，葺所以事王知也（“葺”原作“菖”，今從鮑本）。色老而衰，知老而多。以日多之知，而逐衰惡之色，君必困矣。”建信君曰：“奈何？”曰：“並驥而走者，五裡而罷；乘驥而禦之，不倦而取道多。君令葺乘獨斷之車，禦獨斷之勢，以居邯鄲，令之內治國事，外刺諸侯，則葺之事有不言者矣。君因言王而重責之，葺之軸今折矣。”建信君再拜受命，入言于王，厚任葺以事能，重責之。未期年而葺亡走矣。（《趙策三》第十七章）
前263,263,周赧王五十二年（西元前二六三年）,22,史料,趙、魏、吳,,,魏魁謂建信君曰（“魁”原作“魀”，吳師道雲：一本作“鬿”，皆誤字，今從《文選》陳琳《檄吳將校部曲文》李注所引改正》：“人有置系蹄者而得虎，虎怒，決蹯而去。虎之情，非不愛蹯也，然而不以環寸之蹯，害七尺之軀者，權也。今有國者，非直七尺之軀也，而君之身于王，非環寸之蹯也，願公之熟圖之也。”（《趙策三》第二十章）
前263,263,周赧王五十二年（西元前二六三年）,23,史料,韓、趙,,,翟章從梁來，甚善趙王。趙王三延之以相，翟章辭不受。田駟謂柱國韓向曰：“臣請為卿刺之。客若死，則王必怒而誅建信君。建信君死，則卿必為相矣。建信君不死，以為交，終身不敝。卿因以德建信君矣。”(《趙策四》第十章)
前263,263,周赧王五十二年（西元前二六三年）,24,考案,秦、趙、魏、衛,,伐、圍、救,案：顧觀光以此系秦王政三年，即趙悼襄王元年，不確。建信君以色為趙孝成王之幸臣。《魏世家·索隱》引《紀年》謂魏襄王八年“翟章伐衛”，《水經·汾水注》引《紀年》，又謂魏襄王十二年“翟章率師救皮氏圍”。魏襄王八年乃西元前三一一年，距此已有四十八年。此從梁來趙之翟章，疑為同名之另一人。
前262,262,週報王五十三年（西元前二六二年）,1,史料,秦、齊、楚、燕、韓、趙、魏,秦昭王,,秦昭王四十五年，魏安釐王十五年，韓桓惠王十一年，趙孝成王四年，齊王建三年，楚考烈王元年，燕武成王十年。
前262,262,週報王五十三年（西元前二六二年）,2,史料,秦、韓,,攻、取,[秦昭襄王]四十五年五大夫賁攻韓，取十城。葉陽君悝出之國（《集解》：“一雲華陽”），未至而死。（《秦本紀》，《六國表》作“攻韓取十城”）
前262,262,週報王五十三年（西元前二六二年）,3,考案,周,,,案：葉陽君，《集解》雲：“一雲華陽”。梁玉繩曰：“華形近葉，傳寫致訛。華陽君即昭王舅羋戎，悝乃昭王母弟高陵君，此紀當有脫誤。不然，將以羋戎為公子悝矣。”今案：此疑“華陽君羋戎”之誤，說在周赧王五十年案語中。
前262,262,週報王五十三年（西元前二六二年）,4,史料,秦、韓、趙、鄭,白起、秦昭王,伐、攻,[秦昭王]四十五年攻大壄王(“壄”即“野”之別體)。十二月甲午雞鳴時喜產。(秦簡《編年記》)[秦昭王]四十五年伐韓之野王，野王降秦，上黨道絕。其守馮亭與民謀曰：“鄭道已絕，韓必不可得為民。秦兵日進，韓不能應，不如以上党歸趙。趙若受我，秦怒，必攻趙。趙被兵，必親韓。韓、趙為一，則可以當秦。”因使人報趙。趙孝成王與平陽君、平原君計之。平陽君曰：“不如勿受。受之，禍大於所得。”平原君曰：“無故得一郡，受之便。”趙受之，因封馮亭為華陽君。（《白起列傳》）
前262,262,週報王五十三年（西元前二六二年）,5,史料,秦、韓、趙、宋,廉頗,攻、取、會,[趙孝成王]四年王夢衣偏裻之衣，乘飛龍上天，不至而墜，見金玉之積如山。明日王召筮史敢占之，曰：“夢衣偏裻之衣者，殘也。乘飛龍上天不至而墜者，有氣而無實也。見金玉之積如山者，憂也。”後三日，韓氏上党守馮亭使者至，曰：“韓不能守上黨，入之于秦。其吏民皆安為趙，不欲為秦。有城市邑十七（《趙策一》第十一章“十七”誤作“七十”），願再拜入之趙，聽王所以賜吏民。”(“聽”或作“財”。《史記會注考證》雲：“宋、中統、王、柯、毛本作財，今從古鈔本、楓山、三條本、淩本”)王大喜，召平陽君豹告之曰：“馮亭入城市邑十七，受之何如？”對曰：“聖人甚禍無故之利。”王曰：“人懷吾德，何謂無故乎？”對曰：“夫秦蠶食韓氏地，中絕不令相通，固自以坐而受上黨之地也。韓氏所以不入秦者，欲嫁其禍于趙也。秦服其勞而趙受其利，雖強大不能得之於小弱，小弱顧能得之於強大乎？豈可謂非無故之利哉？且夫秦以牛田之（《趙策一》第十一章無“之”字，“之”字疑衍），水通糧，蠶食（《趙策一》無此二字，當涉上而衍），上乘倍戰者裂上國之地，其政行（《趙策一》作“令嚴政行”），不可與為難，必勿受也。”王曰：“今發百萬之軍而攻，逾年曆歲未得一城也。今以城市邑十七幣吾國，此大利也。”趙豹出，王召平原君與趙禹而告之。對曰：“發百萬之軍而攻，逾歲未得一城，今坐受城市邑十七，此大利，不可失也。”王曰：“善。”乃令趙勝受地，告馮亭曰：“敝國使者臣勝，敝國君使勝致命，以萬戶都三封太守，千戶都三封縣令，皆世世為侯，吏民皆益爵三級，吏民能相安，皆賜之六金。”馮亭垂涕不見使者，曰：“吾不處三不義也（《趙策一》“處”上無“不”字，疑此“不”字衍文）。為主守地，不能死固，不義一矣；入之秦，不聽主令，不義二矣；賣主地而食之，不義三也。”趙遂發兵取上黨。廉頗將軍軍長平。（《趙世家》，《趙策一》第十一章大體相同。梁玉繩曰：“廉頗上失書六年二字。”）
前262,262,週報王五十三年（西元前二六二年）,6,史料,秦、楚、韓、趙、吳、代,白起,伐、攻、卒、取、盟,秦王謂公子他曰：“昔歲殽下之事，韓為中軍，以與諸侯攻秦，韓與秦接境壤界，其地不能千里，輾轉不可約。日者，秦、楚戰于藍田，韓出銳師以佐秦，秦戰不利，因轉與楚，不固信盟，唯便是從。韓之在我，心腹之疾，吾將伐之。何如？”公子他曰：“王出兵韓，韓必懼，懼則可以不戰而深取割。”王曰：“善。”乃起兵，一軍臨熒陽（鮑本“熒”作“滎”），一軍臨太行。韓恐，使陽成君入謝于秦（鮑注：“疑當作成陽，秦昭十七年入朝者也”），請效上黨之地以為和，令韓陽告上党之守靳讎曰（鮑改“讎”為“黈”，以為字書無此字）：“秦起二軍以臨韓，韓不能有（鮑本“有”作“支”，金正煒雲：“當從之”），今王令韓興兵以上党入和于秦（金正煒雲：“令韓興兵疑當作全韓輿兵”），使陽言之太守，太守其效之。”靳讎曰：“人有言：挈瓶之知，不能守器。王則有令而臣太守（黃丕烈雲：“今本太誤失”），雖王與子亦有猜焉，臣請悉發守以應秦，若不能卒，則死之。”韓陽趨以報王。王曰：“吾始已諾于應侯矣，今不與，是欺之也。”乃使馮亭代靳讎。馮亭守三十日，陰使人請趙王曰：“韓不能守上黨，且以與秦，其民皆不欲為秦，而願為趙，今有城市之邑十七（“十七”原誤作“七十”，從王念孫據《趙世家》改正），願拜內之于王，唯王才之（鮑注：“才，財，裁同”）。趙王喜，召平陽君而告之曰：“韓不能守上黨，且以與秦，其吏民不欲為秦，而皆願為趙，今馮亭令使者以與寡人（黃丕烈雲：“今本今誤令”），何如？”趙豹對曰：“臣聞聖人甚禍無故之利。”王曰：“人懷吾義，何謂無故乎！”趙豹對曰：“秦蠶食韓氏之地，中絕不令相通，故自以為坐受上黨也。且夫韓之所以內趙者，欲嫁其禍也。秦被其勞而趙受其利，雖強大不能得之於小弱，而小弱顧能得之強大乎？今王取之，可謂有故乎？且秦以牛田，水通糧，其死士皆列之於上地（《趙世家》作“裂上國之地”），令嚴政行，不可與戰。王自圖之。”王大怒曰：“夫用百萬之眾攻戰，逾年曆歲，未得一城也（“得”原誤作“見”，從王念孫據《趙世家》改正），今不用兵而得城十七，何故不為？”趙豹出，王召趙勝、趙禹而告之曰：“韓不能守上黨，今其守以與寡人，有城市之邑十七。”二人對曰：“用兵逾年，未得一城，今坐而得城十七，此大利也。”乃使趙勝往受地。趙勝至，曰：“敝邑之王使使者臣勝，太守有詔，使臣勝謂曰：請以三萬戶之都封太守，千戶封縣令，諸吏皆益爵三級，民能相集者賜家六金。”馮亭垂涕而勉曰（鮑改“勉”為“免”，黃丕烈雲：“此以勉為俛字也。”）：“是吾處三不義也：為主守地而不能死，而以與人，不義一也；主內之秦，不順主命，不義二也；賣主之地而食之，不義三也。”辭封而入韓，謂韓王曰：“趙聞韓不能守上黨，今發兵已取之矣。”韓告秦曰：“趙起兵取上黨。”秦王怒，令公孫起、王齮以兵遇趙于長平。（《趙策一》第十一章，吳師道雲：“公孫起即白起，《史》王齮非齮，秦將有桓齮，此恐訛舛。”黃丕烈雲：“吳說非也。《秦始皇本紀》王齮、麋公，徐廣注：一作齭。《索隱》曰：王齮即王齮。《六國表》秦莊襄王三年王齮擊上党，徐廣亦注：一作齭，是王齮即王齮，其證甚明，與桓齮迥不相涉。”）
前262,262,週報王五十三年（西元前二六二年）,7,考案,秦、趙、吳,白起,,案：以上兩則，大體相同，而文不全同，蓋一事而兩傳，《白起列傳》又有概括之記述，而馮亭所談，又有不同。《資治通鑒》既采《白起列傳》馮亭之謀，又據《趙世家》記趙受上黨之經過。趙豹雲：“且秦以牛田，水通糧，其死士皆列之於上地，令嚴政行，不可與戰。”此從經濟與政治以說明秦之強大，頗為重要。吳師道雲：“牛耕積谷，水漕通糧，秦從渭水漕運入河、洛。”可知其時秦獎勵耕戰，已普遍推廣牛耕。並以水漕通糧，支持前線軍隊之作戰。所謂“其死士皆列之於上地”，《趙世家》作“上乘倍戰者裂上國之地”，“列”當讀作“裂”，即指秦按軍功分割田宅以賞賜之二十等爵制。再加“令嚴政行”，因而不能戰勝之。鮑彪以牛田為秦地名，無據。
前262,262,週報王五十三年（西元前二六二年）,8,考案,秦、韓、趙、代,白起,滅,又案：《趙策一》言馮亭辭封而入韓，而《白起列傳》謂趙封馮亭為華陽君。《漢書·馮奉世傳》雲：“趙封亭為華陽君，與趙將括距秦，戰死于長平。宗族由是分散，或在趙。在趙者為官師將，官師將子為代相，及秦滅六國，而馮亭之後馮無擇、馮去疾、馮劫皆為秦將相焉。漢興，馮唐即代相之子也。”《趙世家·集解》曾引此為證。《後漢書·馮衍傳》亦有相同之記載。可知《白起列傳》所載確實。《趙世家·集解》又引《上黨記》雲：“馮亭塚在壺關城西五裡。”
前262,262,週報王五十三年（西元前二六二年）,9,史料,秦、楚,蘇秦,取,楚考烈王元年秦取我夏州。（《六國表》，“夏”字原脫，《蘇秦列傳》“東有夏州”下，《集解》引徐廣曰：“楚考烈王元年秦取夏州。”今據補）
前262,262,週報王五十三年（西元前二六二年）,10,史料,秦、楚,蘇秦,,[楚]考烈王元年納夏州于秦，是時楚益弱。（《楚世家》，“夏”字原脫，今據《蘇秦列傳·集解》引徐廣之說，加以補正）
前262,262,週報王五十三年（西元前二六二年）,11,考案,秦、楚、周,蘇秦、白起、秦昭王,伐、攻、圍、取,案：《蘇秦列傳》楚“東有夏州”下，《集解》雲：“徐廣曰：楚考烈王元年秦取夏州，駰案《左傳》楚莊王伐陳，鄉取一人焉以歸，謂之夏州。”注者不說夏州所在。車胤《桓溫集》雲：“夏口城上數裡有洲名夏州，東有夏州謂此也。”《正義》雲：“大江中州也，夏水口在荊州江陵縣東南二十五裡。”《周季編略》據《集解》所引徐廣說，改作“楚納夏州于秦”，甚是。惟據《正義》以為夏州在江陵縣，不確。秦昭王二十九年白起攻取楚都郢及其周圍地區，江陵縣一帶當早已為秦所取。江永《春秋地理考實》謂“夏州蓋在北岸江、漢合流之間，其後漢水遂有夏名”。程恩澤《國策地名考》以為夏州當指漢陽一帶，亦即《離騷》所謂夏浦。今案夏州當為楚東部之地區名，指漢水與長江合流之間，包括漢陽以下，長江以西之水澤地帶，為楚東邊之要地，此時楚被迫而獻納于秦，故《楚世家》雲“是時楚益弱”。若僅為一城名州，《楚世家》不能據此謂“楚益弱”。但《楚世家·集解》引徐廣曰“南郡有州陵縣”以解釋，《續漢書·郡國志》南郡州陵縣下有注雲：“楚考烈王納州于秦，即其地。”則《楚世家》早已作“納州”而脫“夏”字。蓋《楚世家》先脫“夏”字，後人又據《楚世家》誤刪《六國表》之“夏”字。楚頃襄王時有封君夏侯，《楚策四》莊辛謂楚頃襄王：“君王左州侯，右夏侯。”夏侯當即封于夏州。
前261,261,周赧王五十四年（西元前二六一年）,1,史料,秦、齊、楚、燕、韓、趙、魏,秦昭王,,秦昭王四十六年，魏安釐王十六年，韓桓惠王十二年，趙孝成王五年，齊王建四年，楚考烈王二年，燕武成王十一年。
前261,261,周赧王五十四年（西元前二六一年）,2,史料,秦、趙,廉頗,,趙孝成王五年使廉頗拒秦于長平。（《六國表》）
前261,261,周赧王五十四年（西元前二六一年）,3,考案,趙,,,案：《趙世家》記此事于上年。
前261,261,周赧王五十四年（西元前二六一年）,4,史料,秦、韓,白起、秦昭王,攻、拔,[秦昭王]四十六年秦攻韓緱氏、藺，拔之。（《白起列傳》，“藺”乃“綸”之音轉）
前261,261,周赧王五十四年（西元前二六一年）,5,考案,韓、晉、代,,攻,案：《正義》雲：“檢諸地記，潁川無藺，《括地志》雲：洛州嵩縣本夏之綸國也。在緱氏東南六十裡。《漢書·地理志》雲：綸氏屬潁川郡。按既攻緱氏、藺，二邑合相近，恐綸、藺聲相近，字隨音而轉作藺。”緱氏在今河南登封縣西北，綸氏在今登封縣西南。傳世有戈，刻銘雲：“七年侖氏命（讀作“令”）韓□、工師榮原、冶□。”侖氏即綸氏，乃韓之兵器。見黃盛璋《試論三晉兵器的國別和年代及其相關問題》（收入所著《歷史地理考古論叢》）。
前261,261,周赧王五十四年（西元前二六一年）,6,史料,秦、鄭,秦昭王,,[秦昭王]四十六年王之南鄭。（《六國表》）
前261,261,周赧王五十四年（西元前二六一年）,7,史料,秦、楚、魯,秦昭王,伐、攻、取,[秦昭王]四十六年攻□亭。(秦簡《編年記》，“亭”上缺一字，不詳何地)[魯頃公]十九年楚伐我取徐州。（《魯世家》）
前261,261,周赧王五十四年（西元前二六一年）,8,考案,秦、齊、楚、韓、趙、周、魯,,攻、取、拔,案：《魯世家》言頃公二年秦拔楚之郢，楚頃襄王東徙于陳，可知魯頃西元年當周赧王三十六年，十九年當周赧王五十四年。是年楚乘秦攻韓與趙之時機，攻取魯之徐州。徐州即薛，乃魯往年乘齊為五國攻破時所取得者。
前261,261,周赧王五十四年（西元前二六一年）,9,史料,秦、韓,,取,秦大饑，應侯請曰：“五苑之草著、蔬菜、橡果、棗栗，足以活民，請發之。”昭襄王曰：“吾秦法，使民有功而受賞，有罪而受誅，今發五苑之蔬草者，使民有功與無功俱賞也。夫使民有功與無功俱賞者，此亂之道也。夫發五苑而亂，不如棄蔬而治。”一曰：“令發五苑之蔬、蔬、棗、栗，足以活民，是用民有功與無功爭取也。夫生而亂，不如死而治，大夫其釋之。”（《韓非子·外儲說右下》）
前261,261,周赧王五十四年（西元前二六一年）,10,考案,秦、韓、趙、周,白起、秦昭王,伐、攻、滅,案：今本《戰國策》末章（姚寬據蘇轍《古史·白起傳》增補）記秦昭王既息民繕兵，複欲伐趙，謂武安君白起曰：“前年國虛民饑，君不量百姓之力，求益軍糧以滅趙。”此當秦昭王四十八年九月秦復發兵攻趙邯鄲時。今據此定《韓非子》所載“秦大饑”於是年。《周季編略》編此于周赧王五十六年，較遲二年。
前260,260,周赧王五十五年（西元前二六〇年）,1,史料,秦、齊、楚、燕、韓、趙、魏,秦昭王,,秦昭王四十七年，魏安釐王十七年，韓桓惠王十三年，趙孝成王六年，齊王建五年，楚考烈王三年，燕武成王十二年。
前260,260,周赧王五十五年（西元前二六〇年）,2,史料,秦、韓、趙,白起、秦昭王,攻、卒、殺,[秦昭王]四十七年秦攻韓上黨，上党降趙，秦因攻趙，趙發兵擊秦，相距。秦使武安君白起擊，大破趙于長平，四十余萬盡殺之。（《秦本紀》，《六國表》作“白起破趙長平，殺卒四十五萬”）
前260,260,周赧王五十五年（西元前二六〇年）,3,史料,趙,廉頗,,[趙孝成王六年]廉頗將軍，軍長平。（《趙世家》原脫“六年”二字）
前260,260,周赧王五十五年（西元前二六〇年）,4,史料,秦、韓、趙、代,白起、廉頗、秦昭王,攻、救、卒、取、拔、殺,趙孝成王六年使趙括代廉頗將，白起破括四十五萬。（《六國表》）[秦昭王]四十七年，秦使左庶長王齕攻韓，取上黨。上党民走趙。趙軍長平，以按據上黨民。四月齕因攻趙。趙使廉頗將。趙軍士卒犯秦斥兵，秦斥兵斬趙裨將茄。六月，陷趙軍，取二鄣四尉。七月趙軍築壘壁而守之。秦又攻其壘，取二尉，敗其陣（陣，《集解》引徐廣曰：“一作乘”），奪西壘壁。廉頗堅壁以待秦，秦數挑戰，趙兵不出。趙王數以為讓。而秦相應侯又使人行千金于趙為反間，曰：“秦之所惡，獨畏馬服子趙括將耳，廉頗易與，且降矣。”趙王既怒廉頗軍多失亡，軍數敗，又反堅壘不敢戰，而又聞秦反間之言，因使趙括代廉頗將以擊秦。秦聞馬服子將，乃陰使武安君白起為上將軍，而王齕為尉裨將，令軍中有敢泄武安君將者斬。趙括至，則出兵擊秦軍。秦軍佯敗而走，張二奇兵以劫之。趙軍逐勝，追造秦壁（《正義》雲：“秦壁一名秦壘，今亦名秦長壘”）。壁堅拒不得入，而秦奇兵二萬五千人絕趙軍後，又一軍五千騎絕趙壁間，趙軍分而為二，糧道絕。而秦出輕兵擊之，趙戰不利，因築壁堅守，以待救至。秦王聞趙食道絕，王自之河內，賜民爵各一級，發年十五以上悉詣長平，遮絕趙救及糧食。至九月，趙卒不得食四十六日，皆內陰相殺食。來攻秦壘，欲出。為四隊，四五複之，不能出。其將軍趙括出銳卒自搏戰，秦軍射殺趙括。括軍敗，卒四十萬人降武安君。武安君計曰：“前秦已拔上黨，上党民不樂為秦而歸趙。趙卒反覆，非盡殺之，恐為亂。”乃挾詐而盡坑殺之，遺其小者二百四十人歸趙。前後斬首虜四十五萬人。趙人大震。（《白起列傳》）
前260,260,周赧王五十五年（西元前二六〇年）,5,考案,趙,白起,會,案：《趙世家·正義》引《括地志》雲：“長平故城在澤州高平縣西二十一裡，即白起敗括于長平處。”《白起列傳》“趙軍長平”下，《集解》引徐廣曰：“在泫氏。”《索隱》雲：“泫氏今在上黨郡也。”今案泫氏與長平並非一城，泫氏在今山西高平縣，長平故城則在高平縣西北二十一裡，漢時屬於泫氏縣，故徐廣謂在泫氏。《水經·沁水注》雲：“絕水東南流，左會長平水。水出長平縣西北小山，東南徑其縣故城，泫氏之長平亭也。……括四十萬眾降起，起坑之於此。”
前260,260,周赧王五十五年（西元前二六〇年）,6,考案,秦、趙,白起、廉頗,取,又案：《白起列傳》“陷趙軍，取二鄣四尉”下，《正義》引《括地志》雲：“趙鄣故城一名都尉城，今名趙東城，在澤州高平縣西二十五裡，又有故穀城，此二城即二鄣也。”今案“鄣”乃“障”之通假。亭、障原為作戰前線或關塞、長城上所建守望之所，設有尉主管。《白起列傳》“奪西壁壘”下，《正義》引《括地志》雲：“趙西壘在澤州高平縣北六裡，即廉頗堅壁以待秦，王齕奪趙西壘壁者。”《白起列傳》：“趙戰不利因築壁壘守”，《正義》引《括地志》雲：“趙壁，今名趙東壁，亦名趙東長壘，在澤州高平縣北五裡，即趙括作壁敗處。”可知長平之戰遺跡至唐猶存，在今高平縣西北一帶山地中。
前260,260,周赧王五十五年（西元前二六〇年）,7,史料,秦、趙、代,廉頗,圍、卒,[趙孝成王]七年廉頗免而趙括代將，秦人圍趙括，趙括以軍降（“以”當為“死”字之誤，當讀作“趙括死，軍降”）。卒四十余萬皆坑之。王悔不聽趙豹之計，故有長平之禍焉。（《趙世家》）
前260,260,周赧王五十五年（西元前二六〇年）,8,考案,秦、楚、韓、趙,白起、秦昭王,卒、拔、殺,案：沈家本雲：“疑‘以’字乃‘死’字之訛。”甚是。梁玉繩雲：“七年，七月之誤，《白起列傳》可證。”其說不確。《趙奢列傳》亦記在趙孝成王七年，《範雎列傳》亦記秦大破趙于長平在“昭王四十三年”之“後五年”，即昭王四十八年，亦即趙孝成王七年。《韓世家》亦記“秦拔趙上党，殺馬服子卒四十余萬于長平”于桓惠王十四年，亦即秦昭王四十八年。《春申君列傳》亦記秦“破趙之長平軍四十余萬”，于春申君為相之四年，即楚考烈王七年，亦即秦昭王四十八年。《白起列傳》稱大敗趙括軍在秦昭王四十七年九月，是時秦用顓頊曆，九月已是歲末，蓋戰爭結束，趙軍四十余萬之受降，挾詐而盡坑殺之，已在翌年。長平之戰首尾有三年之久，《呂氏春秋·應言》篇已言之。
前260,260,周赧王五十五年（西元前二六〇年）,9,史料,秦、趙、代,廉頗、秦昭王,圍,[秦昭王四十三年]後五年，昭王用應侯謀，縱反間賣趙，趙以其故，令馬服子代廉頗將，秦下破趙于長平，遂圍邯鄲。（《範雎列傳》）
前260,260,周赧王五十五年（西元前二六〇年）,10,史料,秦、趙、代,白起、廉頗、藺相如,攻、卒、殺,[趙孝成王]七年秦與趙兵相距長平。時趙奢已死，而藺相如病篤，趙使廉頗將攻秦，秦數敗趙軍，趙軍固壁不戰。秦數挑戰，廉頗不肯。趙王信秦之間。秦之間言曰：“秦之所惡，獨畏馬服君趙奢之子趙括為將耳。”趙王因以括為將，代廉頗。藺相如曰：“王以名使括，若膠柱而鼓瑟耳。括徒能讀其父書傳，不知合變也。”趙王不聽，遂將之。趙括自少時學兵法，言兵事，以天下莫能當，嘗與其父奢言兵事，奢不能難，然亦不謂善。括母問奢其故，奢曰：“兵，死地也，而括易言之。使趙不將括即已，若必將之，破趙軍者，必括也。”及括將行，其母上書言于王曰：“括不可使將。”王曰：“何以？”對曰：“始妾事其父，時為將，身所奉飯飲而進食者以十數，所友者以百數，大王及宗室所賞賜者盡以予軍吏士大夫，受命之日不問家事。今括一旦為將，東向而朝，軍吏無敢仰視之者，王所賜金帛，歸藏於家，而日視便利田宅可買者買之。王以為如其父，父子異心，願王勿遣。”王曰：“母置之，吾已決矣。”括母因曰：“王終遣之，即有如不稱，妾得無隨坐乎？”王許諾。趙括既代廉頗，悉更約束，易置軍吏。秦將白起聞之，縱奇兵，詳敗走，而絕其糧道，分斷其軍為二，士卒離心。四十余日軍餓，趙括出銳卒自搏戰，秦軍射殺趙括。括軍敗，數十萬之眾遂降秦，秦悉坑之。趙前後所亡凡四十五萬。（《趙奢列傳》，《太平御覽》二百七十二引《戰國策》二百四十六字，大體與此相同）
前260,260,周赧王五十五年（西元前二六〇年）,11,史料,秦,秦昭王,攻,[秦昭王]四十七年攻長平。十一月敢產。（秦簡《編年記》）
前260,260,周赧王五十五年（西元前二六〇年）,12,史料,秦,,,秦雖大勝於長平，三年然後決，士民倦，糧食□。（《呂氏春秋·應言》“糧食”下原缺一字）
前260,260,周赧王五十五年（西元前二六〇年）,13,考案,秦、趙,白起、秦昭王,攻,案：長平之戰首尾三年，《編年記》與《秦本紀》、《六國表》、《白起列傳》相同，記長平之戰于秦昭王四十七年，蓋是年為秦用全力攻破長平也。《上黨記》曰：長平城在郡之南，秦壘在城西，二軍共食流水，澗相去五裡。秦坑趙眾，收頭顱築台於壘中，因山為台，嵬嵬架起，今仍號之曰白起台。城之左右沿山亙濕，南北五十許裡，東西二十餘裡，悉秦、趙故壘，遺壁舊存焉。……《上黨記》曰：長平城在郡南山中，丹水出長平北山，南流，秦坑趙眾，流血丹川，由是俗為丹水，斯為不經矣。（《水經·沁水注》）
前260,260,周赧王五十五年（西元前二六〇年）,14,考案,秦、趙,白起,,案：《趙世家·正義》佚文雲：“《白起列傳》雲：斬首虜四十五萬人。《括地志》雲：頭顱山一名白起台，在澤州高平縣西五裡。《上黨記》雲：秦坑趙兵，收頭顱，築台於壘中，因山為台，嵬嵬桀起，今稱白起台是也。”（見南化、楓、三、梅、狩本）見張衍田《史記正義佚文輯校》第一六七頁。《元和郡縣圖志》澤州高平縣下，亦雲：“頭顱山一名白起台，在縣西五裡。秦坑趙眾，收頭顱築此台。”
前260,260,周赧王五十五年（西元前二六〇年）,15,史料,秦、楚、趙、魏、鄭,,圍、救、卒,秦、趙戰于長平，趙不勝，亡一都尉。趙王召樓昌與虞卿曰：“軍戰不勝，尉複死，寡人使束甲而趨之（《新序·善謀》“趨”作“赴”），何如？”樓昌曰：“無益也，不如發重使為媾。”虞卿曰：“昌言媾者，以為不媾，軍必破也，而制媾者在秦。且王之論秦也，欲破趙之軍乎？不邪？”王曰：“秦不遺餘力矣，必且欲破趙軍。”虞卿曰：“王聽臣發使，出重寶以附楚、魏，楚、魏欲得王之重寶，必內吾使。趙使入楚、魏，秦必疑天下之合從，且必恐（此二句《新序》作“秦必疑天下，恐天下之合從必一心”），如此則媾乃可為也。”趙王不聽，與平陽君為媾，發鄭朱入秦，秦內之。趙王召虞卿曰：“寡人使平陽君為媾于秦，秦已內鄭朱矣，卿以為奚如？”虞卿曰：“王不得媾，軍必破矣。天下賀戰勝者皆在秦矣，鄭朱貴人也（《趙策三》第十二章“鄭朱”下有“趙之”二字），入秦，秦王與應侯必顯重以示天下。楚、魏以趙為媾，必不救王。秦知天下不救王，則媾不可得成也。”應侯果顯鄭朱以示天下賀戰勝者，終不肯媾。長平大敗，遂圍邯鄲，為天下笑。（《虞卿列傳》，“秦、趙戰于長平”以下，《新序·善謀篇》第十章同。末有“不從虞卿之謀也”一句。《趙策三》第十二章亦同，惟末節作：“趙卒不得媾，軍果大敗。王入秦，秦留趙王而後許之媾。”）
前260,260,周赧王五十五年（西元前二六〇年）,16,考案,秦、齊、楚、燕、趙、魏,白起、秦昭王,伐,案：《趙策三》謂趙于長平大敗之後，趙王入秦，秦留趙王而後許之媾。今本《戰國策》末章載白起對答秦昭王，謂長平戰後，“趙之死者不得收，傷者不得療，涕泣相哀，戮力同憂，耕田疾作，以生其財。”又曰：“趙自長平已來，君臣憂懼，早朝要退，卑辭重幣，四面出嫁，結親燕、魏，連好齊、楚，積慮並心，備秦為務。其國內實，其外交成，當今之時趙未可伐也。”
前260,260,周赧王五十五年（西元前二六〇年）,17,史料,秦、齊、楚、燕、趙、周,蘇秦,攻、圍、救、立,秦攻趙長平（姚注：“一本無長平二字”，《田世家》亦無“長平”二字），齊、燕救之（《田世家》“燕”作“楚”，《田世家·索隱》雲：《戰國策》“楚字皆作燕”）。秦計曰：“齊、燕救趙（鮑本改“燕”為“楚”，《田世家》作“楚”），親則將退兵，不親則且遂攻之。”趙無以食，請粟于齊，而齊不聽。周子謂齊王曰（“周子”原作“蘇秦”，《田世家》作“周子”，《索隱》雲：“蓋齊之謀臣，史失名也。《戰國策》以周子為蘇秦，而楚字皆作燕，然此時蘇秦死已久矣。”鮑本改“蘇秦”為“蘇子”。《太平御覽》三百二十五引《春秋後語》亦作周子，今據以改正》：“不如聽之，以卻秦兵（《田世家》“卻”作“退”），不聽則秦兵不卻。是秦之計中，而齊、燕之計過也。且趙之于燕、齊，隱蔽也（《田世家》“隱”作“扞”），猶齒之有唇也，唇亡則齒寒。今日亡趙，則明日及齊、燕矣。且夫救趙之務，宜若奉漏甕、沃燋釜（《田世家》“燋”作“焦”）。夫救趙，高義也，卻秦兵，顯名也。義救亡趙（《田世家》“趙”作“國”），威卻強秦之兵，不務為此而務愛粟，則為國計者過矣。”（《齊策二》第七章，《田世家》系于“王建立六年”下，結語作“齊王弗聽，秦破趙于長平四十余萬，遂圍邯鄲”）
前260,260,周赧王五十五年（西元前二六〇年）,18,考案,秦、齊、楚、燕、趙、周,,伐、攻、救,案：《齊策》言“齊、燕救之”，《田世家》作“齊、楚救之”，鮑彪改《國策》為“齊、楚”，非是。《田世家·正義》雲：“此時秦伐趙上黨欲克，無意伐齊、楚，故言趙之于齊、楚為扞蔽也。”此一解釋亦不確。張琦《戰國策釋地》雲：“楚原作燕，於隱蔽義為得，趙無由蔽楚也。但此役無與于燕，蓋衍字耳。”當以作燕為是，燕非衍文。是時燕、齊雖言救趙，徒為空言，未出兵往救，請粟亦不聽。故秦計曰：“親則將退兵，不親則且遂攻之。”周子曰：“不聽則秦兵不卻。”
前260,260,周赧王五十五年（西元前二六〇年）,19,史料,秦、韓、趙、魏,,,長平之役，平都君說魏王曰：“王胡不為從？”(“從”與“縱”通)魏王曰：“秦許吾以垣雍。”平都君曰：“臣以垣雍為空割也。”魏王曰：“何謂也？”平都君曰：“秦、趙久相持于長平之下而無決，天下合于秦則無趙，合于趙則無秦。秦恐王之變也，故以垣雍餌王也。秦戰勝趙，王敢責垣雍之割乎？曰不敢。秦不勝趙，王能令韓出垣雍之割乎？曰不能。臣故曰垣雍空割也。”魏王曰：“善。”(《魏策四》第十章，“曰不敢”與“曰不能”上，原皆有“王”字。今從王念孫之說改正。王念孫曰：“王曰不敢、王曰不能，兩‘王’字皆後人所加也。曰不敢，曰不能，皆平都君之語，與上文自為問答，是以秦戰不勝趙上，臣故曰上，皆無‘曰’字。而魏王答平都君之語，則必加‘魏王曰’三字以別之。後人誤以‘不敢’、‘不能’為魏王答語，故於‘曰’上加‘王’字耳。”王校甚是)
前260,260,周赧王五十五年（西元前二六〇年）,20,考案,秦、韓、趙、魏、鄭,秦昭王,攻、合縱、連橫、滅、會,案：據此可知，秦、趙久相持于長平時，秦以韓之垣雍許割于魏，使魏與秦連橫而不參與合縱攻秦。垣雍為韓地，在今河南原陽縣西，正當魏長城以南，與魏長城以北魏之卷正相對。此處為韓、魏交界之交通要道，又為水上交通之要道。《水經·濟水注》雲：“濟隧上承河水於卷縣北河，南徑卷縣故城東，又南徑衡雍城西。”又雲：“言濟水滎澤中北流，至衡雍西，與出河之濟會。”衡雍即垣雍，此地有濟水北通河水，南會於滎澤。《魏策三》第八章朱己謂魏王曰：“秦有鄭地，得垣雍，決滎澤而水大樑（《魏世家》“水”下有“灌”字），大樑必亡矣。”《魏世家》同。《正義》曰：“言韓亡之後，秦有鄭地，得垣雍城，從滎澤決溝灌大樑是也。”《大事記》又雲：“始皇滅魏，果用此策。”可知垣雍一地，于魏之安危關係重大。因而秦以此為餌而使魏不敢變心。《秦本紀》載秦昭王四十八年十月韓獻垣雍，蓋秦破趙長平後，即迫使韓獻垣雍于秦，秦不但如平都君所言，以空割垣雍餌魏，且迫使韓獻垣雍于秦，從而以此威脅于魏。
前260,260,周赧王五十五年（西元前二六〇年）,21,史料,秦、衛,,,衛先生為秦畫長平之事，太白食昴，而昭王疑之。（鄒陽《獄中上書》，見《鄒陽列傳》）
前260,260,周赧王五十五年（西元前二六〇年）,22,史料,秦、衛,,,傳書言……衛先生為秦畫長平之事，太白蝕昴，此言精感天，天為變動也。……太白蝕昴，實也。……衛先生之畫感動皇天……太白蝕昴者，虛也。（《論衡·感虛篇》）
前260,260,周赧王五十五年（西元前二六〇年）,23,史料,秦、衛,,,衛先生為秦畫長平之計，太白食昴，複妄言也。……夫太白食昴，猶鉤星在房心也。謂衛先生長平之議，令太白食昴，疑矣。（《論衡·變動篇》）
前260,260,周赧王五十五年（西元前二六〇年）,24,考案,秦、齊、趙、衛、代,白起,伐、攻、滅,案：《鄒陽列傳·集解》引蘇林曰：“白起為秦伐趙，破長平軍，欲遂滅趙，遣衛先生說昭王益兵糧，乃為應侯所害，事用不成。其精誠上達於天，故太白為之蝕昴。昴，趙地分野，將有兵，故太白食昴。食，幹曆之也。”《索隱》引服虔曰：“衛先生秦人。白起攻趙軍于長平，遣衛先生說昭王，請益兵糧，為穰侯（當為應侯之誤）所害。事不成，精誠感天，故太白食昴。昴，趙分也。”又引如淳雲：“太白主西方，秦在西，敗趙之兆也。食謂幹曆之也。”據齊藤國治、小澤賢二《中國古代天文記錄檢證》，當西元前二六〇年前後，太白與昴確為接近之時期，確有“太白蝕昴”之“天變”。（見該書第八〇至八一頁）
前260,260,周赧王五十五年（西元前二六〇年）,25,史料,秦、趙、魏、周,孔子,伐、攻,[孔]子高生子慎，年五十七，嘗為魏相。（《孔子世家》）案：子高名穿，孔子後六世。《孔子世家》謂：“子慎生鮒為陳王涉博士，死于陳下。”子慎，《漢書·孔光傳》作“順”，“慎”“順”音同通用。偽《孔叢子》詳記穿、順、鮒三世行事，皆出於偽託虛構。黃式三《周季編略》因《孔叢子》記子順（名斌）述及“秦伐趙”，定子順為魏相，當秦攻趙長平之役，當魏安麓王十七年。並無確據。錢穆《孔叢子載孔子順事蹟辨》有詳辨。（《先秦諸子系年》第四八九至四九一頁）
前259,259,周赧王五十六年（西元前二五九年）,1,史料,秦、齊、楚、燕、韓、趙、魏,秦昭王,,秦昭王四十八年，魏安釐王十八年，韓桓惠王十四年，趙孝成王七年，齊王建六年，楚考烈王四年，燕武成王十三年。
前259,259,周赧王五十六年（西元前二五九年）,2,史料,秦、韓、趙,,伐、攻、拔,[秦昭襄王]四十八年十月韓獻垣雍。秦軍分為三軍。武安君歸。王齕將伐趙武安、皮牢，拔之。司馬梗北定太原，盡有韓上黨。正月兵罷，複守上黨。其十月，五大夫陵攻趙邯鄲。（《秦本紀》）
前259,259,周赧王五十六年（西元前二五九年）,3,史料,秦、齊、楚、燕、韓、趙、魏、周、代,白起、秦昭王,攻、圍、卒、取、拔,[秦昭王]四十八年十月，秦複定上黨郡。秦分軍為二：王齕攻皮牢，拔之。司馬梗定太原。韓、趙恐，使蘇代厚幣說秦相應侯曰(“蘇代”二字有誤，此時蘇代當已去世，《秦策三》第十五章僅作“謂應侯曰”，無遊說者姓名)：“武安君禽馬服子乎？”曰：“然。”又曰：“即圍邯鄲乎？”曰“然。”“趙亡則秦王王矣，武安君為三公。武安君所為秦戰勝攻取者七十余城，南定鄢、郢、漢中，北禽趙括之軍(《秦策》“趙括”作“馬服”，下有“不亡一甲”一句)，雖周、召、呂望之功，不益於此矣(《秦策》“益”作“過”)。今趙亡，秦王王，武安君為三公，君能為之下乎？雖無欲為之下，固不得已矣。秦嘗攻韓，圍邢丘(《秦策三》無“丘”字)，困上黨，上黨之民皆反為趙，天下不樂為秦民之日久矣。今亡趙，北地入燕，東地入齊，南地入韓、魏(《秦策》“韓”誤作“楚”)，則君之所得民亡幾何人(《秦策》作“則秦所得亡幾何”)，故不如因而割之，無以為武安君功也。”“武安君禽馬服子乎”以下，至此，《秦策三》第十五章相同）於是應侯言于秦王曰：“秦兵勞，請許韓、趙之割地以和，且休士卒。”王聽之，割韓垣雍、趙六城以和，正月皆罷兵。武安君聞之，由是與應侯有隙。其九月，秦復發兵，使五大夫王陵攻趙邯鄲。是時武安君病，不任行。（《白起列傳》）
前259,259,周赧王五十六年（西元前二五九年）,4,史料,秦、韓、趙,,拔,[趙氏]悉其士民軍于長平之下，以爭韓之上党，大王以詔破之（《秦策一》第五章“詔”誤作“詐”），拔武安。（《韓非子·初見秦》，《秦策一》第五章同）
前259,259,周赧王五十六年（西元前二五九年）,5,史料,秦,秦昭王,攻,[秦昭王]四十八年攻武安。（秦簡《編年記》）
前259,259,周赧王五十六年（西元前二五九年）,6,考案,秦、韓、趙,蘇秦、白起、秦昭王,伐、攻、救、拔,案：《秦本紀》言王齕伐趙武安、皮牢，拔之，而《白起列傳》僅言攻皮牢拔之，不言攻武安。梁玉繩曰：“不言武安是也，蓋前二十年，秦封白起武安，則其地久已屬秦，何待是時拔乎？二字宜衍。”張文虎亦雲：“蓋武安二字，涉上而行。”其說非是。《秦本紀》載昭王二十九年白起為武安君。《正義》雲：“言能撫養軍士，戰必克，得百姓安集，故號武安。”又謂：“故城在潞州武安縣西南五十裡，七國時趙邑，即趙奢救闕與處也。”崔適論之曰：“案是名號侯之濫觴也。……七國時或有封邑而別為名號……或有名號而無封邑……趙有兩武安君，始蘇秦，終李牧，而秦亦以是名封白起，亦但有名號耳。《正義》故號武安是也，故城以下又以為封邑，一名而兩釋之，乖矣。秦攻韓闕與，軍武安西，大為趙奢所破，在秦昭王三十七年，則前此秦安得有武安以封白起耶？”其說是也。秦簡《編年記》言秦昭王四十八年攻武安，足證《秦本紀》之確實。《韓非子·初見秦》篇與《秦策一》第五章所言，並可作證。
前259,259,周赧王五十六年（西元前二五九年）,7,史料,韓,,攻,應侯攻韓八年，成其汝南之封。（《韓非子·定法篇》）
前259,259,周赧王五十六年（西元前二五九年）,8,考案,秦、韓、周,范雎、秦昭王,伐、攻,案：范雎說秦昭王伐韓，始于昭王四十一年，至八年而得封汝南，汝南即應，即因攻韓成功而得封。《範雎列傳》謂雎拜相即封于應，出於遊士之誇說。已說明在周赧王四十九年案語中。
前259,259,周赧王五十六年（西元前二五九年）,9,史料,秦、趙,,卒,秦趙戰于長平……趙卒不得媾，軍果大敗。王入秦，秦留趙王而後許之媾。（《趙策三》第十二章）
前259,259,周赧王五十六年（西元前二五九年）,10,史料,秦、趙,,攻,秦攻趙于長平，大破之，引兵而歸，因使人索六城于趙而講。（《趙策三》第十章，下接“趙計未定，樓緩新從秦來”一段）
前259,259,周赧王五十六年（西元前二五九年）,11,史料,秦、趙,,圍,秦既解邯鄲圍，而趙王入朝，使趙郝約事于秦，割六縣而媾。（《虞卿列傳》，“既解邯鄲圍”當是“既破趙長平”之誤）
前259,259,周赧王五十六年（西元前二五九年）,12,史料,秦、楚、燕、趙,,圍,[趙孝成王]七年，王還，不聽秦，秦圍邯鄲。武垣令傅豹、王容、蘇射率燕眾反燕地。趙以靈丘封楚相春申君。（《趙世家》）
前259,259,周赧王五十六年（西元前二五九年）,13,考案,秦、楚、韓、趙、魏,白起,伐、攻、圍、救、卒、合縱,案：《秦本紀》言是年十月韓獻垣雍，武安君歸，正月兵罷。《白起列傳》謂：應侯言于秦王曰：“秦兵勞，請許韓、趙之割地以和，且休士卒。”王聽之，割韓垣雍、趙六城以和，正月皆罷兵。可知秦破趙長平後，確如《趙策》所雲“引兵而歸”。《虞卿列傳》言“秦既解邯鄲圍，而趙王入朝，使趙郝約事于秦，割六縣而媾”，所謂“既解邯鄲圍”，當是“既破趙長平”之誤。秦圍趙邯鄲，久攻不克，後因魏、楚合縱出兵救趙，秦軍在趙與魏、楚軍內外夾擊中大敗，因而趙得勝解圍。趙王決無入朝秦而割六縣以和之事。鮑彪曰：“史書此事在邯鄲圍解後，按邯鄲之圍，非秦德趙而解也，趙賴魏之力爾，何事朝秦而講以六城？此《策》以長平破、懼而略之是也。”其說是。《虞卿列傳》謂此時趙王與虞卿皆言秦兵“倦而歸”，即《白起列傳》謂應侯言于秦王曰：“秦兵勞，請許韓、趙之割地以和，且休士卒。”可知必為秦破趙長平後事。《趙世家》謂是年“王還，不聽秦，秦圍邯鄲”。所謂“王還”，即指趙王在長平大敗後“入朝”于秦而還。趙史諱言趙王入朝于秦，而但言“王還”耳。《趙世家·正義》佚文雲：“還猶仍也”（見南化、楓、三、梅、狩本，《史記正義佚文輯校》第一六七頁），此乃曲解。崔通雲：“王還不聽秦五字不知所謂，當是衍文。”其實，並非衍文，確是趙史之實錄。《趙策三》第十二章謂“王入秦，秦留趙王而後許之媾”。蓋趙王入朝于秦，請割地求和。一度趙王為秦所留，其後秦“許之媾”而許其歸國。趙王歸國後，與群臣商討“割六城而媾”之事。秦使人索六城于趙，不能得，因而秦再伐趙，攻邯鄲。
前259,259,周赧王五十六年（西元前二五九年）,14,史料,秦、齊、韓、趙、魏、晉,,攻、圍、救、取,秦既解邯鄲圍（當作“秦既破趙長平，引兵而歸”），而趙王入朝，使趙郝約事于秦，割六縣而媾（《新序·善謀》篇第十章與此同。而《趙策三》第十章記：“秦攻趙于長平，大破之，引兵而歸，因使人索六城于趙而講。趙計未定，樓緩新從秦來，趙王與樓緩計之。”樓緩以為“不如予之”，虞卿聞之入見王，王以樓緩言告之，虞卿曰：“此飾說也。”王曰：“何謂也？”此後即有虞卿言，以及樓緩之辯論，與此趙郝之辯論相同）。虞卿曰：“秦之攻王也，倦而歸乎？亡其以力尚能進（“亡”原作“王以”，《趙策》姚注：“錢、劉去‘王以’字，添‘亡’字。”王引之曰：“錢本、劉本並作亡其，與《新序·善謀》篇合，亡其，轉語詞也。”今從之），愛王而弗攻乎？”王曰：“秦之攻我也，不遺餘力矣，必以倦而歸也。”虞卿曰：“秦以其力攻其所不能取，倦而歸，王又以其力之所不能取以送之（《趙策》“送”作“資”），是助秦自攻也。來年秦複攻王，王無救矣。”王以虞卿之言告趙郝，趙郝曰（《趙策》“趙郝”作“樓緩》：“虞卿能盡秦之力之所至乎？（《新序》，“盡”作“量”，作“量”義長）誠知秦力之所不能進（《趙策》“能進”作“至”），此彈丸之地弗予（《趙策》“弗予”作“猶不予也”），令秦來年複攻王（《趙策》無“王”字），王得無割其內而媾乎？”王曰：“請聽子割矣（《趙策》“請”作“誠”），子能必使來年秦之不復攻我乎？”（《趙策》、《新序》皆無“使”字）趙郝對曰（《趙策》“趙郝”作“樓緩》：“此非臣之所敢任也。他日三晉之交于秦相善也（《新序》“善”作“若”，《趙策》“他”作“昔”）。今秦善韓、魏而攻王（《趙策》“善”作“釋”），王之所以事秦，必不如韓、魏也。今臣為足下解負親之攻，開關通幣（《新序》誤“幣”作“弊”，《趙策》作“敝”），齊交韓、魏，至來年而王獨取攻于秦（《新序》無“王”字，《趙策》“取攻”作“不取”），此王之所以事秦，必在韓、魏之後也。此非臣之所敢任也。”王以告虞卿，虞卿對曰：“郝言不媾（《趙策》“郝”作“樓緩”），來年秦複攻王，王得無割其內而媾乎？（《趙策》無“王”字，“割”上有“更”字）今媾，郝又以不能必秦之不復攻也（《趙策》“郝”作“樓緩”，《新序》《趙策》無“以”字），今雖割六城何益（《新序》《趙策》皆作“雖割何益”）。來年複攻，又割其力之所不能取而媾，此自盡之術也，不如無媾。秦雖善攻，不能取六縣。趙雖不能守，終不失六城（《新序》“終”作“亦”，《趙策》“終不”作“亦不至”），秦倦而歸，兵必罷（《新序》“罷”作“疲”，“罷”“疲”古通用）。我以六城收天下以攻罷秦，是我失之於天下而取償于秦也。吾國尚利，孰與坐而割地、自弱以強秦哉？今郝曰（《趙策》“郝”作“樓緩”）：秦善韓、魏而攻趙者，必王之事秦不如韓、魏也（“必”字下原有錯簡“以為韓、魏不救趙也而王之軍必孤有以十六字，從王念孫據《趙策》《新序》刪去），是使王歲以六城事秦也，即坐而城盡（《趙策》《新序》“城”作“地”，作“地”義長），來年秦複求割地（《新序》“求”作“來”），王將與之乎？弗與，是棄前功而挑秦禍也；與之，則無地而給之，語曰：強者善攻，弱者不能守。（《趙策》“守”上有“自”字）今坐而聽秦，秦兵不弊而多得地，是強秦而弱趙也。以益強之秦（《趙策》“強”上有“愈”字），而割愈弱之趙，其計故不止矣（《趙策》《新序》“故”作“固”）。且王之地有盡而秦之求無已（《趙策》作“且秦，虎狼之國也，無禮義之心，其求無已，而王之地有盡”），以有盡之地給無已之求，其勢必無趙矣。”（《虞卿列傳》，《新序·善謀》篇第十章相同，《趙策三》第十章與此語辭相同，而“趙郝”皆作“樓緩”，蓋一事而兩傳）
前259,259,周赧王五十六年（西元前二五九年）,15,史料,秦、齊、韓、趙、魏、魯,孔子,攻、取、賂、殺,趙王計未定（《趙策三》無“王”字），樓緩從秦來（《趙策》“從”上有“新”字)，趙王與樓緩計之，曰：“予秦地，如毋予，孰吉？”（“如”上原衍“何”字。《新序·善謀》篇作“予秦地，與無予，孰吉？”如者，與也。《趙策》作“與秦城何如不與何如”，“不與”下誤衍“何如”二字。《太平御覽·人事部》引此作“與秦地何如勿與”，蓋後人誤讀“與秦城何如”為句，因於“不與”下加“何如”二字。今皆從王念孫改正)緩辭讓曰：“此非臣之所能知也。”王曰：“雖然，試言公之私。”樓緩對曰：“王亦聞夫公甫文伯母乎？（《新序》“甫”作“父”，古“甫”“父”通用)公甫文伯仕于魯(《趙策》“仕”作“官”)，病死，女子為之自殺于房中者二人（《趙策》“女子”作“婦人”，“二人”作“二八”），其母聞之，弗哭也（《趙策》《新序》“弗”作“不肯”），其相室曰：“焉有子死而弗哭者乎？”其母曰：“孔子賢人也，逐于魯，而是人不隨也。今死而婦人為之自殺者二人（《趙策》“自殺”作“死”，“二人”作“十六人”），若是者，必其長者薄而于婦人厚也。”故從母言之是為賢母（《趙策》“是”作“之”），從妻言之是必不免為妒妻（《趙策》兩“妻”字作“婦”，《新序》“妒妻”作“妒婦”）。故其言一也，言者異則人心變矣。今臣新從秦來而言勿予，則非計也；言予之，恐王以臣為為秦也，故不敢對。使臣得為大王計，不如予之。”王曰“諾。”虞卿聞之，入見王曰：“此飾說也，王昚勿予。”（《新序》“昚”作“慎”，《趙策》無“王昚勿予”一句，下接“王曰何謂也？”虞卿曰“秦之攻趙也，倦而歸乎”一大段)樓緩聞之，往見王。王又以虞卿之言告樓緩。樓緩對曰：“不然。虞卿得其一，不得其二（《趙策》“得”作“知”）。夫秦、趙構難而天下皆說，何也？曰：‘吾且因強而乘弱矣。’今趙兵困于秦，天下之賀戰勝者，則必盡在於秦矣。故不如亟割地為和（《趙策》“為”作“求”），以疑天下而慰秦之心。不然，天下將因秦之怒（“怒”上原衍“強”字，今從《趙策》《新序》刪去），乘趙之弊，瓜分之。趙且亡，何秦之圖乎？故曰虞卿得其一，不得其二（《趙策》無以上二句），願王以此決之（《趙策》“決”作“斷”），勿複計也。”虞卿聞之，往見王曰：“危哉樓子之所以為秦者，是愈疑天下（《趙策》此句上有“夫趙兵困于秦又割地為和”一句），而何慰秦之心哉？獨不言其示天下弱乎？（《趙策》“獨不言其”作“是不亦大”）且臣言勿予者，非固勿予而已也。秦索六城于王，王以六城賂齊（《趙策》“六”作“五”），齊、秦之深仇也，得王之六城（《趙策》“六”作“五”），並力西擊秦，齊之聽王，不待辭之畢也。則是王失之于齊而取償于秦也。而齊、趙之深仇可以報矣，而示天下有能為也。王以此發聲，兵未窺於境，臣見秦之重賂至趙而反媾于王也。從秦為媾，韓、魏聞之，必盡重王，重王，必出重寶以先于王（《趙策》無“則是王失之于齊而取償于秦也”以下至此一節），則是王一舉而結三國之親，而與秦易道也。”趙王曰：“善。”則使虞卿東見齊王（《趙策》“則使”作“因發”），與之謀秦。虞卿未返，秦使者已在趙矣。樓緩聞之亡去（《趙策》“亡”作“逃”）。趙於是封虞卿以一城。（《虞卿列傳》，《新序·善謀》篇第十章相同，惟無“虞卿未返”以下四句，而末有結論雲：“虞之謀行而趙霸，此存亡之樞機。樞機之發，間不及旋踵，是故虞卿一言而秦之震懼趁風馳指而請備，故善謀之臣其于國豈不重哉？微虞卿，趙以亡矣。”《趙策三》第十章與此大體相同，而先後次序不同，末無“趙於是封虞卿以一城”句）
前259,259,周赧王五十六年（西元前二五九年）,16,考案,秦、齊、趙,,攻、圍、合縱、取,案：趙于長平大敗後，趙王入朝于秦，請割地求和。趙王一度為秦所留，由趙郝講定割六城而趙王得還。趙王歸國後，虞卿反對割六城，力言割六城無益，將使趙亡國，先與趙郝辯論。其後，秦使人索六城于趙而講，樓緩新從秦來，樓緩為趙親秦之老臣，一度曾為秦相，主張割與。虞卿又大加駁斥，主張與齊合縱而抗秦，為趙王所許諾。秦因索城不得，於是又發動攻趙，圍攻趙都邯鄲。《虞卿列傳》與《新序·善謀》所載，當為事實。《趙策三》第十章偏重于敘述虞卿駁斥樓緩之經過，而將虞卿與趙郝之辯論，亦作為虞卿與樓緩之辯論，前後不協調。《資治通鑒》取《虞卿列傳》之說是也。
前259,259,周赧王五十六年（西元前二五九年）,17,史料,秦、趙,秦昭王,取,秦始皇帝者，秦莊襄王子也。莊襄王為秦質子于趙，見呂不韋姬，悅而取之，生始皇。以秦昭王四十八年正月生於邯鄲。及生，名為政，姓趙氏。（《秦始皇本紀》）
前259,259,周赧王五十六年（西元前二五九年）,18,考案,秦、趙、周、宋,,,案：政，《集解》雲：“徐廣曰：一作正，宋忠曰：以正月旦生，故名正。”《索隱》雲：“《世本》作政，又生於趙，故曰趙政。一曰：秦與趙同祖，以趙城為榮，故姓趙氏。”《正義》曰：“正音政，周正建子之正也。始皇以正月旦生於趙，因曰政，後以始皇諱，故音征。”
前259,259,周赧王五十六年（西元前二五九年）,19,史料,楚,,立、取,呂不韋取邯鄲諸姬絕好善舞者與居，知有身。子楚從不韋飲，見而說之，因起為壽，請之。呂不韋怒，念業已破家為子楚，欲以釣奇，乃遂獻其姬。姬自匿有身，至大期時，生子政。子楚遂立姬為夫人。（《呂不韋列傳》）
前259,259,周赧王五十六年（西元前二五九年）,20,考案,秦、楚、趙,秦昭王,圍、立、殺,案：《集解》徐廣曰：“期，十二月也。”梁玉繩《史記志疑》雲：“《左傳》僖十七年孕過期，疏雲：十月而產，婦人大期，則大期乃十月之期，不作十二月解，即如《史》注，十二月曰大期，夫不及期，可疑也，過期尚何疑？若謂始皇之生本不及期，隱之至大期而乃以生子告，則子楚決無不知之理，豈非欲蓋彌彰乎？……史公於《本紀》特書生始皇年月，而於此更書之，猶雲世皆傳不韋獻匿身姬，其實秦政大期始生也，別嫌明征，合於《春秋》書子同之義，人自誤讀《史記》爾。”今案：呂不韋本為大賈，以商業之投機運用於政治，以質于趙之秦公子子異為“奇貨可居”，為之謀歸國而立為太子，確為事實。但所謂不韋“欲以釣奇”及遂獻其“有身”之姬，並非情實。《呂不韋列傳》又稱秦昭王五十年秦圍趙邯鄲，“趙欲殺子楚妻子，子楚夫人趙豪家女也，得匿，以故母子竟得活”。若子楚夫人原為邯鄲諸姬絕好善舞者，安得為豪家女？此亦可見呂不韋獻姬之說不實。《呂不韋列傳》謂呂不韋為子楚入秦遊說立以為太子，事在昭王時，而《秦策五》第五章則謂已在孝文王時，秦王政生已十年，不韋安得預為釣奇？錢穆辨之是也。（見《春申君見殺考》，《先秦諸子系年》第四九一至四九二頁）
前259,259,周赧王五十六年（西元前二五九年）,21,史料,秦、楚、趙,秦昭王,攻、立、拔,呂不韋者，陽翟大賈人也，往來販賤賣貴（《集解》引徐廣曰：“一本雲：陽翟大賈也，往來賤買貴賣”），家累千金。秦昭王四十年太子死，其四十二年，以其次子安國君為太子。安國君有子二十餘人。安國君有所甚愛姬，立以為正夫人號曰華陽夫人。華陽夫人無子。安國君中男名子楚，子楚母曰夏姬，毋愛。子楚為秦質子于趙。秦數攻趙，趙不甚禮子楚。子楚，秦諸庶孽孫，質于諸侯，車乘進用不饒，居處困，不得意。呂不韋賈邯鄲，見而憐之，曰：“此奇貨可居。”乃往見子楚，說曰：“吾能大子之門。”子楚哭曰：“且自大君之門，而乃大吾門。”呂不韋曰：“子不知也。吾門待子門而大。”子楚心知所謂，乃引與坐，深語。呂不韋曰：“秦王老矣，安國君得為太子。竊聞安國君愛幸華陽夫人，華陽夫人無子，能立適嗣者獨華陽夫人耳。今子兄弟二十余人，子又居中，不甚見幸，久質諸侯，即大王薨，安國君立為王，則子毋幾得與長子及諸子旦暮在前者爭為太子矣。”子楚曰：“然，為之奈何？”呂不韋曰：“子貧，客於此，非有以奉獻於親及結賓客也。不韋雖貧，請以千金為子西游，事安國君及華陽夫人，立子為適嗣。”子楚乃頓首曰：“必如君策，請得分秦國與君共之。”呂不韋乃以五百金與子楚，為進用，結賓客，而複以五百金買奇物玩好，自奉而西游秦，求見華陽夫人姊，而皆以其物獻華陽夫人，因言子楚賢智，結諸侯賓客遍天下，常曰：“楚也以夫人為天，日夜泣思太子及夫人。”夫人大喜。不韋因使其姊說夫人曰：“吾聞之，以色事人者，色衰而愛弛。今夫人事太子，甚愛而無子，不以此時蚤日自結于諸子中賢孝者，舉立以為適子而子之，夫在則重尊，夫百歲之後，所子者為王，終不失勢，此所謂一言而萬世之利也。不以繁華時樹木，即色衰愛弛後，雖欲開一語，尚可得乎？今子楚賢，而自知中男也，次不得為適，其母又不得幸，自附夫人，夫人誠以此時拔以為適，夫人則竟世有寵于秦矣。”華陽夫人以為然，承太子閑，從容言子楚質于趙者絕賢，來往者皆稱譽之。乃因涕泣曰：“妾幸得充後宮，不幸無子，願得子楚立以為適嗣，以托妾身。”安國君許之，乃與夫人刻玉符，約以為適嗣。安國君及夫人因厚饋遺子楚，而請呂不韋傅之，子楚以此名譽益盛于諸侯。（《呂不韋列傳》）
前259,259,周赧王五十六年（西元前二五九年）,22,考案,秦、楚、趙,秦昭王,攻,案：子楚于秦昭王四十八年正月生政於邯鄲。子楚夫人為邯鄲豪家女，乃呂不韋所獻，史稱子楚質于趙，因“秦數攻趙，趙不甚禮子楚”，未言及秦破趙長平事，則不韋進說子楚及入秦遊說華陽夫人當在長平之役前。
前259,259,周赧王五十六年（西元前二五九年）,23,史料,秦、齊、楚、趙,秦昭王,立、取,濮陽人呂不韋賈於邯鄲，見秦質子子異(“子異”原誤作“異人”，《秦始皇本紀·索隱》雲：“按《戰國策》本名子異”，今本《戰國策》作“異人”者二處，作“子異人”者七處，皆當作“子異”為是。其異母兄弟曰子傒，子異後又改名子楚，蓋安國君之子，皆以“子某”為名）。歸而謂其父曰（原脫“其”字，從《呂不韋列傳·正義》及《太平御覽》四百八十所引增補）：“耕田之利幾倍？”曰：“十倍。”“珠玉之贏幾倍？”曰：“百倍。”“立主定國之贏幾倍？”（原作“立國家之主贏幾倍”，今從《呂不韋列傳·正義》及《太平御覽》四百八十改正）曰：“無數。”曰：“今力田疾作，不得暖衣餘食（《呂不韋列傳·正義》引“餘食”作“飽食”），今建國立君，澤可以遺世，願往事之。”秦子異質于趙(“異”下原衍“子”字，以下有六處皆衍“子”字，今一律刪去)，處於戍城（《呂不韋列傳·正義》引作“聊城”，但“聊城”為齊城，不見趙城亦有聊城)，故往說之，曰：“子傒有承國之業，又有母在中。今子無母於中，外托于不可知之國，一日倍約，身為糞土。今子聽吾計事求歸，可以有秦國。吾為子使秦必來請子。”乃說秦王后弟陽泉君曰：“君之罪至死，君知之乎！君之門下無不居高官尊位(“官”字原脫，從《呂不韋列傳·正義》所引補)，太子門下無貴者，君之府藏珍珠寶玉，君之駿馬盈外廄，美女充後庭。王之春秋高，一日山陵崩，太子用事，君危於累卵，而不壽於朝生。計有可以使君富貴千萬歲(“計有可以”原誤作“說有可以一切而”，今從《呂不韋列傳·正義》所引改正)，其甯於太山四維，必無危亡之患矣。”陽泉君避席曰：“請聞其說。”不韋曰：“王年高矣，王后無子，子傒有承國之業，士倉又輔之(“士”疑“杜”字之誤，杜倉當為秦昭王之相)，王后之門必生蓬蒿。子異賢材也，棄在於趙，無母於內，引領西望，而願一得歸，王后誠請而立之，是子異無國而有國，王后無子而有子也。”陽泉君曰：“然。”入說王后，王后乃請于趙而歸之。趙未之遣，不韋說趙曰：“子異，秦之寵子也，無母于中，王后欲取而子之，使秦而欲屠趙，不顧一子以留計，是抱空質也。若使子異歸而得立，趙厚送遣之，是不敢倍德畔施，是自為德講。秦王老矣，一日晏駕，雖有子異，不足以結秦。”趙乃遣之。子異至(“子異”原誤作“異人”，今改正)，不韋使楚服而見，王后悅其狀，高其知，曰：“吾楚人也，而自子之。”乃變其名曰楚，而使子誦，子曰：“少棄捐在外，嘗無師傅所教學，不習於誦。”王罷之，乃留止(姚注：“止，曾作請”)。間曰：“陛下嘗軔車于趙矣，趙之豪桀，得知名者不少，今大王反國，皆西面而望，大王無一介之使以存之，臣恐其皆有怨心，使邊境早閉晚開。”王以為然，奇其計，王后勸立之，王乃召相，令之曰：“寡人子莫若楚，立以為太子。”子楚立，以不韋為相，號文信侯，食藍田十二縣，王后為華陽太后，諸侯皆致養邑。(《秦策五》第五章，鮑注：“致邑為太后養地也。”“養”原作“秦”，從金正煒據鮑注改正)
前259,259,周赧王五十六年（西元前二五九年）,24,考案,,,,案：以上二則，蓋一事而傳聞異辭。
前259,259,周赧王五十六年（西元前二五九年）,25,史料,秦、齊、楚、韓、趙、魏、晉、越、鄭、中山,,伐、攻,八年，謂魏王曰：“昔曹恃齊而輕晉，齊伐釐莒（“釐”讀作“萊”），而晉人亡曹。繒恃齊以悍越（“悍”讀作“捍”，鮑本“以悍”作“而輕”)，齊和子亂，而越人亡繒。鄭恃魏以輕韓，伐榆關而韓氏亡鄭。原恃秦、翟，以輕晉，秦、翟年穀大凶而晉人亡原。中山恃齊、魏以輕趙，齊、魏伐楚而趙亡中山。此五國所以亡者，皆其所恃也（鮑本改“其”作“有”）。非獨此五國為然而已也，天下之亡國皆然矣。夫國之所以不可恃者多，其變不可勝數也。或以政教不修、上下不輯而不可恃者。或有諸侯鄰國之虞而不可恃者。或以年穀不登、穡積竭盡而不可恃者。或化于利、比於患。臣以此知國之不可必恃也。今王恃楚之強，而信春申君之言，以是質秦（鮑本改“質”為“賓”，非是，“質”謂箭靶，“質秦”謂為秦之攻擊目標），而久不可知。即春申君有變，是王獨受秦患也。即王有萬乘之國，而以一人之心為命也。臣以此為不完，願王之熟計之也。”（《魏策四》第二章）
前259,259,周赧王五十六年（西元前二五九年）,26,考案,秦、楚、趙、魏,秦昭王,攻、合縱,案：《策》首“八年”，鮑彪於“八”上補“十”字，以為此乃魏安釐王十八年之事，張琦《戰國策釋地》從之。黃式三隸此于秦王政六年，即魏景湣王二年，顧觀光、於鬯皆主此說。蓋秦王政六年五國合縱攻秦，楚王被推為縱長，春申君正用事。但與《策》首“八年”之記載不合。魏安釐王十八年，當秦昭王四十八年，趙孝成王七年，正當秦大破趙于長平之後，秦使人索六城于趙，趙不聽，謀合縱抗秦，趙以靈丘封楚相春申君，蓋楚春申君正欲合縱攻秦，魏亦信春申君而參與。《秦本紀》稱是年十月將軍張唐攻魏，疑即因此故。此策遊說者謂魏王曰：“今王恃楚之強，而信春申君之言，以是質秦”，疑即指此而言。
前259,259,周赧王五十六年（西元前二五九年）,27,史料,秦、齊、楚、燕、韓、趙、魏,秦昭王,,秦昭王四十九年，魏安釐王十九年，韓桓惠王十五年，趙孝成王八年，齊王建七年，楚考烈王五年，燕武成王十四年。
前259,259,周赧王五十六年（西元前二五九年）,28,史料,秦、魏、蔡、代,,攻、卒,[秦昭襄王]四十九年正月益發卒佐陵，陵戰不善，免，王齕代將。其十月將軍張唐攻魏，為蔡尉捐弗守，還斬之。（《秦本紀》）
前259,259,周赧王五十六年（西元前二五九年）,29,史料,秦、趙、代,白起、秦昭王,攻、圍、救、卒、拔,[秦昭王]四十九年正月陵攻邯鄲，少利，秦益發兵佐陵，陵兵亡五校。武安君病癒，秦王欲使武安君代陵將。武安君言曰：“邯鄲實未易攻也。且諸侯救日至，彼諸侯怨秦之日久矣。今秦雖破長平軍，而秦卒死者過半，國內空。遠絕河山而爭人國都，趙應其內，諸侯攻其外，破秦軍必矣。不可。”秦王自命，不行，乃使應侯請之，武安君終辭不肯行，遂稱病。秦王使王齕代陵將，八九月圍邯鄲不能拔。（《白起列傳》）
前259,259,周赧王五十六年（西元前二五九年）,30,史料,秦、齊、楚、燕、韓、趙、魏、代,白起、句踐,伐、攻、圍、救、卒、立、稱王、滅、取、拔、會,昭王既息民繕兵，複欲伐趙。武安君曰：“不可。”王曰：“前年國虛民饑，君不量百姓之力，求益軍糧以滅趙。今寡人息民以養士，蓄積糧食（鮑本“食”作“實”），三軍之俸，有倍於前，而曰不可，其說何也？”武安君曰：“長平之事，秦軍大剋（鮑本“剋”作“克”，“克”“剋”字通），趙軍大破，秦人歡喜，趙人畏懼。秦民之死者厚葬，傷者厚養，勞者相饗，飲食鋪饋，以靡其財。趙人之死者不得收，傷者不得療，涕泣相哀，戮力同憂，耕田疾作，以生其財。今王發軍，雖倍其前，臣料趙國守備，亦以十倍矣。趙自長平已來，君臣憂懼，早朝晏退（鮑本“退”作“罷”），卑辭重幣，四面出嫁，結親燕、魏，連好齊、楚，積慮並心，備秦為務。其國內實，其交外成，當今之時，趙未可伐也。”王曰：“寡人既以興師矣。”乃使五大夫王陵將而伐趙（“五”下原有“校”字，涉下而衍。今從黃丕烈刪去）。陵戰失利，亡五校。王欲使武安君，武安君稱疾不行。王乃使應侯往見武安君，責之曰：“楚地方五千里，持戟百萬，君前率數萬之眾入楚，拔鄢、郢，焚其廟，東至竟陵，楚人震恐，東徙而不敢西向。韓、魏相率興兵甚眾，君所將之卒（“卒”字從鮑本補），不能半之，而與戰之于伊闕，大破二國之軍，血流漂鹵，斬首二十四萬，韓、魏以故至今稱東藩。此君之功，天下莫不聞。今趙卒之死于長平者已十七八，其國虛弱，是以寡人大發軍（鮑注：“雎稱王命，故曰寡人），人數倍于趙國之眾，願使君將，必欲滅之矣。君嘗以寡擊眾，取勝如神，況以強擊弱、以眾擊寡乎？”武安君曰：“是時楚王恃其國大，不恤其政，而群臣相妒以功，諂諛用事，良臣斥疏，百姓心離，城池不修，既無良臣，又無守備，故起所以得引兵深入，多倍城邑，發梁焚舟以專民心（“心”原作“以”，從《大事記》改正），掠於郊野，以足軍食。當此之時，秦中士卒（金正煒雲：“中當為軍”），以軍中為家，將帥為父母，不約而親，不謀而信，一心同功，死不旋踵。楚人自戰其地，咸顧其家，各有散心，莫有鬥志，是以能有功也。伊闕之戰，韓孤顧魏，不欲先用其眾，魏恃韓之銳，欲推以為鋒，二軍爭便之力不同，是以臣得設疑兵以待韓陣，專軍並銳，觸魏之不意。魏軍既敗，韓軍自潰，乘勝逐北，以是之故能立功。皆計利形勢，自然之理，何神之有哉？今秦破趙軍于長平，不遂以時乘其振懼而滅之，畏而釋之，使得耕稼以益蓄積，養孤長幼以益其眾，繕治兵甲以益其強，增城浚池以益其固。主折節以下其臣，臣推體以下死士。至於平原君之屬，皆令妻妾補縫于行伍之間，臣人一心，上下同力，猶句踐困於會稽之時也。以今伐之（“今”原作“合”，今從鮑本改正），趙必固守；挑其軍戰，必不肯出；圍其國都，必不可克；攻其列城，必未可拔；掠其郊野，必無所得。兵出無功，諸侯生心，外救必至。臣見其害，未睹其利。又病，未能行。”應侯慚而退，以言于王。王曰：“微白起，吾不能滅趙乎！”複益發軍，更使王齕代王陵伐趙，圍邯鄲八九月，死傷者眾而弗下。趙王出輕銳以寇其後，秦數不利。武安君曰：“不聽臣計，今果何如？”王聞之怒，因見武安君，強起之曰：“君雖病，強為寡人臥而將之。有功，寡人之願，將加重於君，如君不行，寡人恨君。”武安君頓首曰：“臣知行雖無功，得免於罪，雖不行無罪（金正煒曰：“雖，假令也。或本在不行下，誤淆於上”），不免於誅。然惟願大王覽臣愚計，釋趙養民，以觀諸侯之變（“觀”字原脫，從于鬯、關修齡據《戰國策纂》、《大事記·解題》補），撫其恐懼，伐其憍慢，誅滅無道，以令諸侯，天下可定，何必以趙為先乎？此所謂為一臣屈而勝天下也。大王若不察臣愚計，必欲快心于趙，以致臣罪，此亦所謂勝一臣而為天下屈者也。夫勝一臣之嚴焉，孰若勝天下之威大耶？臣聞明主愛其國，忠臣愛其名，破國不可複完，死卒不可複生。臣寧伏受重誅而死，不忍為辱軍之將，願大王察之。”王不答而去。（姚本《戰國策》末章，姚注：“子由《古史》雲《戰國策》文，並收入。”蓋采自蘇轍《古史·白起王翦列傳》）
前259,259,周赧王五十六年（西元前二五九年）,31,史料,燕,,卒、立,〔燕武成王]十四年武成王卒，子孝王立。（《燕世家》）
前259,259,周赧王五十六年（西元前二五九年）,32,史料,秦、趙,,攻,秦攻趙，鼓鐸之音聞於北堂。希卑曰：“夫秦之攻趙，不宜急如此，此召兵也。必有大臣欲衡者耳。王欲知其人，旦日贊群臣而訪之，先言橫者，則其人也。”建信君果先言橫。（《趙策三》第二十一章）
前259,259,周赧王五十六年（西元前二五九年）,33,考案,秦、趙,,伐、攻、圍、連橫、取,案：顧觀光、於鬯皆隸此于秦王政十一年秦伐趙取九城之時，不確，是年秦分兩路攻趙，一路攻取上党之闕與等城，一路攻取漳水流域之鄴等城。此謂“鼓鐸之音聞於北堂”，當指秦攻趙圍邯鄲之時，希卑雲：“此召兵也。”乃謂如此行軍使鼓鐸之聲聞於北堂，疑是內應者以此為信號，蓋大臣中有欲與秦連橫者作為內應，請趙王查訪，結果建信君“先言橫”。繆文遠《戰國策新校注》以為當在週報王五十七年秦王齕攻趙邯鄲時，此說可從。
前259,259,周赧王五十六年（西元前二五九年）,34,史料,秦、齊、楚、燕、韓、趙、魏,秦昭王,,秦昭王五十年，魏安釐王二十年，韓桓惠王十六年，趙孝成王九年，齊王建八年，楚考烈王六年，燕孝王元年。
前259,259,周赧王五十六年（西元前二五九年）,35,史料,秦、楚、趙、魏,,圍、救,趙孝成王九年秦圍邯鄲，楚、魏救我。（《六國表》）
前259,259,周赧王五十六年（西元前二五九年）,36,史料,秦、楚、趙、魏,,圍、救,[趙孝成王]八年（當作九年）平原君如楚請救，還，楚來救，魏公子無忌亦來救，秦圍邯鄲乃解。（《趙世家》）
前259,259,周赧王五十六年（西元前二五九年）,37,史料,楚、趙,,救,楚考烈王六年春申君救趙。（《六國表》）
前259,259,周赧王五十六年（西元前二五九年）,38,史料,秦、楚、趙,,圍、救,[楚考烈王]六年秦圍邯鄲，趙告急楚，楚遣將軍景陽救趙。（《楚世家》）
前259,259,周赧王五十六年（西元前二五九年）,39,史料,秦、楚,,圍、救,[楚考烈王]五年（當作六年）圍邯鄲，邯鄲告急于楚，楚使春申君將兵救之。秦兵亦去。春申君歸。（《春申君列傳》）
前259,259,周赧王五十六年（西元前二五九年）,40,史料,秦、齊、魏、晉,,伐、圍、救、取、殺,秦破馬服君之師(“君”當為“子”字之誤)，圍邯鄲，齊、魏亦佐秦伐邯鄲，齊取淄鼠，魏取伊是。公子無忌為天下循便計，殺晉鄙，率魏兵以救邯鄲之圍，使秦弗有而失天下，是齊入于魏而救邯鄲之功也。(《齊策三》第十二章國子曰)
前259,259,周赧王五十六年（西元前二五九年）,41,考案,秦、齊、楚、趙、魏、晉、吳,秦昭王,攻、圍、救、合縱、取、拔、殺、奔,案：淄鼠，金正煒疑是區鼠。伊是，程恩澤疑即猗氏。吳師道曰：“循便計，行便宜之計，言竊符奪兵事。”又曰：“按《史·年表》、《魏世家》、《公子無忌傳》，公子矯殺晉鄙、破秦兵，皆在安釐王二十年。《資治通鑒》以矯殺晉鄙在前一年，《大事記》以晉鄙留軍壁鄴在前一年，謂以《傳》修。今按《傳》亦止一年事也。當考。”今案，據《秦本紀》秦昭王五十年十二月“齕攻邯鄲，不拔，去，還奔汾軍”，可知邯鄲之圍確解于魏安釐王二十年，《六國表》所記是也。《趙世家》作孝成王八年，《春申君列傳》作考烈王五年，皆誤前一年。《資治通鑒》以平原君如楚請救，春申君將兵救趙，在週報王五十七年，公子無忌破秦師于邯鄲，王齕解圍在次年，分別為兩年事，不確。楚不與趙接界，中隔魏國，趙得楚合縱來救，必待魏參與，而後楚、魏方能聯合救趙。趙都邯鄲，地處趙之東南邊，東與齊接界，南與魏接界，救趙最便者為齊、魏，但當趙圍邯鄲時，齊、魏正謀乘機略取趙地，不能救趙，因而趙向楚求救。及魏公子無忌“為天下循便計”，終於使魏、楚聯合救趙，而取得破秦軍之大功。
前259,259,周赧王五十六年（西元前二五九年）,42,史料,秦、楚、趙、鄭,白起,圍、救、卒、立、取,秦之圍邯鄲，趙使平原君求救合從于楚，約與食客門下有勇力文武備具者二十人偕。平原君曰：“使文能取勝，則善矣。文不能取勝，則歃血于華屋之下，必得定從而還。士不外索，取于食客門下足矣。”得十九人，餘無可取者，無以滿二十人。門下有毛遂者前，自贊于平原君曰：“遂聞君，將合從于楚，約與食客門下二十人偕，不外索。今少一人，願君即以遂備員而行矣。”平原君曰：“先生處勝之門下幾年于此矣？”毛遂曰：“三年於此矣。”平原君曰：“夫賢士之處世也，譬若錐之處囊中，其末立見。今先生處勝之門下三年于此矣，左右未有所稱誦，勝未有所聞。是先生無所有也，先生不能，先生留。”毛遂曰：“臣乃今日請處囊中耳。使遂蚤得處囊中，乃穎脫而出，非特其末見而已。”平原君竟與毛遂偕。十九人相與目笑之而未發也（《索隱》本“發”作“廢”，《正義》本作“發”。《索隱》雲：“按鄭氏曰：皆目視而輕笑之，未能即廢棄之也。”《正義》佚文雲：“言十九人相與目視之，竊笑，未敢發聲也。發字或作廢者，非也。毛遂不由十九人而得廢棄也。”見南化、幻、梅、狩野、高本，《史記正義佚文輯校》二六一頁。王念孫曰：“廢即發之借字，謂目笑之而未發於口也。”毛遂比至楚，與十九人議論，十九人皆服。平原君與楚合從，言其利害，日出而言之，日中不決。十九人謂毛遂曰：“先生上。”毛遂按劍曆階而上，謂平原君曰：“從之利害，兩言而決耳。今日出而言從，日中不決，何也？”楚王謂平原君曰：“客何為者也。”曰：“是勝之舍人也。”楚王叱曰：“胡不下！吾與而君言，汝何為者也？”毛遂按劍而前曰：“王之所以叱遂者，以楚之眾也。今十步之內，王不得恃楚國之眾也，王之命縣於遂手，吾君在前，叱者何也？且遂聞湯以七十裡之地王天下，文王以百里之壤而臣諸侯，豈其士卒眾多哉，誠能據其勢而奮其威。今楚地方五千里，持戟百萬，此霸王之資也。以楚之強，天下弗能當。白起小豎子耳，率數萬之眾，興師以與楚戰，一戰而舉鄢、郢，再戰而燒夷陵，三戰而辱王之先人。此百世之怨而趙之所羞，而王弗知惡焉。合從者為楚，非為趙也。吾君在前，叱者何也。”楚王曰：“唯唯，誠若先生之言，謹奉社稷而以從。”毛遂曰：“從定乎？”楚王曰：“定矣。”毛遂謂楚王之左右曰：“取雞、狗、馬之血來。”毛遂奉銅盤而跪進之楚王曰：“王當歃血而定從，次者吾君，次者遂。”遂定從於殿上。毛遂左手持盤血而右手招十九人曰：“公相與歃此血於堂下。公等錄錄，所謂因人成事者也。”平原君已定從而歸，歸至於趙，曰：“勝不敢複相士。勝相士多者千人，寡者百數，自以為不失天下之士，今乃于毛先生而失之也。毛先生一至楚，而使趙重于九鼎大呂。毛先生以三寸之舌，強于百萬之師，勝不敢複相士。”遂以為上客。（《平原君列傳》）
前259,259,周赧王五十六年（西元前二五九年）,43,考案,秦、楚、趙、魏、晉、周,秦昭王,攻、圍、救、合縱、拔、殺、奔,案：《資治通鑒》記楚王使春申君將兵救趙，魏王亦使將軍晉鄙將兵救趙，公子無忌殺晉鄙而進兵在周赧王五十七年，而記公子無忌大破秦師於邯鄲下在次年，分為兩年事，不確。據《秦本紀》“齕攻邯鄲不拔，去，還奔汾軍”，在秦昭王五十年十二月，魏、楚合縱救趙而進兵解邯鄲之圍必在周赧王五十八年，不當在上年。
前259,259,周赧王五十六年（西元前二五九年）,44,史料,秦、趙、魏、晉、代,秦昭王,伐、攻、圍、救、卒、立、取、拔、會、殺,魏有隱士曰侯嬴，年七十，家貧，為大樑夷門監者。公子[無忌]聞之，往請，欲厚遺之，不肯受，曰：“臣修身絮行數十年，終不以監門困故而受公子財。”公子於是乃置酒大會賓客。坐定，公子從車騎，虛左，自迎夷門侯生。侯生攝敝衣冠，直上載公子上坐，不讓，欲以觀公子。公子執轡愈恭。侯生又謂公子曰：“臣有客在市屠中，願枉車騎過之。”公子引車入市，侯生下見其客朱亥，俾倪，故久立與其客語，微察公子。公子顏色愈和。當是時，魏將相宗室賓客滿堂，待公子舉酒。市人皆觀公子執轡。從騎皆竊罵侯生。侯生視公子色終不變，乃謝客就車。至家，公子引侯生坐上坐，遍贊賓客，賓客皆驚。酒酣，公子起，為壽侯生前。侯生因謂公子曰：“今日嬴之為公子亦足矣（《集解》徐廣曰：“為一作羞”）。嬴乃夷門抱關者也，而公子親枉車騎，自迎嬴於眾人廣坐之中，不宜有所過，今公子故過之。然嬴欲就公子之名，故久立公子車騎市中，過客以觀公子，公子愈恭。市人皆以嬴為小人，而以公子為長者能下士也。”於是罷酒，侯生遂為上客。侯生謂公子曰：“臣所遇屠者朱亥，此子賢者，世莫能知，故隱屠間耳。”公子往，數請之，朱亥故不復謝，公子怪之。魏安釐王二十年，秦昭王已破趙長平軍，又進兵圍邯鄲。公子姊為趙惠文王弟平原君夫人，數遺魏王及公子書，請救于魏。魏王使將軍晉鄙將十萬眾救趙。秦王使使者告魏王曰：“吾攻趙旦暮且下，而諸侯敢救者，已拔趙，必移兵先擊之。”魏王恐，使人止晉鄙，留軍壁鄴，名為救趙，實持兩端以觀望。平原君使者冠蓋相屬於魏，讓魏公子曰：“勝所以自附為婚姻者，以公子之高義，為能急人之困。今邯鄲旦暮降秦，而魏救不至，安在公子能急人之困也！且公子縱輕勝，棄之降秦，獨不憐公子姊邪？”公子患之，數請魏王，及賓客辯士說王萬端。魏王畏秦，終不聽公子。公子自度終不能得之于王，計不能獨生而令趙亡，乃請賓客，約車騎百餘乘，欲以客往赴秦軍，與趙俱死。行過夷門，見侯生，且告所以欲死秦軍狀。辭決而行，侯生曰：“公子勉之矣，老臣不能從。”公子行數裡，心不快，曰：“吾所以待侯生者備矣，天下莫不聞，今吾且死，而侯生曾無一言半辭送我。我豈有所失哉？”複引車還，問侯生。侯生笑曰：“臣固知公子之還也。”曰：“公子喜士，名聞天下。今有難，無他端而欲赴秦軍，譬若以肉投餒虎，何功之有哉？尚安事客？然公子遇臣厚，公子往而臣不送，以是知公子恨之複返也。”公子再拜，因問。侯生乃屏人間語，曰：“嬴聞晉鄙之兵符常在王臥內，而如姬最幸，出入王臥內，力能竊之。嬴聞如姬父為人所殺，如姬資之三年，自王以下欲求報其父仇，莫能得。如姬為公子泣：公子使客斬其仇頭，敬進如姬。如姬之欲為公子死無所辭，顧未有路耳。公子誠一開口請如姬，如姬必許諾，則得虎符奪晉鄙軍，北救趙而西卻秦，此五霸之伐也。”公子從其計，請如姬。如姬果盜晉鄙兵符與公子。公子行，侯生曰：“將在外，主令有所不受，以便國家。公子即合符，而晉鄙不授公子兵而複請之，事必危矣。臣客屠者朱亥可與俱，此人力士。晉鄙聽，大善；不聽，可使擊之。”於是公子泣。侯生曰：“公子畏死邪？何泣也？”公子曰：“晉鄙嚄喑宿將，往恐不聽，必當殺之，是以泣耳，豈畏死哉？”於是公子請朱亥。朱亥笑曰：“臣乃市井鼓刀屠者，而公子親數存之，所以不報謝者，以為小禮無所用。今公子有急，此乃臣效命之秋也。”遂與公子俱。公子過謝侯生。侯生曰：“臣宜從，老不能。請數公子行日，以至晉鄙軍之日，北鄉自剄，以送公子。”公子遂行。至鄴，矯魏王令伐晉鄙。晉鄙合符，疑之，舉手視公子曰：“今吾擁十萬之眾，屯於境上，國之重任，今單車來代之，何如哉？”欲無聽。朱亥袖四十斤鐵椎，椎殺晉鄙，公子遂將晉鄙軍，勒兵下令軍中曰：“父子俱在軍中，父歸；兄弟俱在軍中，兄歸；獨子無兄弟，歸養。”得選兵八萬人，進兵擊秦軍。秦軍解去，遂救邯鄲，存趙。趙王及平原君自迎公子于界，平原君負韝矢為公子先引。趙王再拜曰：“自古賢人未有及公子者也。”當此之時，平原君不敢自比於人。公子與侯生決，至軍，侯生果北鄉自剄。魏王怒公子之盜其兵符，矯殺晉鄙，公子亦自知也。已卻秦存趙，使將將其軍歸魏，而公子獨與客留趙。趙孝成王德公子之矯奪晉鄙兵而存趙，乃與平原君計，以五城封公子。公子聞之，意驕矜而有自功之色，客有說公子曰：“物有不可忘，或有不可不忘。夫人有德于公子，公子不可忘也。公子有德于人，願公子忘之也。且矯魏王令，奪晉鄙兵以救趙，于趙則有功矣，于魏則未為忠臣也。公子乃自驕而功之，竊為公子不取也。”於是公子立自責，似若無所容者。趙王埽除自迎，執主人之禮，引公子就西階。公子側行辭讓，從東階上。自言辜過，以負于魏，無功于趙。趙王侍酒至暮，口不忍獻五城，以公子退讓也。公子竟留趙。趙王以鄙為公子湯沐邑，魏亦複以信陵奉公子，公子留趙。（《魏公子列傳》）信陵君殺晉鄙，救邯鄲，破秦人，存趙國。趙王自郊迎。唐且謂信陵君曰：“臣聞之曰：事有不可知者，有不可不知者，有不可忘者，有不可不忘者。”信陵君曰：“何謂也？”對曰：“人之憎我也，不可不知也；吾憎人也，不可得而知也；人之有德於我也，不可忘也；吾有德於人也，不可不忘也。今君殺晉鄙，救邯鄲破秦人，存趙國，此大德也。今趙王自郊迎，卒然見趙王，臣願君之忘之也。”信陵君曰：“無忌謹受教。”（《魏策四》第二十三章，與上列《魏公子列傳》末節所載，蓋一事而二傳）
前259,259,周赧王五十六年（西元前二五九年）,45,史料,秦、齊、楚、燕、趙、魏、晉、周、魯,秦昭王、齊威王,圍、救、卒、稱王、稱帝、取、會,秦圍趙之邯鄲，魏安釐王使將軍晉鄙救趙，畏秦，止于蕩陰不進。魏王使客將軍辛垣衍間入邯鄲，因平原君謂趙王曰：“秦所以急圍趙者，前與齊閔王爭強為帝，已而複歸帝，以齊故（《史記·魯仲連列傳》無“以齊故”三字）。今齊已益弱（“齊”下原有“閔王”二字，蓋涉上而衍，今刪。《史記》作“湣王”，亦衍），方今唯秦雄天下，此非必貪邯鄲，其意欲求為帝，趙誠發使尊秦昭王為帝，秦必喜罷兵去。”平原君猶豫未有所決。此時魯仲連適游趙，會秦圍趙，聞趙將欲令趙尊秦為帝，乃見平原君曰：“事將奈何矣？”平原君曰：“勝也何敢言事。百萬之眾折於外（《史記》作“前亡四十萬之眾於外）”，今又圍邯鄲而不能去，魏王使客將軍辛垣衍令趙帝秦，今其入在是，勝也何敢言事！”魯仲連曰：“始吾以君為天下之賢公子也，吾乃今然後知君非天下之賢公子也。梁客辛垣衍安在？吾請為君責而歸之。”平原君曰：“勝請為召而見之于先生。”（《史記》“召”作“紹介”，“召”與“紹”古通）平原君遂見辛垣衍，曰：“東國有魯仲連先生者，其人在此，勝請為紹介而見之于將軍。”（《史記》“見”作“交”）辛垣衍曰：“吾聞魯仲連先生齊國之高士也，衍人臣也，使事有職，吾不願見魯仲連先生也。”平原君曰：“勝已泄之矣。”辛垣衍許諾。魯仲連見辛垣衍而無言。辛垣衍曰：“吾視居此圍城之中者，皆有求于平原君者也，今吾視先生之玉貌，非有求于平原君者，曷為久居此圍城之中而不去也？”魯仲連曰：“世以鮑焦無從容而死者（《史記》“容”作“頌”，“容”“頌”古通），皆非也。令眾人不知（鮑本“令”作“今”，《史記》無此字），則為一身。彼秦者，棄禮義而上首功之國也，權使其士，虜使其民，彼則肆然為帝（《史記》“則”作“即”），過而遂正於天下（《史記》“遂”作“為”），則連有赴東海而死耳（《史記》“赴”作“蹈”），吾不忍為之民也。所為見將軍者，欲以助趙也。”辛垣衍曰：“先生助之奈何？”魯仲連曰：“吾將使梁及燕助之，齊、楚則固助之矣。”辛垣衍曰：“燕則吾請以從矣（“從”與“縱”通），若乃梁，則吾乃梁之人也，先生惡能使梁助之耶？”魯仲連曰：“梁未睹秦稱帝之害故也，若梁睹秦稱帝之害，則必助趙矣。”辛垣衍曰：“秦稱帝之害將奈何？”魯仲連曰：“昔齊威王嘗為仁義矣，率天下諸侯朝周，周貧且微，諸侯莫朝，而齊獨朝之；居歲余，周烈王崩（據《六國表》，周烈王七年崩，當齊威王十年，但《六國表》齊威王年世有誤。“烈王”當為“顯王”之誤，周顯王四十八年卒，當齊威王三十六年），諸侯皆吊，齊後往，周怒，赴于齊曰：‘天崩地坼，天子下席，東藩之臣田嬰齊後至（《史記》“田嬰齊”作“因齊”，按齊威王名因齊，“嬰”當為“因”字之誤。齊威王之少子名嬰，即靖郭君。決無父子同名與君臣同名之例），則靳之。’威王勃然怒曰：‘叱嗟，而母婢也’，卒為天下笑。故生則朝周，死而叱之，誠不忍其求也。彼天子固然，其無足怪。”辛垣衍曰：“先生獨未見夫僕乎？十人而從一人者，寧力不勝、智不若耶？畏之也。”魯仲連曰：“然梁之比于秦若僕耶？”辛垣衍曰：“然。”魯仲連曰：“然吾將使秦王烹醢梁王。”辛垣衍怏然不悅曰：“嘻！亦太甚矣！先生之言也！先生又惡能使秦王烹醢梁王？”魯仲連曰：“固也，待吾言之：昔者鬼侯、鄂侯、文王（“鬼”《史記》作“九”，“九”“鬼”古通），紂之三公也。鬼侯有子而好，故入之於紂，紂以為惡，醢鬼侯。鄂侯爭之急，辨之疾，故脯鄂侯。文王聞之，喟然而歎，故拘之於牖裡之庫，百日而欲舍之死（舍，鮑本作“令”，《史記》亦作“令”）。曷為與人俱稱帝王（《史記》無“帝”字)，卒就脯醢之地也？齊閔王將之魯，夷維子執策而從，謂魯人曰：“子將何以待吾君？”魯人曰：“吾將以十太牢待子之君。”夷維子曰：“子安取禮而來待吾君？彼吾君者天子也。天子巡狩，諸侯辟舍，納筦鍵（《史記》“鍵”作“籥”），攝衽抱幾，視膳於堂下，天子已食，退而聽朝也。”魯人投其籥，不果納，不得入于魯。將之薛，假塗于鄒（《史記》“塗”作“途”，“塗”“途”古通）。當是時，鄒君死，閔王欲入吊，夷維子謂鄒之孤曰：“天子吊，主人必將倍殯柩，設北面於南方，然後天子南面吊也。”鄒之群臣曰：“必若此，吾將伏劍而死。”故不敢入于鄒。鄒、魯之臣，生則不得事養，死則不得飯含（《史記》“飯含”作“賻襚”），然且欲行天子之禮于鄒、魯之臣，不果納。今秦萬乘之國，梁亦萬乘之國，俱據萬乘之國，交有稱王之名，睹其一戰而勝，欲從而帝之，是使三晉之大臣，不如鄒、魯之僕妾也。且秦無已而帝，則且變易諸侯之大臣，彼將奪其所不肖而予其所賢，奪其所憎而與其所愛，彼又將使其子女讒妾為諸侯妃姬，處梁之宮，梁王安得晏然而已乎？而將軍又何以得故寵乎？”於是辛垣衍起，再拜，謝曰：“始以先生為庸人，吾乃今日而知先生為天下之士也。吾請去，不敢複言帝秦。”秦將聞之，為卻軍五十裡。適會魏公子無忌奪晉鄙軍以救趙擊秦，秦軍引而去。於是平原君欲封魯仲連，魯仲連辭讓者三，終不肯受。平原君乃置酒，酒酣起前，以千金為魯仲連壽。魯仲連笑曰：“所貴於天下之士者，為人排患、釋難、解紛亂而無所取也。即有所取者，是商賈之人也，仲連不忍為也。”遂辭平原君而去，終身不復見。（《趙策三》第十三章，《魯仲連列傳》同）
前259,259,周赧王五十六年（西元前二五九年）,46,考案,秦、趙、魏、晉,,殺,案：此謂晉鄙軍“止于蕩陰不進”，與《魏公子列傳》謂“留軍壁鄴”不同。蕩陰在今河南湯陰縣。鄴尚在蕩陰之北約八十裡，在河北磁縣以南、正當趙長城之南，北距趙都邯鄲亦不過八十裡地。蓋魏使辛垣衍入邯鄲時，晉鄙軍正停留于蕩陰，當信陵君循便計殺晉鄙時，晉鄙已進至鄴。鄴為魏之北邊重鎮，此所謂“秦將聞之，為卻軍五十裡”，當遊士之誇說，不足信。
前259,259,周赧王五十六年（西元前二五九年）,47,史料,秦、楚、趙、魏、晉,,圍、救、卒、會、遷,平原君既返趙，楚使春申君將兵赴救趙，魏信陵君亦矯奪晉鄙軍往救趙，皆未至。秦急圍邯鄲，邯鄲急，且降，平原君甚患之，邯鄲傳舍吏子李談說平原君曰（“談”，司馬遷避其父諱改作“同”，今從《說苑·複恩》篇第九章作“談”)：“君不憂趙亡乎？”平原君曰：“趙亡則勝虜，何為不憂乎？”李談曰：“邯鄲之民炊骨易子而食，可謂急矣（《說苑》“急矣”作“至困”），而君之後宮以百數，婢妾被綺縠（《說苑》“婢”作“婦”，“被”作“荷”），餘粱肉（《說苑》“餘”上有“廚”字），而民褐衣不完，糟糠不厭。民困兵盡，或剡不為矛矢（《說苑》“矢”作“戟”），而君器物鐘磬自若（“鐘”原作“鍾”，今從《說苑》改正，“若”《說苑》作“恣”）。使秦破趙，君安得有此？使趙得全，君何患無有？今君誠能令夫人以下，編於士卒之間，分工而作，家之所有盡散以饗士，士方其危苦之時，易德耳（《說苑》“德”作“為惠”）。於是平原君從之，得敢死之士三千人。李談遂與三千人赴秦軍，秦軍為之卻三十裡。亦會楚、魏救至，秦兵遂罷，邯鄲後存。李談戰死，封其父為李侯。（《平原君列傳》，《說苑·複恩》第九章大體相同）
前259,259,周赧王五十六年（西元前二五九年）,48,考案,趙、魏,,,案：《集解》引徐廣曰：“河內成皋有李城。”《正義》曰：“懷州溫縣本李城也，李同（當作談）所封。隋煬帝從故溫城移縣於此。”《水經·濟水注》于“又南當鞏縣北，南入於河”下，雲：“濟水故瀆東南合奉溝水，水上承朱溝于野王城西，東南徑陽鄉城北。又東南徑李城西……李同死，封其父為李侯。故徐廣曰：河內平皋縣有李城，即此城也。”李城在今河南溫縣，此說不可信。溫縣一帶為魏地，趙不能以此封李談之父。李侯當為稱號，並無封邑。
前259,259,周赧王五十六年（西元前二五九年）,49,史料,趙,,,虞卿欲以信陵君之存邯鄲為平原君請封。公孫龍聞之，夜見平原君曰：“龍聞虞卿欲以信陵君之存邯鄲為君請封，有之乎？”平原君曰：“然。”龍曰：“此甚不可。且王舉君而相趙者，非以君之智能為趙國無有也。割東武城而封君者，非以君為有功也，而以國人無勳，乃以君為親戚故也。君受相印不辭無能，割地不言無功者，亦自以為親戚故也。今信陵君存邯鄲而請封，是親戚受城而國人計功也（《集解》引徐廣曰：“一本，是親戚受城而以國許人”，今案徐廣所引一本非是。《趙策三》第十一章相同）。此甚不可。且虞卿操其兩權，事成操右券以責，事不成以虛名德君。君必勿聽也。”平原君遂不聽虞卿。（《平原君列傳》，公孫龍之言，與《趙策三》第十一章有相同處）
前259,259,周赧王五十六年（西元前二五九年）,50,史料,秦、趙、魏,,攻、卒、殺,秦攻趙，平原君使人請教于魏，信陵君發兵至邯鄲城下，秦兵罷，虞卿為平原君請益地，謂趙王曰：“夫不鬥一卒，不頓一戟，而解二國患者，平原君之力也。用人之力而忘人之功，不可。”趙王曰：“善。將益之地。”公孫龍聞之，見平原君曰：“君無覆軍殺將之功而封以東武城，趙國豪傑之士多在君之右，而君為相國者，以親故。夫君封以東武城，不讓無功，佩趙國相印，不辭無能，一解國患，欲求益地，是親戚受封而國人計功也。為君計者，不如勿受便。”平原君曰：“謹受令。”乃不受封。（《趙策三》第十一章）
前259,259,周赧王五十六年（西元前二五九年）,51,考案,秦、楚、趙、魏、鄭,秦昭王,攻、圍、救、卒、拔,案：此章言虞卿為平原君請益地，謂趙王曰：“夫不鬥一卒，不頓一戟而解二國之患者，平原君之力也。”所言不符當時情實。信陵君發兵至邯鄲救趙，經過趙與來救之魏、楚聯軍內外夾攻，激烈之戰，豈有“不鬥一卒，不頓一戟而解兩國之患”之事？蓋遊士之誇說。當以《平原君列傳》所記為。秦昭王五十年王齕、鄭安平圍邯鄲。及齕還軍，拔新中。
前259,259,周赧王五十六年（西元前二五九年）,52,史料,秦、鄭,秦昭王,圍、拔,秦昭王五十年王齕、鄭安平圍邯鄲。及齕還軍，拔新中。（《六國表》）
前259,259,周赧王五十六年（西元前二五九年）,53,史料,秦,秦昭王,攻,秦昭王五十年攻邯鄲。（秦簡《編年記》）
前259,259,周赧王五十六年（西元前二五九年）,54,史料,秦、楚、趙、魏、代,白起、秦昭王,攻、圍、卒、拔、遷、殺,秦王使王齕代陵將，八九月圍邯鄲，不能拔。楚使春申君及魏公子將兵數十萬攻秦軍，秦軍多失亡。武安君言曰：“秦不聽臣計，今何如矣。”秦王聞之怒，強起武安君。武安君遂稱病篤。應侯請之不起，於是免武安君為士伍，遷之陰密，武安君病，未能行。居三月，諸侯攻秦，軍急，秦軍數卻，使者日至，秦王乃使人遣白起，不得留咸陽中。武安君既行，出咸陽西門十裡，至杜郵，秦昭王與應侯、群臣議曰：“白起之遷，其意尚怏怏，有餘言。”秦王乃使使者賜之劍自裁。武安君引劍將自剄，曰：“我何罪於天而至此哉？”良久曰：“我固當死。長平之戰，趙卒降者數十萬人，我詐而盡坑之，是足以死。”遂自殺。武安君之死也，以秦昭王五十年十一月。死而非其罪，秦人憐之，鄉邑皆祭祀焉。（《白起列傳》）
前259,259,周赧王五十六年（西元前二五九年）,55,考案,秦、趙、吳,白起,攻、立,案：《甘茂列傳》附《甘羅傳》言：“應侯欲攻趙，武安君難之，去咸陽七裡而立死于杜邨。”《水經·渭水注》雲：“渭水北有杜邨亭，去咸陽十七裡，今名孝裡亭，中有白起祠。嗟乎，有制勝之功，慚尹商之仁，是地即其伏劍處也。”《三國志·吳書·鐘離牧傳》，記鐘離牧雲：“武安君謂秦王曰：‘非成業難，得賢難。非得賢難，用之難。非用之難，任之難。’”若其說可信，白起已有先見之明。
前259,259,周赧王五十六年（西元前二五九年）,56,史料,秦、趙、鄭,秦昭王,圍、殺,秦大破趙于長平，遂圍邯鄲。已而與武安君有隙，言而殺之。任鄭安平，使擊趙。鄭安平為趙所圍，急，以兵二萬人降趙。應侯席稿請罪。秦之法，任人而所任不善者，各以其罪罪之。於是應侯罪當收三族。秦昭王恐傷應侯之意，乃下令國中：“有敢言鄭安平事者，以其罪罪之。”而加賜相國應侯食物日益厚，以順適其意。（《範雎列傳》）
前259,259,周赧王五十六年（西元前二五九年）,57,史料,秦、趙、魏、鄭,,,鄭平于秦王臣也，其于應侯交也，欺交反王，為利故也。方其為秦將也，天下所貴無不以者，重也。重以得之，輕以失之，去秦將，入趙魏，天下所賤之無不以也，所可羞無不以也。行方可賤可羞，而無秦將之重，不窮奚待？（《呂氏春秋·無義》）
前259,259,周赧王五十六年（西元前二五九年）,58,考案,秦、趙、魏、鄭,,攻、圍、救,案：鄭平即鄭安平，蓋平其名，安平其字。《趙世家》載孝成王十一年“武陽君鄭安平死，收其地”，《集解》引徐廣曰：“故秦將降趙也。”《呂氏春秋》稱其“去秦將，入趙、魏”，蓋鄭安平為秦將軍而圍攻邯鄲，魏信陵君率兵來救，為趙、魏內外夾攻而包圍，鄭安平以二萬人降趙，趙封為武陽君，並有封地，三年即死，收其地。
前259,259,周赧王五十六年（西元前二五九年）,59,史料,秦、楚、魏,,攻、殺、奔,秦攻邯鄲，十七月不下。莊謂王稽曰：“君何不賜軍吏乎？”王稽曰：“吾與王也，不用人言。”莊曰：“不然。父之于子也，令有必行者，必不行者。曰：‘去貴妻，賣愛妾’，此令必行者也，因曰：‘毋敢思也’，此令必不行者也。守閭姬曰：‘某夕某孺子內某士’（“夕”上“某”字原作“其”，今從鮑本改“某”。“孺”原作“懦”，姚注：“劉作孺”，作孺是也），貴妻已去，愛妾已賣，而心不有（金正煒曰：“不有疑為不肯”），欲教之者，人心固有。今君雖幸于王，不過父子之親，軍吏雖賤，不卑于守閭姬，且君擅主輕下之日久矣。聞三人成虎，十夫楺椎，眾口所移，毋翼而飛，故曰不如賜軍吏而禮之。”王稽不聽，軍吏窮，果惡王稽、杜摯以反。秦王大怒，而欲兼誅範雎。範雎曰：“臣東鄙之賤人也，開罪于魏（“魏”上原衍“楚”字，從鮑本刪），遁逃來奔，臣無諸侯之援，親習之故，王舉臣於羈旅之中，使職事，天下皆聞臣之身與王之舉也。今遇惑與罪人同心（“惑”下原衍“或”字，從鮑本刪），而王明誅之，是王過舉顯於天下，而為諸侯所議也。臣願請藥賜死，而恩以相葬臣，王必不失臣之罪，而無過舉之名。”王曰：“有之。”（金正煒曰：“有字當讀為宥”）遂弗殺而善遇之。（《秦策三》第十七章）
前259,259,周赧王五十六年（西元前二五九年）,60,考案,趙、鄭,范雎,,案：《范雎列傳》言鄭安平降趙“後二歲，王稽為河東守，與諸侯通，坐法誅”，蓋事發與鄭安平降趙同時，而定罪坐法在後二年，此章連言之。
前259,259,周赧王五十六年（西元前二五九年）,61,史料,秦、楚、晉、鄭,白起,攻、卒、拔、遷、奔,[秦昭襄王]五十年十月武安君白起有罪，為士伍，遷陰密。張唐攻鄭(“鄭”疑為“鄴”字之誤)，拔之。十二月益發卒軍汾城旁。武安君白起有罪死。齕攻邯鄲，不拔，去，還奔汾軍。二月余，攻晉軍，斬首六千。晉、楚流死河二萬人(“死”下疑脫“我”字，“河”當作“汾”)，攻汾城。即從唐拔寧新中，寧新中更名安陽。初作河橋。（《秦本紀》）
前259,259,周赧王五十六年（西元前二五九年）,62,考案,秦、楚、韓、趙、魏、晉、越、鄭,,攻、圍、救、徙都、取、拔、會、遷、殺、奔,案：上年十月秦遣將軍張唐攻魏，蓋秦久圍邯鄲不克，為防止魏越趙長城北上襲其後路，先發制人，遣將軍張唐越趙長城南下攻魏。是年魏信陵君循便計，殺晉鄙，北上進攻正在圍攻邯鄲之秦軍，張唐乃包抄魏軍之後路。《秦本紀》言是年“張唐攻鄭拔之”。梁玉繩辨之曰：“此所拔之鄭，為舊鄭歟？則即威林之地，東遷時已屬秦也。以為新鄭歟？韓徙都於其地，不聞是時韓失國都也，疑是酇字之訛，趙地也。”梁說非是。“鄭”疑為“鄴”字之誤。當時魏軍進軍路線，由蕩陰，經寧新中至鄴，再由鄴越漳水與趙長城而北上攻邯鄲週邊之秦軍。鄴為魏北邊之重鎮，張唐拔鄴城，即包抄魏軍之後路。《六國表》稱“及齕還軍，拔新中”，新中即寧新中，亦即安陽，在今河南安陽市西南，正當鄴與蕩陰之中點。《秦本紀》稱“即從唐拔寧新中”，唐即張唐，蓋王齕由邯鄲潰退，一路“還奔汾軍”，另一路即與張唐會合，共攻寧新中。蓋由鄴南下而攻取安陽，企圖包抄魏軍後路而制服魏，並抵禦北上救趙之楚軍。
前259,259,周赧王五十六年（西元前二五九年）,63,考案,秦、楚、趙、魏、晉、鄭,范雎,伐、攻、圍、救、卒、滅、取、拔、會、奔,又案：《秦本紀》言是年“十二月益發卒軍汾城旁”，《正義》引《括地志》雲：“臨汾古城在絳州正平縣東北二十五裡，即古臨汾縣故城也，按汾城即此城也。”汾城即漢河東郡臨汾，在今山西侯馬市西北，為當時河東郡之郡治所在。近年江西遂川出土秦戈銘文有稱“臨汾守”者，可以證明。《資治通鑒》胡三省注雲：“秦蓋屯兵於此，為王齕聲援。”其實，不僅是聲援，即為秦支援其大軍進攻邯鄲之主要基地，故“益發卒軍汾城旁”。是時范雎既任鄭安平為將軍與王齕同攻邯鄲，又任王稽為河東郡守，坐鎮汾城而支援前線作戰，以便取得拔邯鄲而滅趙之大功。及秦將鄭安平為趙、魏夾擊大敗，以二萬人降趙，秦圍攻邯鄲之王齕所部亦在趙、魏兩軍夾擊中潰退，其中一部隨從張唐共攻取魏寧新中，即《秦本紀》所謂“即從唐拔寧新中”。其中大部則“還奔汾軍”，即回師至汾城與駐屯汾城旁之大軍會合，以抵禦乘勝追擊之魏、楚聯軍。所謂“二月余，攻晉軍，斬首六千”，蓋秦軍自稱在“還奔汾軍”之後，反攻魏軍而取得“斬首六千”之戰果。所謂“晉、楚流死河二萬人，攻汾城”，《集解》引徐廣曰：“楚一作走。”《正義》雲：“按此時無楚軍，走字是也。”梁玉繩駁之曰：“改楚為走，則流死文不可接，謂時無楚軍，尤為囈語。即楚救邯鄲之兵，始緣秦伐邯鄲而救趙，繼緣秦伐魏寧新中而救魏。《楚世家》稱救趙至新中可證。愚謂晉即魏也。”此說甚是。是時魏、楚救趙之聯軍，不僅與趙內外夾擊，大勝於邯鄲，迫使秦將鄭安平率軍二萬降趙，秦將王齕解圍邯鄲而潰退，並與秦將張唐相戰于寧新中。魏、楚聯軍更乘勝追擊至河東，進攻屯駐汾城之秦軍。“晉、楚流死河二萬人”，“死”下疑脫“我”字，“河”當為“汾”字之誤。汾城離河甚遠而在汾水西岸。蓋駐屯汾城之秦軍，在魏、楚聯軍進攻下又大敗，由汾水東岸渡汾而退守汾城之際，遭魏、楚聯軍襲擊，流死于汾二萬人。於是魏、楚聯軍得以渡汾水而“攻汾城”。《範雎列傳》稱“王稽為河東守，與諸侯通，坐法誅”。《秦策三》第十七章稱河東郡之軍吏“告王稽、杜摯以反”。蓋王稽於汾城大敗之後，亦嘗有投降趙、魏之計議。
前259,259,周赧王五十六年（西元前二五九年）,64,考案,秦、趙、晉,,攻、取,又案：“初作河橋”，《正義》雲：“此橋在同州臨晉縣，渡河至蒲州，今蒲津橋也。”蓋是年秦為攻取趙都邯鄲，以便於進軍與支援前線而建設者。
前259,259,周赧王五十六年（西元前二五九年）,65,考案,秦、齊、韓、魏、晉、周、吳,,攻,又案：《周本紀》赧王五十八年“三晉距秦，周令其相國之秦，以秦之輕也，還其行……秦信周，發兵攻三晉。”所載不確。《東周策》第二十五章“三國隘秦，周令其相國之秦”云云，原指赧王十七年齊、韓、魏三國攻秦而軍于函穀之事，《周本紀》誤系於五十八年，改作“三晉距秦”，已詳報王十七年案語中。鮑彪、吳師道原定在週報王十七年，甚是。顧觀光、黃式三據《周本紀》編之于報王五十八年，與史實不合。
前259,259,周赧王五十六年（西元前二五九年）,66,史料,秦、魏、周、吳,,攻、取,秦罷邯鄲，攻魏，取寧邑。吳慶恐魏王之構于秦也(“吳”當讀作“虞”，吳慶即虞卿，“構”鮑本作“搆”，改作“講”)，謂魏王曰：“秦之攻王也，王知其故乎？天下皆曰王近也，王不近秦，秦之所去。皆曰王弱也，王不弱二周，秦人去邯鄲，過二周，而攻王者，以王為易制也，王亦知弱之召攻乎？”(《魏策四》第十七章)
前259,259,周赧王五十六年（西元前二五九年）,67,考案,秦、楚、韓、趙、魏、周、吳,,攻、圍、救、卒、合縱、拔,案：吳師道曰：“凡攻趙皆言邯鄲，此策罷邯鄲，必非報王五十八年解邯鄲圍時事。且《秦記》書拔寧新中，次年報王五十九年，《年表》韓、魏、楚救趙新中，而秦兵罷，不聞卒拔也。是歲報王入秦，而此雲過二周攻王，是二周無恙時也，決為在前無疑。甯新中非寧邑。”此說不確。《秦本紀》與《六國表》皆謂秦將王齕攻邯鄲不拔而去，還軍拔寧新中，寧新中或稱新中，此謂甯邑當即寧新中之簡稱。吳師道謂吳慶無考，其實，“吳”當讀作“虞”，“慶”“卿”同音通用，吳慶即虞卿。《韓非子·外儲說左上》虞慶亦即虞卿。虞卿為趙臣之主合縱者。是時魏、楚合縱救趙，擊敗秦圍攻邯鄲之秦軍，秦還軍攻拔魏之寧新中（即安陽），蓋欲制服魏而分解合縱，因而虞卿為此進說魏王。
前259,259,周赧王五十六年（西元前二五九年）,68,史料,秦、魏,,拔,秦拔甯邑，魏王令人謂秦王曰（“人”原誤作“之”，今從鮑本改）：“王歸寧邑，吾請先天下構。”或謂秦王曰（原誤作“魏魏王曰”，今改正）：“王無聽。魏王見天下之不足恃也，故欲先構。夫亡寧者，宜割二寧以求構。夫得甯者，安能歸寧乎？”（《魏策四》第十六章）
前259,259,周赧王五十六年（西元前二五九年）,69,考案,秦、楚、韓、魏,范雎,攻、拔,案：“魏王曰”，鮑彪改作“魏冉曰”，不確。此時魏冉已免相，執政者為范雎。于鬯以為當作“王齕”，雲：“此時王齕拔甯，王下脫齕字也。”亦無據是時魏未嘗因此先講于秦。故下年韓、魏、楚聯軍合攻新中，迫使“秦兵罷”，新中即寧邑。
前259,259,周赧王五十六年（西元前二五九年）,70,史料,秦、楚、趙、魏,,,天下合從，趙使魏加見楚春申君曰：“君有將乎？”曰：“有矣，僕欲將臨武君。”魏加曰：“臣少之時好射，臣願以射譬之，可乎？”春申君曰：“可。”加曰：“異日者，更羸與魏王處京台之下，仰見飛鳥。更羸謂魏王曰：‘臣能為王引弓虛發而下鳥。’（“能”字原脫，從《荀子·議兵·注》、《文選·西都賦·注》、《子虛賦·注》、《東門行·注》、《魏都賦·注》所引及《太平御覽》四百六十二引《春秋後傳》補)魏王曰：‘然則射可至此乎？’更羸曰：‘可。’有間，雁從東方來，更羸以虛發而下之，魏王曰：‘射之精乃至於此乎？’（原作“然則射可至此乎”，今從《荀子·議兵·注》、《文選·東門行·注》所引改正)更羸曰：‘此孽也。’王曰：‘先生何以知之？’對曰：‘其飛徐而鳴悲。飛徐者故瘡痛也（《荀子·議兵篇·注》所引瘡作創，下同），鳴悲者久失群也，故瘡未息而驚心未去也（“去”原作“至”，鮑本作“去”，《荀子·議兵·注》、《文選·東門行·注》、《太平御覽》七百四十四所引皆作“去”，作“去”是）。聞弦音引而高飛（《荀子·議兵篇·注》引“引”作“烈”，《鮑本》“引”作“烈”），故瘡隕也（黃丕烈雲：“烈者裂之誤，當在瘡字下，雲故瘡裂而隕也”）。今臨武君嘗為秦孽，不可為拒秦之將也。”（《楚策四》第十章）
前259,259,周赧王五十六年（西元前二五九年）,71,考案,秦、齊、楚、燕、趙、魏,,伐、攻、救、合縱、滅、取、拔,案：黃式三、顧觀光皆列此于秦王政六年，非是。《春申君列傳》稱為相二十二年（即秦王政六年）合縱伐秦，而“楚王為從長，春申君用事”。但據《趙世家》稱趙悼襄王四年（即秦王政六年）“龐煖將趙、楚、魏、燕之銳師攻秦蕞，不拔，移攻齊，取饒安”，可知實際主其事者為趙將龐煖。且楚于此年將國都東徙壽春，以避秦之鋒芒。此章所謂“天下合從”，即指楚、魏合縱救趙攻秦，時人稱之為天下合縱攻秦。當春申君已贊同合縱攻秦後，趙因使魏加問何人為將，率軍出戰。春申君以臨武君對，臨武君疑即景陽。即《楚世家》言“楚遣將軍景陽救趙”。《淮南子·汜論訓》雲：“景陽淫酒，被發而禦於婦人，威服諸侯。”高注：“景陽楚將。”《汜論訓》又謂顏喙聚、段幹木、孟卯、景陽，“此四人者，皆有所短，然而功名不滅者，其略得也。”高注：“略猶道也。”《荀子·議兵》篇記臨武君與孫卿子（即荀卿）議兵于趙孝成王前，蓋臨武君率楚軍救趙得大勝，故趙孝成王先向臨武君“請問兵要”，因而引起荀卿與臨武君議兵于趙孝成王前。
前259,259,周赧王五十六年（西元前二五九年）,72,史料,韓、趙、吳,,攻、卒,臨武君與孫卿子議兵于趙孝成王前。王曰：“請問兵要。”臨武君對曰：“上得天時，下得地利，觀敵之變動，後之發，先之至，此用兵之要術也。”孫卿子曰：“不然。臣所聞古之道，凡用兵攻戰之本，在乎壹民。弓矢不調，則羿不能中微；六馬不和，則造父不能以致遠；士民不親附，則湯、武不能以必勝也。故善附民者，是乃善用兵者也。故兵要在乎善附民而已。”臨武君曰：“兵之所貴者勢利也，所行者變詐也（《新序·雜事三》第二章“變詐”下有“攻奪”二字），善用兵者，感忽悠暗（《新序》作“奄忽焉”，“感”“奄”聲近。《韓詩外傳》卷三第三十六章作“猶脫兔”），莫知其所從出，孫、吳用之無敵於天下，豈必待附民哉。”孫卿子曰：“不然。臣之所道，仁人之兵，王者之志也。君之所貴，權謀勢利也；所行，攻奪變詐也；諸侯之事也。仁人之兵，不可詐也；彼可詐者，怠慢者也，路亶者也（《新序》“路亶”作“落單”，王念孫曰：“路亶猶羸憊也”）。君臣上下之間，渙然有離德者也（“渙”原誤作“滑”，《新序》作“渙”，《韓詩外傳》作“突”，王引之以作“渙”為是，渙然，離貌）。故以桀詐桀，猶巧拙有幸焉。以桀詐堯，譬之若以卵投石，以指撓沸；若赴水火，入焉焦沒耳。故仁人上下，百將一心，三軍同力；臣之於君也，下之於上也，若子之事父，弟之事兄，若手臂之扞頭目而覆胸腹也。詐而襲之，與先驚而後擊之，一也。且仁人之用十裡之國，則將有百里之聽；用百里之國，則將有千里之聽；用千里之國，則將有四海之聽。必將聰明警戒和傳而一。故仁人之兵，聚則成卒，散則成列，延則若莫邪之長刃（《韓詩外傳》“延”下有“居”字，《新序》“延”作“鋌”），嬰之者斷；兌則若莫邪之利鋒（《新序》《韓詩外傳》“兌”皆作“銳”，“兌”與“銳”通），當之者潰。圜居而方止，則若磐石然，觸之者角摧，案角鹿埵隴種東籠而退耳（《新序》作“觸之者隴種而退耳”，《韓詩外傳》作“觸之摧角折節而退爾”。郝懿行雲：“鹿埵、隴種、東籠，蓋皆摧敗披靡之貌）。且夫暴國之君，將誰與至哉！彼其所與至者，必其民也，而其民之親我歡若父母，其好我芬若椒蘭，彼反顧其上，則若灼黥，若仇讎；人之情，雖桀、蹠，豈又肯為其所惡、賊其所好者哉。是猶使人之子孫自賊其父母也，彼必將來告之，夫又何可詐也。故仁人用國日昭，諸侯先順者安，後順者危，慮敵之者削，反之者亡。詩曰：‘武王載發，有虔秉鉞；如火烈烈，則莫我敢遏。’此之謂也。”（《荀子·議兵》，《新序·雜事三》第二章、《韓詩外傳》卷三第三十六章載此一節，大體相同，略有改動）
前259,259,周赧王五十六年（西元前二五九年）,73,史料,秦、齊、楚、燕、魏、晉、周、越、吳、衛、宋、代,樂毅、句踐,攻、卒、滅、取、殺、奔,孝成王、臨武君曰：“善。請問王者之兵設何道？何行而可？”孫卿子曰：“凡在大王，將率末事也；臣請遂道王者諸侯強弱存亡之效，安危之勢。君賢者其國治，君不能者其國亂。隆禮貴義者其國治，簡禮賤義者其國亂。治者強，亂者弱，是強弱之本也。上足卬則下可用也（“卬”古“仰”字），上不足卬則下不可用也。下可用則強，下不可用則弱。是強弱之常也。隆禮效功，上也；重祿貴節，次也；上功賤節，下也；是強弱之凡也。好士者強，不好士者弱。愛民者強，不愛民者弱。政令信者強，政令不信者弱。民齊者強，民不齊者弱。賞重者強，賞輕者弱。刑威者強，刑侮者弱。械用兵革攻完便利者強，械用兵革窳楛不便利者弱。重用兵者強，輕用兵者弱。權出一者強，權出二者弱。是強弱之常也。齊人隆技擊，其技也，得一首者則賜贖錙金，無本賞矣，是事小敵則偷可用也，事大敵堅則渙焉離耳，若飛鳥然，傾側反覆無日，是亡國之兵也，兵莫弱是矣，是其去賃市傭而戰之幾矣。魏氏之武卒，以度取之，衣三屬之甲，操十二石之弩，負服矢五十個（“服”通“箙”，弩矢箙也），置戈其上，冠鞄帶劍（“鞄”同“冑”），贏三日之糧，日中而趨百里，中試則複其戶，利其田宅。是數年而衰而未可奪也（《資治通鑒》於“數年”上增“其氣力”三字，“未”上增“複利”二字），改造則不易周也，是故地雖大，其稅必寡，是危國之兵也。秦人，其生民也陿院（《資治通鑒》“阸”作“隘”），其使民也酷烈，劫之以勢，隱之以阸，忸之以慶賞（楊倞注：“忸與狃同，慣習也”），鰌之以刑罰（王先謙雲：鰌蓋即遒之借字，《說文》：遒，迫也”），使天下之民所以要利於上者（《資治通鑒》無“天下”二字。顧廣圻雲：“天字疑不當有，此以“下之民”與“要利於上”相對為文”。陶鴻慶曰：“天乃夫之誤”），非鬥無由也。阸而用之，得而後功之，功賞相長也，五甲首而隸五家，是最為眾強長久，多地以正（“正”讀為“征”），故四世有勝，非幸也，數也。故齊之技擊不可以遇魏氏之武卒，魏氏之武卒不可以遇秦之銳士，秦之銳士不可以當桓、文之節制，桓、文之節制不可以敵湯、武之仁義；有遇之者，若以焦熬投石焉。兼是數國者，皆幹賞蹈利之兵也，傭徒鬻賣之道也，未有貴上安制綦節之理也。諸侯有能微妙之以節，則作而兼殆之耳。故招延募選（“延”原作“近”，從楊倞改），隆勢詐，尚功利，是漸之也；禮義教化，是齊之也。故以詐遇詐，猶有巧拙焉；以詐遇齊，辟之猶以錐刀墮太山也（“辟”讀作“譬”，“太”讀作“泰”），非天下之愚人莫敢試，故王者之兵不試。湯、武之誅桀、紂也，拱挹指麾（“挹”通“揖”），而強暴之國莫不趨使，誅桀、紂若誅獨夫。故《泰誓》曰：“獨夫紂”，此之謂也。故兵大齊則制天下，小齊則治鄰敵（王念孫曰：“治讀為殆，殆，危也，謂危鄰敵也”）。若夫招延募選，隆勢詐，尚功利之兵，則勝不勝無常，代翕代張，代存代亡，相為雌雄耳矣。夫是之謂盜兵，君子不由也。故齊之田單、楚之莊蹻、秦之衛鞅、燕之繆蟣（“繆蟣”即“樂毅”，音轉通用），是皆世俗之所謂善用兵者也，是其巧拙強弱則未有以相君也，若其道一也，未及和齊也，掎契司詐（楊倞注：“契讀為挈，挈持也。掎挈猶言掎摭也。司讀為伺，詐，欺誑也”），權謀傾覆，未免盜兵也。齊桓、晉文、楚莊、吳闔閭、越句踐，是皆和齊之兵也，可謂入其域矣，然而未有本統也；故可以霸而不可以王，是強弱之效也。”孝成王、臨武君曰：“善，請問為將。”孫卿子曰：“知莫大乎棄疑，行莫大乎無過，事莫大乎無悔，事至無悔而止矣，成不可必也。故制號政令欲嚴以威；慶賞刑罰欲必以信；處舍收藏欲周以固；徙舉進退，欲安以重，欲疾以速；窺敵觀變，欲潛以深，欲伍以參；遇敵決戰，必道吾所明，無道吾所疑；夫是之謂六術。無欲將而惡廢，無急勝而忘敗，無威內而輕外，無見其利而不顧其害，凡慮事欲孰而用財欲泰（“孰”讀作“熟”），夫是之謂五權。所以不受命於主有三：可殺而不可使處不完，可殺而不可使擊不勝，可殺而不可使欺百姓，夫是之謂三至。凡受命於主而行三軍，三軍既定，百官得序，群物皆正，則主不能喜，敵不能怒，夫是之謂至臣。慮必先事而申之以敬，慎終如始，終始如一，夫是之謂大吉。凡百事之成也必在敬之，其敗也必在慢之，故敬勝怠則吉，怠勝敬則滅；計勝欲則從，欲勝計則凶。戰如守，行如戰，有功如幸。敬謀無壙（“壙”通“曠”），敬事無壙，敬吏無壙，敬眾無壙，敬敵無壙，夫是之謂五無壙。慎行此六術、五權、三至，而處之以恭敬無壙，夫是之謂天下之將，則通於神明矣。”臨武君曰：“善。請問王者之軍制。”孫卿子曰：“將死鼓，禦死轡，百吏死職，士大夫死行列。聞鼓聲而進，聞金聲而退，順命為上，有功次之；令不進而進，猶令不退而退也，其罪惟均。不殺老弱，不獵禾稼，服者不禽（“禽”讀作“擒”），格者不舍（《資治通鑒》“舍”作“赧”），奔命者不獲。凡誅，非誅其百姓也，誅其亂百姓者也；百姓有扞其賊，則是亦賊也。以故順刃者生，蘇刃者死（楊倞《注》：“蘇讀為僚，傣，向也，謂相向格鬥者”），奔命者貢（劉師培雲：“貢系置字之訛，《說文》：赦，置也。奔命者置，猶言奔命者舍之勿獲也”）。微子開封于宋(“開”當作“啟”，蓋避漢景帝諱而改)，曹觸龍斷於軍；殷之服民所以養生之者也無異周人；故近者歌謳而樂之，遠者竭蹶而趨之，無幽閒辟陋之國，莫不趨使而安樂之，四海之內若一家，通達之屬莫不從服，夫是之謂人師。《詩》曰：‘自西自東，自南自北，無思不服。’此之謂也。王者有誅而無戰，城守不攻，兵格不擊。上下相喜則慶之。不屠城，不潛軍，不留眾（高亨曰：“留假為鎦，《說文》：“鎦，殺也”），師不越時。故亂者樂其政，不安其上，欲其至也。”臨武君曰：“善。”(《荀子·議兵》)
前259,259,周赧王五十六年（西元前二五九年）,74,考案,秦、楚、趙、魏、吳、鄭,秦昭王,攻、圍、救、合縱、滅,案：劉向《荀子敘》謂荀子見秦昭王及秦相應侯皆不能用，“至趙與孫臏議兵趙孝成王前”。所謂孫臏，即深通孫、吳兵法之臨武君之誤。此深通孫、吳兵法之臨武君，據當時形勢而論，當即景陽。景陽以楚之主將與魏信陵君合縱救趙攻秦，不僅解邯鄲之圍，並大破秦軍，迫使秦將鄭安平以二萬人降趙，並追擊至河東，大破秦軍於汾城，因而威震諸侯，為趙孝成王所推崇，得以與荀子議兵于王前。《淮南子·氾論訓》稱景陽“威服諸侯”，其所以“功名不滅者，其略得也”。蓋景陽在合縱破秦之戰役中，頗以謀略得勝。即臨武君所謂“孫、吳用之無敵於天下”者。《荀子》於此所述，僅為荀子之儒家理論。臨武君所述“用兵之要術”，為荀子所略。
前259,259,周赧王五十六年（西元前二五九年）,75,史料,趙、魏,,伐,有能比知同力，率群臣百吏而相與強君矯君，君雖不安，不能不聽，遂以解國之大患，除國之大害，成于尊君安國，謂之輔。有能抗君之命，竊君之重，反君之事，以安國之危，除君之辱，功伐足以成國之大利，謂之拂。……平原君之于趙可謂輔矣，信陵君之于魏可謂拂矣。傳曰從道不從君，此之謂也。（《荀子·臣道》）
前259,259,周赧王五十六年（西元前二五九年）,76,史料,,,,爭然後善，戾然後功，出死無私，致忠而公，夫是之謂通忠之順，信陵君似之矣。（《荀子·臣道》）
前259,259,周赧王五十六年（西元前二五九年）,77,考案,秦、楚、趙、魏、晉,白起、句踐,圍、救、卒、會、殺,案：平原君率食客出圍城邯鄲，往楚求救成功，又數遺魏王及魏公子無忌書請救于魏，更從李談之建議，令夫人以下編于士卒之間，分工而作，家之所有盡散以饗士。又得敢死之士三千人與秦作戰。白起稱是時趙國“主折節以下其臣，臣推體以下死士，至於平原君之屬皆令妻妾補縫于行伍之間，臣人一心，上下同力，猶句踐困於會稽之時也”。荀子蓋目睹平原君于趙之行事，因而稱之“可謂輔矣”。至於信陵君循便計，竊虎符，殺晉鄙，奪兵權，以救解邯鄲之圍，因而大破秦軍，使當時形勢轉危為安，尤為荀子所稱道。荀子贊許平原君與信陵君之評價，高出太史公甚多。太史公贊許信陵君者，不過“接岩穴隱者，不恥下交”而已，太史公評平原君則曰：“平原君翩翩濁世之佳公子也，然未睹大體。”蓋荀子于時嘗親至趙訪問，身歷其事，因而極稱平原、信陵之功績。
前259,259,周赧王五十六年（西元前二五九年）,78,史料,秦、楚、趙,秦昭王,圍、殺,秦昭王五十年使王齮圍邯鄲(“齮”與“齕”通)，急，趙欲殺子楚。子楚與呂不韋謀，行金六百斤予守者吏，得脫，亡赴秦軍，遂以得歸。趙欲殺子楚妻子，子楚夫人趙豪家女也，得匿，以故母子竟得活。(《呂不韋列傳》)
前259,259,周赧王五十六年（西元前二五九年）,79,史料,秦、趙、魏、周、衛,,立,秦王立帝宜陽，令許綰誕魏王，魏王將入秦，魏敬謂王曰：……乃輟行。秦雖大勝於長平，三年然後決，士民倦，糧食□（“食”下原缺一字）。當此時也，兩周全，其北存趙（“趙”原誤作“魏”，今改正），舉陶削衛地方六百（“百”下疑脫“裡”字），有之勢是（陶鴻慶曰：“勢是當作是勢，高注釋之雲有是之勢，是其所見本不誤”），而入大蚤，奚待于魏敬之說也？（《呂氏春秋·應言》）
前259,259,周赧王五十六年（西元前二五九年）,80,考案,秦、齊、燕、趙、魏、晉、魯、衛、宋,秦昭王,攻、圍、救、立、稱帝、滅、取、殺,案：孫鏘鳴曰：“其北存三字未詳，疑有衍文。”陶鴻慶曰：“存字衍文。”譚戒甫曰：“其北下疑脫一宅字，讀作其北宅存為句。”許維適曰：“其北存猶雲梁北尚存。”陳奇猷曰：“北當為比，形近之訛也。比，並也。”以上諸家校勘，皆無確證。“其北存”三字不誤，“存”下“魏”當為“趙”字之誤。所謂“北存趙”，指魏信陵君救邯鄲之圍，破秦兵，存趙國。《魏策四》第二十三章，稱“信陵君殺晉鄙，救邯鄲，破秦人，存趙國”。唐雎謂信陵君曰：“今君殺晉鄙，救邯鄲，破秦人，存趙國，此大德也。”《平原君列傳》又謂“虞卿欲以信陵君之存邯鄲為平原君請封”。“存趙”與“存邯鄲”為當時成語。“其北存趙”，蓋趙在魏之北，謂魏乘秦經三年長平戰後“士民倦，糧食□”之時機，救邯鄲之圍，得以破秦兵而存趙。所謂“舉陶削衛地方六百”，蓋魏北向破秦存趙之後，乘勝利之時機，又東向攻取秦在破齊時取故宋地而建立之陶郡。陶即定陶，乃當時中原最富庶之地區，向為秦、齊、魏等國所欲奪取者。同時衛都濮陽一帶亦為繁華富庶之區，時人常以陶、衛並稱。如魯仲連與燕將書，嘗雲：“請裂地定封，富比陶、衛。”故衛亦成為魏欲奪取之目標。此篇謂秦昭王十九年王于宜陽稱帝，魏昭王將入秦朝見，魏敬勸阻，乃輟行。“秦雖大勝於長平”以下，乃此篇作者評論之辭，謂魏昭王之入秦為時太早，其後當魏安釐王時，秦雖大勝於長平，進而圍邯鄲，欲滅趙，但魏猶能利用時勢，取得“北存趙”及“舉陶削衛地方六百”之盛勢。足見魏之國力尚強，本可不入秦朝見，何待于魏敬之勸說而輟行耶？
前259,259,周赧王五十六年（西元前二五九年）,81,史料,韓、魏、衛,,攻,初時者，魏數年東鄉(“鄉”與“向”通)，攻盡陶、衛。(《韓非子·飾邪》)
前259,259,周赧王五十六年（西元前二五九年）,82,史料,齊、燕、韓、趙、魏、衛、蔡,,攻、救、取、拔,魏安釐王攻燕救趙（乾道本作“攻趙救燕”，從顧廣圻改正），取地河東，攻盡陶、衛之地（“衛”原誤作“魏”，據《飾邪》篇改正），加兵于齊，私平陸之都；攻韓拔管，勝於淇下；睢陽之事（“睢”，乾道本誤作“睢”，今改正），荊軍老而走，蔡、召陵之事，荊軍破。兵四布於天下，威行於冠帶之國。（《韓非子·有度》）
前259,259,周赧王五十六年（西元前二五九年）,83,考案,秦、楚、魏、衛,,攻、立、取,案：所謂“取地河東”，即指信陵君率魏師破秦兵於邯鄲後，乘勝追擊潰退之秦兵至河東，攻汾城，奪回若干河東郡之城邑。所謂“攻盡陶、衛之地”，即《呂氏春秋·應言》篇所稱“舉陶削衛地方六百”，亦當開始於此時，經“數年東向”進攻而取得。蓋秦既為魏、楚聯軍大破於邯鄲，再大敗於河東，於是地處魏東之秦陶郡，陷於孤立無援之境地，成為便於魏攻取之目標。地處陶郡西北之衛國，亦同時成為魏兼併之目標。
前256,256,周赧王五十九年（西元前二五六年）,1,史料,秦、齊、楚、燕、韓、趙、魏,秦昭王,,秦昭王五十一年，魏安釐王二十一年，韓桓惠王十七年，趙孝成王十年，齊王建九年，楚考烈王七年，燕孝王二年。
前256,256,周赧王五十九年（西元前二五六年）,2,史料,秦、楚、韓、趙、魏,,救,魏安釐王二十一年韓、魏、楚救趙新中，秦兵罷。（《六國表》）
前256,256,周赧王五十九年（西元前二五六年）,3,史料,秦、韓、趙,,救,韓桓惠王十七年秦擊我陽城。救趙新中。（《六國表》）
前256,256,周赧王五十九年（西元前二五六年）,4,史料,秦、韓,,拔,[韓桓惠王]十七年秦拔我陽城、負黍。（《韓世家》）
前256,256,周赧王五十九年（西元前二五六年）,5,史料,秦、楚、趙,,救,[楚考烈王]七年至新中，秦兵去。（《楚世家》楚考烈王六年“楚遣將軍景陽救趙”之後。《六國表》作“救趙新中”）
前256,256,周赧王五十九年（西元前二五六年）,6,考案,秦、楚、韓、趙、魏,,攻、救、合縱、取、會,案：《史記會注考證》以為《六國表·魏表》有誤，雲：“韓未嘗救，魏不應挨入。當書曰：趙、楚救我寧新中軍，秦兵去。”不確。是時秦大軍潰退，但秦一路南下攻取魏新中，因而韓、魏、楚合兵反攻新中，秦兵罷去。是年韓亦參與合縱救趙。
前256,256,周赧王五十九年（西元前二五六年）,7,史料,秦、韓、趙、周,,攻、取,[秦昭襄王]五十一年將軍摎攻韓，取陽城、負黍，斬首四萬。攻趙取二十餘縣，首虜九萬。西周君背秦，與諸侯約從，將天下銳兵出伊闕攻秦，令秦毋得通陽城，於是秦使將軍摎攻西周。西周君走來自歸，頓首受罪，盡獻其邑三十六城，口三萬。秦王受獻，歸其君于周。（《秦本紀》）
前256,256,周赧王五十九年（西元前二五六年）,8,史料,秦、韓、周,秦昭王,攻、卒、取、遷、奔,[周赧王]五十九年秦取韓陽城、負黍，西周恐，倍秦，與諸侯約從，將天下銳師出伊闕攻秦，令秦無得通陽城。秦昭王怒，使將軍摎攻西周。西周君奔秦，頓首受罪，盡獻其邑三十六，口三萬。秦受其獻，歸其君于周。周君、王赧卒，周民遂東亡。秦取九鼎寶器，而遷西周公于黑狐。（《周本紀》）
前256,256,周赧王五十九年（西元前二五六年）,9,考案,秦、韓、趙、魏、周,,攻,案：《太平御覽》八十五引《帝王世紀》雲：“赧王五十九年秦攻韓、趙、魏，大破之，王懼，乃背秦，與諸侯合從，將天下銳師出伊闕攻秦，秦昭襄王大怒，使將軍摎攻周王，王恐乃秦頓首受罪，盡獻其邑。秦盡納其獻，使赧王歸於周，降為庶人，以壽終。”此以西周君之事改為周赧王所為，大誤。《資治通鑒》沿用《帝王世紀》之誤謬，而不采《史記》所載，殊非。
前256,256,周赧王五十九年（西元前二五六年）,10,史料,秦、周,,滅,〔西周惠公]其子武公為秦所滅。（《太平寰宇記》卷五引皇甫謐雲）
前256,256,周赧王五十九年（西元前二五六年）,11,考案,秦、韓、周,,卒、立、滅、取,案：《周本紀·正義》引郭緣生《述征記》亦謂西周惠公“子武公為秦所滅”。《索隱》亦雲：“徐以西周武公是惠公之長子，此周君即西周武公。蓋此時武公與王赧皆卒，故連言也。”《太平御覽》八十五引《帝王世紀》雲：“秦盡納其獻，使赧王歸於周，降為庶人，以壽終”，蓋隱諱之辭。《太平寰宇記》卷三引《帝王世紀》雲：“赧王盡獻其邑三十六于秦，秦昭襄王納其獻，立為三川郡，初理洛陽。”此說不確。《秦本紀》謂莊襄王元年滅東周及取得韓之成皋、鞏，秦界至大樑，“初置三川郡”。
前256,256,周赧王五十九年（西元前二五六年）,12,考案,秦、周、宋,秦昭王,卒、滅,又案：《秦本紀》又謂周亡後“其九鼎入秦”。《封禪書》雲：“秦滅周，周之九鼎入于秦。或曰：“宋太丘社亡而鼎沒于泗水彭城下。”所謂“宋太丘社亡”，事在周顯王三十三年，早于赧王卒八十年。《秦始皇本紀》謂二十八年自琅邪還，“過彭城，齋戒禱祀，欲出周鼎泗水，使千人沒水求之，弗得。”可知秦昭王滅周後，九鼎實未嘗入秦。所謂“九鼎入秦”，乃誇飾之辭。
前256,256,周赧王五十九年（西元前二五六年）,13,史料,秦、燕、趙、周,,攻、拔,[趙孝成王]十年燕攻昌壯（《集解》引徐廣曰：“一作社。”《正義》曰：“壯字誤，當作城。《括地志》雲：“昌城故城在冀州信都縣西北五裡。此時屬趙，故攻之也。”)，五月拔之。趙將樂乘、慶舍攻秦信梁軍，破之。太子死。而秦攻西周，拔之。徒父祺出。（《趙世家》）
前256,256,周赧王五十九年（西元前二五六年）,14,考案,秦、楚、韓、趙、魏,秦昭王,攻、救、取、拔,案：“趙將樂乘、慶舍攻秦信梁軍”，《集解》引徐廣曰：“《年表》雲新中軍也。”《索隱》雲：“信梁秦將也。”《正義》曰：“信梁蓋王齕號也。《秦本紀》雲昭襄王五十年王齕從唐拔寧新中，寧新中更名安陽，今相州理縣也。《年表》雲韓、魏、楚救趙新中軍，秦兵罷是也。”梁玉繩評之曰：“《集解》、《正義》皆謂此即前年秦拔寧新中事，非也。是歲為趙孝成王十年，秦昭王五十一年，《秦記》言將軍摎攻趙取二十餘縣，首虜九萬，疑即此事。信梁即摎號也，此言破秦，《記》言取縣、首虜者，秦諱言敗，虛功非實。史公於《本紀》依秦史書之而未改耳。”梁說是也。秦簡《編年記》載秦昭王五十一年攻陽城，蓋是年秦攻韓陽城得勝，若如《秦本紀》，是年秦攻拔韓陽城後，繼而攻趙，取得二十餘縣，首虜九萬，所得遠較攻韓為大，《編年記》不應但書攻陽城也。
前256,256,周赧王五十九年（西元前二五六年）,15,考案,秦、趙、周,,救、卒、滅、拔,又案：“太子死”，《集解》引徐廣曰：“是年周赧王卒，或者太子雲天子乎？”《索隱》雲：“趙之太子也，史失名。”當以徐廣之說為是。“太子”當為“天子”之誤。“徒父祺出”，《正義》雲：“趙見秦拔西周，故令徒父祺將兵出境也。”是年周赧王死，秦拔西周，使天子絕滅，故趙使徒父祺出訪鄰國，圖謀聯合挽救。
前256,256,周赧王五十九年（西元前二五六年）,16,史料,秦、韓、吳,秦昭王,圍,應侯失韓之汝南。秦昭王謂應侯曰：“君亡國(姚注：“一本亡下有汝南二字”)，其憂乎？”應侯曰：“臣不憂。”王曰：“何也？”曰：“梁人有東門吳者，其子死而不憂，其相室曰：公之愛子也，天下無有，今子死而不憂何也？(“而”字原缺，從鮑本補)東門吳曰：吾嘗無子，無子之時不憂，今子死，乃即與無子時同也，吾無憂焉。”(“吾”原作“臣”，依《文選·西征賦》李注引《列子》改正)臣亦嘗為餘子，為余子時不憂(上二句“子”上原脫“餘”字，今補)，今亡汝南，乃與即為梁餘子同也(姚注：“一無即為二字。”鮑本改“與即”為“即與”)，臣何為憂。”秦王以為不然，告蒙傲曰(黃丕烈曰：“李善注《求自試表》作驁，傲、驁同字”)：“今也，寡人一城圍，食不甘味，臥不便席，今應侯亡地而言不憂，此其情也？”(姚注：“一本情下有何字？”)蒙傲曰：“臣請得其情。”蒙傲乃往見應侯，曰：“傲欲死。”應侯曰：“何謂也？”曰：“秦王師君，天下莫不聞，而況于秦國乎！今傲勢得秦為王將(姚注：“一本無為字”，鮑本改“為王”作“王為”，金正煒曰：“疑本作今傲勢得為秦王將。”)，將兵，臣以韓之細也，顯逆誅(吳師道曰：“顯逆亂之誅，又作顯違誅戮，義亦通。”金正煒曰：“顯逆二字誤倒”)，奪君地，傲尚奚生，不若死。”應侯拜蒙傲曰：“願委之卿。”蒙傲以報于昭王。自是之後，應侯每言韓事者，秦王弗聽也，以其為汝南慮也。(《秦策三》第十六章，“慮”原誤作“虜”，從金正煒改正)
前256,256,周赧王五十九年（西元前二五六年）,17,考案,秦、楚、韓、趙、魏、周,,攻、救、合縱、取,案：鮑注：“汝南，豫州郡，近應國，應侯嘗取得之。”鮑說非是。漢汝南郡分秦潁川郡設置，離應三百余裡，應侯無由得之。張琦、顧觀光以為汝南即指應，應在今河南寶豐縣南，當汝水之南。因而亦稱汝南。《韓非子·定法》篇雲：“應侯攻韓八年，成其汝南之封”，可證。此言應侯失韓之汝南，又言“應侯亡地”，即指其封邑無疑。蒙驁謂“以韓之細也，顯逆誅，奪君地”，可知是時應侯封邑為韓所奪。蓋魏、楚合縱救趙攻秦得勝，韓亦參與合縱攻秦，奪回應邑，當即在此年。《周季編略》系之于上年，非是。上年韓尚未參與合縱攻秦也。##### 卷二十
前255,255,秦昭王五十二年（西元前二五五年）,1,史料,齊、楚、燕、韓、趙、魏,,,魏安釐王二十二年，韓桓惠王十八年，趙孝成王十一年，齊王建十年，楚考烈王八年，燕孝王三年。
前255,255,秦昭王五十二年（西元前二五五年）,2,史料,秦、周,秦昭王,取,[秦昭王]五十二年取西周。（《六國表》，“西周”下原衍“王”字，今刪）
前255,255,秦昭王五十二年（西元前二五五年）,3,史料,秦、周,,,[秦昭襄王]五十二年周民東亡，其器九鼎入秦。周初亡。（《秦本紀》）
前255,255,秦昭王五十二年（西元前二五五年）,4,考案,秦、楚、韓、周、魯,,伐、攻、卒、合縱、取、遷,案：《周本紀》記秦使將軍摎攻取西周，西周君入秦獻其邑，秦歸其君于周，與周君、周王赧卒及民東亡在上年。《秦本紀》記周民東亡在是年。而《六國表》記取西周在是年。《韓非子·五蠹》篇雲：“周去秦為從（縱），期年而舉。”可知秦取西周，當在秦“為從”之後一年。秦因西周參與合縱攻秦而伐之。西周武公入秦獻其邑，秦歸其君於西周，當在上年。周君與周王赧卒而西周為秦所取，遷西周武公之後裔于黑狐聚，當在是年。惡狐聚在今河南伊川縣與臨汝縣之間。楚考烈王八年取魯，魯君封於莒。（《六國表》）
前255,255,秦昭王五十二年（西元前二五五年）,5,史料,楚、魯,,伐、滅,春申君相楚八年為楚北伐滅魯。以荀卿為蘭陵令。當是時，楚複強。（《春申君列傳》）
前255,255,秦昭王五十二年（西元前二五五年）,6,考案,齊、楚、魯,,伐、卒、滅、取、遷,案：《六國表》記“楚考烈王八年取魯，魯君封於莒”，又記“十四年滅魯，頃公遷卞為家人，絕祀”。《魯世家》又載頃公二十四年“楚考烈王伐滅魯。頃公亡，遷於下邑，為家人，魯絕祀，頃公卒于柯”。據《春申君列傳》楚於是年滅魯，《六國表》所謂“取魯”，亦即滅魯。《六國表》謂魯君“封於莒”，而《魯世家》又言“頃公卒于柯”，疑莒即為柯之小邑。柯即東阿，亦即阿，在今山東東平縣西北，《六國表》載“齊宣公四十四年伐魯莒及安陽”。疑安陽即阿，“安”“阿”聲近通用，莒即在安陽附近。齊之莒，為五都之一，不可能為楚所得而用以封莒。據此可知，此時楚不僅滅魯，且佔有齊西邊之城邑。故《春申君列傳》雲：“當是時，楚複強。”
前255,255,秦昭王五十二年（西元前二五五年）,7,史料,秦,秦昭王,,[秦昭王]五十二年王稽棄市。（《六國表》）
前255,255,秦昭王五十二年（西元前二五五年）,8,史料,秦、楚、鄭、蔡,秦昭王,卒,[秦昭王五十年]後二歲，王稽為河東守，與諸侯通，坐法誅。而應侯日益以不懌。昭王臨朝歎息，應侯進曰：“臣聞主憂臣辱，主辱臣死。今大王中朝而憂，臣敢請其罪。”昭王曰：“吾聞楚之鐵劍利而倡優拙。夫鐵劍利則士勇，倡優拙則思慮遠。夫以遠思慮而禦勇士，吾恐楚之圖秦也。夫物不素具，不可以應卒（“卒”與“猝”通）。今武安君死，而鄭安平等畔，內無良將而外多敵國，吾是以憂。”欲以激勵應侯。應侯懼，不知所出。蔡澤聞之，往入秦也。（《範雎列傳》）
前255,255,秦昭王五十二年（西元前二五五年）,9,史料,燕、韓、趙、魏、蔡,,,蔡澤者，燕人也。遊學于諸侯小大甚眾，不遇。而從唐舉相（《集解》引荀卿曰：“梁有唐舉。”《索隱》雲：“《荀卿書》作唐莒。”《荀子·非相》篇雲：“今之世梁有唐舉。”“舉”“莒”音近通用），曰：“吾聞先生相李兌，曰百日之內持國秉，有之乎？”曰：“有之。”曰：“若臣者何如？”唐舉孰視而笑曰：“先生曷鼻、巨肩、魋顏，蹙齃、膝攣（《集解》引徐廣曰：“曷一作偈，偈一作仰，巨一作渠”，攣，兩膝曲也，徐廣曰：“一作率。”王念孫曰：“曷讀為遏，遏鼻者偃鼻也，偃鼻者仰鼻也。”《正義》本“巨肩”作“巨唇”）。吾聞聖人不相，殆先生乎？”蔡澤知唐舉戲之，乃曰：“富貴吾所自有，吾所不知者壽也，願聞之。”唐舉曰：“先生之壽，從今以往者四十三歲。”蔡澤笑謝而去，謂其禦者曰：“吾持粱刺齒肥（《集解》雲：“刺齒二字當作齧，又作齕也。”《索隱》雲：“刺齒二字字誤，當為齧字也。齧肥謂食肥肉也”），躍馬疾驅，懷黃金之印，結紫綬於要，揖讓人主之前，食肉富貴四十三年足矣。”去之趙，見逐。之韓、魏（《集解》雲：“之一作入”），遇奪釜鬲于塗。（《蔡澤列傳》）
前255,255,秦昭王五十二年（西元前二五五年）,10,史料,秦、齊、楚、燕、韓、趙、魏、晉、周、越、吳、鄭、蔡、代,蘇秦、白起、孔子、句踐、智伯、秦孝公、秦昭王,攻、圍、卒、立、滅、取、會、殺,蔡澤見逐于趙，而入韓、魏，遇奪釜鬲于塗。聞應侯任鄭安平、王稽，皆負重罪，應侯內慚。乃西入秦。將見昭王，使人宣言以感怒應侯，曰：“燕客蔡澤，天下駿雄弘辯之士也，彼一見秦王，秦王必相之而奪君位。”(《史記·蔡澤列傳》“相之”作“困君”)應侯聞之(《史記》下有“曰：五帝三代之事，百家之說，吾既知之，眾口之辯，吾皆摧之，是惡能困我而奪我位乎”)，使人召蔡澤。蔡澤入，則揖應侯，應侯固不快，及見之，又倨。應侯因讓之曰：“子嘗宣言代我相秦，豈有此乎？”對曰：“然。”應侯曰：“請聞其說。”蔡澤曰：“籲！何君見之晚也。夫四時之序，成功者去。夫人生手足堅強(《史記》作“人生百體堅強，手足便利”)，耳目聰明聖知(《史記》“聖知”上有“而心”二字)，豈非士之所願與？”應侯曰：“然。”蔡澤曰：“質仁秉義，行道施德於天下(《史記》“於”上有“得志”二字)，天下懷樂敬愛(《史記》此下有“而尊慕之”四字)，願以為君王，豈不辯智之期與？”應侯曰：“然。”蔡澤曰：“富貴顯榮，成理萬物，萬物各得其所(《史記》“萬物”作“使”)。生命壽長(《史記》“生”作“性”)，終其年而不夭傷(《史記》“年”上有“天”字)，天下繼其統，守其業，傳之無窮，名實純粹，澤流千世(《史記》“世”作“裡”)，稱之而毋絕(《史記》“稱”上有“世世”二字)，與天下終(《史記》“終”下有“始”字)，豈非道之符(《史記》“道”作“道德”)，而聖人所謂吉祥善事者與。”應侯曰：“然。”澤曰：“若秦之商君，楚之吳起，越之大夫種，其卒亦可願矣。”應侯知蔡澤之欲困己以說，複曰(《史記》“曰”上有“謬”字)：“何為不可？夫公孫鞅事孝公，極身毋二慮(“慮”字原缺，從《史記》補)，盡公不還私(《史記》“還”作“顧”，王念孫曰：“還讀為營，還顧義同。”此下《史記》有“設刀鋸以禁奸邪”一句)，信賞罰以致治，竭智能(《史記》作“披腹心”)，示情素，蒙怨咎，欺舊交(《史記》“交”作“友”)，虜魏公子卬(《史記》“虜”作“奪”，此下《史記》有“安秦社稷，利百姓”二句)，卒為秦禽將破敵(“敵”下原衍“軍”字，從《史記》刪)，攘地千里。吳起事悼王，使私不害公，讒不蔽忠，言不取苟合，行不取苟容(《史記》此下有“不為危易行”)，行義不固毀譽(《史記》作“行義不辟難”)，必有伯主強國，不辭禍凶。大夫種事越王，主離困辱(“離”讀如“罹”，《史記》“離”作“雖”)，悉忠而不解，主雖亡絕，盡能而不離，多功而不矜(《史記》“多”作“成”)，貴富不驕怠。若此三子者，義之至，忠之節也。故君子殺身以成名(《史記》作“是故君子以義死難，視死如歸，生而辱不如死而榮，士固有殺身以成名”)，義之所在，身雖死無憾悔(《史記》作“雖死無所恨”)，何為不可哉？”蔡澤曰：“主聖臣賢，天下之福也(《史記》“福”上有“盛”字)；君明臣忠，國之福也；父慈子孝，夫信婦貞，家之福也。故比干忠，不能存殷；子胥知，不能存吳(《史記》“存”作“完”)；申生孝而晉惑亂(姚注：“惑一作國”，《史記》作“國”，作“國”為是)，是有忠臣孝子，國家滅亂，何也？無明君賢父以聽之，故天下以其君父為戮辱，憐其臣子(《史記》此下有“今商君、吳起、大夫種之為人臣，是也；其君，非也。故世稱三子致功而不見德，豈慕不遇世死乎”)。夫待死而後可以立忠成名，是微子不足仁，孔子不足聖，管仲不足大也。”(《史記》此下有“夫人之立功，豈不期於成全邪？身與名俱全者，上也。名可法而身死者，其次也。名在僇辱而身全者下也”)於是應侯稱善。蔡澤得少間，因曰：“商君、吳起、大夫種，其為人臣，盡忠致功，則可願矣。閔夭事文王，周公輔成王也，豈不亦忠乎？(姚注：“一本‘忠’下有聖字”，《史記》有“聖”字)以君臣論之，商君、吳起、大夫種，其可願孰與閔夭、周公哉？”應侯曰：“商君、吳起、大夫種不若也。”蔡澤曰：“然則君之主，慈仁任忠，不欺舊故（《史記》“不欺”作“惇厚”，此下有“其賢智與有道之士為膠漆，義不倍功”），孰與秦孝公、楚悼王、越王乎？”應侯曰：“未知何如也。”蔡澤曰：“主固親忠臣，不過秦孝、越王、楚悼。君之為主，正亂、批患、折難，廣地殖谷，富國、足家、強主，威蓋海內，功章萬里之外，不過商君、吳起、大夫種。而君之祿位貴盛，私家之富過於三子，而身不退，竊為君危之（以上蔡澤所言一節，《史記》作“今主親忠臣，不過秦孝公、楚悼王、越王，君之設智，能為主安危修政，治亂強兵，批患折難，廣地殖谷，富國足家，強主，尊社稷，顯宗廟，天下莫敢欺犯其主，主之威蓋震海內，功彰萬里之外，聲名光輝傳於千世，君孰與商君、吳起、大夫種？”應侯曰：“不若。”蔡澤曰：“今主之親忠臣、不忘舊故不若孝公、悼王、句踐，而君之功績愛信親孝又不若商君、吳起、大夫種，然而君之祿位貴盛，私家之富過於三子，而身不退者，恐患之甚於三子，竊為君危之”。語曰：“日中則移，月滿則虧。”物盛則衰，天之常數也（《史記》“天”下有“地”字），進退盈縮變化（《史記》“變化”上有“與時”二字），聖人之常道也（《史記》此下有一段：“故國有道則仕，國無道則隱。聖人曰：飛龍在天，利見大人。不義而富且貴，於我如浮雲。今君之怨已讎而德已報，意欲至矣，而無變計，竊為君不取也。且夫翠、鵠、犀、象，其處勢非不遠死也，而所以死者，惑于餌也。蘇秦、智伯之智，非不足以辟辱遠死也，而所以死者，惑于貪利不止也。是以聖人制禮節欲，取於民有度，使之以時，用之有止，故志不溢，行不驕，常與道具而不失，故天下承而不絕。”）。昔者齊桓公九合諸侯，一匡天下，至葵丘之會，有驕矜之色（《史記》“色”作“志”），畔者九國。吳王夫差無敵於天下（《史記》“無”上有“兵”字），輕諸侯（《史記》“輕”上有“勇強以”三字），陵齊、晉，遂以殺身亡國。夏育、太史啟叱呼駭三軍（姚注“啟，曾作噭”，《史記》作“噭”），然而身死於庸夫，此皆乘至盛不及道理也(“及”，鮑本作“近”，《史記》作“返”。金正煒雲：“及當為服。”此下《史記》有“不居卑退處儉約之患也”句）。夫商君為孝公，平權衡，正度量，調輕重，決裂阡陌，教民耕戰（以上五句，《史記》作“明法令，禁奸本，尊爵必賞，有罪必罰，平權衡，正度量，調輕重，決裂阡陌，以靜生民之業而一其俗，勸民耕農利土，一室無二事，力田蓄積，習戰陣之事”），是以兵動而地廣，兵休而國富，故秦無敵於天下，立威諸侯（《史記》下有“成秦國之業”一句）。功已成矣，遂以車裂。楚地方數千里(“方數千里”四字原脫，從《史記》補），持戟百萬，白起率數萬之師，以與楚戰，一戰舉鄢、郢，再戰燒夷陵（《史記》“再戰”作“以”），南並蜀、漢（《史記》“南”上有“再戰”二字），又越韓、魏攻強趙，北坑馬服，誅屠四十余萬之眾（《史記》此下有“盡之于長平之下”句），流血成川，沸聲若雷（《史記》此下有“遂入圍邯鄲”句），使秦業帝（《史記》作“使秦有帝業”，下有“楚、趙天下之強國而秦之仇敵也”句）。自是之後，趙、楚懾服不敢攻秦者，白起之勢也，身所服者七十餘城，功已成矣，賜死于杜郵（《史記》“賜死”作“遂賜劍死”）。吳起為楚悼罷無能（《史記》“罷無能”上有“立法卑減大臣之威重”），廢無用，損不急之官，塞私門之請，壹楚國之俗（《史記》下有“禁遊客之民，精耕戰之士”句，《史記會注考證》雲：“客，楓、三本作宕。”“客”疑“宦”字之誤，“精”疑“賞”字之誤），南收楊越，北並陳、蔡，破橫散從，使馳說之士無所開其口（《史記》下有“禁朋黨以勵百姓，定楚國之政，兵震天下，威服諸侯”），功已成矣，卒支解。大夫種為越王（《史記》下有“深謀遠計，免會稽之危，以亡為存，因辱為榮”）墾草創邑（姚注：“創，劉一作仞，曾一作入”，《史記》作“入”），辟地殖谷，率四方之士，專上下之力（《史記》此下有“輔句踐之賢，報夫差之仇”），以禽勁吳（《史記》“以”作“卒”），成霸功（《史記》作“令越成霸”），句踐終倍而殺之（《史記》此上有“功已彰而信矣”一句，“倍”原誤作“棓”，從王念孫改正，“倍”與“背”通。《史記》作“負”）。此四子者，成功而不去，禍至於此，此所謂信而不能詘，往而不能反者也。范蠡知之，超然避世，長為陶朱（《史記》“朱”下有“公”字）。君獨不觀博者乎？或欲大投，或欲分功，此皆君之所明知也。今君相秦，計不下席，謀不出廊廟，坐制諸侯，利施三川，以實宜陽；決羊腸之險，塞太行之口（《史記》“口”作“道”），又斬範、中行之途（《史記》下有“六國不得合從”句）；棧道千里，通於蜀、漢，使天下皆畏秦。秦之欲得矣，君之功極矣，此亦秦之分功之時也。如是不退，則商君、白公、吳起、大夫種是也（此下《史記》有：“吾聞之，鑒於水者見面之容，鑒於人者知吉與凶。《書》曰：‘成功之下，不可久處。’四子之禍，君何居焉？”）。君何不以此時歸相印，讓賢者授之（《史記》此下有“退而岩居川觀”一句），必有伯夷之廉，長為應侯，世世稱孤，而有喬、松之壽（《史記》“有”下有“許由延陵季子之讓”八字），孰與以禍終哉？此則君何居焉。”（《史記》此下有“忍不能自離，疑不能自決，必有四子之禍矣。《易》曰：‘亢龍有悔’，此言上而不能下，信而不能詘，往而不能自返者也，願君孰計之”）應侯曰：“善。”（《史記》此下有“吾聞之，欲而不知止，失其所以欲；有而不知足，失其所以有。先生幸教，雎敬受命”）乃延入坐為上客。後數日，入朝，言于秦昭王曰：“客新有從山東來者蔡澤，其人辯士（《史記》此下有“明于三王之事，五伯之業，世俗之變，足以寄秦國之政”），臣之見人甚眾，莫有及者，臣不如也。”（《史記》下有“臣敢以聞”一句）秦昭王召見，與語，大說之，拜為客卿。應侯因謝病請歸相印。昭王強起應侯，應侯遂稱篤（《史記》“篤”上有“病”字），因免相。昭王新說蔡澤計畫，遂拜為秦相，東收周室。蔡澤相秦王數月，人或惡之，懼誅，乃謝病歸相印。號為剛成君。（《秦策三》第十八章，《蔡澤列傳》大體相同，而增加不少字句，今並詳記之。“剛”，《史記》作“綱”）
前255,255,秦昭王五十二年（西元前二五五年）,11,史料,秦,秦昭王,,[秦昭王]五十二年王稽、張祿死。（秦簡《編年記》）
前255,255,秦昭王五十二年（西元前二五五年）,12,考案,秦、楚、趙、魏、鄭,,圍、救、合縱、殺,案：張祿即範雎之別名，前二年，魏、楚合縱救邯鄲之圍，大破秦軍，秦將鄭安平以二萬人降趙，趙封為武陽君。魏、楚聯軍乘勝追擊，又在河東郡治汾城一帶大敗秦軍。秦軍吏告發河東郡守王稽通敵謀反，是年王稽以“與諸侯通”之罪，坐法誅。《六國表》載是年王稽棄市。鄭安平、王稽皆為魏冉所任。秦法，“任人而所任不善者，各以其罪罪之”，即有連坐之法。當鄭安平降趙，範雎“罪當收三族”，昭王未執行。及王稽通敵謀反之罪舉發，昭王大怒而欲兼誅範雎。範雎“願請藥賜死，而恩以相葬臣”。昭王又弗殺而善遇之。見於《秦策三》第十七章，是年王稽因定罪而棄市，範雎因而亦死。秦簡《編年記》稱是年“王稽、張祿死”，必然魏冉因王稽之罪連帶而死。是否因藥賜死，則不得而知。
前255,255,秦昭王五十二年（西元前二五五年）,13,考案,秦、楚、趙、越、吳、鄭、蔡、代,商鞅、白起、范雎、秦昭王,伐、變法、稱帝、殺,又案：《秦策三》與《蔡澤列傳》稱蔡澤聞應侯任鄭安平、王稽皆負重罪，西入秦，遊說範雎及早退位讓賢，範雎因而推薦蔡澤以代，自稱病篤歸相印。是時蔡澤謀乘此時機代為秦相，範雎亦欲有人接替其相位而能減免其罪刑。蔡澤以秦之商鞅、楚之吳起與越之大夫種作為先例，勸範雎及時引退。范雎確實亦如同商鞅、吳起等人有變法圖強之功。李斯《諫逐客書》雲：“昭王得範雎，廢穰侯，逐華陽，強公室，杜私門，蠶食諸侯，使秦成帝業。”范雎確曾為秦帝業有所建設，蔡澤稱許範雎曰：“今君相秦……坐制諸侯，利施三川，以實宜陽；決羊腸之險，塞太行之口，又斬範、中行之途；棧道千里，通於蜀、漢，使天下皆畏秦。秦之欲得矣，君之功極矣”。秦昭王嘗于宜陽稱帝，此時又在宜陽有所建設，使成為控制中原之政治中心，又擴展四方交通，使秦便於控制四方諸侯，以便成其帝業。其失敗由於任人偏私，拜王稽為河東守，三年不上計，又任鄭安平為將軍；又與白起爭功而有隙，並言而殺之，任鄭安平伐趙邯鄲。蔡澤稱其“祿位貴盛，私家之富過於三子”（商鞅、吳起、大夫種），因而謂範雎“身不退，竊為君危之”。
前255,255,秦昭王五十二年（西元前二五五年）,14,史料,趙、鄭,,,[趙孝成王]十一年城元氏，縣上原。武陽君鄭安平死，收其地。（《趙世家》）
前255,255,秦昭王五十二年（西元前二五五年）,15,考案,趙、鄭,范雎,,案：鄭安平降趙後，雖封為武陽君而有封地，二年後，即不得意而死，與王稽、范雎死于同年。
前255,255,秦昭王五十二年（西元前二五五年）,16,史料,燕,,卒、立,[燕孝王]三年卒，子今王喜立。（《燕世家》）
前255,255,秦昭王五十二年（西元前二五五年）,17,史料,楚、趙,,,趙平原君使人于春申君，春申君舍之於上舍。趙使欲誇楚，為玳瑁簪，刀劍室以珠玉飾之，請命春申君客。春申君客三千餘人，其上客皆躡珠履以見趙使，趙使大慚。（《春申君列傳》記此于“春申君相楚八年”以後）
前255,255,秦昭王五十二年（西元前二五五年）,18,史料,秦、燕、趙、越、吳,,伐、攻、圍、拔,平原君謂馮忌曰(“謂”原作“請”，姚雲：“劉本作謂。”鮑本亦作“謂”，今改正)：“吾欲北伐上黨，出兵攻燕，何如？”馮忌對曰：“不可。夫以秦將武安君公孫起乘七勝之威，而與馬服子戰于長平之下(“子”上原衍“之”字，從王念孫據《太平御覽·兵部》所引刪)，大敗趙師，因以其餘兵圍邯鄲之城(“鄲”原誤作“戰”，鮑本作“鄲”，今改正)，趙以七敗之餘(“七”原誤作“亡”，“余”下原衍“眾”字，今從王念孫改正)，收破軍之敝(“敝”下原衍“守”字，從王念孫刪)，而秦罷於邯鄲之下，趙守而不可拔者，以攻難而守者易也。今趙非有七克之威也，而燕非有長平之禍也。今七敗之禍未複，而欲以罷趙攻強燕(“罷”讀作“疲”)，是使弱趙為強秦之所以攻，而使強燕為弱趙之所以守。而強秦以休兵承趙之敝，此乃強吳之所以亡，而弱越之所以霸也。故臣未見燕之可攻也。”平原君曰：“善哉。”(《趙策三》第八章)
前255,255,秦昭王五十二年（西元前二五五年）,19,考案,秦、楚、燕、趙、魏、周、衛、宋,秦昭王,伐、攻、救、合縱,案：顧觀光附此于周赧王五十六年，曰：“因言長平事附此。”不當。當在趙孝成王十年(即秦昭王五十一年)“趙將樂乘、慶舍攻秦信梁軍，破之”之後。若趙未擊破秦軍，未擊退秦之進攻，平原君不能“北伐上黨，出兵攻燕”也。此事當系于趙孝成王十一年以後，當魏、楚合縱救趙大敗秦軍之後，魏、楚正乘機向東攻佔衛及舊宋地，趙亦謀乘機攻燕而向東開拓。
前255,255,秦昭王五十二年（西元前二五五年）,20,史料,齊、楚,,,齊人或讒荀卿，荀卿乃適楚，而春申君以為蘭陵令。（《孟子荀卿列傳》）
前255,255,秦昭王五十二年（西元前二五五年）,21,考案,齊、楚、趙,,,案：《孟子荀卿列傳》言：“齊襄王時，而荀卿最為老師。齊尚修列大夫之缺，而荀卿三為祭酒焉。”又謂荀卿由齊適楚，在“三為祭酒”之後，蓋已在齊王建時。春申君以荀卿為蘭陵令已在楚考烈王八年，當齊王建十年。荀卿適楚當在此以前，且未必由齊而適楚；或由趙經齊而入楚。
前255,255,秦昭王五十二年（西元前二五五年）,22,史料,齊、楚、韓、趙、魯、鄭、代,,攻、圍、立、聘、殺,客說春申君曰：“湯以亳，武王以鄗，皆不過百里以有天下（《韓詩外傳》卷四第二十五章作“湯以七十裡，文王百里，皆兼天下，一海內”）。今孫子天下賢人也，君籍之以百里之勢，臣竊以為不便，於君何如？”春申君曰：“善。”於是使人謝孫子。孫子去之趙，趙以為上卿（姚注：“荀子未嘗為上卿，《後語》作上客，當是”）。客又說春申君曰：“昔伊尹去夏入殷，殷王而夏亡。管仲去魯入齊，魯弱而齊強。大賢之所在，其君未嘗不尊也（《韓詩外傳》“尊”作“善”），國未嘗不榮也（《韓詩外傳》“榮”作“安”）。今孫子，天下賢人也，君何辭之？”春申君又曰：“善。”於是使人請孫子于趙。孫子為書謝曰：“癘人憐王（《韓詩外傳》無“人”字），此不恭之語也。雖然，不可不審察也。此為劫弑死亡之主言也。夫人主年少而矜材（《韓詩外傳》“矜材”作“放”），無法術以知奸，則大臣主斷圖私，以禁誅於己也（“圖”原誤作“國”，從《韓詩外傳》改正），故弑賢長而立幼弱，廢正適而立不義。《春秋》戒之曰：‘楚王子圍聘于鄭，未出竟（《韓詩外傳》“竟”作“境”），聞王病，反問疾，遂以冠纓絞王，殺之，因自立也。齊崔杼之妻美，莊公通之，崔杼帥其群黨而攻（“群”原作“君”，從金正煒改正），莊公請與分國，崔杼不許；欲自刃于廟，崔杼不許。莊公走出，逾於外牆，射中其股，遂殺之，而立其弟景公。近代所見，李兌用趙，餓主父于沙丘，百日而殺之。淖齒用齊，擢閔王之筋，縣于其廟梁，宿夕而死。夫癘雖臃腫胞疾(“胞疾”，《韓非子·奸劫弑臣》作“疕瘍”，《韓詩外傳》作“痂疕”)，上比前世，未至絞頸射股，下比近代，未至擢筋而餓死也。夫劫弑死亡之主也，心之憂勞，形之困苦，必甚於癘矣，由此觀之，癘雖憐王可也。”因為賦曰：“寶珍隋珠(《荀子·賦篇》、《韓詩外傳》作“琬玉瑤珠”)，不知佩兮；雜布與錦(原誤作“褘布與絲”，從《荀子·賦篇》、《韓詩外傳》改正)，不知異兮；聞姝子奢(《荀子》、《韓詩外傳》“姝”作“娠”)，莫之媒兮；嫫母、力父，是之喜兮。以瞽為明，以聾為聰，以是為非，以吉為凶，嗚呼上天，曷惟其同。”(《楚策四》第九章，《韓詩外傳》卷四第二十五章同，末引《詩》曰：“上帝甚蹈，無自瘵焉。”)
前255,255,秦昭王五十二年（西元前二五五年）,23,考案,秦、楚、韓、趙,,圍、聘、殺,案：此章出於後人杜撰偽託，雜采《韓非子·奸劫弑臣》與《荀子·賦篇》而成。汪中《荀卿子通論》辨之曰：“春申君請孫子，孫子答書，或去或就，曾不一言，而泛引前世劫殺死亡之事，未知其意何屬。且靈王雖無道，固楚之先君也，豈宜向其臣子斥言其罪？不知何人鑿空為此，韓嬰誤以說《詩》，劉向不察，采入《國策》，其敘《荀子》、《新書》又載之，斯失之矣。此書自‘厲憐王’以下，乃《韓非子·奸劫弑臣》文，其言刻覈舞知以禦人，固非之本志。其賦詞乃《荀子·佹詩》之小歌，見於《賦篇》，由二書雜采成篇，故文義前後不屬，幸本書具在，其妄不難破爾。孫子自為蘭陵令，逮春申君之死，凡十八年，其間實未嘗適趙，亦無以荀卿為上卿之事。”其說是也。《荀卿列傳》稱“春申君死而荀卿廢，因家蘭陵”，“因葬蘭陵”。未言至趙為卿之事。劉向謂春申君得荀卿書後，複謝荀卿，荀卿複為蘭陵令。黃式三以為荀卿“反趙之後，無棄趙卿而再仕蘭陵之理”。《風俗通義·窮通篇》謂孫卿去蘭陵，“游趙，應聘于秦。”此說亦不確。《荀子·強國》篇有應侯與孫卿子之問答，若此時荀子入秦，不僅應侯已罷相，且已去世矣。荀子游趙，與臨武君議兵于孝成王前，當在邯鄲解圍、大破秦軍之後；荀子入秦見昭王、應侯則尚在其前。
前254,254,秦昭王五十三年（西元前二五四年）,1,史料,齊、楚、燕、韓、趙、魏,,,魏安釐王二十三年，韓桓惠王十九年，趙孝成王十二年，齊王建十一年，楚考烈王九年，燕王喜元年。
前254,254,秦昭王五十三年（西元前二五四年）,2,史料,秦、韓、魏、吳,,伐、取,[秦昭襄王]五十三年天下來賓。魏後，秦使摎伐魏，取吳城（“吳”讀為“虞”）。韓王入朝。魏委國聽令。（《秦本紀》）
前254,254,秦昭王五十三年（西元前二五四年）,3,考案,秦、魏、周、吳,,攻、取,案：“吳”讀為“虞”，吳城即虞城，為周武王封弟虞仲之邑。《正義》引《括地志》雲：“虞城古城在陝州河北縣東北五十裡虞山之上，亦名吳山。”《左傳》哀西元年《正義》引皇甫謐雲：“今河東大陽縣西山上虞城是也。”此乃魏在河東重要防守之地。秦攻取之，迫使“魏委國聽令”。
前254,254,秦昭王五十三年（西元前二五四年）,4,史料,秦,秦昭王,,[秦昭王]五十三年吏誰從軍。（秦簡《編年記》，“誰”讀為“推”）
前254,254,秦昭王五十三年（西元前二五四年）,5,考案,秦,,攻,案：秦、漢時，“誰”常讀為“推”，推擇之意。《釋名·釋言語》雲：“誰，采也，有推擇，言不能一也。”“吏推從軍”乃秦於此年新公佈之從軍制度，用以增強軍隊之實力。《秦始皇本紀》載十一年“王翦攻闕與、櫬陽，皆並為一軍。翦將十八日，軍歸，鬥食以下什推二人從軍”。蓋秦王政時沿用此制。《編年記》作者，即墓主名喜者，因為“令史”有治獄之職，于秦王政十三年“從軍”，十五年“從平陽軍”。
前254,254,秦昭王五十三年（西元前二五四年）,6,史料,趙,,,[趙孝成王]十二年邯鄲宏燒。（《趙世家》）
前253,253,秦昭王五十四年（西元前二五三年）,1,史料,秦、齊、楚、燕、韓、趙、魏,,,魏安釐王二十四年，韓桓惠王二十年，趙孝成王十三年，齊王建十二年，楚考烈王十年，燕王喜二年。[秦昭襄王]五十四年王郊見上帝於雍。（《秦本紀》）
前253,253,秦昭王五十四年（西元前二五三年）,2,考案,秦、趙、周,秦昭王,攻、稱帝、滅,案：《資治通鑒》胡三省注：“班《志》：雍縣屬扶風，秦惠公都之，有五畤，故於此郊見上帝，欲行天子之禮也。”今案郊為祭天於郊外之禮，周公營建東都成周，嘗“用牲於郊”。秦國原無郊祀之禮，別有建畤祭黃帝、炎帝、白帝、青帝之禮。秦昭王嘗于宜陽稱帝，其攻邯鄲，蓋欲滅趙，以成其帝業，是年昭王“郊見上帝於雍”。郊見者，當於郊外舉行，並不沿用“五畤”以祭祠五色帝之禮，確是欲行天子祭天之禮。
前253,253,秦昭王五十四年（西元前二五三年）,3,史料,秦、魏、衛,秦昭王,立、殺,[衛]懷君三十一年朝魏，魏囚殺懷君。魏更立嗣君弟，是為元君。元君為魏婿，故魏立之。（《衛世家》，《六國表》記衛元君元年當秦昭王五十五年，則衛懷君三十一年當秦昭王五十四年。《資治通鑒》記於次年）
前253,253,秦昭王五十四年（西元前二五三年）,4,史料,韓、魏、衛,,,衛離魏為衡，半歲而亡。（《韓非子·五蠹》）
前253,253,秦昭王五十四年（西元前二五三年）,5,考案,秦、楚、趙、魏、衛,,攻、救、立、合縱、連橫、滅、取、殺,案：魏自與楚合縱救趙破秦之後，即連年東向進攻，攻取陶、衛之地，至此年，衛與秦連橫以對抗魏之進攻，因而為魏滅亡。此年魏乘衛懷君來朝之時，囚殺懷君，衛即滅亡。魏所立衛元君，為魏君之婿，已為附庸性質。衛元君未必為衛嗣君之弟。若衛元君為嗣君之弟，嗣君在位四十二年，懷君在位又三十一年，則元君已八十餘歲。《集解》引徐廣曰：“班氏雲元君者懷君之弟。”蓋據《漢書·古今人表》。《資治通鑒》從之。
前253,253,秦昭王五十四年（西元前二五三年）,6,史料,楚,,,楚考烈王十年徙于巨陽。（《六國表》）
前253,253,秦昭王五十四年（西元前二五三年）,7,考案,楚,,,案：據《春申君列傳》，春申君相二十二年（即楚考烈王二十二年），以朱英之言，“楚於是去陳徙壽春”。《資治通鑒》胡注因雲：“此時雖徙巨陽，未離陳地也。”
前252,252,秦昭王五十五年（西元前二五二年）,1,史料,齊、楚、燕、韓、趙、魏,,,魏安釐王二十五年，韓桓惠王二十一年，趙孝成王十四年，齊王建十三年，楚考烈王十一年，燕王喜三年。
前252,252,秦昭王五十五年（西元前二五二年）,2,史料,秦、魏,,,[魏安釐王]廿五年閏再十二月丙午朔辛亥，[王]（此字原缺）告相邦：民或棄邑居壄（即“野”字），入人孤寡，徼人婦女，非邦之故也。自今以來，叚門逆呂（“叚”即“假”字，“假門”當讀為“賈門”。“逆呂”當讀“逆旅”），贅婿後父，勿令為戶，勿鼠田宇（“鼠”讀為“予”），三枼之後（“枼”讀為“世”），欲士士之（下“士”讀為“仕”），乃署其籍曰（“乃”讀為“仍”）：故某慮贅婿某叟之乃孫（“慮”讀為“鄉間”之“間”，“乃孫”讀為“仍孫”，即曾孫）。（《魏戶律》）（雲夢秦簡《為吏之道》末尾附抄《魏戶律》一條，見《睡虎地秦墓竹簡》第二九二至二九四頁）
前252,252,秦昭王五十五年（西元前二五二年）,3,史料,秦、魏、衛,,攻、殺、奔,[魏安麓王]廿五年閏再十二月丙午朔辛亥，[王]（此字原缺）告將軍：叚門逆闞（讀作“賈門逆旅”），贅婿後父，或衛（即“率”字）民不作，不治室屋，寡人弗欲。且殺之，不忍其宗族昆弟，今遣從軍，將軍勿恤視，享牛食士（“享”讀作“烹”），賜之參飯而勿鼠殽（“參飯”亦作“參食”，早晚兩餐各三分之一鬥。“鼠”讀為“予”）。攻城用其不足，將軍以堙豪（“豪”讀作“壕”，“堙壕”謂平填敵城之池塘）。（《魏奔命律》）（雲夢秦簡《為吏之道》末尾附抄《魏奔命律》一條，見《睡虎地秦墓竹簡》第二九四至二九五頁）
前252,252,秦昭王五十五年（西元前二五二年）,4,考案,秦、魏、代,,奔,案：《睡虎地秦墓竹簡》整理小組注釋雲：“廿五年應為魏安釐王二十五年(西元前二五二年)，丙午為初一日，則辛亥為初六日。曆朔與汪曰楨《歷代長術輯要》所推相合。”“奔命”，一種軍隊名稱。《漢書·昭帝紀》注：“舊時郡國皆有材官騎士，以赴急難……聞命奔走，故謂之奔命。”
前252,252,秦昭王五十五年（西元前二五二年）,5,史料,趙,,,[趙孝成王]十四年平原君趙勝死。（《趙世家》）
前252,252,秦昭王五十五年（西元前二五二年）,6,史料,趙、代,,卒,平原君以趙孝成王十五年卒，子孫代，後竟與趙俱亡。（《平原君列傳》）
前252,252,秦昭王五十五年（西元前二五二年）,7,史料,趙,,卒,趙孝成王十五年平原君卒。（《六國表》）
前252,252,秦昭王五十五年（西元前二五二年）,8,考案,趙,,卒,案：《平原君列傳·索隱》雲：“《六國年表》及《世家》並雲十四年卒，與此不同。”據古本《六國年表》與《趙世家》同。
前251,251,秦昭王五十六年（西元前二五一年）,1,史料,齊、楚、燕、韓、趙、魏,,,魏安釐王二十六年，韓桓惠王二十二年，趙孝成王十五年，齊王建十四年，楚考烈王十二年，燕王喜四年。
前251,251,秦昭王五十六年（西元前二五一年）,2,史料,秦、韓,,卒、立,[秦昭襄王]五十六年秋昭襄王卒，子孝文王立。尊唐八子為唐太后，而合其葬于先王。韓王衰絰入吊祠，諸侯皆使其將相來吊祠，視喪事。（《秦本紀》）
前251,251,秦昭王五十六年（西元前二五一年）,3,史料,秦、楚、趙,秦昭王,立,秦昭王五十六年薨。太子安國君立為王，華陽夫人為王后，子楚為太子。趙亦奉子楚夫人及子政歸秦。（《呂不韋列傳》）
前251,251,秦昭王五十六年（西元前二五一年）,4,史料,秦,,,[秦]昭襄王享國五十六年。葬茝陽。生孝文王。（《秦始皇本紀》所附《秦記》）
前251,251,秦昭王五十六年（西元前二五一年）,5,史料,秦,,立,[秦]孝文王生五十三年而立。（《秦始皇本紀》所附《秦記》）
前251,251,秦昭王五十六年（西元前二五一年）,6,史料,秦、楚,秦昭王,卒,[楚考烈王]十二年，秦昭王卒，楚王使春申君吊祠于秦。（《楚世家》）
前251,251,秦昭王五十六年（西元前二五一年）,7,史料,秦,秦昭王,,[秦昭王]五十六年後九月昭死。正月遨產。（秦簡《編年記》）
前251,251,秦昭王五十六年（西元前二五一年）,8,考案,,,,案：邀當為墓主喜之弟。
前251,251,秦昭王五十六年（西元前二五一年）,9,史料,燕、趙,,伐、殺,燕王喜四年伐趙，趙破我軍，殺栗腹。（《六國表》）
前251,251,秦昭王五十六年（西元前二五一年）,10,史料,秦、燕、趙、代,樂毅、廉頗,伐、攻、卒,燕王喜使栗腹以百金為趙孝成王壽酒，三日反報曰：“趙民其壯者皆死于長平，其孤未壯，可伐也。”王乃召昌國君樂間而問曰：“何如？”對曰：“趙，四達之國也，其民皆習於兵，不可與戰。”王曰：“吾以倍攻之，可乎？”曰：“不可。”曰：“以三可乎？”曰：“不可。”王大怒，左右皆以為趙可伐。遽起六十萬以攻趙，令栗腹以四十萬攻鄗，使慶秦以二十萬攻代。趙使廉頗以八萬遇栗腹於鄗（《燕世家·索隱》、《正義》引“八萬”並作“二十萬”），使樂乘以五萬遇慶秦於代。燕人大敗，樂間入趙，燕王以書且謝焉（此下有燕王謝樂間書，《新序·雜事三》作“燕惠王遺樂毅書”，從略），樂間、樂乘怨不用其計，二人卒留趙不報。（《燕策三》第三章，梁玉繩雲：“樂乘字，二人字，衍。”）
前251,251,秦昭王五十六年（西元前二五一年）,11,考案,燕、周,樂毅,,案：《燕策》文中有燕王喜謝樂間書，與燕惠王遺樂毅書，俱出策士杜撰偽託，已說在周赧王三十七年案語中，此從略。
前251,251,秦昭王五十六年（西元前二五一年）,12,史料,秦、燕、趙、宋、代,廉頗、秦昭王,伐、攻、圍、卒、奔,今王喜四年，秦昭王卒。燕王命相栗腹約歡趙，以五百金為趙王酒。還報燕王曰：“趙王壯者皆死長平（《燕策》“王”作“民”，“王”疑“民”字之誤），其孤未壯，可伐也。”王召昌國君樂間問之。對曰：“趙，四戰之國，其民習兵，不可伐。”王曰：“吾以五而伐一。”對曰：“不可。”燕王怒，群臣皆以為可。卒起二軍，車二千乘，栗腹將而攻鄗，卿秦攻代，唯獨大夫將渠謂燕王曰：“與人通關約交，以五百金飲人之王，使者報而反攻之，不祥，兵無成功。”燕王不聽，自將偏軍隨之。將渠引燕王緩止之曰：“王必無自往，往無成功。”王蹙之以足。將渠泣曰：“臣非以自為，為王也。”燕軍至宋子，趙使廉頗將，擊破栗腹于鄗，樂乘破卿秦于代（“樂乘”二字錯在“卿秦”下，今從梁玉繩校正），樂間奔趙。廉頗逐之五百餘裡，圍其國。燕人請和，趙人不許，必令將渠處和。燕相將渠以處和。趙聽將渠，解燕圍。（《燕世家》）
前251,251,秦昭王五十六年（西元前二五一年）,13,考案,燕、趙,廉頗,圍,案：據《趙世家》，廉頗圍燕在次年。
前251,251,秦昭王五十六年（西元前二五一年）,14,史料,秦、燕、趙、代,廉頗,伐、攻、卒、殺、奔,[趙孝成王]十五年以尉文封相國廉頗為信平君。燕王令丞相栗腹約歡，以五百金為趙王酒。還歸報燕王曰：“趙氏壯者皆死長平，其孤未壯，可伐也。”王召昌國君樂間而問之，對曰：“趙，四戰之國也，其民習兵，伐之不可。”王曰：“吾以眾伐寡，二而伐一，可乎？”對曰：“不可。”王曰：“吾即以五而伐一，可乎？”對曰：“不可。”燕王大怒，群臣皆以為可。燕卒起二軍，車二千乘，栗腹將而攻鄗，卿秦將而攻代。廉頗為趙將破殺栗腹，虜卿秦。樂間奔趙。（《趙世家》，“奔趙”二字原脫，從梁玉繩補正）
前251,251,秦昭王五十六年（西元前二五一年）,15,史料,秦、燕、趙、代,樂毅、廉頗,伐、攻、圍、卒、奔,於是燕王複以樂毅子樂間為昌國君。……樂間居燕三十餘年。燕王喜用其相栗腹之計，欲攻趙，而問昌國君樂間。樂間曰：“趙，四戰之國也，其民習兵，伐之不可。”燕王不聽，遂伐趙。趙使廉頗擊之，大破栗腹之軍於鄗，禽栗腹。樂乘（“樂乘”二字下當脫“敗慶秦於代”五字，今本“樂乘”二字誤連上文，樂乘為趙將，不能為趙所擒，下文以樂間樂乘同留趙，並為誤衍），樂乘者，樂間之宗也。於是樂間奔趙。趙遂圍燕，燕重割地以與趙和，趙乃解去，燕王恨不用樂間。樂間既在趙，乃遺樂間書曰：（此下有燕王喜遺樂間書，與《燕策三》所載又不同，皆出策士偽託，今從略。）樂間、樂乘怨燕不聽其計，二人卒留趙（此與《燕策三》同誤，“樂乘”“二人”四字為衍文），趙封樂乘為武襄君。（《樂毅列傳》）
前251,251,秦昭王五十六年（西元前二五一年）,16,考案,趙,,,案：據《趙世家》，樂乘于孝成王十年已為趙將，屢建戰功，因而封為武襄君。上文有脫文或衍文。
前251,251,秦昭王五十六年（西元前二五一年）,17,史料,燕、趙,廉頗,圍、殺,自邯鄲圍解五年，而燕用栗腹之謀曰：“趙壯者盡于長平，其孤未壯。”舉兵擊趙。趙使廉頗將，擊，大破燕軍於鄗，殺栗腹，遂圍燕。燕割五城請和，乃聽之。趙以尉文封廉頗為信平君，為假相國。廉頗之免長平歸也，失勢之時故客盡去。及複用為將，客又複至。廉頗曰：“客退矣。”客曰：“籲！君何見之晚也！夫天下以市道交，君有勢，我則從君，君無勢則去，此固其理也，有何怨乎？”（《廉頗列傳》）
前251,251,秦昭王五十六年（西元前二五一年）,18,史料,楚,,,楚考烈王十二年柱國景伯死。（《六國表》）
前251,251,秦昭王五十六年（西元前二五一年）,19,考案,秦、楚、趙、魏,,救、合縱,案：景伯疑即景陽，陽其名，伯其字。嘗率楚軍與魏合縱救趙破秦，是時為柱國。
前251,251,秦昭王五十六年（西元前二五一年）,20,史料,齊、周,,伐,十五年相邦春平侯、邦左伐器，工師長雚、冶□撻齊。（“齊”讀作“劑”，十五年相邦春平侯鈹刻銘，上海博物館藏，《商周金文錄遺》六〇〇著錄）
前251,251,秦昭王五十六年（西元前二五一年）,21,史料,齊、韓,,伐、攻,十五年相邦春平侯、邦右伐器，工師□□、冶□撻齊，大攻尹韓耑。（十五年相邦春平侯鈹刻銘，《貞松堂集古遺文》卷十二著錄）十七年相邦春平侯、邦左伐器，工師長雚、冶□撻齊。大攻尹韓耑。（十七年相邦春平侯鈹刻銘。上海博物館藏有相同刻銘五件）
前251,251,秦昭王五十六年（西元前二五一年）,22,史料,齊、韓、晉,,伐、攻,十七年相邦春平侯、邦左伐器，工師□□、冶□撻齊。大攻尹韓耑。（十七年相邦春平侯鈹刻銘，加拿大多倫多市安大略博物館藏，見黃盛璋《關於加拿大多倫多市安大略博物館所藏三晉兵器及其相關問題》，《考古》一九九一年第一期）
前251,251,秦昭王五十六年（西元前二五一年）,23,考案,秦、齊、韓、趙,,攻,案：春平侯即《趙世家》悼襄王二年為秦所召而遣回之春平君。《六國表》謂悼襄王二年“太子從質秦歸”，《正義》以為“太子即春平君”。所見春平侯之兵器刻銘皆稱相邦春平侯，既有十五年，十七年製作者，更有元年、二年、三年、四年、八年所作者，可知春平侯不僅為趙孝成王晚年之相，且為趙悼襄王之相，蓋繼建信君而為相者。八年相邦建信君鈹刻銘雲：“八年相邦建鄔君、邦左庫工師□□、冶尹□撻齊。大攻尹韓耑。”監造之大工尹與春平侯十五年、十七年兵器同為韓耑，可為明證。蓋春平侯為趙公子而為相者，《六國表》“太子從質秦歸”，“太子”當為“公子”之誤。
前251,251,秦昭王五十六年（西元前二五一年）,24,史料,齊、韓、代,,,十三年右……守相申毋官……邦右□□□韓狄、冶醢執齊。工君韓耑。（《三代吉金文存》卷二十，《貞松堂集古遺文》卷十二著錄）
前251,251,秦昭王五十六年（西元前二五一年）,25,史料,齊、韓,,,十六年守相□□□，邦右庫□□韓狄、冶明執齊。大工尹韓□。（《小校經閣金文拓本》卷十一著錄）
前251,251,秦昭王五十六年（西元前二五一年）,26,考案,韓,,,案：黃盛璋以為大工尹韓耑見於八年相邦建信君與十五年及十七年相邦春平侯監造兵器，故此十三年劍應屬孝成王時，十六年劍守相與大工尹之名亦當與十三年劍相同，為同時所造。此說可信。
前251,251,秦昭王五十六年（西元前二五一年）,27,史料,秦、齊、韓、趙、魏,,,秦孝文王元年（西元前二五0年魏安釐王二十七年，韓桓惠王二十三年，趙孝成王十六年，齊
前251,251,秦昭王五十六年（西元前二五一年）,28,史料,楚、燕,,,王建十五年，楚考烈王十三年，燕王喜五年
前251,251,秦昭王五十六年（西元前二五一年）,29,史料,秦,,卒、立、即位,[秦]孝文王元年赦罪人，修先王功臣，褒厚親戚，弛苑囿。孝文王除喪，十月己亥即位，三日辛醜卒，子莊襄王立。（《秦本紀》）
前251,251,秦昭王五十六年（西元前二五一年）,30,史料,秦、楚,,立,秦王立一年薨，諡為孝文王。太子子楚立，是為莊襄王。莊襄王所母華陽後為華陽太后（《索隱》雲：“劉氏本作所生母，生衍字也。今檢諸本並無生字”），真母夏姬尊以為夏太后。（《呂不韋列傳》）
前251,251,秦昭王五十六年（西元前二五一年）,31,史料,秦,,,[秦]孝文王享國一年，葬壽陵，生莊襄王。（《秦始皇本紀》所附《秦記》）
前251,251,秦昭王五十六年（西元前二五一年）,32,史料,秦,,立,[秦]莊襄王生三十二年而立。（《秦始皇本紀》所附《秦記》）
前251,251,秦昭王五十六年（西元前二五一年）,33,史料,秦,,立、即位,[秦]孝文王元年，立(“立”當讀為“位”，指“即位”)，即死。(秦簡《編年記》)
前251,251,秦昭王五十六年（西元前二五一年）,34,考案,秦、楚、周、越,秦昭王,立、即位,案：秦昭王死于上年後九月，至十二月僅三月，至是年待孝文王除喪，於十月己亥行改元即位之禮，三日而死。秦簡《編年記》“立”當讀為“位”，即指“即位”，即位三日而死，故雲“即死”，非謂秦孝文王繼昭王而立之後即死，指逾年行改元即位之禮後即死。故《秦記》謂“孝文王享國一年”，《呂不韋列傳》亦雲“立一年薨”。詳本書《引論》下篇(一)《戰國曆法之驗證》。《資治通鑒》據《秦本紀》記載，正確。黃式三《周季編略》于上年記：“冬十二月己亥朔秦王即位，以為元年正月朔，越三日辛醜秦王柱薨，諡曰孝文，子楚立。”出於杜撰。
前251,251,秦昭王五十六年（西元前二五一年）,35,考案,秦,,,又案：《呂不韋列傳·正義》雲：“秦孝文王陵在雍州萬年縣東北二十五裡。”
前251,251,秦昭王五十六年（西元前二五一年）,36,史料,燕、趙,廉頗,圍,[趙孝成王]十六年廉頗圍燕。以樂乘為武襄君。（《趙世家》）
前251,251,秦昭王五十六年（西元前二五一年）,37,考案,燕、趙,廉頗,攻、圍,案：《燕世家》記燕王喜四年廉頗擊破栗腹於鄗後，“廉頗逐之五百餘裡，圍其國”。“燕相將渠以處和。趙聽將渠，解燕圍”，蓋誤上一年，解圍之說亦不確。“圍燕”，即圍燕之國都。《趙世家》記次年武襄君又攻燕，圍其國。
前251,251,秦昭王五十六年（西元前二五一年）,38,史料,齊、燕、魯,,攻、卒,初，燕將攻下聊城，人或讒之，燕將懼誅，遂保守聊城，不敢歸。田單攻之，歲餘，士卒多死，而聊城不下，魯仲連乃為書，約之矢以射城中，遺燕將。（《齊策六》第三章，《魯仲連列傳》同）
前251,251,秦昭王五十六年（西元前二五一年）,39,考案,秦、齊、燕、趙、魏、魯、吳,樂毅、廉頗,攻、圍、取、殺,案：《魯仲連列傳》謂此事在魯仲連當秦圍趙都邯鄲時反對“魏將欲令趙尊秦為帝”之後二十餘年。《集解》引徐廣曰：“案《年表》田單攻聊城在長平後十餘年也。”《索隱》雲：“按徐廣據《年表》以為田單攻聊城在長平後十餘年耳，言三十餘年，誤也。”今《六國表》脫去此條記載。今按魯仲連所為書，有雲：“且燕國大亂，君臣失計，上下迷惑，粟腹以十萬之眾五折於外”(《齊策》“十萬”作“百萬”)。《集解》引徐廣曰：“此事去長平十年。”魯仲連書又雲：“以萬乘之國被圍于趙，壤削主困，為天下僇矣。”趙圍燕國都，正當趙廉頗大破粟腹軍之後。《資治通鑒》記此事于秦孝文王元年，甚是。秦孝文王元年當趙孝成王十六年，正與《趙世家》載是年“廉頗圍燕”相合。《齊策六》第三章記此事之上，有雲：“燕攻齊，取七十餘城，唯莒、即墨未下，齊田單以即墨破燕，殺騎劫。”誤以此事在田單以即墨破燕時，蓋出於後人誤為牽合，非是。吳師道謂“自‘燕攻齊’止‘殺騎劫’二十五字，或他策脫簡”，並謂：“考之《單傳》(指《田單列傳》)，自複齊之後，無可書之事。齊襄王十九年，當趙孝成王元年，趙割地求單為將，次年遂相趙，必不復返齊矣。距聊城之役凡十六年，單豈複為齊將哉？此因歲餘不下之言，聊、莒、即墨之混，而誤指以為單也。”田單為齊之名將，蓋誤傳以為田單耳。《燕世家》稱樂毅破齊，惟聊、莒、即墨未下，《燕策二》第九章所謂“三城未下”，皆由此訛傳而後人所誤增者。錢大昕曰：“吳師道謂田單相趙之後，必不返齊，亦恐不然。孟嘗君相秦而歸為齊相，此其證也。”姚鼐《古文辭類纂》亦有此說，但無確證。
前251,251,秦昭王五十六年（西元前二五一年）,40,史料,秦、齊、楚、燕、趙、魏、魯、越、吳、衛,,攻、圍、救、立、滅、會、殺,[魯仲連遺燕將書]曰：“吾聞之，智者不倍時而棄利，勇士不怯死而滅名（“怯”，《史記·魯仲連列傳·索隱》本作“卻”，王震澤本作“怯”），忠臣不先身而後君，今公行一朝之忿，不顧燕王之無臣，非忠也；殺身亡聊城，而威不信于齊，非勇也；功廢名滅（《史記》“廢”作“敗”），後世無稱，非知也（《史記》此下有“三者世主不臣，說士不載”）。故知者不再計，勇士不怯死。今死生榮辱，尊卑貴賤，此其一時也（《史記》“一時也”作“不再至”），願公之詳計而無與俗同也。且楚攻南陽（《史記》“南陽”上有“齊之”二字），魏攻平陸，齊無南面之心，以為亡南陽之害（《史記》“害”下有“小”字），不若得濟北之利（《史記》“利”下有“大”字），故定計而堅守之（《史記》“堅守”作“審處”）。今秦人下兵，魏不敢東面，橫秦之勢合（《史記》“橫”作“衡”，“合”作“成”），則楚國之形危。且棄南陽（《史記》“且”作“齊”），斷右壤，存濟北（《史記》“存”作“定”），計必為之（《史記》“必”作“猶且”，此下《史記》有“且夫齊之必決於聊城，公勿再計”）。今楚、魏交退（《史記》“退”下有“于齊”二字），燕救不至，齊無天下之規（《史記》“齊”作“以全齊之兵”）與聊城共據期年之弊，即臣見公之不能待也（“待”原作“得”，姚注“錢、劉一作待”，金正煒曰：“作待是也，待猶禦也”）。齊必決之於聊城，公無再計（《史記》此二句在上文“今楚、魏交退”之上）。彼燕國大亂（《史記》“彼”作“且”），君臣過計（《史記》“過”作“失”），上下迷惑，栗腹以百萬之眾（《史記》“百”作“十”），五折于外，萬乘之國被圍于趙，壤削主困，為天下戮（《史記》作“僇笑”），公聞之乎？今燕王方寒心獨立，大臣不足恃（《史記》無以上三句），國弊禍多，民心無所歸（《史記》“心”字在“歸”下），今公以弊聊之民，距全齊之兵，期年不解（《史記》無此句），是墨翟之守也。食人炊骨，士無反北之心（《史記》“北”作“外”），是孫臏、吳起之兵也（《史記》無“吳起”二字），能以見於天下矣。故為公計者，不如罷兵休士，全車甲歸報燕王（《史記》無“罷兵、休兵”四字，“歸”作“從”），燕王必喜（此下《史記》有“身全而歸於國”）。士民見公如見父母（《史記》無“見公”二字），交遊攘臂而議于世，功業可明矣。上輔孤主以制群臣，下養百姓以資說士，矯國革俗於天下（《史記》作“矯國更俗”），功名可立也。意者亦捐燕棄世東游于齊乎？（《史記》“意者”作“亡意”，《索隱》曰：“亡音無。”）請裂地定封，富比陶、衛，世世稱孤，與齊久存，此亦一計也。二者顯名厚實也，願公熟計而審處一也。且吾聞效小節者不能行大威（《史記》“效”作“規”，“行大威”作“成犖名”），惡小恥者不能立榮名（《史記》“榮名”作“大功”）。昔者管仲射桓公中鉤，篡也（《史記》“管仲”作“管夷吾”）；遺公子糾而不能死，怯也；束縛桎梏，辱身也（《史記》無“身”字）。此三行者，鄉里不通也，世主不臣也。使管仲終窮抑幽囚而不出，慚恥而不見，窮年沒壽，不免為辱人賤行矣，然而管子並行三行之過，據齊國之政，一匡天下，九合諸侯，為伍伯首，名高天下，光照鄰國（《史記》“使管仲”以下，作“鄉使管子幽囚而不出，身死而不反于齊，則亦名不免為辱人賤行矣，臧獲且羞與之同名矣，況世俗乎！故管子不恥身在縲絏之中而恥天下之不治，不恥不死公子糾，而恥威之不信于諸侯，故兼三行之過而為五霸首，名高天下而光燭鄰國”）。曹沫為魯君將，三戰三北而喪地千里。使曹子之足不離陳，計不顧後，出必死而不生，則不免為敗軍禽將。曹子以敗軍禽將，非勇也；功廢名滅，後世無稱，非知也。故去三北之恥，退而與魯君計也（《史記》“曹沫為魯君將”以下，作：“曹子為魯將，三戰三北而亡地五百里。鄉使曹子計不反顧，議不還踵，刎頸而死，則亦不免為敗軍禽將矣。曹子棄三北之恥，而退與魯君計”）。齊桓公有天下，朝諸侯（此句上原有“曹子以為遭”五字，今從《史記》刪去。“有天下，朝諸侯”，《史記》作“朝天下，會諸侯”，皆當作“朝天子，霸諸侯”）。曹子以一劍之任，劫桓公於壇位之上（《史記》作“枝桓公之心於壇坫之上”)，顏色不變，而辭氣不悖，三戰之所喪（《史記》“喪”作“亡”），一朝而反之（《史記》“反”作“複”），天下震動，諸侯驚駭，威信吳、楚（《史記》作“威加吳、越”），傳名後世（《史記》無此句）。若此二公者（《史記》“公”作“士”），非不能行小節、死小恥也（《史記》作“非不能成小廉而行小節也”），以為殺身絕世（《史記》作“以為殺身亡軀，絕世滅後”），功名不立，非知也。故去忿恚之心（《史記》作“故去感忿之怨”），而成終身之名（《史記》“成”作“立”）；除感忿之恥（《史記》作“棄忿悁之節”），立累世之功（《史記》“立”作“定”）。故業與三王爭流，名與天壤相敝也。公其圖之。”（《史記》作“願公擇一而行之”），……因罷兵到讀而去（鮑本改“到讀”作“倒鎬”。黃丕烈雲：“到即倒字，又以讀為櫝字耳，不當輒改”）。故解齊國之圍，救百姓之死，仲連之說也。（《齊策六》第三章，《魯仲連列傳》大體相同，多所增改，其結果不同。《魯仲連列傳》雲：“燕將見魯連書，泣三日，猶豫不能自決，欲歸燕，已有隙，恐誅；欲降齊，所殺虜于齊甚眾，恐已降而後見辱。喟然歎曰：“與人刃我，寧自刃。”乃自殺。聊城亂，田單遂屠聊城。歸而言魯連，欲爵之。魯連逃隱於海上，曰：“吾與富貴而誹于人，寧貧賤而輕世肆志焉。”）
前251,251,秦昭王五十六年（西元前二五一年）,41,考案,齊、楚、燕、魏、吳,樂毅,攻、取、拔、殺,案：吳師道論之曰：“夫仲連之言，正謂栗腹敗，燕國亂，聊城孤守，齊方並攻，勢將必拔。其言初不涉湣、襄、昭、惠之際。所謂楚攻南陽，魏攻平陸。閔王時，楚取淮北，單複齊後，蓋已複之，不聞楚、魏交攻之事，二事必在後也。燕將被讒懼誅，連書亦無此意，此因樂毅而論也。《史》又稱燕將得書自殺，單遂屠聊城，尤非事實。齊前所殺燕將惟騎劫爾，不聞其他，此因騎劫而論也。連之大意在於罷兵息民，而其料事之明，勸以歸燕降齊，亦度其計之必可者，排難解紛，又素無所蓄積也。迫之以窮而致之於死，豈其心哉？夫其勸之，正將以全聊城之民，而忍坐視屠之哉！燕將死，聊城屠，連何功美之稱，而齊欲爵之哉？《策》所雲解兵而去者，當得其實，而《史》不可信也。”其說是也。聊為齊城，齊不戰而得收復聊城，何以反屠聊城？其不信甚明。
前251,251,秦昭王五十六年（西元前二五一年）,42,史料,齊、韓、魏、衛,,攻,魏安釐王：……攻盡陶、衛之地，加兵于齊，私平陸之都。（《韓非子·有度》）
前251,251,秦昭王五十六年（西元前二五一年）,43,考案,秦、齊、楚、燕、趙、魏、魯、衛,,攻、救、合縱、滅、取,案：魯仲連遺聊城燕將書，謂是時燕將攻下齊聊城而保守，同時楚正攻齊之南陽，魏正攻齊之平陸。蓋魏、楚合縱救趙而大破秦兵後，乘機向東方兼併。魏既攻盡陶、衛之地，再東向攻齊之平陸。平陸為齊五都之一，因而成為魏攻取之主要目標。楚既攻滅魯國後，再北向攻齊之南陽。《魯仲連列傳》“楚攻齊之南陽”下，《索隱》雲：“即齊之淮北、泗上之地”，非是。《史記·貨殖列傳》雲：“泰山之陽則魯，其陰則齊。”南陽因在泰山之南而得名。全祖望雲：“自齊言之，則謂之南陽，山南曰陽也。自魯言之，則謂之汝陽，水北曰陽也。”指泰山西南、汶水以北之地。春秋之世為齊、魯所爭之地，本屬魯，後漸為齊所取得。《孟子·告子下》稱魯欲使慎子為將軍，孟子曰：“一戰勝齊，遂有南陽，然且不可。”即指此地。
前251,251,秦昭王五十六年（西元前二五一年）,44,史料,韓,,卒,[張良]父平，相[韓]釐王、悼惠王(即桓惠王)。悼惠王二十三年平卒。(《留侯世家》)
前251,251,秦昭王五十六年（西元前二五一年）,45,史料,秦,,,秦孝文王五年(“五”當作“元”)，斿朐衍(“斿”同“遊”)，有獻五足牛者。(《漢書·五行志》，《洪範五行傳》同)
前251,251,秦昭王五十六年（西元前二五一年）,46,考案,秦,,,案：《漢書·五行志》雲：“秦孝文王五年旃朐衍，有獻五足牛者，劉向以為近牛禍也。先是文惠王初都咸陽，廣大宮室，南臨渭，北臨涇，思心失，逆土氣。足者止也，戒秦建止奢泰，將致危亡。”“五年”當是“元年”之誤。朐衍即昫衍，屬北地郡，在今寧夏鹽池東南。是年秦孝文王巡遊至此，乃當時記載中秦孝文王惟一之大事。秦莊襄王元年（西元前二四九年）
前251,251,秦昭王五十六年（西元前二五一年）,47,史料,齊、楚、燕、韓、趙、魏,,,魏安釐王二十八年，韓桓惠王二十四年，趙孝成王十七年，齊王建十六年，楚考烈王十四年，燕王喜六年。
前251,251,秦昭王五十六年（西元前二五一年）,48,史料,秦、周,,,[秦]莊襄王元年大赦，修先王功臣，施德厚骨肉，布惠於民。東周與諸侯謀秦，秦使相國不韋誅之，盡入其國。秦不絕其祀，以陽人地賜周君，奉其祭祀。（《秦始皇本紀》附《秦記》）
前251,251,秦昭王五十六年（西元前二五一年）,49,史料,秦、韓、周,,伐,[秦]莊襄王元年大赦罪人，修先王功臣，施德厚骨肉而布惠於民。東周君與諸侯謀秦，秦使相國呂不韋誅之，盡入其國。秦不絕其祀，以陽人地賜周君，奉其祭祀。使蒙驁伐韓，韓獻成皋、鞏（梁玉繩曰：“鞏，滎陽之誤。鞏為東周所居”）。秦界至大樑，初置三川郡。（《秦本紀》）
前251,251,秦昭王五十六年（西元前二五一年）,50,史料,秦、韓,,拔,[韓桓惠王]二十四年秦拔我城皋、滎陽。（《韓世家》，《六國表》同）
前251,251,秦昭王五十六年（西元前二五一年）,51,史料,秦、周,,取,秦莊襄王元年蒙驁取成皋、滎陽，初置三川郡。呂不韋相，取東周。（《六國表》）
前251,251,秦昭王五十六年（西元前二五一年）,52,史料,秦、齊、韓,秦昭王,伐、取,蒙恬者，其先齊人也。恬大父蒙驁自齊事秦昭王，官至上卿。秦莊襄王元年驁為秦將，伐韓，取成皋、滎陽，作置三川郡。（《蒙恬列傳》）
前251,251,秦昭王五十六年（西元前二五一年）,53,考案,秦、齊、周,秦昭王,伐、取,案：蒙驁亦作蒙傲，秦昭王時已為秦將，昭王二十二年伐齊河東，取九城，已說在周赧王三十年案語中，非莊襄王時始為秦將。
前251,251,秦昭王五十六年（西元前二五一年）,54,史料,秦、楚,,立,子楚立，以[呂]不韋為相，號曰文信侯，食藍田十二縣。王后為華陽太后，諸侯皆致養邑。（《秦策五》第五章）
前251,251,秦昭王五十六年（西元前二五一年）,55,史料,,,,莊襄王元年以呂不韋為丞相，封為文信侯，食河南雒陽十萬戶。（《呂不韋列傳》
前251,251,秦昭王五十六年（西元前二五一年）,56,考案,秦、周,,立、取,案：據《秦策》，莊襄王初立，即以呂不韋為相，食藍田十二縣。其食河南洛陽十萬戶，當在呂不韋取東周以後。洛陽原為東周都邑。《集解》引徐廣曰：“周比亡之時，凡七縣：河南、洛陽、穀城、平陰、偃師、鞏、緱氏。”
前251,251,秦昭王五十六年（西元前二五一年）,57,史料,秦,,取,陰溝首受大河於卷縣，故瀆東南徑卷縣故城南，又東徑蒙城北。《史記》秦莊襄王元年蒙驁擊取成皋、滎陽，初置三川郡。疑即驁所築也，於事未詳。（《水經·陰溝水注》）
前251,251,秦昭王五十六年（西元前二五一年）,58,史料,燕、趙,,攻、圍,[趙孝成王]十七年假相、大將武襄君（按即樂乘）攻燕，圍其國。（《趙世家》）
前251,251,秦昭王五十六年（西元前二五一年）,59,史料,燕、趙,樂毅、廉頗,圍,其明年（指“趙封樂乘為武襄君”之明年），樂乘、廉頗為趙圍燕，燕重禮以和，乃解。（《樂毅列傳》）
前251,251,秦昭王五十六年（西元前二五一年）,60,考案,燕、趙,樂毅、廉頗,攻、圍、殺,案：《燕世家》記廉頗破燕相栗腹於部之後，“廉頗逐之五百餘裡，圍其國。……燕相將渠以處和。趙聽將渠，解燕圍。”《廉頗列傳》稱：“廉頗大破燕軍於鄗，殺栗腹，遂圍燕。燕割五城請和，乃聽之。”《趙世家》記“廉頗圍燕于趙孝成王十六年”，即廉頗破栗腹之後一年，又記“樂乘攻燕，圍其國”于趙孝成王十七年。《樂毅列傳》又稱樂乘、廉頗同時為趙圍燕。當以《趙世家》所記為是。
前251,251,秦昭王五十六年（西元前二五一年）,61,史料,楚、魯,,滅、遷,楚考烈王十四年楚滅魯，頃公遷卞，為家人，絕祀。（《六國表》）
前251,251,秦昭王五十六年（西元前二五一年）,62,史料,楚、魯,,伐、卒、滅、遷,[魯頃公]二十四年楚考烈王伐滅魯，遷於下邑（《集解》引徐廣曰：“下，一作卞”，《索隱》雲：“下邑謂國外之小邑。或有本作卞邑，然魯有卞邑，所以惑也”），為家人，魯絕祀。頃公卒于柯。（《魯世家》）
前251,251,秦昭王五十六年（西元前二五一年）,63,考案,楚、魯,,卒、滅、取、遷,案：柯在今山東東平縣西北，卞在今山東泗水縣東，相距三百里以上。若頃公遷于卞，不能卒于柯。“卞”當為“下邑”之誤。《六國表》稱楚考烈王八年取魯，魯君封於莒。“取魯”即滅魯，莒疑即柯之下邑。至是年魯頃公卒于柯，魯絕祀。
前251,251,秦昭王五十六年（西元前二五一年）,64,史料,齊,,卒,[齊王建]十六年君王後卒。（《田世家》）
前251,251,秦昭王五十六年（西元前二五一年）,65,史料,秦、齊,,攻、卒、立、取,君王後事秦謹，與諸侯信，以故建立四十有餘年，不受兵。秦始皇嘗使使者遺君王後玉連環（鮑本改“始皇”為“昭王”），曰：“齊多知，而解此環不？”（姚注：“而別本作能。”《太平御覽》七百六十三所引及《太平御覽》六百九十二引《春秋後語》“而”皆作“能”）君王後以示群臣，群臣不知解，君王後引椎椎破之，謝秦使曰：“謹以解矣。”及君王後病，且卒，誡建曰：“群臣之可用者某。”建曰：“請書之。”君王後曰：“善。”取筆牘受言，君王後曰：“老婦已亡矣。”君王後死後，後勝相齊，多受秦間金玉，使賓客入秦，皆為變辭，勸王朝秦，不修攻戰之備。（《齊策六》第八章）
前251,251,秦昭王五十六年（西元前二五一年）,66,史料,秦、齊、楚、燕、晉,,攻、救、滅,始，君王後賢，事秦謹，與諸侯信，齊亦東邊海上，秦日夜攻三晉、燕、楚，五國各自救于秦，以故王建四十餘年不受兵。君王後死，後勝相齊，多受秦間金，多使賓客入秦，秦又多予金，客皆為反間，勸王去從朝秦，不修攻戰之備，不助五國攻秦，秦以故得滅五國。（《田世家》）
前251,251,秦昭王五十六年（西元前二五一年）,67,考案,齊、楚、燕、魏,,攻、取,案：所謂王建四十餘年不受兵，不確。此時燕嘗攻齊，一度佔有濟北之聊城，魏嘗攻取齊之平陸，楚嘗攻齊之南陽。
前248,248,秦莊襄王二年（西元前二四八年）,1,史料,齊、楚、燕、韓、趙、魏,,,魏安釐王二十九年，韓桓惠王二十五年，趙孝成王十八年，齊王建十七年，楚考烈王十五年，燕王喜七年。
前248,248,秦莊襄王二年（西元前二四八年）,2,史料,秦、趙,,,秦莊襄王二年蒙驁擊趙榆次、新城、狼孟，得三十七城。日蝕。（《六國表》）
前248,248,秦莊襄王二年（西元前二四八年）,3,史料,秦、趙,,攻、取,[秦莊襄王]二年蒙驁攻趙，取三十七城。（《蒙恬列傳》）
前248,248,秦莊襄王二年（西元前二四八年）,4,史料,秦、燕、趙,,拔,[燕王喜]七年秦拔趙榆次三十七城，初置太原郡。（《燕世家》）
前248,248,秦莊襄王二年（西元前二四八年）,5,考案,秦,,,案：《秦本紀》、《六國表》、《水經·汾水注》皆謂秦置太原郡在次年。
前248,248,秦莊襄王二年（西元前二四八年）,6,史料,秦、燕、趙、魏,,攻、拔,[趙孝成王]十八年延陵鈞率師從相國信平君助魏攻燕。秦拔我榆次三十七城。（《趙世家》）
前248,248,秦莊襄王二年（西元前二四八年）,7,史料,秦、趙、魏,,攻、取、拔,[秦莊襄王]二年使蒙驁攻趙，定太原。三年（當為“三月”之誤），蒙驁攻魏高都、汲，拔之（《集解》引徐廣曰：“汲一作波”）。攻趙榆次、新城、狼孟，取三十七城。四月日食。（《秦本紀》）
前248,248,秦莊襄王二年（西元前二四八年）,8,史料,秦,,立、取,[秦莊襄王]立二年取太原地。（《秦始皇本紀》附《秦記》）
前248,248,秦莊襄王二年（西元前二四八年）,9,考案,秦、楚、韓、趙、魏,秦昭王,攻、圍、救、合縱、取,案：梁玉繩雲：“使蒙驁攻趙定太原”八字乃羨文。《年表》及《趙世家》、《蒙恬列傳》皆無其事。蓋所謂攻趙者，因是年有蒙驁攻趙取三十七城之事也。所謂定太原者，因明年有置太原郡之事也。二事下文皆書之，則此為錯出無疑。況前十二年得韓上黨地，已北定太原矣，何煩再定乎？”其說非是。秦昭王四十八年于大破趙于長平之後，使“司馬梗北定太原，盡有韓上黨”，但五十年魏、楚合縱救趙邯鄲之圍，大破秦軍，並大敗秦軍於河東之後，形勢大變。趙孝成王十年當秦昭王五十一年，《趙世家》稱“趙將樂乘、慶舍攻秦信梁軍，破之”，因而秦所“定太原”又為趙恢復。是年秦重振旗鼓，“使蒙驁攻趙，定太原”。下文雲“攻趙榆次、新城、狼孟，取三十七城”，即是“定太原”之軍事行動。
前248,248,秦莊襄王二年（西元前二四八年）,10,考案,秦、趙、代,,攻,又案：梁玉繩雲：“三年二字亦羨文，所書事，表在二年是已。”張文虎以為此“三年”二字不誤，以為“四月日食”下“四年”二字乃衍文。其言曰：“案王齕攻上黨，《六國表》書在三年不誤，此四年二字涉上四月而衍，觀下文五月即接上文四月，其證也。三年上已書，何必複出。”二家之說，尚未剖明。朱文鑫雲：“張文虎《劄記》既知王齕攻上黨，《六國表》書在三年不誤，而不知蒙驁攻趙得三十七城、日食，《六國表》書在二年亦不誤。且二年四月之日食，經黃河流域，確為中原可見之全食，三年四月並無日食，益足證《六國表》無誤。……蓋《本紀》四年之四乃三之誤，而上文三年之年字乃月之誤，於是四月日食，正接三月之下，同為二年事，始與《六國表》全相符合。此後世傳寫之論，非史公原文之誤也。惟表中但言二年日食，而紀中有四月二字，是《表》略而《紀》詳也。”(《歷代日食考》三《戰國及秦日食考》注五)朱說甚是。
前248,248,秦莊襄王二年（西元前二四八年）,11,考案,秦、魏,,攻、拔,又案：《秦本紀》雲：“蒙鷙攻魏高都、汲，拔之。”梁玉繩雲：“汲字當依徐廣作波，秦拔魏汲在始皇七年也。”黃式三雲：“拔汲在始皇七年、魏景湣王三年，見《秦記》及《魏世家》，此當刪汲字。”今無據可以確定。
前248,248,秦莊襄王二年（西元前二四八年）,12,史料,楚、吳,,,楚考烈王十五年春申君徙封于吳。（《六國表》）
前248,248,秦莊襄王二年（西元前二四八年）,13,史料,齊、楚、吳,,,後十五歲（指考烈王元年“封春申君賜淮北地十二縣”之後），黃歇言之楚王曰：“淮北地邊齊，其事急，請以為郡便。”因並獻淮北十二縣，請封于江東。考烈王許之。春申君因城故吳墟，以自為都邑。（《春申君列傳》）
前248,248,秦莊襄王二年（西元前二四八年）,14,考案,楚、越、吳,,立、會,案：《正義》雲：“墟音虛，今蘇州也。闔閭於城內小城西北別築城居之，今圮毀也。”《越絕書·吳地傳》稱吳大城“闔廬所造也”。因吳為吳國舊都，有吳墟之稱。《吳地傳》又雲：“南越宮在長樂裡，東到春申君府。”可知春申君封于江東，其都邑即是吳國舊都。《吳地傳》稱“吳諸裡大用，春申君所造。”“楚門春申君所造，楚人從之，故為楚門。”《續漢書·郡國志》吳郡無錫國，《注》雲：“《史記》曰：春申君城故吳墟，以自為都邑，城在無錫。”此說不確。無錫當為春申君封地中之一重要城邑，但並非都邑。《漢書·地理志》會稽郡，記：“無錫有曆山，春申君歲祠以牛。”《吳地傳》亦雲：“無錫曆山，春申君時，盛祠以牛。立無錫塘，去吳百二十裡。無錫湖者，春申君治以為陂。鑿語昭瀆以東到大田，田名胥卑，鑿胥卑下以南注太湖，以瀉西野，去縣三十五裡。無錫西龍尾陵道者，春申君初封吳所造也。”蓋在無錫嘗有水利之建設。
前248,248,秦莊襄王二年（西元前二四八年）,15,史料,秦、燕、趙、蔡,,攻、拔,將軍不見井忌乎？為秦據趙而攻燕，拔二城。燕使蔡鳥股符胠璧（按：謂以符藏於股，以璧藏於胠），奸趙入秦（“奸”讀作“間”），以河間十城封秦相文信侯。文信侯弗敢受，曰：“我無功。”蔡鳥明日見，帶長劍，案其劍（“案”讀作“按”），舉其末，視文信侯曰：“君曰：我無功。君無功，胡不解君之璽以佩蒙敖、王齮也（“敖”與“驁”通，“齮”與“齕”通）。秦王以為賢，故加君二人之上，今燕獻地，此非秦之地也，君弗受，不忠。”文信侯敬若（“若”讀作“諾”）。言之秦王，秦王令受之，餘燕為上交（“餘”讀作“與”），秦禍案環歸於趙矣（“環”讀作“還”）。秦大舉兵，東面而齎趙（“齎”讀作“劑”），言毋攻燕。以秦之強，有燕之怒，割勺必突（“勺”通“趙”，“突”通“深”）。趙不能聽，逐井忌，誅于秦。（《戰國縱橫家書》第二十五章，李園謂辛梧）
前248,248,秦莊襄王二年（西元前二四八年）,16,考案,秦、燕、趙、吳、蔡,,伐、攻、合縱、取、賂,案：王旖死于秦王政三年，此必為三年以前之事。當在“文信侯欲攻趙以廣河間”之前。《秦策五》第六章載：“文信侯欲攻趙以廣河間，使剛成君蔡澤事燕，三年而燕太子質于秦，文信侯因請張唐相燕。”《史記·甘茂列傳》所附《甘羅傳》同。吳師道謂：《秦策》所謂下甲攻趙，趙賂以河間十二縣，秦以河間地封不韋。張琦力辨呂不韋並無益封河間之事。謂是時秦欲與燕共伐趙，以廣河間之地，因國事決于不韋，故《策》首冠以文信侯。據此李園謂辛梧之說，可知呂不韋確有益封河間之事，乃受燕之所獻。因燕獻河間十城以為呂不韋封邑，因而秦以燕為上交，欲與燕合攻趙，以廣河間之地。吳師道與張琦之推斷，皆非。《戰國縱橫家書》編者注，以為此事必在莊襄王元年至秦王政三年間。今以《趙策一》第十五章及《趙策三》第十八章比勘，當在莊襄王三年信陵君合縱五國卻秦兵前，莊襄王二年秦攻取趙太原，趙連年攻燕之後。
前248,248,秦莊襄王二年（西元前二四八年）,17,史料,秦、齊、楚、趙、魏、晉、衛,,攻、滅、殺,或謂皮相國曰：“魏殺呂遼而衛兵，亡其北陽而梁危（姚注：“北一作比”），河間封不定而趙危（“趙”原作“齊”，鮑本改作“趙”，據下文“趙患又起”，當以鮑改為是，今從之）。文信不得志，三晉倍(“倍”讀作“背”)，之憂也(“之”謂是)。今魏恥未滅，趙患又起，文信侯之憂大矣。齊不從，三晉之心疑矣。憂大者不計其構，心疑者事秦急。秦、魏之構不待割而成(“構”讀作“講”，謂求和也)。秦從楚、魏攻齊，獨吞趙，齊、趙必俱亡矣。”(《趙策一》第十五章)
前248,248,秦莊襄王二年（西元前二四八年）,18,考案,秦、燕、趙、晉,,攻,案：此策顧觀光附于秦王政八年，曰：“因有收河間，附此。”今據《戰國縱橫家書》第二十五章，當在元年。因燕獻河間十城以為文信侯封邑，文信侯正欲與燕合攻趙而以廣河間。此雲：“河間封不定而趙危。文信侯不得志，三晉倍，之憂也。”即指此而言。
前248,248,秦莊襄王二年（西元前二四八年）,19,史料,秦、趙、魏、吳,,殺,苦成常謂建信君曰：“天下合從，而獨以趙惡秦，何也？魏殺呂遼而天下交之（“遼”原作“遺”，今從鮑本改正，吳師道曰：“交下當有缺字”），今收河間，是與殺呂遼何以異？君唯釋虛偽疾（金正煒曰：“唯當讀如雖，釋虛疑當作釋慮”），文信猶且知之也。從而有功乎，何患不得收河間？從而無功乎，收河間何益也。”（《趙策三》第十八章）
前248,248,秦莊襄王二年（西元前二四八年）,20,考案,秦、齊、楚、趙、魏,,攻、救、合縱,案：此謂“天下合從”，而《趙策一》第十五章又謂“齊不從”，當即在信陵君謀合縱五國攻秦之前。《趙策一》第十四章謂趙建信君與楚春申君合縱而“齊不從”，亦當為同時事。是時“天下合縱”，以趙、楚、魏三國為主謀，信陵君正留趙不歸，因竊符合縱救趙而破秦，頗具威名，因而被推為五國合縱之師之統帥。
前248,248,秦莊襄王二年（西元前二四八年）,21,史料,秦、齊、楚、趙、魏、吳,,攻,謂皮相國曰：“以趙之弱，而據之建信君、涉孟之讎（“讎”通“儔”），然者何也？以從為有功也。齊不從，建信君知從之無功。建信者安能以無功惡秦哉？不能以無功惡秦，則且出兵助秦攻魏，以楚、趙分齊，則是強畢矣（“畢”讀作“必”）。建信、春申從，則無功而惡秦，分齊亡魏則有功而善秦（“分齊”上原有“秦”字，“亡魏”上原有“齊”字，今從吳師道、黃丕烈刪)，故兩君者奚擇有功之無功為知哉？”(“之”猶“與”也)(《趙策一》第十四章)
前248,248,秦莊襄王二年（西元前二四八年）,22,考案,秦、齊、趙,,,案：於鬯曰：“此因建信君、春申君合從，齊不從，而說之從，皮相國蓋齊相。”顧觀光、於鬯皆系此于秦王政六年，不確。建信君為趙孝成王寵臣而為相邦，繼平原君而當權者，並非趙悼襄王之大臣。
前248,248,秦莊襄王二年（西元前二四八年）,23,史料,秦、趙、魏,,,建信君貴于趙。公子魏牟過趙，趙王迎之。顧反，王坐前有尺帛（“王”原作“至”，從何建章據《太平御覽》八百十八所引改正。“坐”讀作“座”），且令工以為冠。工見客來也，因辟（“辟”讀作“避”，鮑本作“避”）。趙王曰：“公子乃驅後車，幸以臨寡人，願聞所以為天下。”魏牟曰：“王能重王之國若此尺帛，則王之國大治矣。”趙王不說，形於顏色。曰：“先王不知寡人之不肖（“王”原作“生”，姚注：“一作王”，鮑本作“王”，今據改），使奉社稷，豈敢輕國若此。”魏牟曰：“王無怒。請為王說之。”曰：“王有此尺帛，何不令郎中以為冠？”王曰：“郎中不知為冠。”魏牟曰：“為冠而敗之，奚虧于王之國？而王必待工而後乃使之。今為天下之工，或非也，社稷為虛戾，先王不血食，而王不以予工，乃與幼艾（朱起鳳曰：“此幼艾指外嬖言，古人謂男色為艾”）。且王之先帝，駕犀首而驂馬服，以與秦角逐，秦當時適其鐸（“適”讀作“敵”，鮑本改為“避”），今王憧憧，乃輦建信以與秦角逐，臣恐秦折王之椅也。”（鮑本改“椅”為“椅”，“椅”當讀作“椅”）（《趙策三》第十六章）
前248,248,秦莊襄王二年（西元前二四八年）,24,考案,秦、趙、魏、吳,,合縱,案：顧觀光隸此于秦王政三年，趙悼襄王元年，曰：“建信君與文信侯、春申君同時，則為悼襄王之幸臣明矣。吳注據魏牟謂趙王曰：“王之先帝駕犀首驂馬服，今王乃輦建信，斷為孝成王時，不知先帝乃上世之通稱，非必父也。”此說非是。今按所謂先帝驂馬服，當指趙惠文王以馬服君趙奢為將，于闕與大破秦軍，此文上稱先王“使奉社稷”，又稱先帝云云，當指其父無疑。此言“今王憧憧，乃輦建信以與秦角逐”，當指此時趙王聽從建信君主持合縱抗秦之事。
前248,248,秦莊襄王二年（西元前二四八年）,25,史料,秦、楚、韓、趙、魏、吳、蔡,,圍、救,建信君輕韓熙，趙敖為謂建信君曰(“君”原作“侯”，從鮑本改)：“國形有之而存、無之而亡者，魏也。不可無而從者，韓也。今君之輕韓熙者，交善楚、魏也。秦見君之交反善於楚、魏也（吳師道雲：一本作“之交之善”），其收韓必重矣。從則韓輕，橫則韓重，則無從輕矣。秦出兵於三川，則南圍鄢（鄢即鄢陵），蔡、邵之道不通矣（邵即召陵）。魏急，其救趙必緩矣，秦舉兵破邯鄲，趙必亡矣。故君收韓，可以無舋(“舋”同“釁”，又同“釁”)。(《韓策三》第二十一章)
前248,248,秦莊襄王二年（西元前二四八年）,26,考案,秦、韓、趙、魏,,攻、救、合縱、連橫,案：顧觀光系此于秦王政三年，於鬯系此於六年，當五國攻秦時，不確。建信君為趙孝成王之幸臣，至趙悼襄王時已失勢。趙敖謂趙依靠魏而存，又必須合韓而得合縱。韓若參與合縱則無足輕重，韓若與秦連橫則必為秦所重。若韓與秦連橫，秦據韓以攻魏，則魏危急。若秦此時攻趙邯鄲，魏救趙必緩，趙因而必亡。鮑彪曰：“此為從者說也，從宜善韓。”其說是。蓋當秦莊襄王二三年間，建信君正主謀合縱抗秦。
前248,248,秦莊襄王二年（西元前二四八年）,27,考案,韓、趙、鄭、代,,,又案：傳世有鄭令韓熙戈，刻銘雲：“六年奠命韓熙（“奠命”讀作“鄭令”），右庫工師司馬□、冶狄”（《三代吉金文存》卷十九著錄）。新鄭出土韓兵器亦有鄭令韓熙戈，刻銘雲：“王三年奠命韓熙，右庫工師史狄、冶□。”（見郝本性《新鄭“鄭韓故城”發現一批戰國銅兵器》，刊於《文物》一九七二年第十期）此鄭令韓熙，當即趙建信君所輕之韓熙，初為首都鄭之縣令，此時當已為韓之相國而執政。
前248,248,秦莊襄王二年（西元前二四八年）,28,史料,秦、趙,,卒、取,希寫見建信君，建信君曰：“文信侯之於僕也甚無禮。秦使人來仕，僕官之丞相（金正煒曰：“官猶仕也”），爵五大夫。文信侯之於僕也，甚矣其無禮也。”希寫曰：“臣以為今世用事者，不如商賈。”建信君悖然曰：“足下卑用事者而高商賈乎？”曰：“不然。夫良商不與人爭買賣之賈，而謹司時（“司”讀作“伺”）。時賤而買，雖貴已賤矣；時貴而賣，雖賤已貴矣。昔者文王拘於牖裡，而武王羈於玉門，卒斷紂之頭而縣于太白者（“縣”讀作“懸”，鮑本作“懸”），是武王之功也。今君不能與文信侯相伉以權，而責文信侯少禮，臣竊為君不取也。”（《趙策三》第十九章）
前248,248,秦莊襄王二年（西元前二四八年）,29,考案,秦、趙,,卒,案：呂不韋封文信侯在莊襄王元年，建信君為趙孝成王之幸臣，孝成王卒于秦王政二年，則此事當在莊襄王元年至秦王政二年間。
前248,248,秦莊襄王二年（西元前二四八年）,30,史料,齊、趙、晉、吳,,伐、攻,十八年相邦平國君、邦右伐器，段工師吳琁（“段”讀作“鍛”）、冶疽撻齊。大攻尹趙解。（十八年相邦平國君鈹刻銘，加拿大多倫多市安大略博物館藏，見黃盛璋《關於加拿大多倫多市安大略博物館所藏三晉兵器及其相關問題》，《考古》一九九一年第一期）
前248,248,秦莊襄王二年（西元前二四八年）,31,考案,趙,廉頗,,案：趙孝成王十五年廉頗封為信平君，為假相國。傳世或出土兵器有守相杜波監造者，杜波即廉頗，黃盛璋因刻銘格式與十七年春平侯鈹相同，亦推定為孝成王十八年所制，蓋廉頗為假相國之外，別有平國君為相邦。
前247,247,秦莊襄王三年（西元前二四七年）,1,史料,齊、楚、燕、韓、趙、魏,,,魏安釐王三十年，韓桓惠王二十六年，趙孝成王十九年，齊王建十八年，楚考烈王十六年，燕王喜八年。
前247,247,秦莊襄王三年（西元前二四七年）,2,史料,秦、魏,,,秦莊襄王三年王齮擊上黨（《集解》引徐廣曰：“齮一作齕”），初置太原郡。魏公子無忌率五國卻我軍河外，蒙驁解去。（《六國表》）
前247,247,秦莊襄王三年（西元前二四七年）,3,史料,秦、魏,,攻、卒、立,[秦莊襄王]三年（原誤作“四年”，今改正），王齕攻上党，初置太原郡。魏將無忌率五國兵擊秦，秦卻於河外。蒙驁敗，解而去。五月丙午，莊襄王卒，子政立，是為秦始皇帝。（《秦本紀》）
前247,247,秦莊襄王三年（西元前二四七年）,4,史料,秦、晉,,立,太原郡治晉陽城，秦莊襄王三年立。（《水經·汾水注》）莊襄王享國三年，葬茝陽。生始皇帝。呂不韋相。（《秦始皇本紀》附《秦記》）
前247,247,秦莊襄王三年（西元前二四七年）,5,史料,秦,,,[秦]莊王三年莊王死。（秦簡《編年記》）
前247,247,秦莊襄王三年（西元前二四七年）,6,史料,秦、韓,,拔,[韓桓惠王]二十六年秦悉拔我上黨。（《韓世家》，《六國表》作“秦拔我上黨”）
前247,247,秦莊襄王三年（西元前二四七年）,7,考案,秦、楚、韓、趙、魏,范雎,攻、合縱、取、拔,案：《秦本紀·正義》雲：“上党又反，秦故攻之。”梁玉繩辨之曰：“前此昭王四十八年盡有上黨地，北定太原，是時何煩再攻？疑前所定者惟降趙之城邑十七；今所攻者，並其餘城而攻之，故《韓世家》雲秦悉拔我上黨也。《紀》及《表》欠明。《正義》謂上黨又反，故攻之，臆測之詞，非事實矣。”此說非是。《秦本紀》昭王四十八年既稱“盡有韓上黨”，必已盡取之。自魏、楚聯軍破秦軍於邯鄲，又大敗秦軍於河東之後，韓即參與合縱攻秦，秦相范雎之封邑應既為韓所收復，則上黨亦必為韓所收復，蓋與趙之收復太原同時。故是年秦在攻趙再定太原之後，繼而攻韓，再悉拔韓之上黨。《正義》之說並非臆測；蓋事實也。
前247,247,秦莊襄王三年（西元前二四七年）,8,史料,秦、楚,,立,[霸水]又東徑子楚陵北，皇甫謐曰：“秦莊王葬于芷陽之麗山，京兆東南霸陵山。劉向曰：莊王大其名立墳者也。《戰國策》曰：莊王字異人，更名子楚，故世人猶以子楚名陵。（《水經·渭水注》）
前247,247,秦莊襄王三年（西元前二四七年）,9,考案,秦、楚,,,案：《秦始皇本紀·正義》引《括地志》雲：“秦莊襄王陵在雍州新豐縣西南三十五裡，俗亦謂子楚陵；始皇陵在北，故亦謂為見子陵。”
前247,247,秦莊襄王三年（西元前二四七年）,10,史料,秦、楚、趙、晉、周、越、代,秦昭王,立、即位、滅,秦始皇帝者，秦莊襄王子也。……以秦昭王四十八年正月生於邯鄲。及生，名為政。姓趙氏。年十三歲，莊襄王死，政代立為秦王。當是之時，秦地已並巴、蜀、漢中，越宛有郢，置南郡矣；北收上郡以東，有河東、太原、上黨郡；東至滎陽，滅二周，置三川郡。呂不韋為相，封十萬戶，號曰文信侯。招致賓客遊士，欲以並天下。李斯為舍人。蒙驁、王齮、麃公等為將軍（《集解》引徐廣曰：“齮一作齕。”《索隱》曰：“王齮即王齕。”《集解》曰：“麇，秦邑。”《索隱》曰：“麋公蓋麇邑公，史失其姓名。”《正義》曰：“麋，彼苗反，蓋秦之縣邑，大夫稱公，若楚制”）。王年少，初即位，委國事大臣。晉陽反。（《秦始皇本紀》）
前247,247,秦莊襄王三年（西元前二四七年）,11,史料,秦,,即位,秦始皇帝即位，尚幼，委政太后。（《漢書·五行志》）
前247,247,秦莊襄王三年（西元前二四七年）,12,史料,秦,,立、即位,[秦]莊襄王即位三年，薨，太子政立為王，尊呂不韋為相國，號稱“仲父”。秦王年少，太后時時竊私通呂不韋。不韋家僮萬人。（《呂不韋列傳》）
前247,247,秦莊襄王三年（西元前二四七年）,13,史料,秦、楚、蔡,,卒、稱帝、會,李斯者，楚上蔡人也。年少時，為郡小吏，見吏舍廁中鼠食不絜，近人犬，數驚恐之。斯入倉，觀倉中鼠食積粟，居大廡之下，不見人犬之憂。於是李斯乃歎曰：“人之賢不肖，譬如鼠矣，在所自處耳。”乃從荀卿學帝王之術。學已成，度楚王不足事，而六國皆弱，無可為建功者，欲西入秦，辭于荀卿曰：“斯聞得時無怠，今萬乘方爭時，遊者主事。今秦王欲吞天下，稱帝而治，此布衣馳騖之時而遊說者之秋也。處卑賤之位而計不為者，此禽鹿視肉，人而能強行者耳。故詬莫大於卑賤，而悲莫大於窮困。久處卑賤之位、困苦之地，非世而惡利，自托于無為，此非士之情也。故斯將西說秦王矣。”至秦，會莊襄王卒，李斯乃求為秦相文信侯呂不韋舍人，不韋賢之，任以為郎。（《李斯列傳》）
前247,247,秦莊襄王三年（西元前二四七年）,14,史料,秦,,,李斯問孫卿子曰：“秦四世有勝，兵強海內，威行諸侯，非以仁義為之也，以便從事而已。”孫卿子曰：“非女所知也。女所謂便者，不便之便也。吾所謂仁義者，大便之便也。彼仁義者，所以修政者也。政修則民親其上，樂其君，而輕為之死。故曰：凡在於軍，將率末事也（王懋竑曰：“軍當作君”）。秦四世有勝，讒讒然常恐天下之一合而軋己也，此所謂末世之兵，未有本統也。故湯之放桀也，非其逐之鳴條之時也；武王之誅紂也，非以甲子之朝而後勝之也。皆前行素修也，此所謂仁義之兵也。今女不求之本而索之於末，此世之所以亂也。”（《荀子·議兵》）
前247,247,秦莊襄王三年（西元前二四七年）,15,考案,秦,,,案：李斯問于荀卿，當在李斯入秦之前、學于荀卿之時。
前247,247,秦莊襄王三年（西元前二四七年）,16,史料,秦、趙、魏,,伐、攻、救、卒、立、會,公子（魏公子無忌）聞趙有處士毛公藏於博徒，薛公藏於賣漿家（《集解》引徐廣曰：漿一作醪。《索隱》曰：按《別錄》雲：漿或作醪字），公子欲見兩人，兩人自匿不肯見公子。公子聞所在，乃閒步往，從此兩人遊，甚歡。平原君聞之，謂其夫人曰：“始吾聞夫人弟天下無雙，今吾聞之，乃妄從博徒、賣漿者游，公子妄人耳。”夫人以告公子。公子乃謝夫人去，曰：“始吾聞平原君賢，故負魏王而救趙，以稱平原君。平原君之遊，徒豪舉耳，不求士也。無忌自在大樑時，常聞此兩人賢，至趙，恐不得見。以無忌從之游，尚恐其不我欲也，今平原君乃以為羞，其不足從遊。”乃裝為去（《史記會注考證》雲：“楓山、三條本‘去’上有‘欲’字”）。夫人具以語平原君。平原君乃免冠謝，固留公子。平原君門下聞之，半去平原君歸公子，天下士複往歸公子，公子傾平原君客。公子留趙十年不歸。秦聞公子在趙，日夜出兵東伐魏。魏王患之，使使往請公子。公子恐其怒之，乃誡門下：“有敢為魏王使通者，死。”賓客皆背魏至趙，莫敢勸公子歸。毛公、薛公兩人往見公子曰：“公子所以重于趙，名聞諸侯者，徒以有魏也。今秦攻魏，魏急而公子不恤，使秦破大樑而夷先王之宗廟，公子當何面目立天下乎？”語未及卒，公子立變色，告車趣駕歸救魏。魏王見公子，相與泣，而以上將軍印授公子，公子遂將。魏安釐王三十年，公子使使遍告諸侯。諸侯聞公子將，各遣將將兵救魏。公子率五國之兵破秦軍於河外，走蒙驁。遂乘勝逐秦軍至函谷關，抑秦兵，秦兵不敢出。當是時公子威振天下，諸侯之客進兵法，公子皆名之，故世俗稱《魏公子兵法》。（《魏公子列傳》，《集解》雲：“劉歆《七略》有《魏公子兵法》二十一篇，《圖》七卷。”）
前247,247,秦莊襄王三年（西元前二四七年）,17,考案,趙、魏,,伐、取,案：《資治通鑒》於是年雲：“蒙驁帥師伐魏，取高都、汲。魏師數敗，魏王患之，乃使人請信陵君于趙，信陵君畏得罪，不肯還……。”
前247,247,秦莊襄王三年（西元前二四七年）,18,史料,秦、魏,,攻,魏攻管而不下，安陵人縮高，其子為管守（《太平御覽》四百二十二引此謂：“秦縮高，鄢陵人也，其子仕秦，秦以為管守，魏信陵君攻之不下。”鄢陵即安陵，《資治通鑒》胡注雲：“安陵本魏地，魏襄王封其弟”）。信陵君使人謂安陵君曰：“君其遣縮高，吾將仕之以五大夫，使為持節尉。”安陵君曰：“安陵小國也，不能必使其民，使者自往，請使道使者至縮高之所（“縮”原誤作“縞”，今從鮑本。《資治通鑒》亦作“縮”），覆信陵君之命。”縮高曰：“君之幸高也，將使高攻管也。夫以父攻子守，人大笑也。是臣而下（“是”應讀作“視”，鮑本及《資治通鑒》作“見”），是倍主也（“倍”通“背”）。父教子倍，亦非君之所喜也，敢再拜辭。”使者以報信陵君，信陵君大怒，遣大使之安陵，曰：“安陵之地，亦猶魏也。今吾攻管而不下，則秦兵及我，社稷必危矣。願君之生束縮高而致之。若君弗致也，無忌將發十萬之師，以造安陵之城（《太平御覽》所引及《資治通鑒》“城”下有“下”字）。”安陵君曰：“吾先君成侯，受詔襄王，以守此地也，手受大府之《憲》，《憲》之上篇曰：‘子弑父，臣弑君，有常不赦。國雖大赦，降城亡子，不得與焉。’今縮高謹解大位（鮑本及《資治通鑒》“解”作“辭”），以全父子之義，而君曰必生致之，是使我負襄王之詔而廢大府之《憲》也（“詔”上“之”原脫，從鮑本及《資治通鑒》補），雖死終不敢行。”縮高聞之曰：“信陵君為人悍而自用也。此辭反，必為國禍。吾已全己之為人臣之義矣（“之”字原作“無”，從姚引一本改。鮑本及《資治通鑒》“之為”作“無違”），豈可使吾君有魏患也。”乃之使者之舍，刎頸而死。信陵君聞縮高死，素服縞素辟舍（《太平御覽》所引及《資治通鑒》無“素服”二字，“素服”二字當為衍文），使使者謝安陵君曰：“無忌小人也，困於思慮，失言於君，敢再拜釋罪。”（《魏策四》第二十四章）
前247,247,秦莊襄王三年（西元前二四七年）,19,史料,齊、燕、韓、趙、魏、衛,,攻、救、取、拔,魏安釐王攻燕救趙，取地河東，攻盡陶、衛之地；加兵于齊，私平陸之都；攻韓拔管，勝於淇下（“淇”疑“澤”字之誤）。……##### （《韓非子·有度》）
前247,247,秦莊襄王三年（西元前二四七年）,20,考案,秦、韓、魏、周、越、吳、鄭,,攻、救、滅、取、拔,案：《資治通鑒》于秦莊襄王三年記信陵君攻管不下之事，開首雲：“安陵人縮高之子仕于秦，秦使之守管，信陵君攻之不下。”《太平御覽》四百二十二引此事，雲：“秦縮高，鄙陵人也，其子仕秦，秦以為管守，魏信陵君攻之不下。”其實，管為韓邑，縮高之子為韓之管守。《魏策四》第八章載“秦攻韓之管，魏王發兵救之”，結果“秦釋管而攻魏”。因昭忌進說秦王，秦王乃止。管即今河南鄭州考古發現之商城。信陵君之攻管，當在信陵君率五國之兵逐走秦之蒙驁軍之後，蓋欲鞏固魏都大樑之防守。前二年，蒙驁攻取韓成皋、滎陽等地，置三川郡。《秦始皇本紀》謂秦地“東至滎陽，滅二周，置三川郡”。《秦本紀》稱：“秦界至大樑，初置三川郡。”蓋滎陽地處滎澤西北，管在滎澤東南，若由滎陽越滎澤得管，即可進攻大樑；若將滎澤水灌大樑，大樑即無法防守。《魏策三》第八章朱己謂魏王曰：“秦有鄭地，得垣雍，決滎澤水灌大樑，大樑必亡。”此時信陵君攻韓取管，即防止秦由滎陽攻取管，再由管進攻大樑，從而滅亡魏國，故信陵君曰：“今吾攻管而不下，則秦兵及我，社稷必危矣。”蓋得管而加強防守，可以防止秦兵攻及大樑。若縮高之子為秦之管守，守管者即為秦兵，則秦兵早已“及我”，信陵君不得為此言矣。鮑彪于“則秦兵及我，社稷必危矣”下注雲：“管在秦東，可以捍魏。”蓋不以縮高之子為秦守。吳師道從《通鑒綱目》，雲：“秦攻韓管而得之，縮高之子為秦守者也。”於是在“則秦兵及我，社稷必危矣”下注雲：“不得秦地，必為秦攻。”未免強詞奪理。《太平御覽》四百二十二引此者，改“秦兵及我”為“秦兵不返”，則竄改原文矣。此句姚本、鮑本《戰國策》及《資治通鑒》皆作“及我”。《韓非子·有度》篇稱魏安釐王“攻韓拔管”，作為其“兵四布於天下，威行於冠帶之國”中之一事，可知信陵君在縮高死後，即將管攻下。所謂“勝於淇下”，“淇”字當誤，淇水離管甚遠，“淇”疑“澤”字之誤，即指滎澤而言。
前247,247,秦莊襄王三年（西元前二四七年）,21,考案,秦、齊、楚、趙、魏、晉、鄭,,攻、圍、救、合縱,又案：荀卿與臨武君議兵于趙孝文王前，嘗雲：“秦人其生民也陋院，其使民也酷烈，劫之以勢，隱之以院，怛之以慶賞，鰌之以刑罰……功賞相長也，五甲首而隸五家，是最為眾強長久，多地以正（“正”當讀為“征”），故四世有勝，非幸也，數也。”荀卿答李斯之問又曰：“秦四世有勝，諶諶然常恐天下之一合而軋己也，此所謂末世之兵，未有本統也。”（見《荀子·議兵》）諶諶然，恐懼貌。秦確是四世有勝，經常戰勝三晉及楚、齊之兵，但不免為東方各國合縱所破，因而“常恐天下之一合而軋己也”。魏、楚合縱救趙邯鄲之圍，不僅攻邯鄲之秦軍為魏、楚、趙夾擊而大破，而且秦將鄭安平率軍降趙，秦將王齕潰退至河東，又為魏、楚大敗。此為秦從來未有之慘敗。因而十年後，信陵君再度統率合縱之師進擊秦於河外，屢建戰功之秦將蒙驁未敢抵抗，即敗退而解去，於是信陵君“威振天下”。信陵君之賓客中蓋頗有知兵法者，因而有《魏公子兵法》傳世。
前247,247,秦莊襄王三年（西元前二四七年）,22,考案,秦、楚、韓、趙、魏、晉,,攻、救、即位、合縱,又案：《秦始皇本紀》稱秦王政初即位，晉陽反。《資治通鑒》胡注：“是年秦攻得晉陽，置太原郡，未久而秦有莊襄王之喪，故反。”此說不確。蓋信陵君合縱擊秦得勝，蒙驁退兵，趙乘機使晉陽又反。猶如十年前魏、楚合縱救趙破秦後，趙使太原反，韓使上黨反。
前247,247,秦莊襄王三年（西元前二四七年）,23,史料,秦、齊、韓、魏、周,蘇秦,攻,[魏安釐王]三十年無忌歸魏，率五國兵攻秦，敗之河外，走蒙驁。魏太子增質于秦，秦恐，欲囚魏太子增。或為增謂秦王曰（《索隱》雲按《戰國策》作“蘇秦為公子增謂秦王》：“公孫喜（《索隱》雲：“《戰國策》作公孫衍”)因謂魏相曰：'請以魏疾擊秦，秦王怒，必囚增。魏王又怒，擊秦，秦必傷。'今王囚增，是喜之計中也。故不若貴增而合魏，以疑之于齊、韓。”秦乃止增(“止增”二字有誤，《周季編略》改作“不囚增”）。（《魏世家》）
前247,247,秦莊襄王三年（西元前二四七年）,24,考案,秦、魏,蘇秦,,案：《索隱》所引《戰國策》，今本已佚。《戰國策》所載“蘇秦”、“公孫衍”當有誤。《魏世家》作“公孫喜”亦誤。此時不僅蘇秦、公孫衍久已去世，公孫喜亦不在。
前247,247,秦莊襄王三年（西元前二四七年）,25,史料,燕、趙,,,[趙孝成王]十九年趙與燕易土；以龍兌、汾門、臨樂與燕；燕以葛、武陽、平舒與趙。（《趙世家》）
前247,247,秦莊襄王三年（西元前二四七年）,26,史料,燕、趙,,伐、取,易水又東流屈徑長城西，又東流南徑武陽縣南，新城縣北。《史記》曰趙將李牧伐燕取武遂方城是也。俗又謂是水為武隧津。津北對長城門，謂之汾門。《史記·趙世家》雲：孝成王十九年趙與燕易土：以龍兌、汾門與燕，燕以葛城、武陽與趙，即此也。亦曰汾水門，又謂之梁門矣。（《水經·易水注》）
前247,247,秦莊襄王三年（西元前二四七年）,27,考案,燕、趙,,攻、圍、取,案：此乃趙連年攻燕、圍燕國都而後和解之結果。龍兌、汾門、臨樂三地，即趙所攻取之燕地，並用以進圍燕國都之主要據點。汾門又稱長城門，乃燕南邊靠易水所建燕長城之主要城門。汾門與武遂隔易水相對，在今河北徐水縣西北，龍兌在武遂西南二十餘裡，在今河北滿城縣北，臨樂在方城之南，在今河北固安縣西南，正當汾門東北一百餘裡。趙連年攻燕之主要路線，即由龍兌一帶，經武遂與汾門，攻至方城或臨樂，再由此北上進圍燕國都。是時燕求趙和解，以葛、武陽、中舒三城換取為趙所攻取之龍兌、汾門、臨樂三城，使趙兵撤退至燕長城以外。平舒在今河北大城縣，亦稱徐州，為燕南邊之重鎮，武陽即燕下都，此乃燕西北之重要門戶，具有軍事重鎮性質之別都。燕以此與趙交換土地，蓋迫於形勢，不得不然。
前247,247,秦莊襄王三年（西元前二四七年）,28,史料,秦,,即位,始皇初即位，穿治酈山。（《秦始皇本紀》三十七年九月“葬始皇酈山”下）
前247,247,秦莊襄王三年（西元前二四七年）,29,考案,秦、趙,,即位,案：《趙世家》載趙肅侯十五年“起壽陵”，從此戰國君主于生前已建壽陵。及秦王政即位，自初位即營壽陵，此後西漢沿用此制。
前247,247,秦莊襄王三年（西元前二四七年）,30,附編,,,,【附編】
前247,247,秦莊襄王三年（西元前二四七年）,31,史料,,,,二 年上郡守冰造，高工丞沐□，工隸臣徒（二年上郡守冰戈刻銘，見《文物》一九八二年第十一期七十五頁，“內”反面有“上郡武庫”刻銘）。
前247,247,秦莊襄王三年（西元前二四七年）,32,史料,周,,,三年上郡守□造，漆工師□，丞□，工城旦□。（三年上郡守戈刻銘，見《商周金文錄遺》第五八三號，現藏上海博物館）
前247,247,秦莊襄王三年（西元前二四七年）,33,考案,秦,,,案：二年上郡守冰戈，一九七九年發現於內蒙古准格爾旗納林。以上二器可能為秦莊襄王時或秦王政時所造，三年上郡守戈之上郡守名，殘存右半，可能為“冰”字之殘。
前247,247,秦莊襄王三年（西元前二四七年）,34,史料,秦、燕、趙,,取,馮忌為廬陵君謂趙王曰：“王之逐廬陵君，為燕也。”王曰：“吾所以重者，無燕、秦也。”對曰：“秦三以虞卿為言，而王不逐也；今燕一以廬陵君為言，而王逐之，是王輕強秦而重弱燕也。”王曰：“吾非為燕也，吾固將逐之。”“然則王逐廬陵君，又不為燕也，行逐愛弟，又兼無燕、秦，臣竊為大王不取也。”（《趙策四》第十一章）
前247,247,秦莊襄王三年（西元前二四七年）,35,考案,燕、趙,,,案：此事疑即在是年燕、趙和解，交換土地之時。“逐廬陵君”亦為燕所提之和解條件之一。
前246,246,秦王政（始皇帝）元年（西元前二四六年）,1,史料,齊、楚、燕、韓、趙、魏,,,魏安釐王三十一年，韓桓惠王二十七年，趙孝成王二十年，齊王建十九年，楚考烈王十七年，燕王喜九年。
前246,246,秦王政（始皇帝）元年（西元前二四六年）,2,史料,秦、晉、鄭,,取,秦始皇帝元年擊取晉陽。作鄭國渠。（《六國表》）
前246,246,秦王政（始皇帝）元年（西元前二四六年）,3,史料,秦、晉,,,晉陽反。[秦始皇帝]元年將軍蒙驁擊定之。（《秦始皇本紀》）
前246,246,秦王政（始皇帝）元年（西元前二四六年）,4,史料,秦、趙、晉,,立、拔,[趙孝成王]二十年秦王政初立，秦拔我晉陽。（《趙世家》，《六國表》亦作“秦拔我晉陽”）
前246,246,秦王政（始皇帝）元年（西元前二四六年）,5,考案,秦、趙、魏、晉,,即位、合縱、取,案：魏信陵君合縱，率五國兵擊退秦將蒙驁於河外，趙又乘機恢復太原之晉陽。因而擊取晉陽成為秦王政即位後第一件大事。
前246,246,秦王政（始皇帝）元年（西元前二四六年）,6,史料,秦、韓、鄭、中山、代,,伐、卒、殺,韓聞秦之好興事，欲罷之（“罷”讀作“疲”），毋令東伐，乃令水工鄭國間，說秦令鑿涇水自中山西邸瓠口為渠（《索隱》引小顏雲：“中音仲。”《正義》引《括地志》雲：“中山一名仲山。”“邸”讀作“抵”，至也。瓠口即穀口），並北山東注洛三百餘裡，欲以溉田。中作而覺，秦欲殺鄭國。鄭國曰：“始臣為間，然渠成亦秦之利也。”（《索隱》引《漢書·溝洫志》記鄭國曰：“臣為韓延數歲之命，為秦萬代之功也”）秦以為然，卒使就渠。渠就，用注填閼之水，溉澤鹵之地四萬餘頃，收皆畝一鍾（“鍾”讀作“鍾”）。於是關中為沃野，無凶年，秦以富強，卒並諸侯，因命曰鄭國渠。（《史記·河渠書》，《漢書·溝洫志》大體相同）
前246,246,秦王政（始皇帝）元年（西元前二四六年）,7,史料,秦、韓、周、鄭、中山,,伐、卒、殺,沮水東注鄭渠。昔韓欲令秦無東伐，使水工鄭國間，秦鑿涇引水（“秦”上疑脫“為”字），謂之鄭渠。渠首上承涇水於中山，西邸瓠口，所謂瓠中也。《爾雅》以為周焦獲矣。為渠並北山，東注洛三百餘裡，欲以溉田。中作而覺，秦欲殺鄭國。鄭國曰：“始臣為間，然渠亦秦之利。”卒使就渠，渠成而用注填闕之水，溉澤鹵之地，四萬餘頃，皆畝一鍾，關中沃野，無複凶年，秦以富強，卒並諸侯，命曰鄭渠。渠瀆東徑宜秋城北，又東徑中山南。《河渠書》曰：“鑿涇水自中山”，而《封禪書》：“漢武帝獲寶鼎于汾陰，將薦之甘泉，鼎至中山，氤氳有黃雲蓋焉。”徐廣《史記音義》曰：“關中有中山，非冀州者也。”指證此山，俗謂之仲山，非也。鄭渠又東徑舍車宮，南絕冶谷水。鄭渠故瀆又東徑巀薛山南，池陽縣故城北，又東絕清水。又東徑北原下，濁水注焉。自濁水以上，今無水。濁水上承雲陽縣東大黑泉，東南流，謂之濁谷水，又東南出原，注鄭渠。又東曆原徑曲梁城北，又東徑太上陵南原下，北屈徑原東與沮水合，分為二水，一水東南流，即濁水也……其一水東出，即沮水也，東與澤泉合。水出沮東澤中，與沮水隔原，相去十五裡，俗謂是水為漆水也。東流徑薄昭墓南，塚在北原上。又徑懷德城北，東南注鄭渠，合沮水。……沮循鄭渠東徑當道城南，城在潁陽縣故城南，潁陽宮也，秦厲公置。……應劭曰：“縣在潁水之陽”，今縣之左右，無水以應之，所可當者，惟鄭渠與？沮水又東徑蓮芍縣故城北……其水又東北流，注于洛水也。（《水經·沮水注》）
前246,246,秦王政（始皇帝）元年（西元前二四六年）,8,考案,秦、韓、周、越、鄭、中山,,,案：鄭國渠利用焦獲澤作為水庫。《水經注》謂《河渠書》所謂瓠口即周之焦獲澤，亦稱瓠中，蓋湖泊形如瓠而得名。《爾雅》十藪，周有焦獲，郭注：“今扶風池陽縣瓠中也。”《元和郡縣圖志》京兆涇陽縣下雲：“焦獲藪亦名瓠口。……按韓水工鄭國說秦，令鑿涇水，自仲山西抵瓠口為渠，即所謂鄭、白二渠是也。”瓠口當在陝西涇陽縣西北。據《水經注》，可知鄭國渠鑿涇水自中山向西到瓠口（亦作穀口），靠北山向東，經三百餘裡，注入洛水，穿越截斷若干縱流之小河，使若干小河之水注入渠中，用以灌溉四萬余頃之田。並創造“淤灌壓堿”之法，以改良土壤與增加肥力，所謂“用注填闕之水，溉澤鹵之地”。《漢書》顏注雲：“注，引也。闕讀與淤同。……填闕謂壅泥也，言引淤濁之水，灌堿鹵之田，令更肥美。”即用中流作“堰”之法，使涇水流速變慢，沉澱部分粗沙，引進具有肥效之細沙入渠，用以灌溉含有鹽鹼之耕田，可以起衝壓、降低耕土中鹽鹼含量之作用，從而改良土壤與增加肥力。
前246,246,秦王政（始皇帝）元年（西元前二四六年）,9,史料,秦、周,秦孝公,滅,[李斯]，不韋賢之，任以為郎。李斯因以得說。說秦王曰：“胥人者，去其幾也。成大功者，在因瑕釁而遂忍之。昔者秦穆公之霸，終不東並六國者，何也？諸侯尚眾，周德未衰，故五伯迭興，更尊周室。自秦孝公以來，周室卑微，諸侯相兼，關東為六國，秦之乘勝役諸侯，蓋六世矣。今諸侯服秦，譬若郡縣。夫以秦之強，大王之賢，由灶上騷除（《集解》引徐廣曰：“騷音埽”），足以滅諸侯，成帝業，為天下一統，此萬世之一時也。今怠而不急就，諸侯複強，相聚約從，雖有黃帝之賢，不能並也。”秦王乃拜斯為長史，聽其計，陰遣謀士齎持金玉以遊說諸侯。諸侯名士可下以財者，厚遺結之。不肯者，利劍刺之。離其君臣之計，秦王乃使其良將隨其後。秦王拜斯為客卿。（《李斯列傳》）
前246,246,秦王政（始皇帝）元年（西元前二四六年）,10,考案,秦、韓、鄭,,,案：《李斯列傳》記李斯為長史、為客卿在其上《諫逐客書》之前。《李斯列傳》謂韓使鄭國來秦為反間，說秦作溉渠以疲秦人，中作而覺，因而下逐客令，李斯乃上《諫逐客書》。《六國表》記“作鄭國渠”在秦王政元年，但《秦始皇本紀》則稱十年“相國呂不韋坐嫪毐免。……大索，逐客，李斯上書說，乃止逐客令”。梁玉繩引孫侍講雲：“逐客之議，因嫪毐，不因鄭國。鄭國事在秦王政初年，《大事記》雲是時不韋專國，亦客也，孰言逐客乎？《本紀》載于不韋免相後，得之矣。”其說是。據此可知李斯為客卿，當在秦王政十年前，其為長史，或在初年。
前246,246,秦王政（始皇帝）元年（西元前二四六年）,11,史料,秦、魏、晉、代,,卒、立,當是時公子（指魏公子信陵君）威振天下，諸侯之客進兵法，公子皆名之，故世俗稱《魏公子兵法》。秦王患之，乃行金萬斤于魏，求晉鄙客，令毀公子于魏王曰：“公子亡在外十年矣，今為魏將，諸侯將皆屬，諸侯徒聞魏公子，不聞魏王。公子亦欲因此時定南面而王，諸侯畏公子之威，方欲共立之。”秦數使反間，偽賀公子得立為魏王未也。魏王日聞其毀，不能不信，後果使人代公子將。公子自知再以毀廢，乃謝病不朝，與賓客為長夜飲，飲醇酒，多近婦女，日夜為樂飲者四歲，竟病酒而卒。（《魏公子列傳》）
前246,246,秦王政（始皇帝）元年（西元前二四六年）,12,考案,秦、魏,,卒,案：《資治通鑒》記此事于上年，《稽古錄》記此事於是年。蓋據樂飲四歲而卒。秦行金萬于魏以毀魏公子于魏王，即李斯“陰遣謀士齎持金玉以遊說諸侯”之計。
前246,246,秦王政（始皇帝）元年（西元前二四六年）,13,史料,韓、魏、蔡,,,魏安釐王……睢陽之事，荊軍老而走；蔡、召陵之事，荊軍破；兵四布於天下，威行於冠帶之國，安釐王死而魏以亡。（《韓非子·有度》）
前246,246,秦王政（始皇帝）元年（西元前二四六年）,14,考案,齊、楚、燕、韓、趙、魏、魯、衛、宋、蔡,,攻、救、滅、取、拔、遷,案：《韓非子·有度》敘魏戰勝楚之二戰役，于“魏安釐王攻燕救趙，取地河東；攻盡陶、衛之地；加兵于齊，私平陸之都；攻韓拔管，勝於淇下（“淇”疑“澤”之誤）”之後，蓋魏安麓王晚年之事。睢陽原為宋之舊都，戰國時宋已遷都彭城，睢陽一帶當已為魏所有。是時魏已據有陶、衛之地，而略取齊東邊之地，楚亦已滅魯，攻齊之南陽。魏、楚兩國因擴張領土而引起衝突，先在睢陽相戰，楚軍因疲困而退走，繼在上蔡、召陵相戰，楚軍又為魏所破。
前246,246,秦王政（始皇帝）元年（西元前二四六年）,15,史料,秦,,,今元年喜傅。（秦簡《編年記》）
前246,246,秦王政（始皇帝）元年（西元前二四六年）,16,考案,秦、趙,白起、秦昭王,救,案：“傅”亦稱“傅籍”。“傅”即“附”，謂附著姓名於戶籍。墓主喜生於秦昭王四十五年，是年正十五足歲，虛年齡為十七歲。據此可見，秦制，男子十五足歲，即登記戶籍，開始有服役與納戶賦之責任。《漢書·景帝紀》二年顏師古注：“傅，著也，言著名籍，給公家徭役也。”《白起列傳》稱長平之戰，“秦王聞趙食道絕，王自之河內，賜民爵各一級，發年十五以上悉詣長平，遮絕趙救及糧食。”蓋秦制，年十五以上應服役。
前245,245,秦王政（始皇帝）二年（西元前二四五年）,1,史料,齊、楚、燕、韓、趙、魏,,,魏安釐王三十二年，韓桓惠王二十八年，趙孝成王二十一年，齊王建二十年，楚考烈王十八年，燕王喜十年。
前245,245,秦王政（始皇帝）二年（西元前二四五年）,2,史料,秦,,攻、卒,[秦始皇帝]二年廉公將卒攻卷，斬首三萬。（《秦本紀》）
前245,245,秦王政（始皇帝）二年（西元前二四五年）,3,考案,秦、魏,秦昭王,攻、取、會,案：梁玉繩雲：“秦昭王三十四年已取魏卷，何煩此時攻之？疑卷字誤。”《史記會注考證》雲：“古鈔本、南本卷作權。”“卷”字實不誤。秦簡《編年記》雲：“三年卷軍。”蓋二年攻卷得勝，次年墓主喜到此服役，參與軍事行動。
前245,245,秦王政（始皇帝）二年（西元前二四五年）,4,史料,燕、趙、魏、代,廉頗,伐、攻、卒、立、取、拔、殺、奔,[趙孝成王]二十一年孝成王卒。廉頗將，攻繁陽取之。使樂乘代之，廉頗攻樂乘，樂乘走，廉頗亡入魏。子偃立，是為悼襄王。（《趙世家》）居六年（指廉頗破燕軍、殺栗腹之後六年），趙使廉頗伐魏之繁陽，拔之。趙孝成王卒，子悼襄王立，使樂乘代廉頗。廉頗怒，攻樂乘，樂乘走，廉頗遂奔魏之大樑。（《廉頗列傳》）
前245,245,秦王政（始皇帝）二年（西元前二四五年）,5,史料,燕、趙、代,廉頗,攻、卒、立、拔、奔,[燕王喜]十年趙使廉頗將，攻繁陽，拔之。趙孝成王卒，子悼襄王立，使樂乘代廉頗，廉頗不聽，攻樂乘，樂乘走，廉頗奔大樑。（《燕世家》）
前245,245,秦王政（始皇帝）二年（西元前二四五年）,6,考案,燕、趙,廉頗,攻、卒、立、取,案：《廉頗列傳》與《燕世家》同，所記當是。梁玉繩以為《趙世家》“孝成王卒”，“子偃立，是為悼襄王”十二字，當在“廉頗將，攻繁陽取之”下，今本錯亂，是也。
前245,245,秦王政（始皇帝）二年（西元前二四五年）,7,史料,趙、代,廉頗,卒、滅、殺、奔,李牧者，趙之北邊良將也。常居代、雁門，備匈奴。以便宜置吏，市租皆入莫府（“莫”讀作“幕”），為士卒費。日擊數牛饗士，習射騎，謹烽火，多間諜，厚遇戰士。為約曰：“匈奴即入盜，急入收保，有敢捕虜者斬。”匈奴每入，烽火謹，輒入收保，不敢戰（《資治通鑒》無“敢”字）。如是數歲，亦不亡失。然匈奴以李牧為怯，雖趙邊兵，亦以為吾將怯。趙王讓李牧，李牧如故。趙王怒，召之，使他人代將。歲餘，匈奴每來出戰，數不利（“數”上原衍“出戰”二字，從崔遹據《資治通鑒》及《太平御覽》二百九十四引《戰國策》刪），失亡多，邊不得田畜。複請李牧，牧杜門不出，固稱疾，趙王乃複強起使將兵。牧曰：“王必用臣，臣如前，乃敢奉令。”王許之。李牧至，如故約。匈奴數歲無所得，終以為怯。邊士日得賞賜而不用，皆願一戰，於是乃具選車得千三百乘，選騎得萬三千匹，百金之士五萬人，彀者十萬人（《太平御覽》引《戰國策》“彀”下有“弓弩”二字）。悉勒習戰，大縱畜牧，人民滿野。匈奴小入，詳北不勝（“詳”讀作“佯”），以數千人委之（《資治通鑒》“幹”作“十”，當是），單于聞之，大率眾來入（《太平御覽》引《戰國策》“大”下有“喜”字）。李牧多為奇陳，張左右翼擊之，大破，殺匈奴十余萬騎。滅襜襤（“襜”《集解》引徐廣曰：“一作臨”），破東胡，降林胡，單于奔走。其後十餘歲，匈奴不敢近趙邊城。（《廉頗列傳》所附《李牧傳》，《太平御覽》二百九十四引《戰國策》大體相同，今本《戰國策》無此文）
前245,245,秦王政（始皇帝）二年（西元前二四五年）,8,史料,秦、韓、趙、魏,,滅,李牧為趙將居邊，軍市之租皆自用饗士，賞賜決於外，不從中擾也。委任而責成功，故李牧乃得盡其智能，遣選車千三百乘，彀騎萬三千，百金之士十萬，是以北逐單于，破東胡，滅澹林，西抑強秦，南支韓、魏。當是之時，趙幾霸。（《史記·馮唐列傳》，馮唐稱“臣大父言”）
前245,245,秦王政（始皇帝）二年（西元前二四五年）,9,史料,齊、燕、趙、代,,,齊人李伯見孝成王，成王說之，以為代郡守。而居無幾何，人告之反。孝成王方饋，不墮食。無幾何，告者複至，孝成王不應。已乃使使者言：“齊舉兵擊燕，恐其以擊燕為名而以兵襲趙，故發兵自備。今燕、齊已合，臣請要其敝而地可多割。”自是之後，為孝成王從事於外者，無自疑於中者。（《趙策三》第二十二章）
前244,244,秦王政（始皇帝）三年（西元前二四四年）,1,史料,齊、楚、燕、韓、趙、魏,,,魏安釐土二十三年，韓桓惠王二十九年，趙悼襄王元年，齊王建二十一年，楚考烈王十九年，燕王喜十一年。
前244,244,秦王政（始皇帝）三年（西元前二四四年）,2,史料,秦、韓、魏,,攻、取,[秦始皇帝]三年蒙驁攻韓取十三城。王齮死。十月，將軍蒙驁攻魏氏畮、有詭（《集解》引徐廣曰：“畮音場。”《索隱》曰：“音暢”）。歲大饑。（《秦本紀》）
前244,244,秦王政（始皇帝）三年（西元前二四四年）,3,史料,秦、韓,,取,秦始皇帝三年蒙驁擊韓取十二城，王齮死。（《六國表》）
前244,244,秦王政（始皇帝）三年（西元前二四四年）,4,史料,秦、韓,,拔,[韓桓惠王]二十九年秦拔我十三城。（《韓世家》，《六國表》作“秦拔我十二城”）
前244,244,秦王政（始皇帝）三年（西元前二四四年）,5,史料,秦、韓,,攻、取,[秦]始皇三年蒙驁攻韓，取十三城。（《蒙恬列傳》）
前244,244,秦王政（始皇帝）三年（西元前二四四年）,6,考案,秦、韓、周,,攻、取,案：《秦始皇本紀》、《韓世家》、《蒙恬列傳》皆作蒙騖攻韓，取十三城。惟《六國表》作十二城，《資治通鑒》、《稽古錄》亦作十二城。《周季編略》雲：“《秦記》十三城，《韓世家》、《蒙恬列傳》同，《年表》作十二，《資治通鑒》、《大事記》作十一。《通鑒》刻本亦有作十一城者。
前244,244,秦王政（始皇帝）三年（西元前二四四年）,7,史料,趙、魏,,,[趙]悼襄王元年大備魏（“備”，《集解》引徐廣曰：“一作修”）。欲通平邑、中牟之道不成。（《趙世家》）
前244,244,秦王政（始皇帝）三年（西元前二四四年）,8,考案,趙、魏、周,,攻、取,案：《正義》讀“大備”句，魏“欲通平邑、中牟之道不成”句。《正義》雲：謂“行大備之禮也”。又雲：“平邑在魏州昌樂縣東北三十裡。相州湯陰縣西五十八裡有牟山。按中牟，山之側。時二邑皆屬魏，欲渡黃河作道相通，遂不成也。”《周季編略》雲：“大備魏句，趙欲以平邑通中牟，事不成而備之也。舊讀訛，事因不明。”今案當以《周季編略》所讀為是。中牟時為魏邑，在今河南鶴壁市西。平邑為趙邑，下文“五年傅抵將，居平邑”，可證。平邑在今河南南樂縣。趙于上年攻魏取得繁陽，繁陽在今河南內黃縣北，正當平邑之西。由此渡黃河向西，經黃城、蕩陰可達中牟。中牟為趙之舊都。是年趙“大備魏”，蓋大修戰備，欲開通自平邑向西，直通至中牟之道路，以備進軍之用，不得成功。
前244,244,秦王政（始皇帝）三年（西元前二四四年）,9,史料,燕、趙、魏,廉頗,攻、拔,趙悼襄王元年廉頗既亡入魏，趙使李牧攻燕，拔武遂、方城。（《廉頗列傳》附《李牧傳》）
前244,244,秦王政（始皇帝）三年（西元前二四四年）,10,考案,燕、趙、魏,廉頗,攻、卒、立、取、拔、奔,案：《廉頗列傳》記“趙孝成王卒，子悼襄王立”，廉頗奔魏大樑，“其明年趙乃以李牧為將而攻燕，拔武遂、方城。”與此同。惟《趙世家》以此為趙悼襄王二年之事，《燕世家》、《六國表》亦以此為燕王喜十二年之事。蓋此事起於是年，而終於次年。《資治通鑒》、《稽古錄》皆定李牧取武遂、方城於是年。
前244,244,秦王政（始皇帝）三年（西元前二四四年）,11,史料,秦,,,[今]（即秦始皇帝）三年卷軍，八月喜揄史。（秦簡《編年記》）
前244,244,秦王政（始皇帝）三年（西元前二四四年）,12,考案,秦、魏,,,案：是年墓主喜至卷服軍役。八月為揄史。以下文“四年□軍，十一月喜□安陸□史”比勘，知揄當為地名。黃盛璋釋揄為榆關(見所著《雲夢秦簡編年記地理與歷史問題》，收入《歷史地理與考古論叢》)，甚為確當。卷在今河南原陽縣西，原為魏邑。榆關在大樑西南，在今河南中牟縣南，兩地相近。
前244,244,秦王政（始皇帝）三年（西元前二四四年）,13,史料,秦,,盟,三年相邦呂[不韋造，上]郡假守憲(？)，高工□、丞申、工地。（三年相邦呂不韋矛刻銘，此矛一九八三年內蒙古烏蘭察布盟清水河縣賈浪村出土，見《文物》一九八七年第八期《內蒙古清水河縣拐子上古城發現秦兵器》）
前244,244,秦王政（始皇帝）三年（西元前二四四年）,14,考案,,,,案：同時同地出土另一矛銘作：“四年相邦呂不韋造，高工俞、丞申、工地”，兩銘同稱呂不韋造，同為“高工”即高奴工師主造，而且“丞申、工地”亦同。此矛刻銘有殘缺，可據以補充“不韋造，上”四字。此矛刻銘，既稱“相邦呂不韋造”，又稱“上郡假守憲”，此與九年呂不韋戈刻銘稱“相邦呂不韋造”又稱“蜀守宣”同例。蓋是時相邦呂不韋專權，郡守造戈亦稱呂不韋造。
前244,244,秦王政（始皇帝）三年（西元前二四四年）,15,史料,秦、燕、趙,,立,燕太子丹者，故嘗質于趙，而秦王政生於趙，其少時與丹驤（“驤”同“歡”）。及政立為秦王，而丹質于秦。秦王遇燕太子丹不善。（《刺客列傳》）
前244,244,秦王政（始皇帝）三年（西元前二四四年）,16,史料,秦、燕、蔡,,卒,[蔡澤]號為剛成君，居秦十餘年，事昭王、孝文王、莊襄王，卒事始皇帝，為秦使于燕，三年而燕使太子丹入質于秦。（《秦策三》第十八章，《蔡澤列傳》同）
前244,244,秦王政（始皇帝）三年（西元前二四四年）,17,史料,秦、燕、趙、蔡,秦昭王,伐、攻,文信侯欲攻趙以廣河間，使剛成君蔡澤事燕，三年而燕太子質于秦。文信侯因請張唐相燕（姚本此下衍“欲與燕共伐趙，以廣河間之地”十二字，鮑本無。鮑本是也。蓋後人據《史記·甘茂列傳》添入而誤複）。張唐辭曰：“燕者，必徑于趙，趙人得唐者受百里之地。”（《史記》作“臣嘗為秦昭王伐趙，趙怨臣，曰：得唐者與百里之地，今之燕必經趙，臣不可以行”）文信侯去而不快（《史記》作“文信侯不快，未有以強也”）。少庶子甘羅曰：“君侯何不快甚也？”文信侯曰：“吾令剛成君蔡澤事燕三年，而燕太子已入質矣，今吾自請張卿相燕，而不肯行。”甘羅曰：“臣行之。”（姚注：“一本臣下有請字”，《史記》亦有）文信侯叱曰：“去（“去”字原在“叱”字下，今從《史記》改正）。我自行之而不肯，汝安能行之也？”
前244,244,秦王政（始皇帝）三年（西元前二四四年）,18,史料,秦、楚、燕、趙,孔子,伐、攻、立、取、殺,甘羅曰：“夫項橐生七歲而為孔子師（《史記》“夫”作“大”，《索隱》雲：“音托，尊其道德，故曰大項橐”，“橐”原誤作‘橐’，今從《史記》改正），今臣生十二歲於茲矣，君其試臣，奚以遽言叱也？”甘羅見張唐曰：“卿之功，孰與武安君？”唐曰：“武安君戰勝攻取（《史記》“武安君”下有“南挫強楚，北威燕、趙”二句），不知其數；攻城墮邑，不知其數；臣之功不如武安君也。”甘羅曰：“卿明知功之不如武安君歟？”曰：“知之。”“應侯之用秦也，孰與文信侯專？”曰：“應侯不如文信侯專。”曰：“卿明知為不如文信侯專歟？”曰：“知之。”甘羅曰：“應侯欲伐趙，武安君難之，去咸陽七裡，絞而殺之（《史記》作“而立死于杜郵”），今文信侯自請卿相燕，而卿不肯行，臣不知卿所死之處矣。”唐曰：“請因孺子而行。令庫具車，廄具馬，府具幣（以上三句，《史記》作“令裝治行”）。行有日矣。”甘羅謂文信侯曰：“借臣車五乘，請為張唐先報趙。”（此下《史記》有一節：“文信侯乃入言之於始皇曰：“昔甘茂之孫甘羅，年少耳，然名家之子孫，諸侯皆聞之。今者張唐稱疾不肯行，甘羅說而行之，今願先報趙，請許遣之。始皇召見，使甘羅于趙。”）見趙王，趙王郊迎（《史記》作“趙襄王郊迎甘羅”）。謂趙王曰：“聞燕太子丹之入秦與？”曰：“聞之。”“聞張唐之相燕與？”曰：“聞之。”“燕太子入秦者，燕不欺秦也；張唐相燕者，秦不欺燕也；秦、燕不相欺，則伐趙，危矣。燕、秦所以不相欺者無異故，欲攻趙而廣河間也。今王齎臣五城以廣河間（《史記》“王”下有“不如”二字，義長），請歸燕太子，與強趙攻弱燕。”趙王立割五城以廣河間，歸燕太子。趙攻燕，得上穀三十六縣（《史記》作“三十城”），與秦什一（姚注引《後語》作“三十餘城，令秦有其十二”）。（《秦策五》第六章，《甘茂列傳》附《甘羅傳》大體相同，而略有增飾，末有“甘羅還報秦，乃封甘羅以為上卿，複以始甘茂田宅賜之”）
前244,244,秦王政（始皇帝）三年（西元前二四四年）,19,考案,秦、燕、趙、周,,攻、取,案：《周季編略》記此事於是年，並雲：“傳言趙攻燕得上穀，非一年事，羅為上卿，不知何年，故不錄。”此事當在李牧攻取燕武遂、方城之前。若趙已攻取得燕之武遂、方城，則趙師已攻入燕長城而威脅燕國都，秦便不能以“與燕共攻趙”而迫使趙割五城以廣河間。但據《燕世家》《六國表》，燕太子丹由秦亡歸燕，已在秦王政十五年，文信侯已於六年前免相，四年前死矣。可知此章所謂趙割五城以廣文信侯之河間，秦歸燕太子，不確。所謂趙攻燕得上穀三十六縣而與秦什一，亦不見其他記載，疑亦不實，疑皆策士誇大之辭。
前243,243,秦王政（始皇帝）四年（西元前二四三年）,1,史料,齊、楚、燕、韓、趙、魏,,,魏安釐王三十四年，韓桓惠王三十年，趙悼襄王二年，齊王建二十二年，楚考烈王二十年，燕王喜十二年。
前243,243,秦王政（始皇帝）四年（西元前二四三年）,2,史料,秦、趙,,拔,[秦始皇帝]四年，拔畮、有詭。三月軍罷。秦質子歸自趙，趙太子出歸國。十月庚寅蝗蟲從東方來，蔽天，天下疫（“十月”當為“七月”之誤）。百姓內粟千石，拜爵一級。（《秦始皇本紀》）
前243,243,秦王政（始皇帝）四年（西元前二四三年）,3,史料,秦,,,秦始皇帝四年七月蝗蔽天下，百姓納粟千石，拜爵一級。（《六國表》）
前243,243,秦王政（始皇帝）四年（西元前二四三年）,4,考案,秦、周,,,案：《秦始皇本紀》“十月庚寅”當為“七月庚寅”。《資治通鑒》從《六國表》作“七月”是也。《周季編略》雲：“十月無蝗。”是年七月丁亥朔，庚寅為初六日。
前243,243,秦王政（始皇帝）四年（西元前二四三年）,5,史料,秦、趙,,,趙悼襄王二年太子從質秦歸。（《六國表》“太子”疑是“公子”之誤）。
前243,243,秦王政（始皇帝）四年（西元前二四三年）,6,史料,秦、燕、韓、趙,,攻、拔,[趙悼襄王]二年李牧將攻燕，拔武遂、方城。秦召春平君，因而留之。泄鈞為之謂文信侯曰：“春平君者，趙王甚愛之而郎中妒之，故相與謀曰：‘春平君入秦，秦必留之’，故相與謀而內之秦也。今君留之，是絕趙而郎中之計中也。君不如遣春平君而留平都(“平都”下當脫“君”或“侯”字)。春平君者言行信于王，王必厚割趙而贖平都。”文信侯曰：“善。”因遣之。城韓皋。（《趙世家》）
前243,243,秦王政（始皇帝）四年（西元前二四三年）,7,史料,秦、趙,,,秦召春平侯，因留之。世鈞為之謂文信侯曰：“春平侯者，趙王之所甚愛也，而郎中甚妒之，故相與謀曰：‘春平侯入秦，秦必留之’，故謀而入之秦，今君留之，是空絕趙而郎中之計中也。故君不如遣春平侯而留平都侯。春平侯者言行于趙王，必厚割趙以事君而贖平都侯。”文信侯曰：“善。”因與接意而遣之。（《趙策四》第十七章）
前243,243,秦王政（始皇帝）四年（西元前二四三年）,8,考案,秦、趙,,,案：春平侯與平都侯當如平原君、平陽君，同為公子而封為君侯者，故可以作為留秦之人質。《正義》以春平侯為悼襄王之太子，不確。《六國表》“太子從質秦歸”，“太子”疑是“公子”之誤。春平侯又長期為相邦，由趙孝成王晚年直至悼襄王八九年。所見春平侯矛劍，既有十五年、十七年者，又有元年至八年者。
前243,243,秦王政（始皇帝）四年（西元前二四三年）,9,史料,燕、趙,,攻、拔,[燕王喜]十二年趙使李牧攻燕，拔武遂、方城。（《燕世家》，《六國表》作“趙拔我武遂、方城”）
前243,243,秦王政（始皇帝）四年（西元前二四三年）,10,史料,魏,,,魏安釐王三十四年信陵君死。（《六國表》）
前243,243,秦王政（始皇帝）四年（西元前二四三年）,11,史料,魏,,卒,魏公子……日夜為樂飲者四歲，竟病酒而卒，其歲安釐王亦薨。（《魏公子列傳》）
前243,243,秦王政（始皇帝）四年（西元前二四三年）,12,史料,魏,,卒、立,[魏安釐王]三十四年安釐王卒，太子增立，是為景滑王。信陵君無忌卒。（《魏世家》）
前243,243,秦王政（始皇帝）四年（西元前二四三年）,13,史料,秦,,,[秦始皇帝]四年□軍，十一月喜□安陸□史。（秦簡《編年記》）
前243,243,秦王政（始皇帝）四年（西元前二四三年）,14,史料,魏,,,安釐王生景湣王午。（《魏世家·索隱》引《世本》）
前243,243,秦王政（始皇帝）四年（西元前二四三年）,15,考案,,,,案：是年墓主至某地服軍役，十一月為安陸之小吏。
前242,242,秦王政（始皇帝）五年（西元前二四二年）,1,史料,齊、楚、燕、韓、趙、魏,,,魏景湣王元年，韓桓惠王三十一年，趙悼襄王三年，齊王建二十三年，楚考烈王二十一年，燕王喜十三年。
前242,242,秦王政（始皇帝）五年（西元前二四二年）,2,史料,秦、燕、魏,,攻、取、拔,[秦始皇帝]五年將軍驁攻魏，定酸棗、燕、虛、長平（“平”《集解》引徐廣曰：“一作千”）、雍丘、山陽城，皆拔之，取二十城。初置東郡。冬雷。（《秦始皇本紀》，《六國表》作“蒙驁取魏酸棗二十城，初置東郡”。冬雷，又見《漢書·五行志》）
前242,242,秦王政（始皇帝）五年（西元前二四二年）,3,史料,秦、楚、燕、韓、魏,秦昭王,攻、救、拔,今王三使盛橋守事于韓（鮑本無“三”字，“盛”作“成”。《史記·春申君列傳》與《新序·善謀》篇皆無“三”字，皆作“盛橋”），盛橋以其地入秦（“其地”原誤作“北”，“秦”原誤作“燕”，今從《史記》、《新序》改正）。是王不用甲，不伸威（《史記》、《新序》“伸”作“信”，《索隱》雲：“信音申”），而出百里之地（《史記》、《新序》“出”作“得”），王可謂能矣。王又舉甲兵而攻魏（《史記》、《新序》無“兵”字），杜大樑之門，舉河內，拔燕、酸棗、虛、桃人，楚、燕之兵雲翔而不敢救（《史記》、《新序》“桃”下“人楚”二字誤作“入邢”，“邢”乃“荊”字之訛。“救”原作“校”，《史記》作“捄”，《新序》作“救”，今據以改正），王之功亦多矣。（《秦策四》第十章，原為有人說秦王，高誘注：“秦王名正”，《史記·春申君列傳》誤作春申君說秦昭王，《新序·善謀》篇第九章從之。《春秋後語》亦從之。姚宏據以增補《戰國策》，其實非是）
前242,242,秦王政（始皇帝）五年（西元前二四二年）,4,考案,秦、楚、燕、韓、趙、越,,取、拔,案：《史記·索隱》雲：“按秦使盛橋甯事于韓，亦如楚使召滑相越然也，並內行章義之難。”“越”字今本誤作“趙”。金正煒雲：“《始皇本紀》：‘王弟長安君成蚜將軍擊趙，反’，此即其人。成、盛古通用。”其說是。《秦始皇本紀》未載盛橋此事，或因其後盛橋反叛，前功不得記載。《史記·集解》于“拔燕、酸棗、虛”下，引徐廣說，以為“秦始皇五年取酸棗、燕、虛”。據此可見，盛橋此事亦當在秦始皇五年或稍前。
前242,242,秦王政（始皇帝）五年（西元前二四二年）,5,史料,秦、魏,,拔,[魏]景滑王元年秦拔我二十城，以為秦東郡。（《魏世家》，《六國表》作“秦拔我二十城”）
前242,242,秦王政（始皇帝）五年（西元前二四二年）,6,史料,秦、魏,,攻、拔,秦聞公子死，使蒙驁攻魏，拔二十城，初置東郡。（《魏公子列傳》）
前242,242,秦王政（始皇帝）五年（西元前二四二年）,7,史料,秦、魏,,攻、取,[秦始皇帝]五年蒙驁攻魏，取二十城，作置東郡。（《蒙恬列傳》）
前242,242,秦王政（始皇帝）五年（西元前二四二年）,8,考案,秦、燕、魏、杞,,攻、取、拔、會,案：是年秦攻取魏二十城，不在同一地區。《史記·集解》雲：“《地理志》陳留有雍丘縣，河內有山陽縣。”雍丘在今河南杞縣，當魏都大樑之東南，此即《秦策四》有人謂秦王所說“杜大樑之門”。山陽在今河南焦作市東南，此即《秦策四》有人所說“舉河內”。此為河內之重要城邑，其後即為塜毒之封邑。《資治通鑒》胡注雲：“餘考上下文，此非河內之山陽，蓋班《志》山陽郡之地。”其說非是。漢之山陽郡地，在今山東巨野、嘉祥一帶，是時秦軍尚不能攻及。《正義》謂長平故城在陳州宛丘縣西六十六裡，在今河南西華縣西北，蓋遠在魏之南邊。《索隱》謂虛即《春秋》桓公十二年“會於虛”之虛，又謂：“《戰國策》曰：‘拔燕、酸棗、虛、桃人’，桃人亦魏地。”其說是也。酸棗在今河南延津縣東南，虛在延津縣東，燕在延津縣東北，桃人又在燕、虛二地之東，在今河南長垣西北，此四城即屬秦初置之東郡。秦初置東郡不過數城，其後秦繼續向東進攻，使東郡逐步擴大。
前242,242,秦王政（始皇帝）五年（西元前二四二年）,9,史料,趙、魏、魯,,盟、會,趙悼襄王三年趙相、魏相會魯柯盟。（《六國表》）
前242,242,秦王政（始皇帝）五年（西元前二四二年）,10,考案,楚、魏、魯,,卒、滅、會、遷,案：《史記會注考證》雲：“魯已滅七年，魯字衍，柯蓋魏地。”“魯”字未必是衍文，楚考烈王滅魯之後，遷魯君于柯。魯頃公卒于柯。因而此地有魯柯之稱。
前242,242,秦王政（始皇帝）五年（西元前二四二年）,11,史料,燕、趙,,,燕王喜十三年劇辛死于趙。（《六國表》）
前242,242,秦王政（始皇帝）五年（西元前二四二年）,12,史料,燕、趙,,攻,[趙悼襄王]三年龐煖將，攻燕，禽其將劇辛。（《趙世家》）
前242,242,秦王政（始皇帝）五年（西元前二四二年）,13,史料,秦、燕、趙,廉頗,攻、取、拔、殺,[燕王喜]十二年(當作十三年)劇辛故居趙，與龐煖善，已而亡走燕。燕見趙數困于秦，而廉頗去，令龐煖將也，欲因趙弊攻之。問劇辛，辛曰：“龐煖易與耳。”燕使劇辛將擊趙，趙使龐煖擊之，取燕軍二萬，殺劇辛。（《燕世家》）居二年（指趙悼襄王元年李牧拔武遂、方城之後）龐煖破燕軍，殺劇辛。（《廉頗列傳》附《李牧傳》）
前242,242,秦王政（始皇帝）五年（西元前二四二年）,14,史料,燕、韓、趙,,攻,鑿龜數策，兆曰大吉而以攻燕者，趙也。鑿龜數策，兆曰大吉而以攻趙者，燕也。劇辛之事燕，無功而社稷危；鄒衍之事燕，無功而國道絕。（《韓非子·飾邪》）
前242,242,秦王政（始皇帝）五年（西元前二四二年）,15,考案,秦、楚、趙、魏,,攻、救、合縱,案：今本《鷂冠子》稱龐煖嘗師事鷂冠子。錢穆《龐煖即臨武君考》以龐煖即是與荀卿議兵于趙孝成王前之臨武君（見《先秦諸子系年》第四八二至四八四頁），並無確據。余疑臨武君即景陽，乃率楚師與魏合縱攻秦而救趙得勝者，因而能與荀卿議兵于趙孝成王前，而頗為趙王所尊重。
前241,241,秦王政（始皇帝）六年（西元前二四一年）,1,史料,齊、楚、燕、韓、趙、魏,,,魏景湣王二年，韓桓惠王三十二年，趙悼襄王四年，齊王建二十四年，楚考烈王二十二年，燕王喜十四年。
前241,241,秦王政（始皇帝）六年（西元前二四一年）,2,史料,秦,,,秦始皇帝六年五國共擊秦。（《六國表》）
前241,241,秦王政（始皇帝）六年（西元前二四一年）,3,史料,秦、楚、韓、趙、魏、衛,,取,[秦始皇帝]六年韓、魏、趙、衛、楚共擊秦，取壽陵。秦出兵，五國兵罷。（《秦本紀》）
前241,241,秦王政（始皇帝）六年（西元前二四一年）,4,史料,秦、齊、楚、燕、趙、魏,,攻、取、拔,[趙悼襄王]四年龐煖將趙、楚、魏、燕之銳師攻秦蕞，不拔。移攻齊，取饒安。（《趙世家》）
前241,241,秦王政（始皇帝）六年（西元前二四一年）,5,史料,秦、楚,,伐、徙都,[楚考烈王]二十二年與諸侯共伐秦，不利而去，楚東徙都壽春，命曰郢。（《楚世家》，《六國表》作“王東徙壽春，命曰郢”）
前241,241,秦王政（始皇帝）六年（西元前二四一年）,6,史料,秦、楚、韓、魏、周、吳,,伐、攻,春申君相二十二年，諸侯患秦攻伐無已時，乃相與合從西伐秦，而楚王為從長，春申君用事。至函谷關，秦出兵攻，諸侯兵皆敗走。楚考烈王以咎春申君，春申君以此益疏。客有觀津人朱英謂春申君曰（《韓策一》第二十四章“觀津人朱英”作“觀鞅”)：“人皆以楚為強，而君用之弱。其于英不然（《策》文“英”作“鞅”）。先君時善秦二十年而不攻楚何也？（《策》文作“先君者二十餘年未嘗見攻”，《資治通鑒》作“先君時秦善楚，二十年而不攻楚何也”）秦逾黽隘之塞而攻楚（《策》文作“今秦欲逾兵於澠隘之塞”），不便；假道于兩周，背韓、魏而攻楚，不可。今則不然，魏旦暮亡，不能愛許、鄢陵，魏割以與秦（“魏”上原有“其許”二字，《策》文作“與梧”。黃丕烈雲：“《策》文與《史記》皆有誤。”“其許”二字涉上而誤衍，今從《資治通鑒》刪去），秦兵去陳百六十裡。臣之所觀者，見秦、楚日鬥也。”楚於是去陳徙壽春。……春申君由此就封于吳，行相事。（《春申君列傳》，其中朱英謂春申君語，又見《韓策一》第二十四章，蓋原在《楚策》而錯簡入《韓策》者）
前241,241,秦王政（始皇帝）六年（西元前二四一年）,7,考案,秦、楚、燕、韓、趙、魏、衛,,伐、攻、救、取,案：梁玉繩引翟灝曰：“衛微弱僅存，被秦迎逐，徙居野王，將救亡不暇，何敢攻秦，蓋燕、楚、趙、魏、韓五國伐秦耳。此《紀》誤以衛替燕，而《趙世家》誤脫韓也。至取壽陵之說更非，無論不勝而罷，未嘗取秦寸土，而五國所攻者，乃新豐之蕞，非壽陵也。”今案是役雖推楚王為縱長，實由趙將龐煖為主帥，龐煖不僅為軍事家，且為縱橫家。《漢書·藝文志》，兵權謀家著錄有《龐煖》三篇，縱橫家又著錄有《龐煖》二篇。所攻者為函谷關，以《楚世家》所記為實。蕞在今陝西臨潼北，已深入秦地，非此時五國之師所能攻及。
前241,241,秦王政（始皇帝）六年（西元前二四一年）,8,史料,楚,,,太史公曰：吾適楚，觀春申君故城，宮室盛矣哉。（《春申君列傳》）
前241,241,秦王政（始皇帝）六年（西元前二四一年）,9,史料,越、吳,,,今宮者，春申君子假君宮也。前殿屋蓋地，東西十七丈五尺，南北十五丈七尺。堂高四丈七尺，霤高丈八尺。殿屋蓋地，東西十五丈，南北十丈二尺七寸，戶霤高丈二尺。庫東鄉屋南北四十丈八尺，上下戶各二。南鄉屋東西六十四丈四尺，上戶四，下戶三。西鄉屋南北四十二丈九尺，上戶三，下戶二。凡百四十九丈一尺。簷高五丈二尺，霤高二丈九尺，週一裡二百四十一步。春申君所造。（《越絕書》卷二《記吳地傳》第三）
前241,241,秦王政（始皇帝）六年（西元前二四一年）,10,史料,越、吳,,,今太守舍者，春申君所造。後壁屋以為桃夏宮。（《越絕書》卷二《記吳地傳》第三）案：《越絕書》卷二所載春申君之事大多錯誤，皆不符史實。但所記春申君所造宮室，當有所據。
前241,241,秦王政（始皇帝）六年（西元前二四一年）,11,史料,越、吳,,,吳兩倉，春申君所造，西倉名曰均輸，東倉週一裡八步。（《越絕書》卷二《記吳地傳》第三）
前241,241,秦王政（始皇帝）六年（西元前二四一年）,12,史料,秦、魏、衛,,拔,[秦始皇帝]六年，拔衛，迫東郡，其君角率其支屬徙居野王，阻其山以保魏之河內。（《秦始皇本紀》）
前241,241,秦王政（始皇帝）六年（西元前二四一年）,13,史料,秦、魏、衛,,拔,[魏景湣王]二年秦拔我朝歌。衛徙野王。（《魏世家》，《六國表》亦作“秦拔我朝歌，衛從濮陽徙野王”）
前241,241,秦王政（始皇帝）六年（西元前二四一年）,14,史料,秦、魏、衛,,拔,[衛]元君十四年（當作十二年）秦拔魏東地，秦初置東郡，更徙衛野王縣，而並濮陽為東郡。（《衛世家》）
前241,241,秦王政（始皇帝）六年（西元前二四一年）,15,史料,秦、衛,,,秦徙衛野王，作置東郡。（《春申君列傳》）
前241,241,秦王政（始皇帝）六年（西元前二四一年）,16,史料,秦、齊、燕、魏、衛,,伐,荊軻者衛人也。其先乃齊人，徙于衛，衛人謂之慶卿，而之燕，燕人謂之荊卿。荊卿好讀書擊劍，以術說衛元君，衛元君不用。其後秦伐魏，置東郡，徙衛元君之支屬於野王。（《刺客列傳》）
前241,241,秦王政（始皇帝）六年（西元前二四一年）,17,史料,秦、衛,,拔,濮上之邑徙野王，野王好氣任俠，衛之風也。（《貨殖列傳》，《集解》引徐廣曰：“衛君角徙野王。”《正義》曰：“秦拔衛濮陽，徙其君於懷州野王。”）
前241,241,秦王政（始皇帝）六年（西元前二四一年）,18,史料,秦、衛,,,秦始皇徙衛君角于野王，置東郡，治濮陽縣。（《水經·睢水注》）
前241,241,秦王政（始皇帝）六年（西元前二四一年）,19,考案,秦、魏、衛,秦昭王,攻、卒、立、連橫、滅、取、拔、殺,案：《秦始皇本紀》言是年秦拔衛，迫東郡，其君角率其支屬徙居野王。蓋魏安釐王二十四年，即秦昭王五十四年，衛懷君因與秦連橫，為魏所囚殺，另立魏王之婿衛元君作為附庸。上年秦攻取魏東地設東郡，是年攻拔濮陽，並歸入東郡而作為郡治，於是另立角以為衛君，命角率其支屬（並非衛之全族）徙居野王，作為秦之附庸。野王在今河南沁陽縣，原屬魏之河內，故《本紀》謂“阻其山以保魏之河內”。《衛世家》謂是年衛元君徙野王，不確。《衛世家》又謂其後十一年，即衛元君二十五年，元君卒，子君角立。君角九年秦並天下，二十一年秦二世廢君角為庶人，衛絕祀。所謂君角為元君之子，亦不確。所謂衛至秦二世廢為庶人，當是事實。蓋衛因與秦連橫為魏所滅、作為附庸，秦因而拔衛後，另立君角為衛君作為附庸，延至秦二世方廢為庶人。
前241,241,秦王政（始皇帝）六年（西元前二四一年）,20,史料,秦,,,[秦始皇帝]六年四月為安陸令史。（秦簡《編年記》）
前241,241,秦王政（始皇帝）六年（西元前二四一年）,21,考案,,,,案：是年墓主喜為安陸縣之令史。
前241,241,秦王政（始皇帝）六年（西元前二四一年）,22,史料,秦、齊、楚、趙、魏,,,當是時，魏有信陵君，楚有春申君，趙有平原君，齊有孟嘗君，皆下士喜賓客以相傾。呂不韋以秦之強，羞不如，亦招致士，厚遇之，至食客三千人。是時諸侯多辯士，如荀卿之徒著書布天下。呂不韋乃使其客人人著所聞，集論以為《八覽》《六論》《十二紀》，二十余萬言，以為備天地萬物古今之事，號曰《呂氏春秋》。布咸陽市門，懸千金其上，延諸侯游士賓客有能增損一字者予千金。（《呂不韋列傳》）
前241,241,秦王政（始皇帝）六年（西元前二四一年）,23,史料,秦,,,呂不韋者，秦莊襄王相，亦上觀尚古，刪拾《春秋》，集六國時事，以為《八覽》、《六論》、《十二紀》，為《呂氏春秋》。（《史記·十二諸侯年表·序》）
前241,241,秦王政（始皇帝）六年（西元前二四一年）,24,史料,秦,,,秦呂不韋請迎高妙，作《呂氏春秋》。……書成，皆布之都市，懸置千金，以延示眾士，而莫能有變易者，乃其事約豔，體具而言微也。（《文選》楊德祖《答臨淄侯箋》李善注引《桓譚新論》）
前241,241,秦王政（始皇帝）六年（西元前二四一年）,25,史料,秦,,,《呂氏春秋》二十六篇。（《漢書·藝文志》，班固自注：“秦相呂不韋輯智略士作。”）
前241,241,秦王政（始皇帝）六年（西元前二四一年）,26,史料,秦,,,維秦八年，歲在涒灘，秋，甲子朔，朔之日，良人請問十二紀。文信侯曰：“嘗得學黃帝之所以誨顓頊矣，爰有大圜在上，大矩在下，汝能法之，為民父母。蓋聞古之清世，是法天地。凡十二紀者，所以紀治亂存亡也，所以知壽夭吉凶也。上揆之天，下驗之地，中審之人，若此則是非、可不可，無所遁矣。天曰順，順維生；地曰固，固維寧；人曰信，信維聽。三者咸當，無為而行。行也者，行其理也。行數，循其理，平其私。夫私視使目盲，私聽使耳聾，私慮使心狂。三者皆私設精則智無由公。智不公，則福日衰，災日隆，以日倪而西望知之。”（《呂氏春秋·序意》，舊雲：一作“《廉孝》”，畢沅雲：“案廉孝二字與此無涉，必尚有脫文。”）
前241,241,秦王政（始皇帝）六年（西元前二四一年）,27,考案,趙,趙襄子,殺,案：《呂不韋列傳》及《十二諸侯年表·序》皆謂《呂氏春秋》以《八覽》、《六論》、《十二紀》為次，今本以《十二紀》居首，出於後人移易。《序意》篇當《十二紀》之末，本在全書之末。諸子自述作書之意者，皆殿全書之末，如《莊子·天下篇》、《淮南子·要略訓》、《論衡·自紀》之類，《序意》篇亦如此。但《序意》篇文章簡短，僅敘《十二紀》之主旨，而不及《八覽》、《六論》，蓋已有缺佚。且舊雲“一作《廉孝》”，後有“趙襄子游於囿中”，青荓退而自殺之事，與上文不相連屬，當為錯簡。
前241,241,秦王政（始皇帝）六年（西元前二四一年）,28,考案,秦、韓、周,,即位、滅、遷,又案：高誘注：“八年，秦王政即位八年也。歲在申名渚灘。”畢沅雲：“今謂始皇即位之年，歲在乙卯。錢氏塘以超辰法推之，知在癸醜，再加七年是庚申，是年又當超辰，則為辛酉，而此猶雲渚灘者，失數超辰之歲也。”嚴可均曰：“《呂不韋列傳》秦王年少云云，乃使其客人人著所聞，然後雲始皇帝益壯，然後雲七年、九年，知不韋著書在始皇初即位之時，八蓋之誤。始皇四年，歲在戊午，太陰在申，則太歲在午，此其證也。”張文虎曰：“我友顧君觀光以三統術，推得始皇八年七月甲子朔，然是年實壬戌，當為閹茂，非渚灘。錢少詹事以歲有超辰為解，超辰之說始于劉歆，古法無之。今姑以三統積年求得是年歲星在壽星，太歲在作郛，仍差一次。王氏《雜誌》用許周生說，以八年為六年之誤，而六年秋無甲子朔，則無以定其果是也。”姚文田作《呂覽維秦八年歲在渚灘考》雲：“超辰之說起于漢人，當時亦未行，安得強先秦以就我法？又讀者據太初元年歲在丁醜，溯而上之，遂改始皇為乙卯，固欲並改《呂覽》之八年為六年。……今考《韓非子·五蠹》篇雲：周去秦為從，期年而舉。……《困學紀聞》雲：壬子秦遷東周君而周遂不祀，作史者當自丙午至壬子系周統于七國之上。以韓非及王氏之言證之，知自癸醜以後乃可書秦，而《呂覽》之文，實統莊襄言之矣。”（見《邃雅堂集》）孫星衍曰：“考莊襄王滅周之後二年癸醜歲，至始皇六年，共八年，適得庚申歲，申為涒灘，呂不韋指謂是年。”若《呂氏春秋》著成于秦王政六年，“甲子朔”當有誤，或者古人以“甲子”為吉日，混稱為“甲子朔”。
前241,241,秦王政（始皇帝）六年（西元前二四一年）,29,史料,,,,物固莫不有長，莫不有短，人亦然。故善學者，假人之長以補其短，故假人者遂有天下。（《呂氏春秋·用眾》）
前241,241,秦王政（始皇帝）六年（西元前二四一年）,30,史料,周,,滅,今周室既滅，而天子已絕。亂莫大于無天子，無天子則強者勝弱，眾者暴寡，以兵相殘，不得休息，今之世當之矣。（《呂氏春秋·謹聽》篇，《觀世》篇大體相同，惟“已絕”作“既廢”，“殘”作“劃”，“休息”下有“而佞進”三字）
前241,241,秦王政（始皇帝）六年（西元前二四一年）,31,史料,,,,當今之世渴甚矣，黔首之苦不可以加矣，天子既絕，賢者廢伏，世主恣行，與民相離，黔首無所告愬，世有賢主秀士宜察此論也，則其兵為義矣。（《呂氏春秋·振亂》）
前241,241,秦王政（始皇帝）六年（西元前二四一年）,32,史料,,,取,欲為天子，民之所走不可不察。今之世，至寒矣，至熱矣，而民無走者，取則行鈞也。欲為天子，所以示民不可不異也。（《呂氏春秋·功名》）
前241,241,秦王政（始皇帝）六年（西元前二四一年）,33,史料,,,,兵誠義，以誅暴君而振苦民，民之說也(“說”讀作“悅”)，若孝子之見慈親也，若饑者之見美食也，民之號呼而走之，若強弩之射於深溪也，若積大水而失其壅堤也。(《呂氏春秋·蕩兵》)
前241,241,秦王政（始皇帝）六年（西元前二四一年）,34,考案,秦、齊、楚、韓、趙、魏、晉、周,白起、秦昭王,攻、圍、救、立、稱帝、滅、取、殺,案：呂不韋集合賓客，共著《呂氏春秋》一書，公佈于國都，蓋欲集各家之長，以完成秦之帝業。即所謂“假人者遂有天下”。以為是時周室既滅，天子已絕，惟有用“義兵”，以誅暴君而振苦民，方能重立天子，消除相戰不休之局勢，救民於水深火熱之中。其書取名為《呂氏春秋》，《春秋》本為歷史記載之名稱，原為教誨太子之用，所謂“教之《春秋》而為之聳善而抑惡焉，以戒勸其心”(《國語·楚語上》申叔時語)。《呂氏春秋·序意》篇謂所以著《十二紀》，乃“學黃帝之所以誨顓頊矣”。呂不韋是時“招致賓客遊士，欲以並天下”，此書即其行動之綱領。是時李斯為呂不韋之舍人，必參與其事。李斯入秦，亦因見“秦王欲吞天下，稱帝而治”。此書亦即呂不韋欲使秦王“吞天下，稱帝而治”者。呂不韋先後執政十二年，宣稱奉行此書之政綱。先滅亡東周，建三川郡，又攻取韓、趙二國地，建上黨郡與太原郡，更攻取魏之東地，建東郡，使秦之領土向東伸展，與齊接界，切斷趙與韓、魏之聯繫，造成包圍三晉之形勢。秦為尚首功之國，當以斬首數目作為其戰勝之標誌，動輒以萬計，先後所殺三晉及楚之民數百萬。秦昭王時白起為將，斬首最多。是時戰爭之最大變化，所攻佔之城邑甚多，如秦莊襄王三年蒙驁擊趙榆次等三十七城，秦王政三年蒙驁攻韓取十三城，五年蒙驁攻魏取二十城，皆無斬首之記錄。惟有秦王政二年廡公攻卷，斬首三萬之記錄，而此後廡公未見將軍作戰。蓋三晉已喪失戰鬥力，望風而逃，因而殺傷較少，同時亦當與呂氏賓客鼓吹以“義兵”“誅暴君”有關。
前240,240,秦王政（始皇帝）七年（西元前二四0年）,1,史料,齊、楚、燕、韓、趙、魏,,,魏景湣王三年，韓桓惠王三十三年，趙悼襄王五年，齊王建二十五年，楚考烈王二十三年，燕王喜十五年。
前240,240,秦王政（始皇帝）七年（西元前二四0年）,2,史料,秦,,攻,[秦始皇帝]七年彗星先出東方，見北方，五月見西方。將軍驁死。以攻龍、孤、慶都（《集解》引徐廣曰：“慶一作麃”），還兵攻汲。彗星複見西方十六日。夏太后死。（《秦始皇本紀》）
前240,240,秦王政（始皇帝）七年（西元前二四0年）,3,史料,秦,,卒,秦始皇帝七年彗星見 $ \underset{\cdot}{北} $方、西方。夏太后薨。蒙驁死。（《六國表》）[秦]始皇七年蒙驁卒。（《蒙恬列傳》）
前240,240,秦王政（始皇帝）七年（西元前二四0年）,4,史料,秦、魏,,拔,魏景湣王三年秦拔我汲。（《魏世家》，《六國表》同）
前240,240,秦王政（始皇帝）七年（西元前二四0年）,5,考案,秦、齊、代,,,案：據齊藤國治、小澤賢二《中國古代天文記錄檢證》，是年哈雷彗星於五月二十五日先見於東方，六月三日見於北方，六月九日再見於西方，即《秦始皇本紀》所謂“五月見西方”。
前240,240,秦王政（始皇帝）七年（西元前二四0年）,6,史料,趙,,,[趙悼襄王]五年傅抵將，居平邑；慶舍將東陽、河外師，守河梁。（《趙世家》）
前240,240,秦王政（始皇帝）七年（西元前二四0年）,7,史料,秦,,會,[秦]始皇七年莊襄王母夏太后薨。孝文王后曰華陽太后與孝文王會葬壽陵。夏太后子莊襄王葬芷陽，故夏太后獨別葬杜東，曰：“東望吾子，西望吾夫。後百年，旁當有萬家邑。”(《呂不韋列傳》)
前240,240,秦王政（始皇帝）七年（西元前二四0年）,8,考案,,,,案：《正義》曰：“夏太后陵在萬年縣東南三十五裡。”
前240,240,秦王政（始皇帝）七年（西元前二四0年）,9,史料,秦,,,[秦始皇帝]七年正月甲寅鄢令史。（秦簡《編年記》）
前240,240,秦王政（始皇帝）七年（西元前二四0年）,10,考案,,,,案：是年墓主喜為鄢縣之令史。是年正月癸卯朔，甲寅為十二日。
前239,239,秦王政（始皇帝）八年（西元前二三九年）,1,史料,齊、楚、燕、韓、趙、魏,,,魏景湣王四年，韓桓惠王三十四年，趙悼襄王六年，齊王建二十六年，楚考烈王二十四年，燕王喜十六年。
前239,239,秦王政（始皇帝）八年（西元前二三九年）,2,史料,秦、趙,,卒、遷,[秦始皇帝]八年王弟長安君成蚜將軍擊趙，反死屯留(“死”字衍)，軍吏皆斬死，遷其民於臨洮。將軍壁死，卒屯留、蒲鷸反（《集解》引徐廣曰：“鷸一作鶡”），戮其屍。（《秦始皇本紀》）
前239,239,秦王政（始皇帝）八年（西元前二三九年）,3,史料,趙,,,[趙悼襄王]六年封長安君以饒。（《趙世家》）
前239,239,秦王政（始皇帝）八年（西元前二三九年）,4,考案,秦、趙、周、鄭,,卒、遷、殺,案：《秦始皇本紀》所載，當有誤字，舊注又多誤解。《正義》於“璧死”下釋雲：“言成嬌自殺壁壘之內。”《索隱》雲：“謂成嬌為將軍而反，秦兵擊之，而嬌壁於屯留而死。屯留、蒲鷂二邑之反卒，雖死猶皆戮其屍。”錢大昕雲：“辟與蒲鷂皆似人名，壁乃討成嬌之將軍，辟死而部卒又叛，因更戮其屍耳。”梁玉繩《瞥記》引許周生雲：“反下衍死字，《漢書·五行志》無。王弟長安君成嬌將軍擊趙，反屯留，軍吏皆斬，遷其民於臨洮，此為一事。據《漢書·五行志》所引止此，可證。以下別為一事。壁當將兵在外者，前所衍死字，疑當在蒲鷂反下，將軍壁死，卒屯留蒲鷂反，戮其屍。蓋蒲鷂、屯留人聞遷屯留民，懼禍及己，故因將軍之死而反，反亦即死，故戮其屍也。”今案：“反死屯留”，《漢書·五行志》所引無“死”字，“死”字當為衍文。據《趙世家》，是年封長安君以饒，可知長安君未死，亦如鄭安平降趙而接受封邑。饒在今河北饒陽縣東北。《周季編略》雲：“秦王弟長安君成嬌將軍擊趙，至屯留有叛謀，趙封以饒，受之，事不克，成嬌自殺，軍吏皆斬死，卒之從叛而死者，戮其屍；徙屯留之民於臨洮。”此乃杜撰故實，並不足信。按上文“將軍驁死”之文例，“將軍壁死”，壁當為將軍名。上文稱“蒙驁、王齮、庶公等為將軍”，是時王齮、蒙驁先後去世，疑壁乃庶公之名。
前239,239,秦王政（始皇帝）八年（西元前二三九年）,5,史料,秦,,,嫪毐封為長信侯，予之山陽地，令毐居之。宮室、車馬、衣服、苑囿、馳獵恣毒。事無大小皆決於毒。又以河西、太原郡為毒國。（《秦始皇本紀》，《集解》引徐廣曰：“河一作汾。”《六國表》作“嫪毐封長信侯”）
前239,239,秦王政（始皇帝）八年（西元前二三九年）,6,史料,秦,,拔、遷,始皇帝益壯，太后淫不止。呂不韋恐覺禍及己，乃私求大陰人嫪毐為舍人，時縱倡樂，使毐以其陰關桐輪而行，令太后聞之，以啖太后。太后聞，果欲私得之。呂不韋乃進嫪毐，詐令人以腐罪告之。不韋又陰謂太后曰：“可事詐腐，則得給事中。”太后乃陰厚賜主腐者吏，詐論之，拔其鬚眉為宦者，遂得侍太后。太后私與通，絕愛之。有身，太后恐人知之，詐卜當避時，徙宮居雍。嫪毐常從，賞賜甚厚，事皆決於嫪毐。嫪毐家僮數千人，諸客求宦為嫪毐舍人千餘人。（《呂不韋列傳》，“千餘人”當作“四千餘人”。《秦始皇本紀》謂毒處死後，其舍人遷蜀四千餘家）
前239,239,秦王政（始皇帝）八年（西元前二三九年）,7,史料,秦、魏,,攻、賂,秦攻魏急。或謂魏王曰：“棄之不如用之易也，死之不如棄之易也。能棄之，弗能用之；能死之，弗能棄之；此人之大過也。今王亡地數百里，亡城數十，而國患不解，是王棄之非用之也。今秦之強也，天下無敵；而魏之弱也甚；而王以是質秦，王又能死而弗能棄之，此重過也。今王能用臣之計，虧地不足以傷國，卑體不足以苦身，解患而怨報。秦自四境之內，執法以下至於長挽者，故畢曰：‘與嫪氏乎？與呂氏乎？’雖至於門閭之下，廊廟之上，猶之如是也。今王割地以賂秦，以為嫪毐功，卑體以尊秦（“體”讀作“禮”），以因嫪毐，王以國贊嫪毐，以嫪毐勝矣。王以國贊嫪氏，太后之德王也深于骨髓，王之交最為天下上矣。秦、魏百相交也，百相欺也。今由嫪氏善秦，而交為天下上，天下孰不棄呂氏而從嫪氏，天下必舍呂氏而從嫪氏（“舍”原誤作“合”，從鮑本及《大事記》改正），則王之怨報矣。”（《魏策四》第二十六章）
前239,239,秦王政（始皇帝）八年（西元前二三九年）,8,考案,秦、魏、吳,,攻、拔、賂,案：吳師道曰：“《大事記》以此章附見於始皇八年封嫪毐長信侯之下，謂嫪、呂爭權，略見於此。景閏元年秦拔二十城，《策》言亡地數百里，亡城數十，則此在後矣。二年拔朝歌，三年拔汲。《大事記》所書，則拔汲之年。所謂秦攻魏急者，蓋其時矣。”其說可從。是時秦攻魏急，或人請魏王賂秦以為嫪毐功，以國贊嫪毐，使嫪毐爭勝呂不韋，使天下舍呂氏而從嫪氏，從而解患而怨報。可見呂氏執政足以強秦，嫪氏當權足以敗秦，呂之與嫪，正邪判然。或人謂魏王曰：“王以國贊嫪氏，太后之德王也深于骨髓，王之交最為天下上矣。”可知嫪毐確因太后之寵倖而權勢獨攬。
前239,239,秦王政（始皇帝）八年（西元前二三九年）,9,考案,秦、齊、魏、越,,取、殺,又案：錢穆辨之曰：“因以牽連及于繆毒之事，不韋自殺，諸賓客或誅或逐，其事遂莫肯明言。而乃妄造呂政之譏，與繆毒自不韋薦身之說，同為當時之誣史而已。”錢穆據上引《魏策四》而辨之曰：“據此呂之與繆，邪正判然。繆氏顯與呂氏爭政，太后傾私繆氏。未見繆之必為不韋所進也。又《秦始皇本紀》繆毒封長信侯，《索隱》雲：‘按《漢書》繆氏出邯鄲，錢氏《廿二史考異》雲：“班氏無此文，當是《漢書》注也。《南越傳》嬰齊取邯鄲繆氏女，《索隱》雲：繆音紀虯反，繆姓出邯鄲。”此繆字《正義》亦音紀虯反，蓋繆繆古文通用。今人讀繆為郎到切，非也。據此繆毒乃邯鄲人。疑始皇母在邯鄲，本識毒，不俟于不韋之進顯，而史傳所稱私求大陰人繆毒，使以其陰關桐輪而行，令太后聞之，以啖太后者，皆故為醜語，非事實也。毒與始皇母私生二子容有之，因並謂始皇乃不韋子，則亦無稽之醜詆耳。”今案：所謂“使毒以其陰關桐輪而行”，其事妄謬，難以置信。至於始皇母是否本識繆毒，亦無確證。
前239,239,秦王政（始皇帝）八年（西元前二三九年）,10,史料,秦、齊、楚、燕、韓、趙、魏、蔡,,立、取、殺,秦王欲見頓弱。頓弱曰：“臣之義，不參拜。王能使臣無拜，即可矣。不即不見也。”秦王許之。於是頓子曰：“天下有有其實而無名者（“有”下原不重“有”字，姚注：“一本有下更有有字。”鮑本“有”下補“有”字，今從之），有無其實而有其名者，有無其名而無其實者，王知之乎？”王曰：“弗知。”頓子曰：“有其實而無其名者，商人是也，無把銚推耨之勞（“勞”原作“勢”，鮑本作“勞”，今從之），而有積粟之實，此其有實而無其名者也。無其實而有其名者，農夫是也，解凍而耕，暴背而耨，無積粟之實，此無其實而有其名者也。無其名又無其實者，王乃是也，已立為萬乘，無孝之名；以千里養，無孝之實。”秦王悖然而怒。頓弱曰：“山東戰國有六，威不掩于山東而掩於母，臣竊為大王不取也。”秦王曰：“山東之戰國可兼與？”(“戰”原作“建”，今從鮑本改正)頓子曰：“韓，天下之咽喉也；魏，天下之胸腹也（上二句“也”字原脫，從黃丕烈據《後漢書·蔡邕傳·注》、《文選·魏都賦·注》所引補）；王資臣萬金而遊，聽之韓、魏，入其社稷之臣于秦，即韓、魏從。韓、魏從而天下可圖也。”秦王曰：“寡人之國貧，恐不能給也。”頓子曰：“天下未嘗無事也，非從即橫也。橫成則秦帝，從成則楚王。秦帝，即以天下恭養；楚王，即王雖有萬金，弗得私也。”秦王曰：“善。”乃資萬金，使東游韓、魏，入其將相。北游于燕、趙而殺李牧。齊王入朝，四國必從（“必”讀作“畢”，鮑本作“畢”），頓子之說也。（《秦策四》第八章）
前239,239,秦王政（始皇帝）八年（西元前二三九年）,11,考案,秦、楚、燕、韓、趙、魏,孔子,攻、卒、連橫、滅、賂、遷、殺,案：頓弱乃遊士之主張秦與韓、魏連橫而攻趙者。彼遊說秦王政曰：“威不掩于山東而掩于母”，蓋尚在太后當實權而秦王政未親政之時，當在八年或九年四月以前。四月以後，秦王政親自當國，太后見遷，嫪毐見殺，呂不韋見廢，秦即改變其兼併六國之策略，與韓、魏連橫而謀攻趙、楚，即從頓弱之說也。秦王于此後以間諜工作配合軍事行動，逐步攻滅六國，亦即采頓弱之策略。沈欽韓《漢書疏證》論之曰：“《秦策》有頓弱，說秦王資萬金，東游韓、魏，入其將相，北游燕、趙而殺李牧，正與尉繚謀同。頓弱與尉繚乃一人，記異耳。”其說甚是。《秦始皇本紀》稱：大樑人尉繚說秦王：“願大王毋愛財物，賂其豪臣，以亂其謀，不過亡三十萬金，則諸侯可盡。”秦王“以為秦國尉，卒用其計策，而李斯用事”。《李斯列傳》稱：“秦王乃拜斯為長史，聽其計，陰遣謀士齎金玉以遊說諸侯，諸侯名士可下以財者，厚遺結之，不肯者利劍刺之，離其君臣之計，秦王乃使其良將隨其後。”據此可知，尉繚之與頓弱，乃一事之兩傳，頓弱確即尉繚。尉乃其官職，緣乃其名，頓為其姓氏，“弱”“繚”乃一聲之轉。“弱”古讀若“溺”，“弱”“溺”通用，《禹貢·弱水》，《說文》作“溺水”。《大戴禮·勸學》篇“弱約危通似察”，《荀子·宥坐》篇“弱約”作“淖約”，《說苑·雜言篇》、《孔子家語·三恕》篇又作“綽約”。《說文》雲：“弱，橈也”，“弱”與“繚”不僅是一聲之轉，義亦相通。
前239,239,秦王政（始皇帝）八年（西元前二三九年）,12,史料,秦,,卒,河魚大上，輕車重馬東就食。（《秦始皇本紀》，此二句夾於“卒屯留、蒲鷂反，戮其屍”之下，“嫪毐封為長信侯”之上，《集解》引徐廣曰：“一無此重字。”）
前239,239,秦王政（始皇帝）八年（西元前二三九年）,13,考案,秦,,,案：《索隱》雲：“言河魚大上，秦人皆輕車重馬，並就食於東，言往河食魚也。一雲：河魚大上為災，人遂東就食，皆輕車重馬而去。”當以後說為是。《索隱》又雲：“謂河水溢，魚大上平地，亦言遭水害也。即《漢書·五行志》劉向所謂豕蟲之孽。明年嫪毐誅。魚陰類，小人象。”《正義》亦雲：“始皇八年黃河之魚西上入渭。渭，渭水也。《漢書·五行志》雲“魚者陰類，臣民之象也”。蓋秦史官信天人相應之說，以成蜥、嫪毐之事為河水大上之應，故夾敘於其間。《漢書·五行志》亦持此說。
前239,239,秦王政（始皇帝）八年（西元前二三九年）,14,史料,韓,,卒、立,[韓桓惠王]三十四年桓惠王卒，子王安立。（《韓世家》）
前238,238,秦王政（始皇帝）九年（西元前二三八年）,1,史料,齊、楚、燕、韓、趙、魏,,,魏景湣王五年，韓王安元年，趙悼襄王七年，齊王建二十七年，楚考烈王二十五年，燕王喜十七年。
前238,238,秦王政（始皇帝）九年（西元前二三八年）,2,史料,秦、魏,,攻、遷,[秦始皇帝]九年彗星見，或竟天。攻魏垣、蒲陽。……四月寒凍有死者，楊端和攻衍氏。彗星見西方，又見北方，從鬥以南八十日。（《秦始皇本紀》，《六國表》作“彗星見，竟天。嫪毐為亂，遷其舍人於蜀。彗星複見”）
前238,238,秦王政（始皇帝）九年（西元前二三八年）,3,史料,秦、魏,,拔,[魏景滑王]五年秦拔我垣、蒲陽、衍。（《魏世家》，《六國表》同）
前238,238,秦王政（始皇帝）九年（西元前二三八年）,4,史料,秦、齊、楚、燕、趙、魏,秦昭王,救、取,王休甲息眾三年然後複之(“休”字原脫，“甲”原誤作“申”，“三”原誤作“二”，今從《史記·春申君列傳》、《新序·善謀》篇第九章補正)，又取蒲、衍、首垣（《史記》“取”作“並”，《新序》“蒲”誤作“滿”)，以臨仁、平丘、小黃、濟陽、甄城（姚本“丘”誤作“兵”，鮑本作“丘”，《史記》、《新序》皆作“丘”，今據以改正。“甄”，《史記》，《秦策》皆誤作“嬰”，今從《新序》改正)，而魏氏服矣。王又割濮、曆之北（《新序》“曆”作“曆”，“曆”“曆”古通用），屬之燕（《史記》、《新序》無此句），斷齊、趙之要（“趙”原誤作“秦”，從金正煒改正。“要”讀作“腰”。“斷”《史記》、《新序》誤作“注”），絕楚、魏之脊（“魏”，《史記》、《新序》誤作“趙”），天下五合六聚而不敢救也，王之威亦憚矣（《史記》、《新序》“憚”作“單”，《集解》引徐廣曰：“單一作殫。”《索隱》曰：“單音丹，盡也，言王之威盡行也。”王念孫曰：“憚者盛威之名，此言秦之威盛”）。（《秦策四》第十章或說秦王，《史記·春申君列傳》與《新序·善謀》第九章誤作“春申君上書秦昭王”，內容大體相同）
前238,238,秦王政（始皇帝）九年（西元前二三八年）,5,考案,秦、齊、楚、燕、韓、趙、魏,,攻、圍、合縱、取,案：是年秦攻魏，攻取得魏東部之地甚大，以擴大秦之東郡，使秦取得大塊中原之地，東北與燕接境，東與齊接境，北面包圍趙國，南面包圍韓、魏兩國，從而“斷齊、趙之腰，絕楚、魏之脊”。從此使東方六國不能再合縱抗秦，直至陸續為秦所兼併。
前238,238,秦王政（始皇帝）九年（西元前二三八年）,6,考案,秦、齊、楚、燕、韓、魏、鄭,秦昭王,攻、取、拔、遷,又案：梁玉繩雲：“考秦昭王四十八年取魏垣，是河東之垣也，而《春申君列傳》上昭王書，又有並蒲、衍、首垣之語，是開封之長垣也，則垣有兩地，已與衍俱為昭王所拔，奚待始皇九年複攻，此與《年表》、《世家》同誤，蓋此時但當言攻魏蒲陽耳，垣與衍皆屬羨文。”此說大謬。《秦策四》第十章，開首作“說秦王曰”，高誘注：“秦王名正，莊王楚之子。”《文選》陸機《辯亡論下》李善注引《戰國策》頓子說秦王曰：“今楚、魏之兵雲翔而不敢拔。”蓋李善所見《戰國策》，以此與上章頓弱（亦作頓子）說秦王，同為頓弱說秦王正之辭。此中述及史實皆為秦王政十年以前事。蓋司馬遷誤以為春申君上秦昭王書，而《新序》從之。梁玉繩據此以為垣、衍兩地已為秦昭王所拔，而以《秦始皇本紀》、《魏世家》、《六國表》之“垣”“衍”皆屬羨文，失之遠矣。其實，《本紀》、《世家》、《年表》所載，不但無羨文，尚過於簡略，有待於以此說秦王之辭加以補充。三年前，秦攻取魏酸棗、燕、虛、桃人等城而初置東郡，是年繼續大舉向魏之東部進攻。《秦始皇本紀》、《魏世家》所謂秦拔魏之垣、蒲陽，即《秦策四》所謂首垣、蒲，蓋垣亦稱首垣，又稱長垣，蒲又稱蒲陽。蒲即在桃人東南，即今河南長垣縣，首垣在今長垣縣東北。《秦始皇本紀》所謂秦所攻之衍氏，即《魏世家》與《秦策四》所謂衍。蓋衍亦稱衍氏，在今河南鄭州之北。此在魏之西邊，蓋秦另一軍所攻取。《秦始皇本紀》所謂“楊端和攻衍氏”。至於《秦策四》所謂“以臨仁、平丘、小黃、濟陽”等城，平丘在今河南封丘縣東。平丘與首垣原為韓邑，乃梁惠王十三年韓來致于魏者，見《水經·河水注》所引《竹書紀年》。小黃在今河南蘭考縣西，濟陽在今蘭考縣東北。仁之地望不詳。《秦策四》“濟陽”之下原作“嬰城”，《史記》同，《新序》作“甄城”，當以甄城為是。甄城在今山東鄄城縣北，正當濮陽之東，原為齊邑，是時蓋已為魏佔有，而秦又奪之也。若作“嬰城”，謂嬰城自守，則與下文“而魏氏服矣”，辭意不接。所謂“王又割濮、磨之北”，蓋謂割取濮水、曆山以北之地。據《水經注》，曆山在雷澤西南十許裡，當濮水之南。而濮陽、甄城正當濮水之北。
前238,238,秦王政（始皇帝）九年（西元前二三八年）,7,史料,秦、齊、衛,,攻、卒、滅、遷、殺,[秦始皇帝九年]四月上宿雍，己酉王冠，帶劍。長信侯作亂而覺，矯王禦璽及太后璽以發縣卒及衛卒、官騎、戎翟君公、舍人，欲攻蘄年宮為亂。王知之，命相國、昌平君、昌文君發卒攻蘄，戰咸陽，斬首數百，皆拜爵，及宦者皆在戰中，亦拜爵一級。蘄等敗走。即令國中：“有生得聿，賜錢百萬；殺之，五十萬。”盡得賚等。衛尉竭、內史肆、佐弋竭、中大夫令齊等二十人皆梟首，車裂以徇，滅其宗。及其舍人，輕者為鬼薪。及奪爵遷蜀四千餘家，家房陵。（《秦始皇本紀》）
前238,238,秦王政（始皇帝）九年（西元前二三八年）,8,考案,秦,秦昭王,立、即位,案：是年四月己醜朔，己酉為二十一日。《集解》引徐廣曰：“年二十二。”秦以年二十二歲行冠禮於宗廟。秦之宗廟在雍，故往宿雍而行冠禮。秦惠文王年十九而立，三年王冠。秦昭王年十九而立，亦三年王冠。按禮，冠而親政。秦王政從此親政，不再如“初即位”時“委國事大臣”。
前238,238,秦王政（始皇帝）九年（西元前二三八年）,9,史料,秦,,遷、殺,[秦]始皇九年，有告嫪毐實非宦者，常與太后私亂，生子二人，皆匿之。與太后謀曰：“王即薨，以子為後。”於是秦王下吏治，具得情實，事連相國呂不韋。九月夷嫪毐三族，殺太后所生兩子，而遂遷太后于雍。諸嫪毐舍人皆沒其家而遷之蜀。王欲誅相國，為其奉先王功大，及賓客辯士為遊說者眾，王不忍致法。（《呂不韋列傳》）
前238,238,秦王政（始皇帝）九年（西元前二三八年）,10,史料,秦,孔子,攻、卒、滅,不韋及嫪毐貴，封號文信侯（當作長信侯）。人之告嫪毐，毐聞之，秦王驗左右，未發。上之雍郊，毐恐禍起，乃與黨謀，矯太后璽發卒以反蘄年宮。發吏攻毐，毐敗亡走，追斬之好畤，遂滅其宗。而呂不韋由此絀矣。孔子之所謂聞者，其呂子乎？（《呂不韋列傳》太史公曰）
前238,238,秦王政（始皇帝）九年（西元前二三八年）,11,考案,秦,,,案：《秦始皇本紀》謂是年四月上宿雍，己酉王冠，帶劍。而此雲“上之雍郊”，蓋是時秦王政“宿雍”，先郊見，而後行冠禮。《秦本紀》稱昭王五十四年“郊見上帝於雍”。《史記·封禪書》曰：“三年一郊。秦以冬十月為歲首，故常以十月上宿郊見。”又曰：“今上初至雍，郊見五畤，後常三歲一郊。”蓋秦及漢初，仍沿用至雍郊見之禮。
前238,238,秦王政（始皇帝）九年（西元前二三八年）,12,史料,秦,,取、遷、殺,秦始皇帝太后不謹，幸郎嫪毐，封以為長信侯，為生兩子，毐專國事，侵益驕奢，與侍中左右貴臣俱博（《呂不韋列傳·集解》引“俱博”作“博弈”，“俱”乃“弈”之形訛），飲酒，醉，爭言而鬥，瞋目大叱曰：“吾乃皇帝之假父也，窶人子何敢乃與我亢！”所與鬥者走，行白皇帝，皇帝大怒。毐懼誅，因作亂，戰咸陽宮（“宮”字當衍），毒敗。始皇乃取毒四支車裂之（“支”讀作“肢”），取其兩弟囊撲殺之，取皇太后遷之于茆陽宮（《呂不韋列傳·索隱》引作“遷太后咸陽宮”，“茆”乃“械”之誤）。下令曰：“敢乙太後事諫者，戮而殺之，從蒺藜其脊肉、幹、四支而積之闕下。”諫而死者二十七人矣。（《說苑·正諫》第八章）
前238,238,秦王政（始皇帝）九年（西元前二三八年）,13,考案,秦,秦昭王,遷,案：《呂不韋列傳·索隱》雲：“按《說苑》雲遷太后棫陽宮。《地理志》雍縣有棫陽宮，秦昭王所起也。”今本《說苑》“棫”誤作“芴”。《漢書·地理志》郭縣有芴陽宮。《三輔黃圖》雲：“芴陽宮，秦文王所造，在今鄠縣西南二十三裡。”《漢書·地理志》雍縣有“棫陽宮，昭王起”。《三輔黃圖》雲：“棫陽宮秦昭王所作，在今岐州扶風縣東北。”《長安志》謂在扶風縣東北十五裡。今陝西鳳翔南古城村東北發現有“棫陽”殘瓦，可證棫陽宮確實在雍。《呂不韋列傳》稱“遷太后于雍”，即遷于棫陽宮。《資治通鑒》作“遷太后于雍芴陽宮”，不確。
前238,238,秦王政（始皇帝）九年（西元前二三八年）,14,考案,秦,,攻、卒,又案：《秦始皇本紀》謂王命相國、昌平君、昌文君發卒攻毒，戰咸陽。《說苑》作“戰咸陽宮”，“宮”字當為衍文。
前238,238,秦王政（始皇帝）九年（西元前二三八年）,15,史料,,,,九年相邦呂不韋造。蜀守宣，東工守文、丞武，工極，成都。（九年呂不韋戈刻銘，此戈一九八七年九月四川青川縣白水區出土，見《文物》一九九二年第十一期戴家祥《四川青川縣出土九年呂不韋戈考》）
前238,238,秦王政（始皇帝）九年（西元前二三八年）,16,考案,秦,,,案：此戈字體風格與四川涪陵出土秦王政二十六年蜀守武戈相同。此戈稱“東工守文”，蜀守武戈稱“東工師宦”，均為成都“東工”作坊所造。此稱“相邦呂不韋造，蜀守宣”，與三年呂不韋矛稱“相邦呂[不韋造，上]郡假守憲(？)”，體例相同。蓋此時呂不韋為相邦而擅權，郡守所造兵器，亦稱相邦呂不韋造。
前238,238,秦王政（始皇帝）九年（西元前二三八年）,17,史料,楚,,卒、立、殺,[楚考烈王]二十五年考烈王卒，子幽王悍立。李園殺春申君。（《楚世家》）
前238,238,秦王政（始皇帝）九年（西元前二三八年）,18,考案,楚,,,案：幽王名悍，金文作“忎”，見楚王禽忑鼎銘文。
前238,238,秦王政（始皇帝）九年（西元前二三八年）,19,附編,齊、楚、趙、周、代,,卒、立、滅、聘、殺,【附編】楚考烈王無子，春申君患之，求婦人宜子者進之，甚眾，卒無子。趙人李園持其女弟，欲進之楚王，聞其不宜子，恐久無寵。李園求事春申君為舍人，已而謁歸，故失期，還謁，春申君問狀（《史記·春申君列傳》“狀”上有“之”字），對曰：“齊王遣使求臣女弟，與其使者飲，故失期。”春申君曰：“聘人乎？”對曰：“未也。”春申君曰：“可得見乎？”曰：“可。”於是園乃進其女弟，即幸于春申君。知有身，園乃與其女弟謀，園女弟承間說春申君曰：“楚王之貴幸君，雖兄弟不如。今君相楚二十餘年，而王無子，即百歲後，將更立兄弟，即楚王更立（《史記》“即”作“則”，“立”下有“後”字），彼亦各貴其故所親（《史記》無“彼”字），君又安得長有寵乎？君用事久（《史記》“君”下有“貴”字），多失禮于王兄弟，兄弟誠立，禍且及身，奈何以保相印、江東之封乎？（姚注：“一本無奈字。”《史記》無“奈”字）今妾自知有身矣，而人莫知。妾之幸君未久，誠以君之重而進妾于楚王，王必幸妾。妾賴天而有男，則是君之子為王也，楚國封盡可得（《史記》無“封”字），孰與其臨不測之罪乎？（《史記》“其”作“身”）春申君大然之，乃出園女弟，謹舍而言之楚王。楚王召入，幸之，遂生子男，立為太子，以李園女弟立為王后（《史記》無“立”字）。楚王貴李園，李園用事。李園既入其女弟為王后，子為太子，恐春申君語泄而益驕，陰養死士，欲殺春申君以滅口，而國人頗有知之者。春申君相楚二十五年，考烈王病，朱英謂春申君曰：“世有無妄之福，又有無妄之禍，今君處無妄之世，以事無妄之主，安不有無妄之人乎？”（以上五“無妄”，《史記》皆作“毋望”，“不有”作“可以無”）春申君曰：“何謂無妄之福？”曰：“君相楚二十餘年矣，雖名為相國，實楚王也，五子皆相諸侯（《史記》無此句），今王疾甚（《史記》作“今楚王病”），旦暮且崩（《史記》“崩”作“卒”），太子衰弱，疾而不起（《史記》無上二句，疑是衍文），而君相少主，因而代立當國，如伊尹、周公，王長而反政，不即遂南面稱孤，因而有楚國，此所謂無妄之福也。”春申君曰：“何謂無妄之禍？”曰：“李園不治國，王之舅也（《史記》作“而君之仇也”，梁玉繩雲：“此因聲近而誤，言李園為王舅也，下文春申君雲僕善李園，則不以為仇明矣。”按《索隱》曰：“言園是春申之仇也。《戰國策》作君之舅也，謂為王之舅，意異也”。梁說不確。蓋朱英以李園已成為春申君之仇，而春申君不以為是仇），不為兵將而陰養死士之日久矣（《史記》無“將”字）。楚王崩，李園必先入，據本議制斷君命（《史記》無此句），秉權而殺君以滅口（《史記》“秉”作“據”），此所謂無妄之禍也。”春申君曰：“何謂無妄之人！”曰：“君先仕臣為郎中，君王崩，李園先入，臣請為君劓其胸，殺之（《史記》作“君置臣郎中，楚王卒，李園必先入，臣為君殺李園”），此所謂無妄之人也。”春申君曰：“先生置之，勿複言已（《史記》作“足下置之”）。李園軟弱人也（《史記》無“軟”字），僕又善之，又何至此？”朱英恐（《史記》作“朱英知言不用，恐禍及身”），乃亡去。後十七日，楚考烈王崩，李園果先入，置死士止於棘門之內（《史記》作“伏死士於棘門之內”），春申君後入，止棘門，園死士夾刺春申君（《史記》“夾”作“俠”），斬其頭，投之棘門外，於是使吏盡滅春申君之家，而李園女弟初幸春申君有身而入之王所生子者，遂立為楚幽王也。（《楚策四》第十二章，《春申君列傳》同）
前238,238,秦王政（始皇帝）九年（西元前二三八年）,20,史料,楚、魯、越、吳,,立、取,昔者楚考烈王相春申君，吏李園。園女弟環謂園曰：“我聞王老無嗣，可見我于春申君？我欲假于春申君，我得見於春申君，徑得見於王矣。”園曰：“春申君貴人也，千里之佐，吾何托敢言？”女環曰：“即不見我，汝求謁于春申君：‘才人告有遠道客，因請歸待之。’彼必問汝：‘汝家何等遠道客者？’因對曰：‘園有女弟，魯相聞之，使使者來求之園，才人使告園也。’彼必有問汝：‘汝女弟何能？’對曰：‘能鼓音、讀書、通一經。’故彼必見我。”園曰：“諾。”明日辭春申君：“才人有遠道客，請歸待之。”春申君果問：“汝家何等遠道客？”對曰：“園有女弟，魯相聞之，使使來求之。”春申君曰：“何能？”對曰：“能鼓音、讀書、通一經。”春申君曰：“可得見乎？”園曰：“可。”“明日使待於離亭。”園曰：“諾。”既歸，告女環曰：“吾辭于春申君，許我明日夕待於離亭。”女環曰：“園宜先供待之。”春申君到，園馳人呼女環到。黃昏女環至，大縱酒，鼓琴，曲未終，春申君重言善；女環鼓琴而歌，春申君大悅。留宿。明日女環謂春申君曰：“妾聞王老無嗣，屬邦於君（“屬”讀作“囑”）。君外淫不顧政事。使王聞之，君上負于王，使妾兄下負于夫人，為之奈何？無泄此口，君召而戒之。”春申君以告官屬莫有聞淫女也，皆曰：“諾。”與女環通未終月，女環謂春申君曰：“妾聞王老無嗣，今懷君子一月矣，可見妾于王。幸產子男，君即王公也，而何為佐乎？君戒念之。”五日而道之：“邦中有好女，中相可屬嗣者。”烈王曰：“諾。”即召之，烈王悅取之，十月產子男。烈王死，幽王嗣立。女環使園相春申君。相之三年然後告園，以吳封春申君，使備東邊。園曰：“諾。”即封春申君于吳。（《越絕書》卷十四《越絕外傳·春申君》）
前238,238,秦王政（始皇帝）九年（西元前二三八年）,21,史料,秦、楚、越、吳,,立、殺,春申君，楚考烈王相也。烈王死，幽王立，封春申君于吳，三年幽王征春申為楚令尹。春申君自使其子為假君治吳。十一年幽王征假君與春申君，並殺之。二君治吳凡十四年。後十六年秦始皇並楚，百越叛去。（《越絕書》卷二《越絕外傳·記吳地傳》）
前238,238,秦王政（始皇帝）九年（西元前二三八年）,22,考案,秦、楚、周、越,,滅、殺,案：黃式三《周季編略》辨之曰：“《策》、《史》言春申君納李園妹，知娠而獻之。據《越絕書》十四篇則雲：烈王娶李園妹，十月產子男，則《策》、《史》之說非矣。春申君果知娠而出諸謹宮，言諸王而入幸之，則事非一月，安必其十月後生子乎？生而果男乎？行不可知之詭計，春申君何愚？此必後負芻謀弑哀王猶之誣言也。”又曰：“《列女傳》雲：公子負芻之徒聞知幽王非考烈王子，疑哀王，乃襲殺哀王及太后，盡滅李園之族，然則負芻謀篡構釁造謗，楚事有不實者，當考。”錢穆又辨之曰：“戰國晚年有兩事相似而甚奇者，則呂不韋之子為秦王政，而黃歇之子為楚幽王悍是也。然細考之，殆均出好事者為之，無足信者。……餘考《越絕書》，其言又不僅如黃氏所辨者……夫通未終月，烏得懷子已一月？此全寫女環之愚春申，而欲假借以得幸于楚王，與下言十月產子，同一筆法，凡以明幽王之非春申子也，黃氏既援據《越絕》駁《史記》，而曰春申何愚，不知誠如《越絕》之言，春申固不免為愚耳。……今文信、春申之事，一何若符節之合，而又同出於一時，不奇之尤奇者邪？……今並舉而著之，亦足使讀史者知此故實之不盡可信耳。”（《先秦諸子系年》第四九一至四九四頁，《春申君見殺考》)所辨甚是。《呂不韋列傳》稱“姬自匿有身，至大期時生子政”。梁玉繩辨之曰：“夫不及期，可疑也，過期尚何疑？”《越絕書》又稱女環“十月產子男”。十月到期而產，亦尚何疑？《春申君列傳》稱此出於李園之謀，而《越絕書》則以為出於園女弟環之計謀，蓋奇之尤奇者，凡此皆出於“傳奇”之創作，不足信也。《越絕書》所記春申君之行事，皆不符史實，出於杜撰。
前238,238,秦王政（始皇帝）九年（西元前二三八年）,23,史料,齊、楚、燕、韓、趙、魏,,,魏景湣王六年，韓王安二年，趙悼襄王八年，齊王建二十八年，楚幽王元年，燕王喜十八年。
前238,238,秦王政（始皇帝）九年（西元前二三八年）,24,史料,秦、齊、趙,,遷,[秦始皇帝]十年相國呂不韋坐嫪毐免。桓齮為將軍。齊、趙來置酒。齊人茅焦說秦王曰：“秦方以天下為事，而大王有遷母太后之名，恐諸侯聞之，由此倍秦也（“倍”讀作“背”）。”秦王乃迎太后于雍而入咸陽，複居甘泉宮。（《秦始皇本紀》，《集解》引徐廣曰：“《表》雲咸陽南宮也。”）
前238,238,秦王政（始皇帝）九年（西元前二三八年）,25,史料,秦、齊、趙,,,秦始皇帝十年相國呂不韋免。齊、趙來置酒，太后入咸陽。大索。（《六國表》，據《秦始皇本紀》，《集解》引徐廣曰：“《表》雲咸陽南宮也。”今本“咸陽”下脫“南宮”二字）
前238,238,秦王政（始皇帝）九年（西元前二三八年）,26,考案,秦、周,,,案：《周季編略》以為表作咸陽南宮是也，“《秦記》及《三輔黃圖》皆言始皇二十七年作甘泉宮。”
前238,238,秦王政（始皇帝）九年（西元前二三八年）,27,史料,秦、齊,,,秦王十年十月免相國呂不韋。及齊人茅焦說秦王，秦王乃迎太后于雍，歸複咸陽（《集解》引徐廣曰：“入南宮。”），而出文信侯就國河南。（《呂不韋列傳》）
前238,238,秦王政（始皇帝）九年（西元前二三八年）,28,史料,秦、齊,,立、取、會、遷、殺,始皇……取皇太后遷之于茆陽宮（《秦始皇本紀·正義》引“茆”作“鹹”，茆”“鹹”皆為“棫”字之誤），下令曰：“敢乙太後事諫者，戮而殺之，從蒺藜其脊肉、幹、四支而積之闕下。”諫而死者二十七人矣。齊客茅焦乃往上謁曰：“齊客茅焦願上諫皇帝。”皇帝使使者出問：“客得無乙太後事諫也。”茅焦曰：“然。”使者還白曰：“果乙太後事諫。”皇帝曰：“走往告之，若不見闕下積死人耶？”使者問茅焦，茅焦曰：“臣聞之天有二十八宿，今死者已有二十七人矣，臣所以來者，欲滿其數耳，臣非畏死人也，走入白之。”茅焦邑子同食者，盡負其衣物行亡。使者入白之，皇帝大怒曰：“是子故來犯吾禁，趣炊鑊湯煮之，是安得積闕下乎？”趣召之入，皇帝按劍而坐，口正沫出。使者召之入，茅焦不肯疾行，足趣相過耳。使者趣之，茅焦曰：“臣至前則死矣，君獨不能忍吾須臾乎？”使者極哀之。茅焦至前，再拜謁起，稱曰：“臣聞之，夫有生者不諱死，有國者不諱亡。諱死者不可以得生，諱亡者不可以得存。死生存亡，聖主所欲急聞也，不審陛下欲聞之不？”皇帝曰：“何謂也？”茅焦對曰：“陛下有狂悖之行，陛下不自知邪？”皇帝曰：“何等也，願聞之。”茅焦對曰：“陛下車裂假父，有嫉妒之心；囊撲兩弟，有不慈之名；遷母茆陽宮（“茆”為“棫”字之誤），有不孝之行；從蒺藜於諫士，有桀、紂之治。今天下聞之，盡瓦解、無嚮秦者（《秦始皇本紀·正義》引“嚮”作“向”，“嚮”通“向”），臣竊恐秦亡，為陛下危之。所言已畢，乞行就質。”乃解衣伏質。皇帝下殿，左手接之，右手麾左右曰：“赦之，先生就衣，今願受事。”乃立焦為仲父（《正義》引“仲父”為“傅”，當作“傅”為是），爵之為上卿。皇帝立駕千乘萬騎，空左方，自行迎太后茆陽宮（“茆”為“棫”字之誤)，歸於咸陽。太后大喜，乃大置酒待茅焦。及飲，太后曰：“抗枉令直，使敗更成，安秦之社稷，使妾母子複得相會者，盡茅君之力也。”（《說苑·正諫》第八章）
前238,238,秦王政（始皇帝）九年（西元前二三八年）,29,考案,秦,,,案：《秦始皇本紀·正義》引《括地志》雲：“茅焦，滄州人也。”
前238,238,秦王政（始皇帝）九年（西元前二三八年）,30,史料,秦,,,大索，逐客。李斯上書說，乃止逐客令。（《秦始皇本紀》）
前238,238,秦王政（始皇帝）九年（西元前二三八年）,31,史料,秦、韓、鄭,,會,會韓人鄭國來間秦，以作注溉渠，已而覺。秦宗室大臣皆言秦王曰：“諸侯人來事秦者，大抵為其主游間于秦耳，請一切逐客。”李斯議亦在逐中。斯乃上書曰……(《李斯列傳》)
前238,238,秦王政（始皇帝）九年（西元前二三八年）,32,考案,秦、韓、周、鄭,,,案：《資治通鑒》敘“宗室大臣議曰：諸侯人來仕者”云云，于“十月文信侯免相，出就國”之後，蓋從《秦始皇本紀》，以為秦大索逐客，即因嫪毐叛亂而作。甚是。《李斯列傳》誤以為因韓人鄭國來間秦作鄭國渠而起，非是。《六國表》明載“作鄭國渠”在秦始皇帝元年，非此年事。《周季編略》以“作鄭國渠”移至此年，非是也。馬驌《繹史》據《李斯列傳》編在是年，並雲：“《通鑒》載于元年，然以《秦記》考之，似宜在是年。”不足信。
前238,238,秦王政（始皇帝）九年（西元前二三八年）,33,史料,秦、楚、趙、魏、晉、衛、宋、鄭,張儀、商鞅,卒、立、取、拔,[李]斯乃上書曰：“臣聞吏議逐客，竊以為過矣。昔繆公求士，西取由余於戎，東得百里奚于宛，迎蹇叔于宋，來丕豹、公孫支于晉。此五子者不產于秦，而繆公用之，並國二十（《文選》卷三十九“二十”誤作“三十”），遂霸西戎。孝公用商鞅之法，移風易俗，民以殷盛，國以富強，百姓樂用，諸侯親服，獲楚、魏之師，舉地千里，至今治強。惠王用張儀之計，拔三川之地，西並巴、蜀，北收上郡，南取漢中，包九夷，制鄢、郢，東據成皋之險，割膏腴之壤，遂散六國之從，使之西面事秦，功施到今。昭王得範雎，廢穰侯，逐華陽，強公室，杜私門，蠶食諸侯，使秦成帝業。此四君者，皆以客為功。由此觀之，客何負于秦哉？向使四君卻客而不內（《文選》“內”作“納”，“內”通“納”），疏士而不用，是使國無富利之實而秦無強大之名也。今陛下致昆山之玉，有隨、和之寶，垂明月之珠，服太阿之劍，乘纖離之馬，建翠鳳之旗，樹靈鼉之鼓（《文選》“鼉”作“鱓”，“鼉”通“鱓”），此數寶者，秦不生一焉，而陛下說之（《文選》“說”作“悅”，“說”通“悅”），何也？必秦之所生然後可，則是夜光之璧不飾朝廷，犀象之器不為玩好，鄭、衛之女不充後宮（《文選》“鄭”作“趙”），而駿良馱駸不實外廄，江南金、錫不為用，西蜀丹青不為采。所以飾後宮、充下陳、娛心意、說耳目者，必出於秦然後可，則宛珠之簪、傅璣之珥、阿縞之衣、錦繡之飾不進於前，而隨俗雅化、佳冶窈窕趙女不立於側也。夫擊甕叩缶、彈箏搏髀，而歌呼嗚嗚快耳者（“耳”下原衍“目”字，王念孫曰：“《文選》《北堂書鈔》《藝文類聚》《太平御覽》引此無目字，案聲能快耳，不能快目，目字後人所加。”今刪“目”字），真秦之聲也；鄭、衛、桑間、《昭》《虞》《武》《象》者（《集解》引徐廣曰：“昭一作韶。”《文選》作“韶”，“昭”通“韶”），異國之樂也。今棄擊甕叩缶，而就鄭、衛，退彈箏而取《昭》《虞》，若是者何也？快意當前，適觀而已矣。今取人則不然，不問可否，不論曲直，非秦者去，為客者逐。然則是所重者在乎色樂珠玉，而所輕者在乎人民也。此非所以跨海內、制諸侯之術也。臣聞地廣者粟多，國大者人眾，兵強則士勇。是乙太山不讓土壤，故能成其大；河海不擇細流，故能就其深；王者不卻眾庶，故能明其德。是以地無四方，民無異國，四時充美，鬼神降福，此五帝、三王之所以無敵也。今乃棄黔首以資敵國，卻賓客以業諸侯，使天下之士退而不敢西向，裹足不入秦，此所謂藉寇兵而齎盜糧者也。夫物不產于秦，可寶者多；士不產于秦，而願忠者眾。今逐客以資敵國，損民以益仇，內自虛而外樹怨于諸侯，求國無危不可得也。”秦王乃除逐客之令，複李斯官，卒用其計謀，官至廷尉。（《李斯列傳》）
前238,238,秦王政（始皇帝）九年（西元前二三八年）,34,史料,,,,斯在逐中，道上上諫書，達始皇，始皇使人逐至驪邑，得還。（《李斯列傳·集解》引《新序》曰）案：《資治通鑒》據此謂：“王乃召李斯，複其官，除逐客之令，李斯至驪邑而還。”
前238,238,秦王政（始皇帝）九年（西元前二三八年）,35,史料,秦,智伯,卒、賂,大樑人尉繚來，說秦王曰：“以秦之強，諸侯譬如郡縣之君，臣但恐諸侯合從，翕而出不意，此乃智伯、夫差、湣王之所以亡也。願大王毋愛財物，賂其豪臣，以亂其謀，不過亡三十萬金，則諸侯可盡。”秦王從其計，見尉繚亢禮，衣服食飲與繚同。繚曰：“秦王為人，蜂准（《集解》引徐廣曰：“蜂一作隆”），長目，摯鳥膺，豺聲，少恩而虎狼心，居約易出人下，得志亦輕食人。我布衣，然見我常自下我。誠使秦王得志於天下，天下皆為虜矣。不可與久遊。”乃亡去。秦王覺，固止，以為秦國尉，卒用其計策，而李斯用事。（《秦始皇本紀》）
前238,238,秦王政（始皇帝）九年（西元前二三八年）,36,史料,,,,《尉繚子》二十九篇。（《漢書·藝文志》列雜家）《尉繚》三十一篇。（《漢書·藝文志》列兵形勢家）
前238,238,秦王政（始皇帝）九年（西元前二三八年）,37,考案,秦、魏,,,案：今本《尉繚子》存二十四篇，首篇有梁惠王問尉繚，全書論述軍事上之政策、法令及設施，用以保證其“必勝”。當即兵形勢家之《尉繚》。錢穆辨之曰：“所謂尉繚者，尉乃其官名而逸其姓也，若是則秦有尉繚，豈得魏亦有尉繚，而秦之尉繚又系魏之大樑人。以此言之，知非二人矣。且繚之說秦，與《秦策》頓弱之言同。書又稱梁惠王問，則出依託。”
前238,238,秦王政（始皇帝）九年（西元前二三八年）,38,史料,秦、齊,,,[齊王建]二十八年王入朝秦，秦王政置酒咸陽。（《田世家》，《六國表》作“入秦置酒”）
前238,238,秦王政（始皇帝）九年（西元前二三八年）,39,史料,秦、趙,,,趙悼襄王八年入秦置酒。（《六國表》）
前238,238,秦王政（始皇帝）九年（西元前二三八年）,40,考案,秦、齊、燕、趙,,攻、即位、稱帝、會,案：《秦始皇本紀》言是年“相國呂不韋坐嫪毐免，桓齮為將軍。齊、趙來置酒”。所謂“齊、趙來置酒”，蓋十月免呂不韋相之後，秦王政親自主政，改變“初即位”以來“委國事大臣”之政局，新任命桓齮為將軍，蓋欲重用桓齮為將軍，從而完成其兼併六國而稱帝於天下之計畫。是時齊王建與趙悼襄王入朝秦王政，秦王政置酒咸陽以接待。蓋秦王政初親政，欲以壯大其親政之威勢，而齊王、趙王欲以改變秦之對外策略，謀與秦合作以利其國。是時趙正謀兼併燕之土地，欲迎求秦之特許。《燕策三》第四章載：“秦並趙，北向迎燕。”“並”乃合一之意。燕使使者入賀秦王，秦王曰：“夫燕無道，吾使趙有之，子何賀？”可知趙王朝見秦王，秦王已許允趙攻燕而有之。其後秦背信，乘趙攻燕之時機，而遣桓齮、王翦等大將會攻趙國。
前238,238,秦王政（始皇帝）九年（西元前二三八年）,41,史料,秦、韓,,取,李斯因說秦王，請先取韓以恐他國，於是使斯下韓。韓王患之，與韓非謀弱秦。（《秦始皇本紀》系此於十年）
前238,238,秦王政（始皇帝）九年（西元前二三八年）,42,史料,秦、韓,,攻,韓非者，韓之諸公子也。喜刑名法術之學，而其歸本于黃、老。非為人口吃，不能道說而善著書。與李斯俱事荀卿，斯自以為不如非。非見韓之削弱，數以書諫韓王，韓王不能用，於是韓非疾治國不務明其法制，執勢以禦其臣下，富國強兵而求人任賢，反舉浮淫之蠹而加之於功實之上。以為儒者用文亂法，而俠者以武犯禁。寬則寵名譽之人，急則用介胄之士。今者所養非所用，所用非所養。悲廉直不容於邪枉之臣，觀往者得失之變，故作《孤憤》、《五蠹》、《內外儲》、《說林》、《說難》十余萬言。……人或傳其書至秦。秦王見《孤憤》、《五蠹》之書，曰：“嗟乎，寡人得見此人與之遊，死不恨矣。”李斯曰：“此韓非之所著書也。”秦因急攻韓。（《韓非列傳》）
前238,238,秦王政（始皇帝）九年（西元前二三八年）,43,考案,秦、韓、晉,,稱王、取,案：《秦始皇本紀》言是年使李斯下韓，不確。據《韓非子·存韓》篇，秦遣斯使韓，在韓非入秦上書秦王之後，其事已在十四年。至於秦王得見韓非所著書，未知在何年，當在秦王政親政之後。秦王贊許韓非之書，當為事實。《韓非子·飾邪》篇雲：“彼法明則忠臣勸，罰必則邪臣止，忠勸邪止而地廣主尊者，秦是也。”《外儲說左上》雲：“夫慕仁義而弱亂者三晉也。不慕而治強者秦也。然而未帝者，治未畢也。”《五蠹》篇以“學者”、“言談者”、“帶劍者”、“患禦者”（即逃避耕戰而依附重臣之人）、“商工之民”為“五蠹”，因而其結論曰：“故明主之國，無書簡之文，以法為教；無先王之語，以吏為師；無私劍之捍，以斬首為勇。是境內之民，其言談者必軌於法，動作者歸之於功，以勇者盡之於軍，是故無事則國富，有事則兵強，此之謂王資。既畜王資而承敵之豐，超五帝、侔三王者，必此法也。”所謂“王資”，即完成統一而稱王於天下之憑藉。此後秦始皇兼併六國而完成統一，即採取韓非所主張之方針政策：“以法為教”，“以吏為師”，“以斬首為勇”。李斯創議焚書坑儒，其主旨即在禁絕“私學”，強制人民“學法令，以吏為師”。##### 卷二十一
前236,236,秦王政（始皇帝）十一年（西元前二三六年）,1,史料,齊、楚、燕、韓、趙、魏,,,魏景湣王七年，韓王安三年，趙悼襄王九年，齊王建二十九年，楚幽王二年，燕王喜十九年。
前236,236,秦王政（始皇帝）十一年（西元前二三六年）,2,史料,秦、燕、趙,,攻、卒、立、取、拔、遷,[趙悼襄王]九年，趙攻燕，取貍、陽城。兵未罷，秦攻鄴，拔之。悼襄王卒，子幽繆王遷立。（《趙世家》，《六國表》於次年《集解》引徐廣曰“幽湣元年”，蓋又諡“幽湣”）
前236,236,秦王政（始皇帝）十一年（西元前二三六年）,3,史料,秦、趙,,拔,趙悼襄王九年秦拔我闕與、鄴九城。（《六國表》）
前236,236,秦王政（始皇帝）十一年（西元前二三六年）,4,史料,秦,,攻、取,[秦始皇帝]十一年王翦、桓齮、楊端和攻鄴，取九城。王翦攻閼與、橑陽（《資治通鑒》“橑”作“轔”），皆並為一軍。翦將十八日，軍歸鬥食以下，什推二人從軍。取鄴、安陽，桓齮將。（《秦始皇本紀》，《六國表》作“王翦擊鄴、閼與，取九城”）
前236,236,秦王政（始皇帝）十一年（西元前二三六年）,5,史料,秦、燕、趙,,拔,[燕王喜]十九年秦拔趙之鄴九城。（《燕世家》）
前236,236,秦王政（始皇帝）十一年（西元前二三六年）,6,史料,秦、趙,,攻、拔,王翦者，頻陽東鄉人也。少而好兵，事秦始皇。始皇十一年翦攻趙閼與，破之，拔九城。（《王翦列傳》）
前236,236,秦王政（始皇帝）十一年（西元前二三六年）,7,史料,秦、燕、韓、趙,,伐、攻、救、拔,趙又嘗鑿龜數策而北伐燕，將劫燕以逆秦，兆曰大吉。始攻大樑而秦出上黨矣（“大”當為“勺”字之誤），兵至釐而六城拔矣（“釐”與“貍”通），至陽城，秦拔鄴矣，龐援擒兵而南（“援”與“煖”通，龐援即龐煖），則鄣已盡矣（“鄣”當作“漳”）。臣故曰：趙龜雖無遠見于燕，且宜近見於秦。秦以其大吉，辟地有實，救燕有有名（上“有”字通“又”)；趙以其大吉，地削兵辱（“地”乾道本誤作“利”，從迂評本、淩瀛初本改正），主不得意而死。（《韓非子·飾邪》）
前236,236,秦王政（始皇帝）十一年（西元前二三六年）,8,史料,秦、燕、趙,,伐、救、取,秦並趙，北向迎燕（鮑注：“並，合也。迎，以兵迎之”）。燕王聞之，使人賀秦王。使者過趙，趙王系之。使者曰：“秦、趙為一而天下服矣。茲之所以受命于趙者（鮑本“茲”作“燕”），為秦也。今臣使秦而趙系之，是秦、趙有郤。秦、趙有郤（鮑本“郤”作“隙”），天下必不服，而燕不受命矣。且臣之使秦，無妨于趙之伐燕也。”趙王以為然而遣之。使者見秦王曰：“燕王竊聞秦並趙，燕王使使者賀千金。”秦王曰：“夫燕無道，吾使趙有之，子何賀？”使者曰：“臣聞全趙之時，南鄰為秦，北下曲陽為燕，趙廣三百里，而與秦相距五十餘年矣。所以不能反勝秦者，國小而地無所取。今王使趙北並燕，燕、趙同力，必不復受于秦矣（鮑本“受”下補“命”字）。臣切為王患之（鮑本“切”作“竊”）。秦王以為然，起兵而救燕。（《燕策三》第四章）
前236,236,秦王政（始皇帝）十一年（西元前二三六年）,9,考案,秦、燕、趙,,攻、救、取、拔,案：此章鮑注雲：“趙悼襄王九年攻燕，取貍、陽城。兵未罷，秦攻鄴拔之，此燕王喜十九年。”其說是。趙王于上年入朝于秦，秦王置酒咸陽接待，於是秦、趙相合，秦許趙攻燕。即此章秦王所謂“夫燕無道，吾使趙有之”。後因燕使者進說秦王，秦又起兵救燕而攻趙，趙因而為秦拔取九城。
前236,236,秦王政（始皇帝）十一年（西元前二三六年）,10,考案,齊、燕、韓、趙、吳、代,燕昭王、趙武靈王,伐、攻、圍、救、取,又案：《趙世家》“趙攻燕，取貍、陽城”，《正義》以“貍陽”連讀，雲：“按燕無貍陽，疑貍字誤，當作漁陽，故城在檀州密雲縣南十八裡，燕漁陽郡城也。按趙東界至瀛州，則檀州在北，趙攻燕取漁陽城也。”《資治通鑒》胡注仍連讀貍陽，雲：“《戰國策》燕昭王攻齊陽城及貍，竊意貍即貍陽也。其地當在齊、燕境上。”今案：《燕策二》第四章稱“燕攻陽城及貍”，狸與陽城分明為兩城，不得連讀為貍陽。《正義》之說未可據，吳師道已據《策》文辨正。胡三省以為貍即貍陽，亦未得。貍與陽城，亦不在齊、燕境上，已深入燕之境內。據《韓非子·飾邪》篇，是年趙攻燕，先攻大樑，次攻釐，後攻至陽城。釐即貍，音同通用，在今河北任丘縣東北。陽城在今河北保定市北。至於“大樑”，當為“勺梁”之誤。《水經·滱水注》雲：“博水又東南循瀆，重源湧發，東南徑三梁亭南，疑即古勺梁也。《竹書紀年》曰：燕人伐趙，圍濁鹿，趙武靈王及代人救濁鹿，則燕師于勺梁者也。”勺梁在今河北定縣北。
前236,236,秦王政（始皇帝）十一年（西元前二三六年）,11,考案,秦、楚、燕、韓、趙、魏,秦昭王,伐、攻、救、合縱、取、拔,又案：梁玉繩論《秦始皇本紀》記述是役曰：“此所敘攻取之事，錯雜不明。蓋是役也，王翦為主將，桓齮為次將，楊端和為末將，並軍伐趙，攻鄴未得，先取九城，王翦遂別攻闕與、楾陽，而留桓齮攻鄴。齲既取鄴，翦複令齲攻楾陽，己獨攻闕與，皆取之，故又言取鄴、楔陽，桓齲將也。安陽當作楔陽，必傳寫之誤。安陽即魏寧新中，無論本非趙地，且前廿餘年已為昭王拔之矣。再考《王翦傳》，但言拔闕與九城而不及鄴、楔陽，足見鄴、楔陽是齲而非翦拔，正與《紀》合。《表》于趙書曰：秦拔我闕與、鄴九城，而失書楔陽，于《秦表》書曰：王翦擊鄴闕與，取九城，就前半事言之，而亦失書取楔陽，至《燕世家》稱拔鄴九城，《趙世家》僅稱拔鄴，則更屬疏脫。”今案梁氏此說。但據《史記》推測，又不顧地理形勢，所論不符史實。謂安陽為楔陽之誤，更為武斷。今以《韓非子·飾邪》篇所述與《史記》所載比勘，可知是年秦乘趙攻燕之時機攻趙，蓋分兩路進軍，一路由王翦為主將，主攻趙之上黨，一路由桓齲為主將，主攻趙之漳水流域。據《秦始皇本紀》，桓齲於十年為將軍，特有記載。據《王翦列傳》，王翦於十一年是役攻趙，亦初為主將。《韓非子·飾邪》篇雲：趙始攻燕之“勺梁（原誤作“大樑”）而秦出上黨矣”，即《秦本紀》所謂“王翦攻闕與、楔陽皆並為一軍”。闕與為趙上黨之軍事重鎮，在今山西和順縣，楔陽在今山西左權縣，正當闕與之西南，同時為王翦所攻拔。《飾邪》篇又雲：“兵至釐而六城拔矣”，謂當趙攻至燕之貍，秦已攻得趙之六城，當包括闕與、橑陽二城在內。《飾邪》篇更雲：“至陽城，秦拔鄴矣”，謂趙攻至燕之陽城，秦又拔鄴城，即《秦始皇本紀》所稱“取鄴、安陽，桓齮將”。鄴原為魏東北之軍事重鎮，在今河北磁縣鄴鎮，據《趙世家》悼襄王六年（即秦王政八年）“魏與趙鄴”。安陽即魏寧新中，曾一度為秦昭王所攻拔，當魏、楚合縱救趙攻秦時已為魏所收復，其地在今河南安陽西南，正當鄴之南，當在“魏與趙鄴”之時同為趙所有者。因鄴為軍事重鎮，趙有重兵防守，桓齮久攻之乃克。《飾邪》篇又雲：“龐援榆兵而南，則鄣已盡矣。”有人以為鄣乃城邑之名，在今山東東平縣東，此離趙之邊境甚遠，並非趙地，是時秦軍尚不能攻及鄣城。“鄣”當為“漳”字之誤，指漳水流域而言。蓋趙攻燕，由龐煖率大軍主攻，連克勺梁、貍、陽城等地，待龐煖率師南下救援，漳水流域已盡為秦所得矣，包括鄴、安陽二城在內。是役秦共拔九城，以王翦攻拔闕與、橑陽二城與桓齮攻拔鄴、安陽二城較重要，故《本紀》分別載明。九城中以鄴為首要，故《本紀》先總敘為“王翦、桓齮、楊端和攻鄴，取九城”，《燕世家》亦稱“秦拔趙之鄴九城”。九城中以闕與為次要，故《六國表》于《秦表》稱“擊鄴、闕與，取九城”，于《趙表》又稱“秦拔我闕與、鄴九城”。
前236,236,秦王政（始皇帝）十一年（西元前二三六年）,12,史料,趙,,立、遷,趙王遷其母倡也嬖于悼襄王，悼襄王廢適子嘉而立遷。遷素無行，信讒，故誅其良將李牧，用郭開。（《趙世家》太史公曰：“吾聞馮王孫曰”）
前236,236,秦王政（始皇帝）十一年（西元前二三六年）,13,史料,秦、趙、代,,立、滅、取、賂、遷、殺,倡後者邯鄲之倡（四字原脫，從梁端據《趙世家·集解》、《馮唐傳·索隱》校增），趙悼襄王之後也。前嫁而亂一宗之族（“嫁”原作“日”，從盧文弨校正），既寡，悼襄王以其美而取之。李牧諫曰：“不可。女之不正，國家之所以覆而不安也，此女亂一宗，大王不畏乎？”王曰：“亂與不亂，在寡人為政。”遂娶之。初，悼襄王後生子嘉為太子，倡後既入為姬，生子遷。倡後既嬖幸于王，陰譖後及太子于王，使人犯太子而陷之於罪。王遂廢嘉而立遷，黜後而立倡姬為後。及悼襄王薨，遷立，是為幽閔王。倡後淫佚不止，通于春平君，多受秦賂而使王誅其良將武安君李牧。其後秦兵徑入，莫能距，遷遂見虜于秦。趙亡大夫怨倡後之譖太子及殺李牧，乃殺倡後而滅其家，共立嘉於代。（《列女傳》卷七“趙悼倡後”）
前236,236,秦王政（始皇帝）十一年（西元前二三六年）,14,史料,秦,,,秦始皇帝十一年呂不韋就國河南。（《六國表》，《呂不韋列傳》記“就國河南”在上年十月）
前236,236,秦王政（始皇帝）十一年（西元前二三六年）,15,史料,秦、楚、趙、魏,廉頗,卒,廉頗居梁久之，魏不能信用。趙以數困于秦兵，趙王思複得廉頗，廉頗亦思複用於趙。趙王使使者視廉頗尚可用否。廉頗之仇郭開多與使者金，令毀之。趙使者既見廉頗，廉頗為之一飯斗米，肉十斤，被甲上馬，以示尚可用。趙使還報王曰：“廉將軍雖老，尚善飯，然與臣坐，頃之三遺矢矣。”（《索隱》曰：“謂數起便也。矢一作屎”）趙王以為老，遂不召。楚聞廉頗在魏，陰使人迎之。廉頗一為楚將，無功，曰：“我思用趙人。”廉頗卒死于壽春。（《廉頗列傳》）
前236,236,秦王政（始皇帝）十一年（西元前二三六年）,16,考案,秦、趙、周,,,案：此事當在趙屢為秦敗之後，李牧大破秦軍之前，又在郭開已用事之時。《周季編略》系於是年，今從之。
前236,236,秦王政（始皇帝）十一年（西元前二三六年）,17,史料,秦,,,[秦始皇帝]十一年十一月獲產。（秦簡《編年記》）
前236,236,秦王政（始皇帝）十一年（西元前二三六年）,18,考案,,,,案：獲，當為墓主喜之子或侄。
前235,235,秦王政（始皇帝）十二年（西元前二三五年）,1,史料,齊、楚、燕、韓、趙、魏,,遷,魏景湣王八年，韓王安四年，趙王遷元年，齊王建三十年，楚幽王三年，燕王喜二十年。
前235,235,秦王政（始皇帝）十二年（西元前二三五年）,2,史料,秦、楚、魏,,,秦始皇帝十二年發四郡兵助魏擊楚。（《六國表》）
前235,235,秦王政（始皇帝）十二年（西元前二三五年）,3,史料,秦、楚、魏,,,魏景滑王八年秦助我擊楚。（《六國表》）
前235,235,秦王政（始皇帝）十二年（西元前二三五年）,4,史料,秦、楚、魏,,伐,[楚]幽王三年秦、魏伐楚。（《楚世家》，《六國表》作“秦魏擊我”)
前235,235,秦王政（始皇帝）十二年（西元前二三五年）,5,史料,秦、齊、楚、燕、韓、趙、魏、晉、越、吳、宋、鄭、蔡,智伯、秦昭王,伐、攻、救、取、拔、殺,說秦王曰：“物至而反，冬夏是也（《史記·春申君列傳》、《新序·善謀》第九章此二句上有一節：“天下莫強于秦、楚。今聞大王欲伐楚，此猶兩虎相與鬥。兩虎相與鬥而駑犬受其弊，不如善楚”）。物至而危，累棋是也。今大國之地半天下（《史記》、《新序》“半”作“遍”），有二垂，此從生民以來，萬乘之地未嘗有也。先帝文王、莊王、王之身三世而不接地于齊，以絕從親之要(“要”讀作“腰”），今王三使盛橋守事于韓，盛橋以其地入秦，是王不用甲，不伸威而出百里之地，王可謂能矣。王又舉甲兵而攻魏，杜大樑之門，舉河內，拔燕、酸棗、虛、桃人，楚、燕之兵雲翔而不敢救，王之功亦多矣。王休甲息眾，三年然後複之，又取蒲、衍、首垣，以臨仁、平丘、小黃、濟陽、甄城，而魏氏服矣。王又割濮、磬之北，屬之燕，斷齊、趙之要，絕楚、魏之脊，天下五合六聚而不敢救也，王之威亦憚矣（以上二節，已引錄於五年及九年，附注有校勘）。王若能持功守威，省攻伐之心而肥仁義之地(“省”，《史記》作“絀”，“地”原誤作“誡”，今從《史記》、《新序》改正），使無複後患，三王不足四，五伯不足六也。王若負人徒之眾，杖兵甲之強（《史記》、《新序》“甲”作“革”），乘毀魏氏之威，而欲以力臣天下之主，臣恐有後患。《詩》雲：‘靡不有初，鮮克有終。’《易》曰：‘狐濡其尾。’（《史記》、《新序》“狐”下有“涉水”二字）此言始之易、終之難也。何以知其然也。智氏見伐趙之利，而不知榆次之禍也。吳見伐齊之便，而不知幹隧之敗也。此二國者，非無大功也，沒利於前而易患於後也。吳之信越也，從而伐齊，既勝齊于艾陵，還為越王禽于三江之浦（《史記》、《新序》“江”作“渚”）。智氏信韓、魏，從而伐趙，攻晉陽之城，勝有日矣，韓、魏反之，殺智伯瑤于鑿台之上（《史記》“上”作“下”）。今王妒楚之不毀也，而忘毀楚之強韓、魏也，臣為大王慮而不取也。《詩》雲：‘大武遠宅不涉。’從此觀之，楚國，援也；鄰國，敵也。《詩》雲：‘他人有心，予忖度之。躍躍鬼兔，遇犬獲之。今王中道而信韓、魏之善王也，此正吳信越也。臣聞敵不可易（《史記》、《新序》“易”作“假”），時不可失。臣恐韓、魏之卑辭慮患（《史記》、《新序》“慮”作“除”），而實欺大國也。此何也？王既無重世之德于韓、魏，而有累世之怨矣。韓、魏父子兄弟接踵而死于秦者累世矣（“累”原誤作“百”，《史記》、《新序》作“十”，高誘注：“百一作累”，作“累”是，今改正）。本國殘，社稷壞，宗廟隳（《史記》“隳”作“毀”），刳腹折頤（“折頤”，《史記》作“絕腸折頸摺頤”，《新序》作“絕腸折顙摺頸”），首身分離，暴骨草澤，頭顱僵僕，相望于境，父子老弱系虜（“系虜”，《史記》作“系脰束手為群虜者”），相隨于路（《史記》、《新序》“隨”作“及”），鬼神狐祥無所食（“狐祥”，《史記》作“孤傷”，《新序》作“潢洋”），百姓不聊生，族類離散，流亡為臣妾（《史記》、《新序》“臣”作“僕”），滿海內矣。韓、魏之不亡，秦社稷之憂也。今王之攻楚，不亦失乎？且王攻楚之日（“且”原誤作“是”，鮑本作“且”，《史記》、《新序》皆作“且”），惡出兵？王將藉路于仇讎之韓、魏乎？（《史記》“藉”作“借”）兵出之日，而王憂其不反也，是王以兵資于仇讎之韓、魏。王若不藉路于仇讎之韓、魏，必攻隨陽右壤（《史記》、《新序》“陽”作“水”），隨陽右壤此皆廣川大水，山林溪穀，不食之地，王雖有之，不為得地。是王有毀楚之名，無得地之實也。且王攻楚之日，四國必悉起應王。秦、楚之兵構而不離，魏氏將出兵而攻留、方與、銍、胡陵、碭、蕭、相，故宋必盡。齊人南面，泗北必舉（《史記》“北”作“上”）。此皆平原四達、膏腴之地，而王使之獨攻。王破楚以肥韓、魏於中國而勁齊，韓、魏之強，足以校于秦矣。齊南以泗為境，東負海，北倚河，而無後患。天下之國，莫強于齊。齊、魏得地葆利而詳事下吏，一年之後，為帝若未能，于以禁王之為帝有餘。夫以王壤土之博，人徒之眾，兵革之強，一舉事而注怨于楚（“事”原誤作“眾”，“怨”原誤作“地”，從《史記》、《新序》改正。“注”，《史記》、《新序》作“樹”），詘令韓、魏歸帝重于齊（“詘”，《史記》作“遲”，《集解》引徐廣曰：“遲一作還”，《新序》作“出”)，是王失計也。臣為王慮，莫若善楚。秦、楚合而為一，以臨韓，韓必授首（“授首”，《史記》作“斂手”，《新序》作“拱手”）。王襟以山東之險（《史記》、《新序》“襟”作“施”），帶以河曲之利（《史記》、《新序》“河曲”作“曲河”），韓必為關中之侯（“侯”原誤作“候”，今從《史記》改正）。若是王以十萬戍鄭（原脫“萬”字，“戍”誤作“成”，今從《史記》改正。《新序》“戍”誤作“伐”），梁氏寒心，許、鄢陵嬰城，而上蔡、召陵不往來也。如此而魏亦為關內侯矣（“侯”原誤作“候”，今從《史記》改正）。王一善楚，而關內二萬乘之主注地于齊，齊之右壤可拱手而取也。是王之地，一經兩海（“經”原作“任”，《史記》作“經”，《新序》作“桎”，今從《史記》改正），要絕天下也(“要”讀作“腰”，《史記》、《新序》“絕”作“約”)。是燕、趙無齊、楚，齊、楚無燕、趙也（“齊楚”二字原不重疊，從鮑本據《史記》補），然後危動燕、趙，直播齊、楚（“直播”原作“持”，從《史記》、《新序》及《資治通鑒》改正），此四國者不待痛而服矣。”（《秦策四》第十章，《史記·春申君列傳》、《新序·善謀》第九章大體相同，誤以為春申君說秦昭王）
前235,235,秦王政（始皇帝）十二年（西元前二三五年）,6,考案,秦、齊、楚、韓、魏、宋,,攻、取、拔,案：此章原無遊說者姓名，高誘以為所說“秦王名正”，即秦始皇，是也。李善注《文選·辨亡論下》，引此“楚、魏之兵雲翔而不敢拔”（“拔”乃“捄”之誤），以為頓子說秦王，蓋蒙上章為說，可見其原非春申君之說辭或書信。是時東方六國中，以楚較大，尚據有東南大塊土地。是年魏投靠于秦，使秦助魏攻楚，其目的在於奪取故宋之地。而秦發四郡兵大規模助魏攻楚，其目的在於摧毀楚之實力，並迫使楚國服從。此遊說者，當即進說秦王於出兵之際，以為秦“欲以力臣天下之主”恐有後患，謂“破楚以肥韓、魏於中國而劭齊”，將使“韓、魏之強，足以校于秦矣”，又使“天下之國莫強于齊”。是年秦以四郡兵助魏攻楚，未有勝利之記載，或與遊說者之進說有關。
前235,235,秦王政（始皇帝）十二年（西元前二三五年）,7,史料,秦,,卒、遷,[出文信侯就國河南]歲余，諸侯賓客使者相望于道，請文信侯。秦王恐其為變，乃賜文信侯書曰：“君何功于秦，秦封君河南食十萬戶？君何親于秦，號稱仲父？其與家屬徙處蜀。”呂不韋自度稍侵，恐誅，乃飲鴆而死。秦王所加怒呂不韋、嫪毐皆已死，乃皆複歸嫪毐舍人遷蜀者。（《呂不韋列傳》，《六國表》作“呂不韋卒，複嫪毐舍人遷蜀者”）
前235,235,秦王政（始皇帝）十二年（西元前二三五年）,8,史料,秦、晉,,遷,[秦始皇帝]十二年文信侯不韋死，竊葬：“其舍人臨者，晉人也逐出之；秦人六百石以上奪爵遷。五百石以下不臨，遷，勿奪爵。自今以來，操國事不道如嫪毐、不韋者籍其門，視此。”秋，複嫪毐舍人遷蜀者。當是之時，天下大旱，六月至八月乃雨。（《秦始皇本紀》）
前235,235,秦王政（始皇帝）十二年（西元前二三五年）,9,考案,秦,,,案：《秦始皇本紀·索隱》雲：“按不韋飲鴆死，其賓客數千人竊共葬於洛陽北芒山。”《呂不韋列傳·集解》引《皇覽》曰：“呂不韋塚在河南洛陽北邙道西大塚是也。民傳言呂母塚。不韋妻先葬，故其塚名呂母也。”《續漢書·郡國志·注》引《皇覽》同。
前235,235,秦王政（始皇帝）十二年（西元前二三五年）,10,史料,趙,,遷,[趙]幽繆王遷元年城柏人。（《趙世家》）
前235,235,秦王政（始皇帝）十二年（西元前二三五年）,11,史料,秦,,,[秦始皇帝]十二年四月癸醜喜治獄鄢。（秦簡《編年記》）
前235,235,秦王政（始皇帝）十二年（西元前二三五年）,12,考案,秦,,,案：是年墓主喜以鄢之令史而治獄于鄢。與《編年記》同時出土有《秦律》多種，蓋即喜用以治獄者。
前234,234,秦王政（始皇帝）十三年（西元前二三四年）,1,史料,齊、楚、燕、韓、趙、魏,,遷,魏景湣王九年，韓王安五年，趙王遷二年，齊王建三十一年，楚幽王四年，燕王喜二十一年。
前234,234,秦王政（始皇帝）十三年（西元前二三四年）,2,史料,秦、趙,,攻、殺,[秦始皇帝]十三年桓齮攻趙平陽，殺趙將扈輒，斬首十萬。王之河南。正月彗星見東方。十月桓齮攻趙。（《秦始皇本紀》，《六國表》作“桓齮擊平陽，殺趙扈輒，斬首十萬，因東擊趙。王之河南。彗星見”）
前234,234,秦王政（始皇帝）十三年（西元前二三四年）,3,史料,秦、趙,,攻、救、拔、遷,[趙王遷]二年秦攻武城，扈輒率師救之，軍敗，死焉。（《趙世家》，《六國表》作“秦拔我平陽，敗扈輒，斬首十萬”）
前234,234,秦王政（始皇帝）十三年（西元前二三四年）,4,史料,秦、燕、趙,廉頗,殺,後七年（指“龐煖破燕軍、殺劇辛”之後七年，當作“後八年”），秦破殺趙將扈輒于武城（“武”下原衍“遂”字，從錢大昕據《趙世家》刪。《索隱》本、金陵局刻本《史記》又誤脫“城”字），斬首十萬。（《廉頗列傳》附《李牧傳》）
前234,234,秦王政（始皇帝）十三年（西元前二三四年）,5,考案,秦、燕、韓、趙,,,案：《索隱》本《史記》“武城”誤作“武遂”，《索隱》釋之曰：“按劉氏雲：武遂本韓地，在趙西，恐非《地理志》河間武遂也。”今按：戰國地名武遂者有三：一為韓地，在今山西垣曲縣東南，靠近黃河。二為趙地，在今河北獻縣西南，即所謂河間武遂。三為燕地，在今河北保定市北，為燕長城之重要門戶。凡此皆非秦破趙將扈輒之地。是役秦破趙將扈輒于平陽與武城，平陽在鄴之東，在今河北磁縣東南。武城在鄴之西，在今磁縣西南。武遂則離此甚遠，非是役所能及。錢大昕曰：“《趙世家》武遂城作武城，武遂在燕、趙之交，秦兵未得至其地，遂字衍。”甚是。《秦始皇本紀》亦謂“桓齮定平陽、武城”。
前234,234,秦王政（始皇帝）十三年（西元前二三四年）,6,史料,秦、趙,,立,白渠水又西南徑雲中故城南，故趙地。……秦始皇十三年立雲中郡。（《水經·河水注》）
前234,234,秦王政（始皇帝）十三年（西元前二三四年）,7,考案,秦,,,案：雲中故城在今內蒙古托克托東北。《漢書·地理志》稱雁門郡，秦置。《水經·河水注》雲：“中陵水又西北流，經善無縣故城西……雁門郡治。”善無故城在今山西右玉南。秦設雁門郡當與設雲中郡同時。
前234,234,秦王政（始皇帝）十三年（西元前二三四年）,8,史料,秦,,,[秦始皇帝]十三年從軍。（秦簡《編年記》）
前234,234,秦王政（始皇帝）十三年（西元前二三四年）,9,考案,秦,,,案：墓主喜以鄢令史而治獄于鄢，於是年從軍。開始參與秦兼併六國之戰役。秦王政（始皇帝）十四年（西元前二三三年）
前234,234,秦王政（始皇帝）十三年（西元前二三四年）,10,史料,齊、楚、燕、韓、趙、魏,,遷,魏景湣王十年，韓王安六年，趙王遷三年，齊王建三十二年，楚幽王五年，燕王喜二十二年。
前234,234,秦王政（始皇帝）十三年（西元前二三四年）,11,史料,秦、趙,,攻、取、殺,[秦始皇帝]十四年攻趙軍於平陽，取宜安，破之，殺其將軍。桓齮定平陽、武城。（《秦始皇本紀》）
前234,234,秦王政（始皇帝）十三年（西元前二三四年）,12,史料,秦,,,秦始皇帝十四年桓齮定平陽、武城、宜安。（《六國表》）
前234,234,秦王政（始皇帝）十三年（西元前二三四年）,13,史料,秦、趙,,攻、遷,[趙王遷]三年秦攻赤麗、宜安，李牧率師與戰肥下，卻之。封牧為武安君。（《趙世家》）
前234,234,秦王政（始皇帝）十三年（西元前二三四年）,14,史料,秦、趙,,拔、遷,趙王遷三年秦拔我宜安。（《六國表》）
前234,234,秦王政（始皇帝）十三年（西元前二三四年）,15,史料,秦、趙,廉頗,殺,趙乃以李牧為大將軍，擊秦軍于宜安，大破秦軍，走秦將桓齮。封李牧為武安君。（《廉頗列傳》附《李牧傳》，系于“秦破殺趙將扈輒于武城”以後）
前234,234,秦王政（始皇帝）十三年（西元前二三四年）,16,史料,秦、趙,,殺,李牧數破走秦軍，殺秦將桓齮。（《趙策四》第十九章，“殺”字當為“走”字之誤）
前234,234,秦王政（始皇帝）十三年（西元前二三四年）,17,史料,秦、燕,,,秦將樊於期得罪于秦王，亡之燕。（《史記·刺客列傳》，《燕策三》第五章作“樊將軍亡秦之燕”，樊於期當即桓齮）
前234,234,秦王政（始皇帝）十三年（西元前二三四年）,18,考案,秦、齊、燕、趙、晉、周、越,,伐、攻、取、拔、殺、奔,案：梁玉繩評論《秦始皇本紀》是年記載雲：“此秦史誕詞，史公未之改爾。赤麗、宜安攻而未拔，則桓齮所定者，只前年攻得之平陽、武城而已。《紀》《表》不言攻赤麗，略之也。《秦表》雲桓齮定平陽、武城、宜安，《趙表》雲：秦拔我宜安，並誤仍秦史，故彼此抵牾，多不齊一，《秦表》宜衍宜安二字，《趙表》當改拔作攻字。”今案以上史料，當以《李牧傳》與《趙世家》所記為實。《秦始皇本紀》及《六國表》依據《秦記》，諱敗為勝，聲稱桓齮定平陽、武城、宜安等城。是年秦以桓齮為主將，經趙之上黨，越太行山進攻趙之後方，攻赤麗、宜安，宜安在今河北省石家莊市東南，赤麗亦當在其附近。趙使長期與匈奴作戰之名將李牧應戰，交戰於肥。肥即在宜安東北，在今河北省晉縣西，結果李牧“大破秦軍，走秦將桓齮”，李牧因而封為武安君。《李牧傳》所記甚確。《趙世家》謂“李牧率師與戰肥下，卻之。封牧為武安君”，亦是。《趙策四》作“殺秦將桓齮”，“殺”當為“走”字之誤。所謂“走”，當是大敗之後畏罪逃走。《史記·刺客列傳》之《荊軻傳》，謂燕太子丹作為質子，因秦王遇之不善，怨而亡歸，“秦將樊於期得罪于秦王，亡之燕，太子受而舍之。”荊軻嘗私見樊於期曰：“秦之遇將軍可謂深矣，父母宗族皆為戮沒，今聞購將軍首金千斤，邑萬家。”據《燕世家》，“太子丹質于秦，亡歸燕”在燕王喜二十三年，當秦王政十五年，即在桓齮敗走之明年。《秦始皇本紀》詳載歷次出戰秦將之名，獨不見樊於期，蓋樊於期即桓齮。“樊”與“桓”是不同來源之兩姓，不能同音通假。但因荊軻刺秦王之故事，出於後人轉相傳述，傳述者但憑口語相傳，而記錄者未能核對史料，但憑語音記錄，因而秦將桓齮寫作同音之樊於期。《李牧傳》記李牧于宜安“大破秦軍，走秦將桓齮”誤上一年，《資治通鑒》因而于秦王政十三年載：“趙王以李牧為大將軍，複戰于宜安肥下，秦師敗績，桓齮奔還，趙封李牧為武安君。”又於十四年依據《六國表》載：“桓齮伐趙，取宜安、平陽、武城。”竟以為桓齮在上年因敗而“奔還”，於是年又得勝而定宜安等城。《稽古錄》亦於十三年記李牧“大破秦師于宜安，桓齮走”，於十四年記“桓齮定平陽、武城、宜安”。皆頗謬誤。《周季編略》不從《秦記》與《六國表》，依據《趙世家》、《李牧傳》、《大事記》載：是年“秦桓齮伐趙，攻赤麗、宜安，趙使李牧將，戰於肥下，大破秦軍，桓齮奔，趙封李牧為武安君。”蓋得其實。
前234,234,秦王政（始皇帝）十三年（西元前二三四年）,19,史料,秦、韓,,殺,[秦始皇帝十四年]韓非使秦，秦用李斯謀，留非，非死雲陽。韓王請為臣。（《秦始皇本紀》，《六國表》作“韓使非來，我殺非，韓王請為臣”）
前234,234,秦王政（始皇帝）十三年（西元前二三四年）,20,史料,秦、韓,,攻、殺,[韓]王安五年秦攻韓，韓急，使韓非使秦，秦留非，因殺之。（《韓世家》）
前234,234,秦王政（始皇帝）十三年（西元前二三四年）,21,史料,秦、韓,,殺,韓王始不用非，及急，乃遣非使秦。秦王悅之，未信用。李斯、姚賈害之，毀之曰：“韓非，韓之諸公子也。今王欲並諸侯，非終為韓不為秦，此人之情也。今王不用，久留而歸之，此自遺患也，不如以過法誅之。”秦王以為然，下吏治非。李斯使人遺非藥，使自殺。韓非欲自陳，不得見。秦王後悔之，使人赦之，非已死矣。（《韓非列傳》）
前234,234,秦王政（始皇帝）十三年（西元前二三四年）,22,史料,秦、齊、韓、趙、魏,,伐、攻、圍、救、卒、滅、取、拔、殺,[韓非上書秦王政曰：“韓事秦三十餘年，出則為扞蔽，入則為席薦。秦特出銳師取地而韓隨之（“地而韓”原作“韓地而”，今從王先慎改正），怨懸於天下，功歸於強秦。且夫韓入貢職，與郡縣無異也。今臣竊聞貴臣之計，舉兵將伐韓。夫趙氏聚士卒養從徒（“從”通“縱”），欲贅天下之兵（“贅”讀作“綴”），明秦不弱則諸侯必滅宗廟，欲西面行其意，非一日之計也。今釋趙之患，而攘內臣之韓，則天下明趙氏之計矣。夫韓，小國也，而以應天下四擊，主辱臣苦，上下相與同憂久矣。修守備，戒強敵，有蓄積，築城池以守固。今伐韓，未可一年而滅，拔一城而退，則權輕於天下，天下摧我兵矣。韓叛則魏應之，趙據齊以為原，如此則以韓、魏資趙假齊以固其從，而以與爭強，趙之福而秦之禍也。夫進而擊趙不能取，退而攻韓弗能拔，則陷銳之卒勤於野戰，負任之旅罷於內政（“罷”讀作“疲”），則合群苦弱以敵而共二萬乘，非所以亡韓之心也（“韓”原誤作“趙”，今從顧廣圻改正）。均如貴臣之計，則秦必為天下質矣。陛下雖以金石相弊，則兼天下之日未也。今賤臣之愚計，使人使荊，重幣用事之臣，明趙之所以欺秦者，與魏質以安其心，從韓而伐趙，趙雖與齊為一，不足患也。二國事畢，則韓可以移書定也。是我一舉，二國有亡形，則荊、魏又必自服矣。故曰：兵者兇器也，不可不審用也。以秦與趙敵衡，加以齊，今又背韓，而未有以堅荊、魏之心。夫一戰而不勝，則禍構矣。計者所以定事也，不可不察也。趙、秦強弱在今年耳（“趙”原誤作“韓”，從松皋圓改正），且趙與諸侯陰謀久矣。夫一動而弱于諸侯，危事也；為計而使諸侯有意我之心，至殆也。見二疏，非所以強于諸侯也。臣竊願陛下之幸熟圖之，夫攻伐而使從者間焉，不可悔也。”詔以韓客之所上書，書言韓子之未可舉，下臣斯（按即李斯）。“臣斯甚以為不然，秦之有韓，若人之有腹心之病也，虛處則核然，若居濕地，著而不去，以極走（“極”讀作“及”），則發矣。夫韓雖臣于秦，未嘗不為秦病，今若有卒報之事（“卒”讀作“猝”），韓不可信也。秦與趙為難，荊蘇使齊，未知何如。以臣觀之，則齊、趙之交未必以荊蘇絕也。若不絕，是悉秦而應二萬乘也（“秦”原誤作“趙”，從顧廣圻引王渭說改正）。夫韓不服秦之義而服于強也，今專于齊、趙，則韓必為腹心之病而發矣。韓與荊有謀，諸侯應之，則秦必複見崤塞之患。非之來也，未必不以其能存韓也為重于韓也。辯說屬辭，飾非詐謀，以釣利於秦，而以韓利窺陛下。夫秦、韓之交親，則非重矣，此自便之計也。臣視非之言，文其淫說，靡辯才甚。臣恐陛下淫非之辯而聽其盜心，因不詳察事情。今以臣愚議：秦發兵而未名所伐，則韓之用事者以事秦為計矣。臣斯請往見韓王，使來入見，大王見，因內其身而勿遣（“內”讀作“納”），稍召其社稷之臣，以與韓人為市，則韓可深割也。因令蒙武發東郡之卒（“蒙”原誤作“象”，今改正），窺兵於境上而未名所之，則齊人懼而從蘇之計（“蘇”指荊蘇），是我兵未出而勁韓以威擒，強齊以義從矣。聞于諸侯也，趙氏破膽，荊人狐疑，必有忠計。荊人不動，魏不足患也，則諸侯可蠶食而盡，趙氏可得與敵矣。願陛下幸察愚臣之計，無忽。”秦遂遣斯使韓也。李斯往詔韓王，未得見，因上書曰：“昔秦、韓戮力一意，以不相侵，天下莫敢犯，如此者數世矣。前時五諸侯嘗相與共伐韓，秦發兵以救之。韓居中國，地不能滿千里，而所以得與諸侯班位於天下，君臣相保者，以世世相教事秦之力也。先時五諸侯共伐秦，韓反與諸侯先為雁行以向秦軍于關下矣，諸侯兵困力極，無奈何，諸侯兵罷。杜倉相秦，趙兵發將以報天下之怨而先攻荊。荊令尹患之，曰：“夫韓以秦為不義，而與秦兄弟共苦天下。已又背秦，先為雁行以攻關。韓則居中國，輾轉不可知。”天下共割韓上地十城以謝秦，解其兵。夫韓嘗一背秦而國迫地侵，兵弱至今，所以然者，聽奸臣之浮說，不權事實，故雖殺戮奸臣，不能使韓複強。今趙欲聚兵士，卒以秦為事，使人來借道，言欲伐秦，其勢必先韓而後秦。且臣聞之，唇亡則齒寒。夫秦、韓不得無同憂，其形可見。魏欲發兵以攻韓，秦使人將使者于韓。今秦王使臣斯來而不得見，恐左右襲曩奸臣之計，使韓複有亡地之患。臣斯不得見，請歸報，秦、韓之交必絕矣。斯之來使，以奉秦王之歡心，願效便計，豈陛下所以逆賤臣者邪？臣斯願得一見前，進道愚計，退就菹戮，願陛下有意焉。今殺臣于韓，則大王不足以強，若不聽臣之計，則禍必構矣。秦發兵不留行，而韓之社稷憂矣。臣斯暴身于韓之市（“暴”讀作“曝”），則雖欲察賤臣愚忠之計，不可得已。邊鄙殘，國固守，鼓鐸之聲於耳，而乃用臣斯之計，晚矣。且夫韓之兵于天下可知也，今又背強秦。夫棄城而敗軍，則反掖之寇必襲城矣。城盡則聚散，聚散則無軍矣。城固守，則秦必興兵而圍王一都，道不通，則難必謀，其勢不救，左右計之者不用，願陛下熟圖之。若臣斯之所言有不應事實者，願大王幸使得畢辭於前，乃使吏誅不晚也。秦王飲食不甘，游觀不樂，意專在圖趙，使臣斯來言，願得身見，因急與陛下有計也。今使臣不通，則韓之信未可知也。夫秦必釋趙之患而移兵于韓，願陛下幸複察圖之，而賜臣報決。”（《韓非子·存韓》）
前234,234,秦王政（始皇帝）十三年（西元前二三四年）,23,史料,秦、齊、燕、韓、趙、魯、吳、中山、代,,攻、立、取、殺,四國為一，將以攻秦。秦王召群臣、賓客六十人而問焉，曰：“四國為一，將以圖秦，寡人屈於內，而百姓靡于外，為之奈何？”群臣莫對。姚賈對曰：“賈願出使四國，必絕其謀而安其兵。”乃資車百乘，金千斤，衣以其衣，冠以其冠，帶以其劍（以上二句原作“冠舞以其劍”，今從王念孫改正）。姚賈辭行，絕其謀，止其兵，與之為交，以報秦，秦王大悅，封賈千戶，以為上卿。韓非短之（“短”原誤作“知”，姚注：“知一作短”，《韓非列傳·集解》引《戰國策》正作“短”，今據改），曰：“賈以珍珠重寶，南使荊、吳，北使燕、代之間，三年，四國之交未必合也，而珍珠重寶盡於內，是賈以王之權、國之寶，外自交于諸侯，願王察之。且梁監門子，嘗盜于梁，臣于趙而逐。取世監門子、梁之大盜、趙之逐臣，與同知社稷之計，非所以厲群臣也”（“厲”通“勵”）。王召姚賈而問曰：“吾聞子以寡人財交于諸侯，有諸？”對曰：“有之。”王曰：“有何面目複見寡人？”對曰：“曾參孝其親，天下願以為子；子胥忠於君，天下願以為臣；貞女工巧，天下願以為妃（“妃”讀作“配”）；今賈忠王而王不知也，賈不歸四國，尚焉之？使賈不忠於君，四國之王尚焉用賈之才？桀聽讒而誅其良將，紂聞讒而殺其忠臣，至身死國亡。今王聽讒，則無忠臣矣。”王曰：“子監門子，梁之大盜，趙之逐臣。”姚賈曰：“太公望齊之逐夫，朝歌之廢屠，子良之逐臣，棘津之讎不庸（金正煒曰：“當作庸不讎”），文王用之而王。管仲其鄙人之賈人也（吳師道曰：“鄙下‘人’字疑衍”），南陽之弊幽，魯之免囚，桓公用之而伯。百里奚虞之乞人，傳賣以五羊之皮，穆公相之而朝西戎。文公用中山盜而勝於城濮。此四士者，皆有詬醜，大誹天下（姚注：“曾作於天下”），明主用之，知其可與立功也。使若卞隨、務光、申屠狄，人主豈得其用哉！故明主不取其汙，不聽其非，察其為己用，故可以存社稷者，雖有外誹者不聽；雖有高世之名、無咫尺之功者不賞，是以群臣莫敢以虛願望於上。”秦王曰：“然。”乃複使姚賈而誅韓非。（《秦策五》第八章）
前234,234,秦王政（始皇帝）十三年（西元前二三四年）,24,考案,齊、楚、燕、韓、趙、魏、越、吳、代,,徙都,案：“四國為一”，高誘注雲：“四國者，燕、趙、吳、楚也。”鮑彪注雲：“四國，荊、齊、燕、代也。”蓋皆據韓非所說：“賈以珍珠重寶，南使荊、吳，北使燕、代之間”。鮑彪改“吳”作“齊”，注雲：“此章無吳事。”程恩澤曰：“越本兼有吳地，當時與諸國遙為聲援，似即《策》文所言之吳。”金正煒曰：“按吳已先亡，疑當作越。”又曰：“黃丕烈據《韓詩外傳》謂《策》文本如是，則是吳並於越，而猶稱吳。亦猶代並可趙，而仍稱代也。鮑氏改吳為齊，大謬。”今案：以上各家之說，皆不確。所謂“南使荊、吳，北使燕、代之間”，乃謂其南北所至有如此廣遠，與上“四國為一”之“四國”不同。據《春申君列傳》，楚由陳徙都壽春，“春申君由此就封于吳，行相事”，吳已成為楚南部之重要都邑，故此以荊、吳連言。代為趙北部之重要都邑，與燕相鄰，故此又以燕、代連言。所謂“四國為一”，當指燕、趙、魏、楚四國而言。
前234,234,秦王政（始皇帝）十三年（西元前二三四年）,25,史料,秦、趙,,盟,趙王使其相李牧來約盟，故歸其質子，已而倍盟，反我太原。（《秦始皇本紀》二十六年載秦初並天下令丞相、禦史曰）
前234,234,秦王政（始皇帝）十三年（西元前二三四年）,26,考案,秦、趙,,攻、滅,案：此為秦王政初並天下時宣佈所以興兵滅趙之原因，此事不見其他記載。疑即在秦大興兵進攻趙之前。太原為趙貴族長期盤據之地，有根深蒂固之舊勢力存在，多次趙戰勝秦之後，趙利用舊勢力恢復太原之地，此乃最後一次。
前234,234,秦王政（始皇帝）十三年（西元前二三四年）,27,考案,秦、齊、楚、韓、趙、魏、晉、鄭,白起,攻、圍、救、立、即位、合縱、滅、取、拔、賂、殺,又案：秦自昭王以來，即謀兼併六國。昭王以白起為將，連續攻佔三晉及楚之土地，並大量殺傷其兵力。伊闕之戰勝韓、魏，斬首二十四萬；鄢之戰，秦引水灌城，淹死楚軍民數十萬；華陽之戰勝趙、魏，斬首十五萬；長平之戰大勝，坑殺趙俘四十五萬，並進而取得趙之太原郡與韓之上黨郡。但當秦進圍邯鄲企圖滅趙之時，由於趙國上下之堅決抵抗，不能攻克。及魏、楚合縱救趙而攻秦，秦軍被包圍，以致秦將鄭安平降趙，秦將王齲敗退河東，又為魏、楚聯軍所敗，因而魏得恢復河東，趙得恢復太原，韓得恢復上黨。秦莊襄王時繼續進攻三晉，初置三川郡，又重拔太原郡與上黨郡。及魏信陵君合縱五國攻秦，卻秦軍於河外，於是晉陽又反。秦王政即位初期，攻取晉陽，攻韓取十三城，又攻魏東部而建東郡，繼而向東進攻，擴大東郡，使秦之領土橫貫中原而與齊接境，從而截斷“山東從親之要（腰）”。及秦王政親自執政，採用尉繚、李斯、姚賈等人之計策，以金玉財寶賄賂東方六國之權臣，用以瓦解東方六國合縱抗秦之謀劃，並謀害東方六國抗秦之將領，以削弱抗秦之力量，從而加速兼併六國。秦為尚首功之國，戰勝以斬首數目記功。秦王政時，二年庶公攻魏卷，斬首三萬。十三年桓齮攻趙平陽，斬首十萬。此後兼併六國之戰爭中，即不見有斬首之記錄。桓齮於十四年攻趙宜安時，即為趙將李牧所大敗而出走。蒙驁、王翦先後在秦兼併六國過程中建有大功，經歷多次大戰，但全無斬首記錄。蓋六國已喪失戰鬥力，同時秦亦以“義兵”自居。呂不韋之《呂氏春秋》鼓吹以“義兵”誅暴而重立天子，當秦初並天下時，秦王政下令亦自稱“寡人以眇眇之身，興兵誅暴亂”。丞相等亦皆曰：“今陛下興義兵，誅殘賊，平定天下。”
前232,232,秦王政（始皇帝）十五年（西元前二三二年）,1,史料,齊、楚、燕、韓、趙、魏,,遷,魏景湣王十一年，韓王安七年，趙王遷四年，齊王建三十三年，楚幽王六年，燕王喜二十三年。
前232,232,秦王政（始皇帝）十五年（西元前二三二年）,2,史料,秦,,取,[秦始皇帝]十五年大興兵，一軍至鄴，一軍至太原，取狼孟。地動。（《秦始皇本紀》，《六國表》作“興軍至鄴，軍至太原，取狼孟”）
前232,232,秦王政（始皇帝）十五年（西元前二三二年）,3,考案,秦、趙、晉,,攻、取,案：《秦本紀》、《六國表》言莊襄王二年蒙驁攻趙得三十七城，其中有狼孟，是年又雲“取狼孟”。蓋狼孟一度為趙恢復，是年再取之也。狼孟在今山西陽曲，正當晉陽之北。
前232,232,秦王政（始皇帝）十五年（西元前二三二年）,4,史料,秦,,,[秦始皇帝]十五年從平陽軍。（秦簡《編年記》）
前232,232,秦王政（始皇帝）十五年（西元前二三二年）,5,史料,秦、趙,,拔、遷,趙王遷四年秦拔我狼孟、鄱吾。（《六國表》）
前232,232,秦王政（始皇帝）十五年（西元前二三二年）,6,史料,秦、趙,,攻、遷,[趙王遷]四年秦攻番吾，李牧與之戰，卻之。（《趙世家》）
前232,232,秦王政（始皇帝）十五年（西元前二三二年）,7,史料,秦、韓、魏,廉頗,攻,居三年（指李牧破秦軍于宜安後三年，當作明年），秦攻番吾，李牧擊破秦軍，南距韓、魏。（《廉頗列傳》附《李牧傳》）
前232,232,秦王政（始皇帝）十五年（西元前二三二年）,8,史料,秦、齊、趙,張儀,卒、連橫,秦、趙戰於河漳之上，再戰而再勝秦；戰於番吾之下，再戰而再勝秦；四戰之後，趙亡卒數十萬，邯鄲僅存，雖有勝秦之名，而國破矣。是何故也？秦強而趙弱也。（《齊策一》第十七章，策士所偽託張儀為秦連橫說齊王，《張儀列傳》同）
前232,232,秦王政（始皇帝）十五年（西元前二三二年）,9,考案,秦、趙、越,蘇秦、張儀,攻、取、拔,案：是年秦分軍兩路攻趙，一路至太原攻取狼孟；另一路為主力軍至鄴，在今河北磁縣南之鄴鎮。平陽即在鄴東，秦簡《編年記》雲：“從平陽軍”，蓋分屯於平陽。趙有南北兩地名番吾，北番吾在今河北靈壽西南，南番吾在今河北磁縣，正當鄴之北，乃由鄴越漳水與趙長城進攻趙都邯鄲必經之戰略要地。策士所偽託蘇秦說趙王曰：“秦甲涉河逾漳，據番吾，則兵必戰於邯鄲之下矣。”（《趙策二》第一章）策士所偽託張儀說趙王亦曰：“願渡河逾漳，據番吾，迎戰邯鄲之下。”（《趙策二》第三章）是年秦軍由鄴攻番吾，再度為李牧所大敗。《趙世家》與《李牧傳》所載是也。《六國表》謂秦拔趙番吾，蓋秦史諱敗為勝。《資治通鑒》作“一軍抵太原，取狼孟、番吾，遇李牧而還”，出於杜撰，不符史實。
前232,232,秦王政（始皇帝）十五年（西元前二三二年）,10,史料,秦、燕,,,[燕王喜]二十三年太子丹質于秦，亡歸燕。（《燕世家》，《六國表》作“太子丹質于秦，亡來歸”）
前232,232,秦王政（始皇帝）十五年（西元前二三二年）,11,考案,秦、燕,,,案：此後太子丹有使荊軻刺秦王之事，因而傳為英雄人物，有神奇之傳說。《論衡·感虛篇》雲：“傳書言：燕太子丹朝于秦，不得去，從秦求歸，秦王執留之，與之誓曰：‘使日再中，天雨粟，令烏白頭，馬生角，廚門木象生肉足，乃得歸。’當此之時，天地佑之，日為再中，天雨粟，烏白頭，馬生角，廚門木象生肉足，秦王以為聖，乃歸之。”《風俗通義·正失篇》亦載此傳說。《刺客列傳》載太史公曰：“世言荊軻，其稱太子丹之命，天雨粟、馬生角也。”《索隱》引《燕丹子》亦載此傳說。
前232,232,秦王政（始皇帝）十五年（西元前二三二年）,12,史料,秦、楚,,滅,秦始皇之時，十五年彗星四見，久者八十日，長或竟天。其後秦遂以兵滅六王，並中國，外攘四夷，死人如亂麻，因以張楚並起，三十年之間兵相駘藉，不可勝數。（《史記·天官書》）
前232,232,秦王政（始皇帝）十五年（西元前二三二年）,13,考案,秦、韓,,滅,案：此言秦王政時十五年間，彗星四次見到。《秦始皇本紀》言七年彗星先出東方，見北方，五月見西方。九年，先記“彗星見或竟天”，夾敘四月平定嫪毐作亂後，又記四月彗星見西方，又見北方，從鬥以南八十日。十三年正月彗星見東方。蓋九年作兩次見到，因而雲彗星四見，“久者八十日，長或竟天”即指九年所見者。黃式三誤讀上文，誤以為“彗星四見云云”乃十五年之事，因而於是年書“彗星四見”云云，大謬。作者所以稱“十五年彗星四見”，蓋用以證明天人相應之變化，因而有三十餘年之兵災。即《天官書·正義》“謂從秦始皇十六年起兵滅韓，至漢高祖五年滅項羽，則三十六年矣”。
前231,231,秦王政（始皇帝）十六年（西元前二三一年）,1,史料,齊、楚、燕、韓、趙、魏,,遷,魏景湣王十二年，韓王安八年，趙王遷五年，齊王建三十四年，楚幽王七年，燕王喜二十四年。
前231,231,秦王政（始皇帝）十六年（西元前二三一年）,2,史料,秦、韓、魏,,卒,[秦始皇帝]十六年九月發卒受地韓南陽假守騰。初令男子書年。魏獻地于秦。秦置麗邑。（《秦始皇本紀》）
前231,231,秦王政（始皇帝）十六年（西元前二三一年）,3,史料,秦、韓,,卒,秦始皇帝十六年置麗邑。發卒受韓南陽。（《六國表》）
前231,231,秦王政（始皇帝）十六年（西元前二三一年）,4,史料,秦、魏,,,魏景滑王十二年獻城秦。（《六國表》）
前231,231,秦王政（始皇帝）十六年（西元前二三一年）,5,史料,秦、韓,,,韓王安八年秦來受地。（《六國表》）
前231,231,秦王政（始皇帝）十六年（西元前二三一年）,6,考案,秦、韓,,攻、卒、滅,案：《秦始皇本紀》稱是年九月“發卒受地韓南陽假守騰”，可知秦發卒受韓南陽，乃出於韓南陽假守騰之投獻。《資治通鑒》作“韓獻南陽地，九月，發卒受地于韓”，蓋出於誤解。《本紀》又稱次年“內史騰攻韓，得韓王安，盡納其地”。此內史騰當即投獻于秦之韓南陽假守騰，因得秦之重用，升為內史。內史為掌京師之官，秦又命彼率軍攻滅韓國。秦不用將軍王翦攻韓而命騰攻韓，蓋騰熟悉韓之內情而便於攻克。此乃尉繚、李斯使用間諜勾結諸侯“豪臣”、“名士”而“離間其君臣之計”之成功，韓因而滅亡。
前231,231,秦王政（始皇帝）十六年（西元前二三一年）,7,考案,秦,,即位,又案：是年置麗邑，即為營建秦始皇帝陵園而創設。《秦始皇本紀》稱“始皇初即位，穿治酈山，及並天下，天下徒送詣七十余萬人，穿三泉”。酈山古稱麗山，麗邑即設其旁。此後西漢諸帝營建壽陵，即沿用此制，創設陵邑。三十五年“徙三萬家於麗邑，五萬家雲陽，皆複不事十歲”。此後西漢大舉從東方徙民至陵縣，亦沿用此制。《漢書·地理志》所謂“蓋亦以強幹弱支，非獨以奉山園也”。
前231,231,秦王政（始皇帝）十六年（西元前二三一年）,8,史料,秦,,,[秦始皇帝]十六年七月丁巳，公終。自占年。（秦簡《編年記》）
前231,231,秦王政（始皇帝）十六年（西元前二三一年）,9,考案,秦,白起,,案：是年七月丁未朔，丁巳為十一日，是年七月十一日墓主之父去世。“自占年”即《本紀》“初令男子書年”。蓋秦原有“傅籍”之制，即男子到服兵役年齡必須登記戶籍，國家可隨時徵調入伍。“初令男子書年”，則更進一步，命令所有男子不論是否到服役年齡，一律自報年齡登記，以便國家在緊急需要時，按年齡提早徵調入伍。長平之戰時，秦王嘗親至河內，“發年十五以上悉詣長平”(《白起列傳》)。十五歲乃服役年齡。此次“初令男子書年”，以便國家徵調十五歲以下之男子提早入伍，以應此後兼併六國之戰爭需要。“占”為親自實報之意。“自占年”即親自實報年齡登記戶籍。此與“傅籍”不同。“傅籍”只登記到服役年齡之男子，“令男子書年”，即“自占年”，乃不論服役年齡到否，必須一律登記。此後將一律按此辦理，故《本紀》稱為“初令男子書年”。近人或以為“實際等於進行一次全國人口情況調查統計”，其實非是。
前231,231,秦王政（始皇帝）十六年（西元前二三一年）,10,史料,秦、趙、代,,遷,[趙王遷]五年代地大動，自樂徐以西，北至平陰，台屋牆垣太半壞，地壞東西百三十步。（《趙世家》，《六國表》作“地大動”）秦王政（始皇帝）十七年（西元前二三0年）
前231,231,秦王政（始皇帝）十六年（西元前二三一年）,11,史料,齊、楚、燕、韓、趙、魏,,遷,魏景湣王十三年，韓王安九年，趙王遷六年，齊王建三十五年，楚幽王八年，燕王喜二十五年。
前231,231,秦王政（始皇帝）十六年（西元前二三一年）,12,史料,秦、韓,,攻、卒、取,[秦始皇帝]十七年內史騰攻韓，得韓王安，盡納其地，以其地為郡，命曰潁川。地動。華陽太后卒。民大饑。（《秦始皇本紀》，《六國表》作：“內史騰（原誤作“勝”）擊得韓王安，盡取其地，置潁川郡。華陽太后薨。”）
前231,231,秦王政（始皇帝）十六年（西元前二三一年）,13,史料,秦、韓,,滅,[韓王安]九年秦虜王安，盡入其地為潁川郡。韓遂亡。（《韓世家》，《六國表》作“秦虜王安，秦滅韓”）
前231,231,秦王政（始皇帝）十六年（西元前二三一年）,14,史料,秦、韓,,滅,秦始皇十七年滅韓，以其地為潁川郡，蓋因水以著稱者也。……王隱曰：陽翟本櫟也，故潁川郡治也。（《水經·潁水注》）
前231,231,秦王政（始皇帝）十六年（西元前二三一年）,15,史料,秦、韓,,攻,[秦始皇帝]十七年攻韓。（秦簡《編年記》）
前231,231,秦王政（始皇帝）十六年（西元前二三一年）,16,史料,秦,,會,[秦]孝文王后曰華陽太后，與孝文王會葬壽陵。（《呂不韋列傳》）
前231,231,秦王政（始皇帝）十六年（西元前二三一年）,17,史料,秦、趙,,遷,[趙王遷]六年大饑，民訛言曰：“趙為號，秦為哭。以為不信，視地之生毛。”（《趙世家》）
前231,231,秦王政（始皇帝）十六年（西元前二三一年）,18,考案,秦、趙,,滅,案：所謂“趙為號，秦為哭”，蓋秦可乘趙大饑而滅趙。次年趙即為秦滅。
前231,231,秦王政（始皇帝）十六年（西元前二三一年）,19,史料,秦、韓,,,[張]良年少，未宦事韓。韓破，良家僮三百人，弟死不葬，悉以家財求客刺秦王，為韓報仇，以大父、父五世相韓故。良嘗學禮淮陽，東見倉海君，得力士，為鐵椎重百二十斤。（《留侯世家》，《說苑·複恩篇》第十六章同，“倉”作“滄”）
前231,231,秦王政（始皇帝）十六年（西元前二三一年）,20,史料,秦、韓,,滅,秦既滅韓，徙天下不軌之民於南陽，故其俗誇奢，上氣力，好商賈、漁獵、藏匿，難制禦也。（《漢書·地理志》）
前231,231,秦王政（始皇帝）十六年（西元前二三一年）,21,史料,秦、齊、楚、韓、趙、魏、晉、周、衛,,伐、圍、救、取、殺,國子曰：“秦破馬服君之師（“君”疑“子”之誤），圍邯鄲。齊、魏亦佐秦伐邯鄲，齊取淄鼠，魏取伊是（鮑本“是”作“氏”，古“氏”“是”通用），公子無忌為天下循便計，殺晉鄙，率魏兵以救邯鄲之圍，使秦弗有而失天下。是齊入于魏而救邯鄲之功也。安邑者，魏之柱國也；晉陽者，趙之柱國也；鄢、郢者，楚之柱國也。故三國欲與秦壤界（“欲”讀作“猶”），秦伐魏取安邑，伐趙取晉陽，伐楚取鄢、郢矣。福三國之君（姚注：福，曾作覆，劉一作“偪”，鮑改“福”為“覆”，改“君”為“軍”。“福”當讀作“逼”），兼二周之地，舉韓氏，取其地（“取”讀作“聚”），且天下之半。今又劫趙、魏，疏中國，封衛之東野，兼魏之河內（“內”原誤作“南”，從鮑本改正），絕趙之東陽，則趙、魏亦危矣。趙、魏危，則非齊之利也。魏、趙、楚之志（“魏”上原衍“韓”字，何建章《注釋》雲：“上文言舉韓氏，下文言三國之與秦壤界而患急，三國指趙、魏、楚，則不當有韓，此韓字誤衍，當刪”），恐秦兼天下而臣其君，故專兵一志以逆秦。三國之與秦壤界而患急，齊不與秦壤界而患緩，是以天下之勢不得不事齊也。故秦得齊則權重於中國；趙、魏、楚得齊則足以敵秦。故秦、趙、魏、楚得齊者重（“楚”字原脫，從鮑本補），失齊者輕。齊有此勢，不能以重于天下者何也？其用者過也。”（《齊策三》第十二章）
前231,231,秦王政（始皇帝）十六年（西元前二三一年）,22,考案,秦、韓,,滅,案：顧觀光、於鬯系此于秦王政十七年滅韓之後，是也。
前231,231,秦王政（始皇帝）十六年（西元前二三一年）,23,史料,,,,十七年丞相啟、狀造，郃陽嘉，丞兼，庫脽，工邪。（十七年丞相啟狀戈刻銘，此戈一九八二年天津文管處從薊縣運往天津之廢銅中揀得，見《文物》一九八六年第三期田鳳嶺、陳雍《新發現的十七年丞相啟狀戈》）
前231,231,秦王政（始皇帝）十六年（西元前二三一年）,24,考案,秦、魏,秦昭王,,案：田鳳嶺等，因秦武王始置丞相，秦昭王十七年魏冉為相，因而推定此為秦王政十七年所作，並以為啟與狀為二人，狀即隗狀；啟即昌平君。啟為昌平君之說不確，已有人加以駁斥。王輝《秦銅器銘文編年集釋》以為此戈應在秦昭王時，丞相啟狀應是姓啟名狀。無確據。隗狀見於秦始皇帝二十六年詔版及刻石，不知其為丞相始於何年。歷來秦相邦與丞相所製作，皆在國都或舊都，惟此作郃陽。郃陽在河西，為秦內史屬縣，蓋亦設有丞相監造之作坊。
前229,229,秦王政（始皇帝）十八年（西元前二二九年）,1,史料,齊、楚、燕、趙、魏,,遷,魏景湣王十四年，趙王遷七年，齊王建三十六年，楚幽王九年，燕王喜二十六年。
前229,229,秦王政（始皇帝）十八年（西元前二二九年）,2,史料,秦、趙,,伐、攻、圍,[秦始皇帝]十八年大興兵攻趙，王翦將上地，下井陘；端和將河內，羌瘣伐趙，端和圍邯鄲城。（《秦始皇本紀》）
前229,229,秦王政（始皇帝）十八年（西元前二二九年）,3,史料,秦、齊、趙、代,,攻、遷,[趙王遷]七年秦人攻趙，趙大將李牧，將軍司馬尚將，擊之。李牧誅，司馬尚免，趙忽及齊將顏聚代之。趙忽軍破，顏聚亡去。以王遷降。（《趙世家》）
前229,229,秦王政（始皇帝）十八年（西元前二二九年）,4,史料,秦、楚、燕、韓、趙,,伐,今秦已虜韓王，盡納其地，又舉兵南伐楚，北臨趙。王翦將數十萬之眾臨漳、鄴（“臨”，鮑本作“距”，《史記》亦作“距”，作“臨”為是），而李信出太原、雲中。（《燕策三》第五章，燕太子丹謂荊軻，《史記·刺客列傳》同）
前229,229,秦王政（始皇帝）十八年（西元前二二九年）,5,考案,秦、燕、趙、周、越、代,,攻、圍,案：是年秦大興兵攻趙，分三路進軍。王翦率上地（即上党）之師，越太行山，下井陘塞，攻趙之中部。楊端和率河內之師北上，臨漳、鄴，由鄴進圍趙都邯鄲，羌瘞亦攻趙之國都周圍，此為秦之南路。李信出雲中、太原，乃秦之北路，攻趙之代一帶。燕太子丹稱“王翦將數十萬之眾臨漳、鄴”，《趙策》、《王翦傳》、《李牧傳》，皆稱“王翦攻趙”，蓋王翦為秦是役之統帥。
前229,229,秦王政（始皇帝）十八年（西元前二二九年）,6,史料,秦、齊、趙、代,廉頗,攻、滅、遷、殺,趙王遷七年秦使王翦攻趙，趙使李牧、司馬尚禦之。秦多與趙王寵臣郭開金，為反間，言李牧、司馬尚欲反。趙王乃使趙蔥及齊將顏聚代李牧。李牧不受命，趙使人微捕得李牧，斬之。廢司馬尚。後三月，王翦因急擊趙，大破，殺趙蔥，虜趙王遷及其將顏聚，遂滅趙。（《廉頗列傳》附《李牧傳》）
前229,229,秦王政（始皇帝）十八年（西元前二二九年）,7,史料,秦、趙、代,,攻、滅、取、遷、殺,秦使王翦攻趙，趙使李牧、司馬尚禦之。李牧數破走秦軍，殺秦將桓齮(“殺”當為“走”字之誤)，王翦惡之。乃多與趙王寵臣郭開等金(“乃”上脫“秦”字，《李牧傳》有“秦”字，《史記·甘茂列傳·集解》引《戰國策》雲：“秦多與開金”，與《李牧傳》同)，使為反間，曰：“李牧、司馬尚欲與秦反趙，以多取封于秦。”趙王疑之，使趙苾及顏㫊代將(“苾”，鮑本作“蔥”，作“蔥”為是。“㫊”即“聚”字)，斬李牧，廢司馬尚。後三月，王翦因急擊，大破趙，殺趙軍(“軍”當“蔥”之誤)，虜趙王遷及其將顏㫊，遂滅趙。(《趙策四》第十九章，與《李牧傳》大體相同)
前229,229,秦王政（始皇帝）十八年（西元前二二九年）,8,史料,秦、燕、韓、趙、吳、鄭、代,,攻、救、卒、滅、取、賂、遷、殺,文信侯出走，與司空馬之趙（金正煒曰：“按《說文》，與，黨與也。”吳師道、黃丕烈以“與字疑衍”，不確），趙以為守相。秦下甲而攻趙，司空馬說趙王曰：“文信侯相秦，臣事之為尚書，習秦事。今大王使守小官，習趙事。請為大王設秦、趙之戰，而親觀其孰勝。趙孰與秦大？”曰：“不如。”“民孰與之眾？”曰：“不如。”“金錢粟米孰與之富？”曰：“弗如。”“國孰與之治？”曰：“不如。”“相孰與之賢？”曰：“不如。”“將孰與之武？”曰：“不如。”“律令孰與之明？”曰：“不如。”司空馬曰：“然則大王之國，百舉而無及秦者，大王之國亡。”趙王曰：“卿不遠趙而悉教以國事，願于因計。”司空馬曰：“大王裂趙之半以賂秦，秦不接刃而得趙之半，秦必悅。內惡趙之守（姚注：“之一作地”），外恐諸侯之救，秦必受之。秦受地而鄭兵（“郤”，鮑本作“卻”），趙守半國以自存。秦銜賂以自強，山東必恐，亡趙自危，諸侯必懼，懼而相救，則從事可成。臣請大王約從（鮑本“請”下有“為”字）。從事成，則是大王名亡趙之半，實得山東以敵秦，秦不足亡。”趙王曰：“前日秦下甲攻趙，趙賂以河間十二縣，地削兵弱，卒不免秦患。今又割趙之半以強秦，力不能自存，因以亡矣，願卿之更計。”司空馬曰：“臣少為秦刀筆，以官長而守小官（下“官”字鮑本作“吏”），未嘗為兵首（鮑本“首”誤作“百”，改作“臣”，非是），請為大王悉趙兵以遇。”趙王不能將（高誘注：“趙不能用司空馬為將”）。司空馬曰：“臣效愚計，大王不用，是臣無以事大王，願自請。”（高誘注：“自請而去”）司空馬去趙，渡平原，平原津令郭遺勞而問：“秦兵下趙，上客從趙來，趙事何如？”司空馬言其為計而弗用，趙必亡。平原令曰：“以上客料之，趙何時亡？”司空馬曰：“趙將武安君，期年而亡，若殺武安君，不過半年。趙王之臣有韓倉者，以曲合于趙王，其交甚親，其為人疾賢妒功臣（“疾”讀作“嫉”），今國危亡，王必用其言，武安君必死。”韓倉果惡之，王使人代。武安君至，使韓倉數之曰：“將軍戰勝，王觴將軍。將軍為壽于前而捭匕首（“捭”原作“捍”，姚注：“捍，劉一作捭”。《文選》謝靈運《之郡初發都詩》李善注引此作“捭”，今從黃丕烈改正），當死！”武安君曰：“緘病鉤（高誘注：“緘，李牧名。”吳師道曰：“緘，子活反，《說文》，結也。病鉤即所謂臂短也。”），身大臂短，不能及地，起居不敬，恐獲死罪於前，故使工人為木杖以接手（“獲”原作“懼”，“杖”原作“材”，從王念孫據《文選·初發都詩》李善注所引改正），上若不信，緘請以出示。”出之袖中，以示韓倉，狀如振摑（姚注：“摑，曾作憫。”鮑本“摑”作“梱”。又以為“梱”，雲：“梱，門橛也。”），纏之以布，“願公入明之。”韓倉曰：“受命于王，賜將軍死，不赦，臣不敢言。”武安君北面再拜賜死，縮劍將自誅（高誘注：“縮，取。”鮑彪注：“縮當作掖，《集韻》：引也，抽也”），乃曰：“人臣不得自殺宮中。”過司馬門（“過”原誤作“遇”，“司”下衍“空”字，從姚注所引劉本改正），趣甚疾（鮑本“趣”作“趨”，“趣”“趨”古通），出諏門也（鮑本“諏”作“講”，又改為“諺”，雲：“諺，別也。”金正煒雲：“諏當作誄，誄門即棘門，古音同假借”）。右舉劍將自誅，臂短不能及，銜劍征之於柱以自刺（《後漢書·王符傳》李注引作：“銜刀於柱以自殺”），武安君死。五月，趙亡。平原令見諸公，必為言之（鮑本“言之”作“之言”），曰：“嗟嗟乎！司空馬！”又以為司空馬逐于秦，非不知也。去趙，非不肖也。趙去司空馬而國亡。國亡者，非無賢人，不能用也。（《秦策五》第七章）案：李牧為秦之間諜工作所害，諸書記載不一。《秦策四》第八章謂秦王資頓弱以萬金，“北游燕、趙而殺李牧。”《李牧傳》謂“秦多與趙王寵臣郭開金，為反間，言李牧、司馬尚欲反”，捕得李牧斬之。《張釋之傳》亦雲：“遷用郭開讒卒誅李牧。”《列女傳》又稱趙王遷母趙悼後，“通于春平君，多受秦賂”，而使王誅李牧。而此章又言韓倉誣害李牧而使自殺，蓋傳聞異辭。秦之滅趙，蓋以間諜工作配合軍事行動，傳說不一。
前229,229,秦王政（始皇帝）十八年（西元前二二九年）,9,史料,秦、趙,,攻,[秦始皇帝]十八年攻趙。正月恢生。（秦簡《編年記》）
前229,229,秦王政（始皇帝）十八年（西元前二二九年）,10,考案,,,,案：恢當為墓主喜之子。
前229,229,秦王政（始皇帝）十八年（西元前二二九年）,11,考案,秦、楚、趙,,攻、卒、取、拔、遷,又案：《秦始皇本紀》言秦攻趙在秦王政十八年，取趙地與俘趙王在十九年。《六國表》亦謂王翦拔趙虜趙王在十九年。《王翦列傳》雲：“十八年翦將攻趙。歲余，遂拔趙，趙王降，盡定趙地為郡。”既雲“歲餘”，則“拔趙，趙王降”已在十九年。《楚世家》謂幽王十年卒，“是歲秦虜趙王遷”，幽王十年亦當秦王政十九年。惟《趙世家》謂李牧誅與王遷降同在趙王遷七年，即秦王政十八年。《李牧傳》謂李牧被斬在趙王遷七年，後三月王翦破趙而虜遷。《趙策四》亦謂王翦破趙在“斬李牧”之後三月。《秦策五》則謂李牧死後“五月，趙亡”。蓋李牧死于趙王遷七年，而王翦破趙已在八年，《趙世家》連言之而誤混在一年。
前229,229,秦王政（始皇帝）十八年（西元前二二九年）,12,史料,秦、燕、趙,,立、會,荊軻既至燕，愛燕之狗屠及善擊築者高漸離。荊軻嗜酒，日與狗屠及高漸離飲于燕市。酒酣以往，高漸離擊築，荊軻和而歌於市中，相樂也，已而相泣，旁若無人者。荊軻雖游於酒人乎，然其為人沈深好書，其所游諸侯，盡與其賢豪、長者相結。其之燕，燕之處士田光先生亦善待之，知其非庸人也。居頃之，會燕太子丹質秦亡歸燕。燕太子丹者，故嘗質于趙，而秦王政生於趙，其少時與丹歡。及政立為秦王而丹質于秦，秦王之遇燕太子丹不善，故丹怨而亡歸，歸而求為報秦王者，國小，力不能。（《史記·刺客列傳》）
前229,229,秦王政（始皇帝）十八年（西元前二二九年）,13,史料,秦、齊、楚、燕、韓、趙、魏、晉,,伐、卒、立、滅、殺,燕太子丹質于秦亡歸，見秦且滅六國，兵以臨易水，恐其禍至（《史記·刺客列傳》作“其後秦日出兵山東，以伐齊、楚、三晉，稍蠶食諸侯，且至於燕，燕君臣皆恐禍之至）。太子丹患之，謂其太傅鞠武曰（《史記》“鞠”作“鞠”，鮑本亦作“鞠”)：“燕、秦不兩立，願太傅幸而圖之。”（《史記》無此二句）武對曰：“秦地遍天下，威脅韓、魏、趙氏（《史記》此下有“北有甘泉、穀口之固，南有涇、渭之沃，擅巴、漢之饒，右隴蜀之山，左關、殽之險，民眾而士厲，兵革有餘，意有所出”等句），則易水以北（《史記》作“則長城之南、易水以北”，按燕長城由易水堤防擴建而成，時人常以易水、長城連稱。《史記》增“長城之南”一句，不確），未有所定也，奈何以見陵之怨，欲排其逆鱗哉？”（“排”，鮑本作“批”，《史記》亦作“批”）太子曰：“然則何由？”太傅曰：“請入圖之。”居之有間，樊將軍亡秦之燕（《史記》作“秦將樊于期得罪于秦王，亡之燕”，案樊於期即桓齮），太子容之（“容之”，《史記》作“受而舍之”）。太傅鞠武諫曰：“不可。夫秦王之暴而積怨于燕，足為寒心，又況聞樊將軍之在乎？是以委肉當餓虎之蹊，禍必不振矣。雖有管、晏，不能為謀。願太子急遣樊將軍入匈奴以滅口，請西約三晉，南連齊、楚，北講于單于（《史記》“講”作“購”，“購”當讀作“媾”和也），然後乃可圖也。”太子丹曰：“太傅之計，曠日彌久，心惛然，恐不能須臾。且非獨於此也。夫樊將軍窮困于天下，歸身於丹，丹終不迫于強秦而棄所哀憐之交，置之匈奴，是丹命固卒之時也（《史記》“固”在“丹”字上）。願太傅更慮之。”鞠武曰：“燕有田光先生者（《史記》於此句上增加一節：“夫行危欲求安，造禍而求福，計淺而怨深，連結一人之後交，不顧國家之大害，此所謂資怨而助禍矣。夫以鴻毛燎於爐炭之上，必無事矣。且以雕鷙之秦，行怨暴之怒，豈足道哉！”），其智深，其勇沉，可與之謀也。”太子曰：“願因太傅交于田先生，可乎？”鞠武曰：“敬諾。”出見田光，道：“太子願圖國事于先生。”田光曰：“敬奉教。”乃造焉。太子跪而逢迎，卻行為道（《史記》“道”作“導”，“道”與“導”通），跪而拂席（《史記》“拂”作“蔽”，《索隱》雲：“蔽猶拂也”）。田光坐定（“光”原作“先生”，今從《史記》），左右無人，太子避席而請曰：“燕、秦不兩立，願先生留意也。”田光曰：“臣聞騏驥盛壯之時，一日而馳千里。至其衰也，駑馬先之。今太子聞光壯盛之時，不知吾精已消亡矣。雖然，光不敢以乏國事也（《史記》“乏”作“圖”），所善荊軻可使也。”太子曰：“願因先生得願交于荊軻，可乎？”田光曰：“敬諾。”即起，趨出。太子送之至門。曰：“丹所報，先生所言者，國大事也，願先生勿泄也。”田光俯而笑曰：“諾。”僂行見荊軻曰：“光與子相善，燕國莫不知。今太子聞光壯盛之時，不知吾形已不逮也，幸而教之曰：‘燕、秦不兩立，願先生留意也。’光竊不自外，言足下于太子，願足下過太子于宮。”荊軻曰：“謹奉教。”田光曰：“光聞長者之行（鮑本“之”作“為”，《史記》亦作“為”），不使人疑之，今太子約光曰：‘所言者，國之大事也，願先生勿泄也。’是太子疑光也。夫為行使人疑之，非節俠士也。”欲自殺以激荊軻，曰：“願足下急過太子，言光已死，明不言也。”遂自剄而死（《史記》“剄”作“刎”）。軻見太子，言田光已死，明不言也（《史記》作“致光之言”）。太子再拜而跪，膝下行流涕（《史記》無“下”字），有頃而後言曰：“丹所請田先生無言者，欲以成大事之謀。今田先生以死明不泄言，豈丹之心哉！”荊軻坐定，太子避席頓首曰：“田先生不知丹不肖，使得至前，願有所道，此天所以哀燕不棄其孤也。今秦有貪饕之心（《史記》“饕”作“利”），而欲不可足也，非盡天下之地，臣海內之王者，其意不饜（《史記》“饜”作“厭”，“厭”與“饜”通）。今秦已虜韓王，盡納其地。又舉兵南伐楚，北臨趙，王翦將數十萬之眾臨漳、鄴，而李信出太原、雲中。趙不能支秦，必入臣，入臣則禍至燕。燕小弱，數困於兵，今計舉國不足以當秦。諸侯服秦，莫敢合從。丹之私計，愚以為誠得天下之勇士，使于秦，窺以重利，秦王貪其贄，必得所願矣（《史記》“贄”作“勢”，“其勢”連下讀）。誠得劫秦王，使悉反諸侯之侵地，若曹沫之與齊桓公，則大善矣；則不可，因而刺殺之。彼大將擅兵于外，而內有大亂，則君臣相疑，以其間諸侯得合從（原複“諸侯”兩字，從鮑本及《史記》刪），其償破秦必矣（鮑本無“破”字，《史記》無“償”字，金正煒雲：“償當為俟字之訛，俟與擯同”）。此丹之上願，而不知所以委命，唯荊卿留意焉。”久之，荊軻曰：“此國之大事，臣駑下，恐不足任使。”太子前頓首，固請無讓，然後許諾。於是尊荊卿為上卿，舍上舍。太子日日造問（鮑本作“太子日造門下”，同于《史記》），供太牢異物（鮑本“異物”上有“具”字，同於《史記》），間進車騎、美女，恣荊軻所欲，以順適其意。（《燕策三》第五章，《史記·刺客列傳》同，惟鞠武之言略有增補）
前228,228,秦王政（始皇帝）十九年（西元前二二八年）,1,史料,齊、楚、燕、趙、魏,,遷,魏景湣王十五年，趙王遷八年，齊王建三十七年，楚幽王十年，燕王喜二十七年。
前228,228,秦王政（始皇帝）十九年（西元前二二八年）,2,史料,秦、燕、趙、中山、代,,攻、立、取,[秦始皇帝]十九年王翦、羌瘣盡定取趙地，東陽得趙王。引兵欲攻燕，屯中山。秦王之邯鄲，諸嘗與王生趙時母家有仇怨，皆坑之。秦王還，從太原、上郡歸。始皇帝母太后崩。趙公子嘉率其宗族數百人之代，自立為代王，東與燕合兵，軍上穀。大饑。（《秦始皇本紀》）
前228,228,秦王政（始皇帝）十九年（西元前二二八年）,3,史料,秦、趙,,攻、拔,[秦始皇帝]十八年翦將攻趙。歲余，遂拔趙，趙王降，盡定趙地為郡。（《王翦列傳》）
前228,228,秦王政（始皇帝）十九年（西元前二二八年）,4,史料,秦、趙,,,趙國，故秦邯鄲郡。（《漢書·地理志》）
前228,228,秦王政（始皇帝）十九年（西元前二二八年）,5,考案,秦、趙,,,案：據《漢書·地理志》，可知是年秦“定趙地為郡”，即設邯鄲郡。
前228,228,秦王政（始皇帝）十九年（西元前二二八年）,6,史料,秦、趙,,拔、遷,秦始皇帝十九年王翦拔趙，虜王遷。之邯鄲。帝太后薨。（《六國表》）
前228,228,秦王政（始皇帝）十九年（西元前二二八年）,7,考案,秦、趙,,取、拔、會、遷,案：《史記會注考證》雲：“遷'下'之'字衍。”非是。“之邯鄲”即《本紀》所謂“秦王之邯鄲”。《本紀》謂“東陽得趙王”，蓋趙王遷由邯鄲逃避至東陽，為秦兵所得。《本紀·正義》雲：“趙幽繆王遷八年秦取趙地至平陽。平陽在貝州曆亭縣界。遷王于房陵。”《史記會注考證》雲：“據《正義》，“東陽'當作'平陽'。”非是。既雲“王翦、羌雍盡定取趙地”，不得雲“至平陽”。《王翦列傳》亦雲：“歲余，遂拔趙，趙王降，盡定趙地為郡”，可證。或將“東陽”二字連上讀，非是。
前228,228,秦王政（始皇帝）十九年（西元前二二八年）,8,史料,秦、趙,,遷,[趙王遷]八年十月邯鄲為秦。（《趙世家》）
前228,228,秦王政（始皇帝）十九年（西元前二二八年）,9,史料,秦、趙、代,,立、遷,趙王遷八年秦王翦虜王遷。邯鄲。公子嘉自立為代王。（《六國表》，“邯鄲”上疑有脫字）
前228,228,秦王政（始皇帝）十九年（西元前二二八年）,10,史料,秦、趙,,滅、遷,趙王遷流于房陵，思故鄉，作山水之謳，聞者莫不殞涕。（《淮南子·泰族訓》，高誘注：“秦滅趙，王遷之漢中房陵。”）
前228,228,秦王政（始皇帝）十九年（西元前二二八年）,11,史料,秦、趙,,遷,蜀卓氏之先，趙人也，用鐵冶富。秦破趙，遷卓氏。卓氏見虜略，獨夫妻推輦，行至遷處。諸遷虜少有餘財，爭與吏，求近處，處葭萌。唯卓氏曰：“此地狹薄，吾聞汶山下沃野，下有蹲鴟，至死不饑。民工于市，易賈。”乃求遠遷，致之臨邛，大喜，即鐵山鼓鑄，運籌策，傾滇、蜀之民，富至僮千人。田池射獵之樂，擬於人君。（《史記·貨殖列傳》）
前228,228,秦王政（始皇帝）十九年（西元前二二八年）,12,史料,秦,,,[秦始皇帝]十九年□□□□南郡備敬。（秦簡《編年記》，“敬”讀作“警”）
前228,228,秦王政（始皇帝）十九年（西元前二二八年）,13,考案,秦、楚、周,白起、秦昭王,伐、攻、圍、滅、取,案：南郡原為秦昭王時白起攻取得楚都鄢、郢及其周圍地區而設置，因而南郡為楚貴族盤據之地，楚亦常謀克復其地。雲夢睡虎地秦墓，與《編年記》、《秦律》等同墓出土有秦王政二十年四月初二南郡守騰所發稱為《語書》之文告，聲稱：“今法律令已具矣，而吏民莫用。鄉俗淫失之民不止（“失”讀作“泆”)”；“今法律令已布，聞吏民犯法為間私者不止，私好、鄉俗之心不變。”說明當時楚貴族之舊勢力尚存在活動，“犯法為間私”之“鄉俗淫泆之民”尚不止。因而有“備警”之佈置。《秦始皇本紀》記秦王政初並天下後，宣佈所以滅楚之原因，謂“荊王獻青陽以西，已而畔約，擊我南郡，故發兵誅”云云。當秦使李信伐楚時，“又攻鄢、郢，破之。”事見《王翦列傳》。
前228,228,秦王政（始皇帝）十九年（西元前二二八年）,14,史料,秦、燕、趙,,立、取、殺,久之，荊卿未有行意。秦將王翦破趙，虜趙王，盡收其地，進兵北略地至燕南界。太子丹恐懼，乃請荊卿曰：“秦兵旦暮渡易水，則雖欲長侍足下，豈可得哉？”荊卿曰：“微太子言，臣願得謁之。今行而無信，則秦未可親也。夫今樊將軍，秦王購之金千斤，邑萬家。誠能得樊將軍首與燕督亢之地圖獻秦王，秦王必說見臣，臣乃得有以報太子。”太子曰：“樊將軍以窮困來歸丹，丹不忍以己之私而傷長者之意，願足下更慮之。”荊軻知太子不忍，乃遂私見樊於期曰：“秦之遇將軍可謂深矣，父母宗族皆為戮沒。今聞購將軍之首，金千斤，邑萬家，將奈何？”樊將軍仰天太息流涕曰：“吾每念，常痛于骨髓，顧計不知所出耳。”軻曰：“今有一言，可以解燕國之患，而報將軍之仇者，何如？”樊於期乃前曰：“為之奈何？”荊軻曰：“願得將軍之首以獻秦，秦王必喜而善見臣，臣左手把其袖，而右手攝其胸（“攝”下原有“抗”字，姚注“一無抗字”。《史記》無“抗”，《集解》引徐廣曰：“攝，音張鴆反，一作抗。”黃丕烈謂“抗、攝同字，作抗是形近之訛”），然則將軍之仇報，而燕國見陵之愧除矣（《史記》“愧”作“恥”），將軍豈有意乎？”樊於期偏袒扼腕而進曰（《史記》“扼”作“搤”)：“此臣日夜切齒拊心也（鮑本“拊”作“腐”，同於《史記》），乃今得聞教。”遂自剄（《史記》“剄”作“刎”）。太子聞之馳往，伏屍而哭極哀。既已，無可奈何，乃遂收盛樊於期之首函封之（鮑本無“叩”字，同於《史記》）。於是太子預求天下之利匕首，得趙人徐夫人之匕首，取之百金，使工以藥淬之（《史記》“淬”作“燁”，“淬”、“燁”通），以試人，血濡縷，人無不立死者，乃為裝遣荊軻。燕國有勇士秦武陽（《史記》“武”作“舞”），年十二（鮑本“二”作“三”，同於《史記》），殺人，人不敢與忤視（鮑本無“與”字，“忤”作“悟”，又改作“牾”。《史記》亦無“與”字）。乃令秦武陽為副。荊軻有所待，欲與俱，其人居遠未來，而為留待（《史記》“留待”作“治行”），頃之未發。太子遲之，疑其有改悔（鮑本無“有”字，同於《史記》），乃複請之曰：“日以盡矣（《鮑本》“以”作“已”，同於《史記》），荊卿豈無意哉？（《史記》“無”作“有”）丹請先遣秦武陽。”荊軻怒，叱太子曰：“今日往而不反者（《史記》作“何太子之遣、往而不返者”），豎子也。今提一匕首入不測之強秦，僕所以留者，待吾客與俱，今太子遲之，請辭決矣。”遂發。太子及賓客知其事者，皆白衣冠以送之。至易水之上，既祖，取道。高漸離擊築，荊軻和而歌，為變徵之聲，士皆垂淚涕泣，又前而為歌曰：“風蕭蕭兮易水寒，壯士一去兮不復還！”複為慷慨羽聲，士皆瞋目，發盡上指冠。於是荊軻遂就車而去，終已不顧。（《燕策三》第五章，《史記·刺客列傳》同）
前228,228,秦王政（始皇帝）十九年（西元前二二八年）,15,史料,魏,,卒、立,[魏景湣王]十五年景湣王卒，子王假立。（《魏世家》）
前228,228,秦王政（始皇帝）十九年（西元前二二八年）,16,史料,楚、代,,卒、立、殺,[楚幽王]十年幽王卒，同母弟猶代立，是為哀王。哀王立二月余，哀王庶兄負芻之徒襲殺哀王而立負芻為王。（《楚世家》）
前228,228,秦王政（始皇帝）十九年（西元前二二八年）,17,史料,楚,,卒、立、殺,楚幽王十年幽王卒，弟郝立，為哀王。三月負芻殺哀王。（《六國表》）
前228,228,秦王政（始皇帝）十九年（西元前二二八年）,18,史料,楚,,立、滅、殺,後有考烈王遺腹子猶立，是為哀王。考烈王弟公子負芻之徒聞知幽王非考烈王子，疑哀王，乃襲殺哀王及太后，盡滅李園之家，而立負芻為王。（《列女傳》卷七《楚考李後》）
前228,228,秦王政（始皇帝）十九年（西元前二二八年）,19,史料,秦,,會,秦始皇十九年太后薨，諡為帝太后，與莊襄王會葬茝陽。（《呂不韋列傳》）
前227,227,秦王政（始皇帝）二十年（西元前二二七年）,1,史料,齊、楚、燕、魏、代,,,魏王假元年，代王嘉元年，楚王負芻元年，齊王建三十八年，燕王喜二十八年。
前227,227,秦王政（始皇帝）二十年（西元前二二七年）,2,史料,秦、燕、代,,攻,[秦始皇帝]二十年燕太子丹患秦兵至國，恐，使荊軻刺秦王。秦王覺之，體解軻以徇，而使王翦、辛勝攻燕。燕、代發兵擊秦軍，秦軍破燕易水之西。（《秦始皇本紀》，《六國表》作“燕太子使荊軻刺王，覺之，王翦將擊燕”）
前227,227,秦王政（始皇帝）二十年（西元前二二七年）,3,史料,秦、燕,,伐,燕王喜二十八年太子丹使荊軻刺秦王，秦伐我。（《六國表》）
前227,227,秦王政（始皇帝）二十年（西元前二二七年）,4,史料,秦、燕,,滅、殺,燕見秦且滅六國，秦兵臨易水，禍且至燕。太子丹陰養壯士二十人，使荊軻獻督亢地圖于秦，因襲刺秦王。秦王覺，殺軻，使將軍王翦擊燕。（《燕世家》）
前227,227,秦王政（始皇帝）二十年（西元前二二七年）,5,史料,秦、燕、趙,,伐、卒、立、取、拔,[荊軻]既至秦，持千金之資幣物，厚遺秦王寵臣中庶子蒙嘉。嘉為先言于秦王曰：“燕王誠振畏(“振”讀作“震”)，慕大王之威(《史記》作“燕王誠振怖大王之威”)，不敢興兵以拒大王(姚注：“拒大王一作逆軍吏。”鮑本作“逆軍吏”，同於《史記》。《史記》“興”作“舉”)，願舉國為內臣，比諸侯之列，給貢職如郡縣，而得幸守先王之宗廟。恐懼不敢自陳，謹斬樊於期頭，及獻燕之督亢之地圖，函封，燕王拜送於庭，使使以聞大王，唯大王命之。”秦王聞之大喜，乃朝服，設九賓，見燕使者咸陽宮。荊軻奉樊於期頭函，而秦武陽奉地圖匣(《史記》“匣”作“柙”)，以次進。至陛下(鮑本無“下”字，同於《史記》)，秦武陽色變振恐，群臣怪之，荊軻顧笑武陽，前為謝曰：“北蠻夷之鄙人(《史記》“北”下有“蕃”字)，未嘗見天子，故振懾，願大王少假借之，使畢使於前。”(《史記》“使”下有“得”字)秦王謂軻曰：“起，取武陽所持圖。”(《史記》無“起”字，“圖”上有“地”字)軻既取圖奉之(鮑本“之”下有“秦王”二字，《史記》作“奏之秦王”)，發圖，圖窮而匕首見，因左手把秦王之袖，而右手持匕首揕之(“揕”下原有“抗”之，鮑本無“抗”字，同於《史記》，今從之)。未至身，秦王驚，自引而起，絕袖(鮑本乍“袖絕”，同於《史記》)。拔劍，劍長，扵其室(《史記》“摻”作“操”)，時怨急(鮑本“怨”作“惶”，同於《史記》)，劍堅，故不可立拔。荊軻逐秦王，秦王還柱而走（《史記》“還”作“環”，按“還”通“環”），群臣驚愕（《史記》“驚”作“皆”），卒起不意（“卒”通“猝”），盡失其度。而秦法，群臣侍殿上者不得持尺兵（《史記》“尺兵”作“尺寸之兵”），諸郎中執兵皆陳殿下，非有詔不得上。方急時，不及召下兵，以故荊軻逐秦王，而卒惶急無以擊軻，而乃以手共搏之（《史記》無“乃”字）。是時侍醫夏無且，以其所奉藥囊提軻（鮑本“軻”作“荊軻”，同於《史記》），秦王方還柱走（“方”上原衍“之”字，從鮑本及《史記》刪。鮑本及《史記》“還”作“環”），卒惶急不知所為（“卒”通“猝”）。左右乃曰：“王負劍！王負劍！”遂拔劍以擊荊軻，斷其左股。荊軻廢，乃引其匕首提秦王（《史記》“提”作“擿”。《索隱》曰：“擿與擲同，古字耳”）。不中，中柱（《史記》“柱”上有“銅”字），秦王複擊軻，被八創。軻自知事不就，倚柱而笑，箕踞以罵曰：“事所以不成者，乃欲以生劫之，必得約契以報太子也。”於是左右既前斬荊軻，秦王目眩良久（《史記》“目眩”作“不怡者”）。而論功賞群臣及當坐者各有差（《史記》“而”上有“已”字），而賜夏無且黃金二百鎰，曰：“無且愛我，乃以藥囊提軻也。”於是秦王大怒燕（“秦”下原脫“王”字，從《史記》補），益發兵詣趙，詔王翦軍以伐燕，十月而拔燕薊城。（《燕策三》第五章，《史記·刺客列傳》同）
前227,227,秦王政（始皇帝）二十年（西元前二二七年）,6,史料,秦、吳,,救、卒,荊軻挾匕首卒刺陛下，陛下以神武扶揄長劍以自救。（《文選·吳都賦》劉淵注引《秦零陵令上書》）
前227,227,秦王政（始皇帝）二十年（西元前二二七年）,7,考案,秦,,,案：《漢書·藝文志》著錄有《秦零陵令信》一篇，注雲：“難秦相李斯。”可知所稱“陛下”，即始皇帝，此乃當時人所述及者。其言與《史》《策》所載相符。
前227,227,秦王政（始皇帝）二十年（西元前二二七年）,8,史料,秦、宋,,,荊軻西刺秦王，高漸離、宋意為擊築，而歌于易水之上，聞者莫不瞋目裂眥，發植穿冠。（《淮南子·泰族訓》）
前227,227,秦王政（始皇帝）二十年（西元前二二七年）,9,考案,秦、燕、宋,,,案：高誘注雲：“荊軻，燕人，太子丹之客。丹恐秦王，故遣軻刺之，高漸離、宋意皆丹之客。”據此，可知燕太子及賓客于易水上送別荊軻時，參與擊築者，除高漸離外，尚有宋意。
前227,227,秦王政（始皇帝）二十年（西元前二二七年）,10,史料,秦,,,太史公曰：“世言荊軻，其稱太子丹之命，天雨粟、馬生角也，太過。又言荊軻傷秦王，皆非也。始公孫季功、董生與夏無且遊，具知其事，為餘道之如是。”(《史記·刺客列傳》)
前227,227,秦王政（始皇帝）二十年（西元前二二七年）,11,考案,秦、燕、吳,,遷,案：《漢書·藝文志》著錄有《荊軻論》五篇，注雲：“軻為燕刺秦王，不成而死，司馬相如論。”可知荊軻刺秦王之事，盛傳于秦、漢之際，漢初文學家司馬相如嘗為專論五篇。《燕策三》及《刺客列傳》所載荊軻之事蹟，當有所本。司馬遷謂“公孫季功、董生與夏無且遊，具知其事”，當指荊軻於殿上刺秦王時，所經歷親見之驚險過程。司馬遷據以描寫，因而《刺客列傳》中所述，極為生動而細緻，並特意敘述夏無且擲藥囊而得賞之事。《燕策三》第五章所載，燕太子丹使荊軻刺秦王之事，當采自縱橫家之原有記載，《刺客列傳》則采自《策》文而略有增飾，如鞠（鞠）武對答太子丹之言。惟有末段所敘殿上行刺經過，則依據公孫季功等所述夏無且所說。今本《戰國策》所以與《刺客列傳》全相同者，蓋後人又據《史記》以增補《戰國策》。方苞《書刺客傳後》（《方望溪全集》卷二）以為《刺客列傳》全“得之于公孫季功、董生口述”，“意《國策》本無是文，或以《史記》之文入焉”。李慈銘、吳汝綸亦有此說，皆非。說詳范祥雍《戰國策燕策荊軻刺秦王章辨疑》，收入《紀念顧頡剛學術論文集》。
前227,227,秦王政（始皇帝）二十年（西元前二二七年）,12,考案,秦、燕,,伐、拔,又案：《燕策三》、《刺客列傳》稱，荊軻刺秦王后，秦使王翦伐燕，“十月而拔燕薊城。”謂經歷十月而拔燕都。據《秦本紀》、《燕世家》、《六國表》，此已是次年之事。
前227,227,秦王政（始皇帝）二十年（西元前二二七年）,13,史料,燕,,,昔者荊軻慕燕丹之義，白虹貫日。（《史記·鄒陽傳》載《獄中上樑王書》）
前227,227,秦王政（始皇帝）二十年（西元前二二七年）,14,史料,秦、燕,,,傳書言：荊軻為燕太子謀刺秦王，白虹貫日。（《論衡·感虛篇》）
前227,227,秦王政（始皇帝）二十年（西元前二二七年）,15,考案,,,,案：《論衡》以為是時有“白虹貫日”之天文現象是實。而“言荊軻之謀感動皇天，故白虹貫日”是虛。
前227,227,秦王政（始皇帝）二十年（西元前二二七年）,16,史料,秦、代,,,[秦王政]廿年四月丙戌朔丁亥南郡守騰謂縣、道嗇夫：“古者民各有鄉俗，其所利及好惡不同，或不便於民，害於邦。是以聖王作為法度，以矯端民心（此以“端”代“正”，避秦王政諱），去其邪避（“避”讀作“僻”），除其惡俗。法律未足，民多詐巧，故後有間令下者（“間”讀作“幹”）。凡法律令者，以教道民（“道”讀作“導”），去其淫避（“避”讀作“僻”），除其惡俗，而使之之於為善殿（“殿”讀作“也”，下同）。今法律令已具矣，而吏民莫用，鄉俗淫失之民不止（“失”讀作“泆”），是即法主明法殿（上“法”字讀作“廢”），而長邪避淫失之民（“避”讀作“僻”，“失”讀作“泆”），甚害於邦，不便於民，故騰為是而脩法律令、田令及為間私方而下之（“脩”讀作“修”，“間”讀作“奸”），今吏明布，令吏民皆明智之（“智”讀作“知”），毋巨於罪（“巨”讀作“距”）。今法律令已布，聞吏民犯法為間私者不止（“間”讀作“奸”），私好、鄉俗之心不變，自從令、丞以下智而弗舉論（“智”讀作“知”），是即明避主之明法殿，而養匿邪避之民（“避”讀作“僻”），如此則為人臣亦不忠矣。若弗智（“智”讀作“知”），是即不勝任、不智殿；智而弗敢論（“智”讀作“知”），是即不廉殿。此皆大罪殿，而令、丞弗明智（“智”讀作“知”），甚不便。今且令人案行之，舉劾不從令者，致以律（“致”讀為“抵”），論及令、丞。有且課縣官（“有”讀作“又”），獨多犯令而令、丞弗得者，以令、丞聞。以次傳，別書江陵布，以郵行。凡良吏明法律令，事無不能殿；有廉聚敦愨而好佐上（“有”讀作“又”，“聚”讀作“潔”），以一曹事不足獨治殿，故有公心；有能自端殿（此以“端”代“正”），而惡與人辨治（“辨”讀作“別”），是以不爭書（“書”疑讀作“署”）。惡吏不明法律令，不智事（“智”讀作“知”），不廉聚（“聚”讀作“潔”），毋以佐上，輸隨疾事（“輸隨”讀作“偷惰”)，易口舌，不羞辱，輕惡言而易病人，毋公端之心（此以“端”代“正”），而有冒柢之治（“柢”讀作“抵”），是以善斥事（“斥”讀作“訴”），喜爭書。爭書，因恙瞋目扼指以視力（“恙”讀作“佯”，“捾”讀作“腕”，“視”讀作“示”），訶詢疾言以視治（“詢”讀作“援”，“視”讀作“示”），誣認醜言麃斫以視險（“誣”疑讀為“誖”，“認”疑讀為“誖”，“視”讀為“示”），阮閬強航以視強（“航”讀作“抗”），而上猶智之毀。故如此者不可不罰。發書，移書曹，曹莫受，以告府，府令曹畫之（“畫”讀作“過”）。其畫最多者，當居曹奏令、丞，令、丞以為不直，志千里使有籍書之（“志”讀作“誌”），以為惡吏。語書。”（《睡虎地秦墓竹簡》第一四至二十二頁）
前227,227,秦王政（始皇帝）二十年（西元前二二七年）,17,考案,秦、楚、韓,,攻、滅,案：出土竹簡共十四支，標題“語書”在最後一支簡之背面，語書意為教戒文告。從“廿年四月丙戌朔丁亥”，至“別書江陵布，以郵行”為前段，共八支簡。從“凡良吏明法律令”為後段，共六支簡，簡首組痕比前八支簡位置略低。前段末雲“別書江陵布”，謂本文另有一份在江陵公佈。江陵即楚舊都郢，在今湖北江陵。可知是時南郡郡治不在江陵，當在鄢。在今湖北宜城。後段末節有“發書，移書曹”云云，則謂本文將發送至所屬縣、道官署，按此執行。是年為南郡守之騰，即投獻于秦之韓南陽假守騰，亦即攻滅韓國而虜韓王安之秦內史騰，蓋騰因功為秦所重用而調任南郡守。
前227,227,秦王政（始皇帝）二十年（西元前二二七年）,18,史料,秦、韓,,,[秦始皇帝]廿年七月甲寅嫗終，韓王居□山。（秦簡《編年記》）
前227,227,秦王政（始皇帝）二十年（西元前二二七年）,19,考案,秦、楚、韓、鄭,,攻、滅、遷,案：“居”下一字殘，右半從“攴”。是年七月甲寅朔，墓主之母是日去世，故記載“姬終”。《史記》未載韓王安被虜之後下落。《編年記》載秦王政二十年“韓王居□山”，二十一年“韓王死，昌平君居其處”。而《秦始皇本紀》載二十一年“昌平君徙於郢”，當同指一事，可知□山當即在郢。郢原為楚之舊都，素為楚貴族勢力盤據之地，需要防止楚之向郢反攻與楚貴族叛變。因而上年有“南郡備警”之舉。是年又將虜得之韓王安遷居至郢之□山，蓋欲防止新鄭一帶韓貴族之謀反。秦之所以調任內史騰為南郡守，蓋騰熟悉韓之內情，又為滅韓而虜得韓王安之主將，甚得秦王之信任與重用。
前226,226,秦王政（始皇帝）二十一年（西元前二二六年）,1,史料,齊、楚、燕、魏、代,,,魏王假二年，代王嘉二年，楚王負芻二年，齊王建三十九年，燕王喜二十九年。
前226,226,秦王政（始皇帝）二十一年（西元前二二六年）,2,史料,秦、楚、燕、鄭,,攻、卒、取,[秦始皇帝]二十一年王賁攻荊(“荊”原誤作“薊”，從梁玉繩據《六國表》、《王翦列傳》“王賁擊楚”改正)。乃益發卒詣王翦軍，遂破燕太子軍，取燕薊城，得太子丹之首。燕王東收遼東而王之。王翦謝病老歸。新鄭反。昌平君徙於郢。大雨雪，深二尺五寸。(《秦始皇本紀》)
前226,226,秦王政（始皇帝）二十一年（西元前二二六年）,3,史料,秦、楚,,,秦始皇帝二十一年王賁擊楚。（《六國表》）
前226,226,秦王政（始皇帝）二十一年（西元前二二六年）,4,史料,秦、燕、趙、魏,,攻,明年（指秦“盡定趙地為郡”之明年）燕使荊軻為賊于秦，秦王使王翦攻燕。燕王喜走遼東，翦遂定燕薊而還。秦使翦子王賁擊荊，荊兵敗。還擊魏，魏王降，遂定魏地。（《王翦列傳》）
前226,226,秦王政（始皇帝）二十一年（西元前二二六年）,5,史料,秦、燕,,卒,秦將李信者，年少壯勇，嘗以兵數千逐燕太子丹至於衍水中，卒破得丹，始皇以為賢勇。（《王翦列傳》）
前226,226,秦王政（始皇帝）二十一年（西元前二二六年）,6,考案,秦、燕、魏,,伐、攻、取,案：《秦始皇本紀》載“王翦謝病老歸”在“取燕薊城”之後，而《王翦列傳》謂翦因欲用六十萬人伐荊，“王翦言不用，因謝病歸老于潁陽。”《王翦列傳》以“秦王使翦攻燕……定燕薊而還”與“荊軻為賊于秦”同年。蓋連帶而言，誤前一年。《王翦列傳》又言“王賁擊荊”後“還擊魏……定魏地”，亦因連帶而言，將“定魏”誤前一年。
前226,226,秦王政（始皇帝）二十一年（西元前二二六年）,7,史料,秦、楚,,伐、取,[楚王負芻]二年秦使將軍伐楚，大破楚軍，亡十餘城。（《楚世家》，《六國表》亦作“秦大破我，取十城”）
前226,226,秦王政（始皇帝）二十一年（西元前二二六年）,8,史料,秦、燕,,攻、拔,[燕王喜]二十九年秦攻拔我薊，燕王亡，徙居遼東，斬丹以獻秦。（《燕世家》）
前226,226,秦王政（始皇帝）二十一年（西元前二二六年）,9,史料,秦、燕,,拔,燕王喜二十九年秦拔我薊，得太子丹，王徙遼東。（《六國表》）
前226,226,秦王政（始皇帝）二十一年（西元前二二六年）,10,史料,秦、燕、趙、代,,伐、拔、殺,於是秦王大怒（指荊軻刺秦王后），益發兵詣趙，詔王翦軍以伐燕，十月而拔燕薊城。燕王喜、太子丹等皆率其精兵東保于遼東，秦將李信追擊燕王，王急，用代王嘉計，殺太子丹，欲獻之秦。（《燕策三》第五章，《史記·刺客列傳》同）
前226,226,秦王政（始皇帝）二十一年（西元前二二六年）,11,史料,秦、燕、趙、代,,伐、攻、卒、滅、拔、殺,於是秦王大怒，益發兵詣趙，詔王翦軍以伐燕，十月而拔薊城。燕王喜、太子丹等盡率其精兵東保於遼東。秦將李信追擊燕王急，代王嘉乃遺燕王喜書曰：“秦所以尤追燕急者，以太子丹故也。今王誠殺丹獻之秦王，秦王必解，而社稷幸得血食。”其後李信追丹，丹匿衍水中，燕王乃使使斬太子丹，欲獻之秦。秦複進兵攻之。後五年秦卒滅燕，虜燕王喜。（《刺客列傳》）
前226,226,秦王政（始皇帝）二十一年（西元前二二六年）,12,史料,秦、韓,,,[秦始皇帝]廿一年韓王死，昌平君居其處，有死□屬。(秦簡《編年記》)
前226,226,秦王政（始皇帝）二十一年（西元前二二六年）,13,考案,秦、楚、燕、韓、趙、鄭,蘇秦,攻、卒、立、滅,案：《秦始皇本紀》言是年“新鄭反，昌平君徙於郢”。《編年記》稱是年“韓王死”，當與“新鄭反”有關。上年韓王安自新鄭徙居至郢之□山，加以監視，即為防止新鄭韓貴族謀反而重新擁立韓王安。是年新鄭韓貴族反叛，因而韓王安連帶被處死。昌平君原為楚之公子，因功受封為秦之昌平君。《秦始皇本紀》載九年嫪毐作亂，秦王“令相國、昌平君、昌文君發卒攻毒，戰咸陽”。《索隱》雲：“昌平君，楚之公子，立以為相，後徙于郢，項燕立為荊王，史失其名。”今案此後二年“荊將項燕立昌平君為荊王”，見於《秦始皇本紀》，可知昌平君確為楚公子，但《索隱》謂秦立以為相，不確。蓋誤以“相國”與“昌平君”連讀，當嫪毐作亂時，呂不韋正為相國，專斷國事，當時未見有左右丞相之制，昌平君不得為相國。呂不韋與嫪毐關連之事尚未被揭發，故秦王使呂不韋與昌平君、昌文君共發兵平亂。是年韓王死，命昌平君徙居郢之□山而加以監視，蓋是年秦開始攻滅楚國，防止昌平君因此反叛。郢之□山當為秦特設監視之禁地。《編年記》雲：“有死□屬”，“死”下缺字，疑是“士”或“甲”字，“屬”當讀為“矚”。“死士”謂敢死之甲士。“有死士矚”，即謂有甲士監視。猶如蘇秦為趙所拘留，趙將韓徐為謂蘇秦曰：“吾必守之以甲”（見《燕策二》第二章），謂有甲士看守。近人或讀“有”為“又”，以為昌平君“又死”，與下文“矚”字不連貫，此說不確。此後昌平君為楚將項燕擁立為楚王。至二十四年楚軍被擊破，昌平君死，見於《秦始皇本紀》。
前225,225,秦王政（始皇帝）二十二年（西元前二二五年）,1,史料,齊、楚、燕、魏、代,,,魏王假三年，代王嘉三年，楚王負芻三年，齊王建四十年，燕王喜三十年。
前225,225,秦王政（始皇帝）二十二年（西元前二二五年）,2,史料,秦、魏,,攻、取,[秦始皇帝]二十二年王賁攻魏，引河、溝灌大樑，大樑城壞，其王請降，盡取其地。（《秦始皇本紀》，《六國表》作“王賁擊魏，得其王假，盡取其地”）
前225,225,秦王政（始皇帝）二十二年（西元前二二五年）,3,史料,秦、魏,,攻,[秦始皇帝]廿二年攻魏梁。（秦簡《編年記》）
前225,225,秦王政（始皇帝）二十二年（西元前二二五年）,4,史料,秦、魏,,滅,[魏王假]三年秦灌大樑，虜王假，遂滅魏以為郡縣。（《魏世家》，《六國表》作“秦虜王假”）
前225,225,秦王政（始皇帝）二十二年（西元前二二五年）,5,史料,秦、魏,,滅,太史公曰：“吾適故大樑之墟，墟中人曰：‘秦之破梁，引河、溝而灌大樑，三月城壞，王請降，遂滅魏。’”(《魏世家》)
前225,225,秦王政（始皇帝）二十二年（西元前二二五年）,6,史料,秦,,,睢水又東徑睢陽縣故城南……秦始皇二十二年以為碭郡。（《水經·睢水注》）
前225,225,秦王政（始皇帝）二十二年（西元前二二五年）,7,考案,秦,,立、取,案：《漢書·地理志》：“梁國，故秦碭郡。”《水經·獲水注》雲：“獲水又東徑碭縣故城北，應劭曰：“縣有碭山，山在東，出文石，秦立碭郡蓋取山之名也。”
前225,225,秦王政（始皇帝）二十二年（西元前二二五年）,8,史料,秦、齊、魏,,攻、滅,[齊王建]四十年秦滅魏，秦兵次於曆下。（《田世家》）案：據此可見秦滅魏後，已攻至齊地曆下。《讀史方輿紀要》雲：曆下“城在濟南府城南”。
前225,225,秦王政（始皇帝）二十二年（西元前二二五年）,9,史料,秦、韓、魏,,攻、殺,秦攻魏破之，少子亡而不得（《列女傳》卷五作“秦攻魏破之，殺魏王瑕，誅諸公子，而一公子不得”）。令魏國曰：“有得公子者賜金千斤（《列女傳》“斤”作“鎰”），匿者罪至十族。”（《列女傳》“十族”作“夷”）公子乳母與俱亡。人謂乳母曰（《列女傳》“人”作“魏之故臣）》：“得公子者賞甚重，乳母當知子處而言之。”乳母應之曰：“我不知其處。雖知之，死則死，不可以言也。為人養子，不能隱而言之，是畔上畏死，吾聞忠不畔上，勇不畏死，凡養人子者務生之（原脫“務”字，從《列女傳》補），非務殺之也。豈可見利畏誅之故，廢義而行詐哉？吾不能生而使公子獨死矣。”（《列女傳》乳母對答之辭較此為詳）遂與公子俱逃澤中。秦軍見而射之，乳母以身蔽之，著十二矢，遂不令中公子（《列女傳》作“遂抱公子逃于深澤之中，故臣以告秦軍，秦軍追見爭射之，乳母以身為公子蔽，矢著身者數十，與公子俱死”）。秦王聞之，饗乙太牢，且爵其兄為大夫。（《韓詩外傳》卷九第六章，《列女傳》卷五大體相同，末節作“秦王聞之，貴其守忠死義，乃以卿禮葬之，祠乙太牢，寵其兄為五大夫，賜金百鎰”）
前225,225,秦王政（始皇帝）二十二年（西元前二二五年）,10,史料,秦、魏,,立、滅、遷,魏豹者，故魏諸公子也。其兄魏咎，故魏時封為寧陵君。秦滅魏，遷咎為家人。（《史記·魏豹列傳》，此下雲：“陳勝之起王也……陳王乃遣立咎為魏王。”）
前225,225,秦王政（始皇帝）二十二年（西元前二二五年）,11,史料,秦,,,鮑丘水又東南徑漁陽縣故城南，漁陽郡治也。秦始皇二十二年置。（《水經·鮑丘水注》）
前225,225,秦王政（始皇帝）二十二年（西元前二二五年）,12,史料,秦、燕,,滅,藍水注之，水出北山，東流屈而南，徑無終縣故城東……故燕地矣。秦始皇二十二年滅燕，置右北平郡，治此。（《水經·鮑丘水注》）
前225,225,秦王政（始皇帝）二十二年（西元前二二五年）,13,史料,秦、燕,,會,濡水又東南流經令支縣故城東，王莽之令氏亭也。秦始皇二十二年分燕置遼西郡，令支隸焉。……西南流，右會盧水……左合陽樂水，水出東北陽樂縣溪，《地理風俗記》曰：“陽樂故燕地，遼西郡治，秦始皇二十二年置。”（《水經·濡水注》）
前225,225,秦王政（始皇帝）二十二年（西元前二二五年）,14,史料,秦、趙、魏,,滅,張耳者，大樑人也。其少時，及魏公子毋忌為客。張耳嘗亡命，游外黃。外黃富人女甚美……嫁之張耳……張耳以故致千里客，乃宦魏為外黃令，名由此益賢。陳餘者，亦大樑人也，好儒術，數游趙苦陘，富人公乘氏以女妻之，亦知陳餘非庸人也。餘年少，父事張耳，兩人相與為刎頸交。秦之滅大樑也，張耳家外黃。……秦滅魏數歲，已聞此兩人魏之名士也，購求有得張耳千金，陳餘五百金。張耳、陳餘乃變名姓，俱之陳，為裡監門以自食。（《史記·張耳陳餘列傳》）
前225,225,秦王政（始皇帝）二十二年（西元前二二五年）,15,史料,秦、韓、魏、吳,,滅,秦王使人謂安陵君曰(“安陵君”，《說苑·奉使篇》第四章作“鄢陵君”，“安”“鄢”音近通假，鄢陵在今河南鄢陵西北)：“寡人欲以五百里之地易安陵，安陵君其許寡人。”安陵君曰：“大王加惠，以大易小，甚善。雖然，受地于先王，願終守之，弗敢易。”秦王不說。安陵君因使唐且使于秦(“且”，鮑本作“雎”，《文選·檄吳將校部曲文》李注引作“且”，而《冊魏公九錫文》李注引作“雎”，“且”“雎”同音通用)。秦王謂唐且曰：“寡人以五百里之地易安陵，安陵君不聽寡人，何也？且秦滅韓亡魏，而君以五十裡之地存者，以君為長者，故不錯意也(“錯”讀作“措”。《說苑》此二句作“吾豈畏其威者，吾多其義耳”)。今吾以十倍之地，請廣於君，而君逆寡人者，輕寡人與？”唐且對曰：“否。非若是也。安陵君受地于先生而守之，雖千里不敢易也，豈直五百里哉？”秦王怫然怒，謂唐且曰：“公亦嘗聞天子之怒乎？”唐且對曰：“臣未嘗聞也。”秦王曰：“天子之怒，伏屍百萬，流血千里。”唐且曰：“大王嘗聞布衣之怒乎？”秦王曰：“布衣之怒，亦免冠徒跣，以頭搶地爾(《說苑》“搶”作“顙”)。唐且曰：“此庸夫之怒也，非士之怒也。夫專諸之刺王僚也，彗星襲月；聶政之刺韓傀也，白虹貫日；要離之刺慶忌也，倉鷹擊於殿上。此三子者，皆布衣之士也。懷怒未發，休祲降於天，與臣而將四矣。若士必怒，伏屍二人，流血五步，天下縞素，今日是也。”挺劍而起（《說苑》作“即案匕首起視”）。秦王色撓，長跪而謝之曰：“先生坐，何至於此？寡人諭矣。夫韓、魏滅亡，而安陵以五十裡之地存者，徒以有先生也。”（《魏策四》第二十七章，《說苑·奉使篇》第四章大體相同，措辭略有不同）
前225,225,秦王政（始皇帝）二十二年（西元前二二五年）,16,考案,秦、魏、吳,,滅,案：吳師道論之曰：“以始皇之兵威，何憚于安陵而易以五百里地？是特為之辭，而使之納地耳。唐且之使愚矣，雖抗言不屈，豈能沮之乎？荊軻之見也，匿匕首於圖。秦法侍者不得操兵，此雲挺劍而起，何也？其辭固多誇矣。”秦滅魏後，未對五十裡地之安陵用兵，蓋無必要，即所謂“不措意也”，其勢必須納地，此章所敘，乃遊士之誇言耳，並非事實。
前224,224,秦王政（始皇帝）二十三年（西元前二二四年）,1,史料,齊、楚、燕、代,,,代王嘉四年，楚王負芻四年，齊王建四十一年，燕王喜三十一年。
前224,224,秦王政（始皇帝）二十三年（西元前二二四年）,2,史料,秦、燕、晉,,伐、攻、滅、取、會、殺,秦始皇既滅三晉，走燕王，而數破荊師。……於是始皇問李信：“吾欲攻取荊，于將軍度用幾何人而足？”李信曰：“不過用二十萬人。”始皇問王翦，王翦曰：“非六十萬人不可。”始皇曰：“王將軍老矣，何怯也？李將軍果勢壯勇，其言是也。”遂使李信及蒙恬將二十萬南伐荊（“恬”字當為“武”字之誤，下同）。王翦言不用，因謝病，歸老于潁陽。李信攻平與（輿），蒙恬攻寢，大破荊軍。信又攻鄢郢破之。於是引兵而西（“西”當為“東”字之誤），與蒙恬會城父。荊人因隨之，三日三夜不頓舍，大破李信軍，入兩壁，殺七都尉，秦軍走。（《王翦列傳》）
前224,224,秦王政（始皇帝）二十三年（西元前二二四年）,3,考案,,,,案：梁玉繩曰：“此前後三稱蒙恬，考《六國表》及《蒙恬傳》，是時恬未為將，當是蒙武之誤。”其說是。
前224,224,秦王政（始皇帝）二十三年（西元前二二四年）,4,考案,秦、楚、韓、趙、魏、晉、鄭,白起,攻、即位、滅、取、會,又案：“信又攻鄢郢破之”，《資治通鑒》胡注：“此鄢郢非楚故都之鄢郢也。楚故都為白起所取，秦已置南郡。據楚都壽春，以壽春為郢，則其前自郢徙陳，亦必以陳為郢矣。然則此郢乃陳也。鄢即潁川之鄢陵，與平輿（與）、城父地皆相近。或曰：鄢郢當作鄢陵。”其說殊非。鄢郢乃指楚故都郢及鄢而言，不得用以稱陳。潁川之鄢陵乃魏地，魏封有鄢陵君。梁玉繩又謂“信又攻鄢郢破之七字衍”，亦非是。是時東方六國都城之貴族勢力根深柢固，不甘心于被秦攻滅，一有機會即謀反複。秦王政初即位，趙故都“晉陽反，元年蒙驁擊定之”。其後又反復。當秦完成統一後，宣稱所以兼併六國之原因，謂趙“反我太原，故興兵誅之”，即指此而言。始皇二十年“新鄭反”，即韓都新鄭之貴族起而反復。是時楚故都鄢郢貴族亦起而反復，當秦完成統一後，宣稱“荊王獻青陽以西，已而畔約，擊我南郡，故發兵誅”，即指此而言。李信在擊敗平輿（今河南平輿縣北）之楚軍後，即南下攻破鄢郢。蓋是時鄢郢已為楚貴族所反復，並已為楚軍所克復。原為秦所徙居而監禁於郢之□山之昌平君，亦已出山而主持反秦之戰爭，因而李信必須引大軍南下而攻破之。鄢郢之楚軍未作堅決抵抗而退出，待李信引大軍回師東進，以與蒙武在城父（今安徽亳縣東南）會合，以便向楚新都壽春進攻，楚軍即跟蹤追擊，三日三夜不頓舍，從而大破李信軍。
前224,224,秦王政（始皇帝）二十三年（西元前二二四年）,5,史料,秦、燕,,立、取,[秦始皇帝]二十三年秦王複召王翦強起之，使將擊荊，取陳以南至平輿，虜荊王。秦王游至郢陳。荊將項燕立昌平君為荊王，反秦於淮南。（《秦始皇本紀》，《集解》引徐廣曰：“淮一作江。”）
前224,224,秦王政（始皇帝）二十三年（西元前二二四年）,6,史料,秦、楚、燕,,殺,秦始皇帝二十三年王翦、蒙武擊破楚軍，殺其將項燕。（《六國表》）
前224,224,秦王政（始皇帝）二十三年（西元前二二四年）,7,史料,秦、楚、燕,,殺,[楚王負芻]四年秦將王翦破我軍於蘄，而殺將軍項燕。(《楚世家》，《六國表》作“秦破我將項燕”)
前224,224,秦王政（始皇帝）二十三年（西元前二二四年）,8,史料,秦、楚、燕、代,,卒、拔、殺,始皇聞之（指楚大破李信軍），大怒，自馳如頻陽，見謝王翦曰：“寡人以不用將軍計，李信果辱秦軍。今聞荊兵日進而西，將軍雖病，獨忍棄寡人乎？”王翦謝曰：“老臣罷病悖亂（《正義》曰：“罷音皮，悖音背”，“罷”讀作“疲”，“悖”讀作“背”），唯大王更擇賢將。”始皇謝曰：“已矣，將軍勿複言。”王翦曰：“大王必不得已用臣，非六十萬不可。”始皇曰：“為聽將軍計耳。”於是王翦將兵六十萬人，始皇自送至灞上。王翦行，請美田宅園池甚眾。始皇曰：“將軍行矣，何憂貧乎？”王翦曰：“為大王將，有功終不得封侯，故及大王之向臣，臣亦及時以請園池為子孫業耳。”始皇大笑。王翦既至關，使使還請善田者五輩（《集解》引徐廣曰：“善一作苗”）。或曰：“將軍之乞貸亦已甚矣。”王翦曰：“不然。夫秦王恒而不信人（“怛”，《集解》曰：“音龕”，引徐廣曰：“一作粗”）。今空秦國甲士而專委於我，我不多請田宅為子孫業以自強，顧令秦王坐而疑我邪？”王翦果代李信擊荊。荊聞王翦益軍而來，乃悉國中兵以拒秦。王翦至，堅壁而守之，不肯戰。荊兵數出挑戰，終不出。王翦日休士洗沐，而善飲食，撫循之，親與士卒同食。久之，王翦使人問：“軍中戲乎？”對曰：“方投石超距。”（《集解》引徐廣曰：“超一作拔”）於是王翦曰：“士卒可用矣。”荊數挑戰而秦不出，乃引而東。翦因舉兵追之，令壯士擊，大破荊軍。至蘄南，殺其將軍項燕，荊兵遂敗走。秦因乘勝略定荊地城邑。（《王翦列傳》）
前224,224,秦王政（始皇帝）二十三年（西元前二二四年）,9,史料,秦、楚、燕,,攻、殺,[秦]始皇二十三年蒙武為秦裨將軍，與王翦攻楚，大破之，殺項燕。（《蒙恬列傳》）
前224,224,秦王政（始皇帝）二十三年（西元前二二四年）,10,史料,秦、楚、燕,,,項籍者，下相人也，字羽。……其季父項梁，梁父即楚將項燕，為秦將王翦所戮也。項氏世世為楚將，封于項，故姓項氏。（《項羽本紀》）
前224,224,秦王政（始皇帝）二十三年（西元前二二四年）,11,考案,秦、楚、燕,,攻、圍、立、稱王、取,案：《秦始皇本紀》言“項燕立昌平君為荊王，反秦於淮南”，《集解》引徐廣曰：“淮一作江。”當以作“淮”為是。據此後項燕之戰績，可知其反秦之軍駐屯於淮北，“淮南”當為“淮北”之誤。《本紀》所稱王翦擊荊，“取陳以南至平輿，虜荊王”，與“項燕立昌平君為荊王，反秦于淮北”，蓋指同一事件。昌平君當是隨同楚軍由鄢郢跟蹤追擊秦軍而至楚故都陳者，項燕之所以在楚王負芻建都壽春時，又擁立昌平君于故都陳，蓋欲借用昌平君威望以反秦。昌平君原為楚公子，入秦而封為昌平君，嘗與秦相呂不韋平定嫪毐之叛亂，因而在秦頗有威望。正因項燕擁立昌平君于楚故都陳，因而秦王複召王翦為將攻楚，陳成為首先進攻之重點。雲夢睡虎地四號秦墓出土兩封木牘家信，家信作者即參與王翦攻陳戰役之士兵。其第一信發于二月辛巳，查秦王政二十三年二月己亥朔，無辛巳之日。二十四年二月癸亥朔，辛巳為十九日，信中言：“直佐淮陽，攻反城久，傷未可知也。”淮陽即是陳之別名，即今河南淮陽縣城，因此時為昌平君與項燕反秦之都城所在，圍攻之秦軍稱之為“反城”。可知是役從為二十三年開始，圍攻至二十四年二月尚未攻下，所以雲“攻反城久，傷未可知也”。其第二信雲：“入居反城”，當即攻入陳城。《本紀》稱“取陳以南至平輿，虜荊王”，此荊王當即項燕所擁立之昌平君。昌平君之被虜當在二十四年。
前224,224,秦王政（始皇帝）二十三年（西元前二二四年）,12,考案,秦、楚、燕、吳,,卒、立,又案：項燕與王翦決戰之地在蘄南，蘄在今安徽省州市南。秦末陳勝吳廣起義於蘄縣大澤鄉，陳勝即假借“項燕為天下唱”。陳勝曰：“項燕為楚將，數有功，愛士卒，楚人憐之，或以為死，或以為亡”，以為借此“為天下唱，宜多應者”(《史記·陳涉世家》)。所謂“數有功”，當即指“大破李信軍”，“立昌平君為荊王”堅守淮陽而抗禦秦軍。
前224,224,秦王政（始皇帝）二十三年（西元前二二四年）,13,史料,秦,,攻,[秦始皇帝]廿三年興攻荊，□□守陽□死。四月昌文君死。(秦簡《編年記》)
前224,224,秦王政（始皇帝）二十三年（西元前二二四年）,14,考案,秦,,攻、會,案：“興攻荊”以下，因多缺字，不詳其事。昌文君為何而死，亦不詳。甲兵之符，右才王（“才”讀作“在”，下同），左才新郪。凡興士被甲，用兵五十人以上，必會王符，乃敢行之。燔隊事（“隊”讀作“璞”），雖毋會符，行毆（“毆”同“也”）。（《新郪虎符》銘文，《秦漢金文錄》著錄）
前224,224,秦王政（始皇帝）二十三年（西元前二二四年）,15,考案,秦、楚、韓、魏,,攻、徙都、滅、會,案：王國維以為此乃戰國末年秦攻得魏地新郪後所造，是秦並天下前二三十年間物（《觀堂集林》卷十八《秦新郪虎符跋》）。唐蘭以為作于秦滅韓置潁川郡之後（《中國文字學》第一五六頁）。當戰國末年，楚徙都至陳以後，新郪當己為楚有。新郪在今安徽太和縣北，正當平輿（今河南平輿北）、寢（今安徽臨泉縣）與城父（今安徽亳縣）東南之間。是年秦將李信攻楚之平輿，蒙武攻楚之寢，然後會師于城父，新郪為必經之地，可知新郪當於是年之後，為秦所有，新郪虎符當作於此年之後。
前224,224,秦王政（始皇帝）二十三年（西元前二二四年）,16,史料,秦、宋,,,相縣，故宋地也。秦始皇二十三年以為泗水郡，漢高帝四年改曰沛郡，治此。（《水經·睢水注》）
前224,224,秦王政（始皇帝）二十三年（西元前二二四年）,17,史料,秦、魯,,,[魯]縣，即曲阜之地……秦始皇二十三年以為薛郡。（《水經·泗水注》）
前224,224,秦王政（始皇帝）二十三年（西元前二二四年）,18,史料,秦、燕,,滅,瀠水又東北徑薊縣故城南……秦始皇二十三年滅燕，以為廣陽郡。（《水經·瀋水注》）
前224,224,秦王政（始皇帝）二十三年（西元前二二四年）,19,史料,秦、燕、晉,,,[上谷]，故燕地，秦始皇二十三年置上穀郡。王隱《晉書·地理志》曰：“郡在穀之頭，故因以上穀名焉。”（《水經·聖水注》）
前224,224,秦王政（始皇帝）二十三年（西元前二二四年）,20,史料,秦,,,清夷水又西徑沮陽縣故城北，秦上穀郡治此。（《水經·漯水注》）
前223,223,秦王政（始皇帝）二十四年（西元前二二三年）,1,史料,齊、楚、燕、代,,,代王嘉五年，楚王負芻五年，齊王建四十二年，燕王喜三十二年。
前223,223,秦王政（始皇帝）二十四年（西元前二二三年）,2,史料,秦、楚,,滅,[楚王負芻]五年秦將王翦、蒙武遂破楚國，虜楚王負芻，滅楚名為楚郡雲。（《楚世家》，《六國表》作“秦虜王負芻，秦滅楚”）
前223,223,秦王政（始皇帝）二十四年（西元前二二三年）,3,考案,秦、齊、楚、趙,,攻、滅、會,案：《集解》引孫檢曰：“秦虜楚王負芻，滅去楚名，以楚地為三郡。”《資治通鑒》作“以其地置楚郡”。胡注雲：“按秦三十六郡無楚郡，此蓋滅楚之時暫置耳，後分為九江、鄣、會稽三郡。”錢大昕曰：“秦始皇父名楚，故《始皇本紀》稱楚為荊，滅楚之後，未嘗置楚郡也。孫氏謂滅去楚名，蓋得其實。楚郡之楚，當是衍文。”王鳴盛、梁玉繩亦以“楚”字為衍。今案：“楚”字非衍。秦始皇滅六國時確有以其國名為郡名者，如《田世家》稱“遂滅齊為郡”，即滅齊後置郡名為齊郡。又如《趙世家》稱滅趙為“邯鄲為秦”，《王翦列傳》雲：“盡定趙地為郡”，即滅趙後置郡名為邯鄲郡，時人或稱趙國為“邯鄲”。《陳涉世家》雲：“攻陳，陳守、令皆不在。”《索隱》引張晏雲：“郡守及令皆不在，非也。按《地理志》雲秦三十六郡，並無陳郡，則陳是縣，言守令，則守非官也，與下文守丞同也，則皆字是衍字。”張說非是。《漢書》顏注雲：“守，郡守也。令，縣令也。守丞，郡丞之居守者。”王先謙雲：“陳是秦楚郡治，故有守有令。”王說甚是，猶如秦之河東郡治在臨汾，秦戈銘文有稱“臨汾守”者。
前223,223,秦王政（始皇帝）二十四年（西元前二二三年）,4,史料,秦、楚、燕,,攻、殺,[秦始皇帝]二十四年王翦、蒙武攻荊，破荊軍，昌平君死，項燕遂自殺。（《秦始皇本紀》，《六國表》作“王翦、蒙武破楚，虜其王負芻”）
前223,223,秦王政（始皇帝）二十四年（西元前二二三年）,5,史料,燕,,殺,歲余（指大破荊軍、殺項燕之後歲余），虜荊王負芻，竟平荊地為郡縣。（《王翦列傳》）
前223,223,秦王政（始皇帝）二十四年（西元前二二三年）,6,史料,秦、楚,,攻,[秦始皇帝]二十四年蒙武攻楚，虜楚王。（《蒙恬列傳》）
前223,223,秦王政（始皇帝）二十四年（西元前二二三年）,7,史料,秦、楚,,立,[淮水]又東北流徑壽春縣故城西。縣即楚考烈王自陳徙此。秦始皇立九江郡，治此，兼得廬江、豫章之地，故以九江名郡。（《水經·淮水注》）
前223,223,秦王政（始皇帝）二十四年（西元前二二三年）,8,考案,秦、楚,,滅、取,案：秦滅楚，取淮南地，得壽春，在二十四年，設九江郡當在是年。《漢書·地理志》雲：“九江郡，秦置。”
前223,223,秦王政（始皇帝）二十四年（西元前二二三年）,9,史料,秦、楚、越,,立、滅,[湘水]又右徑臨湘縣故城西……故楚南境之地也。秦滅楚，立長沙郡，即青陽之地。秦始皇二十六年令曰荊王獻青陽以西。《漢書·鄒陽傳》曰：越水長沙，還舟青陽。注：張晏曰：“青陽，地名也。”
前223,223,秦王政（始皇帝）二十四年（西元前二二三年）,10,史料,,,,蘇林曰：“青陽，長沙縣也。”（《水經·湘水注》）
前223,223,秦王政（始皇帝）二十四年（西元前二二三年）,11,考案,秦、齊、楚、越,,滅,案：《越世家》記齊使曰：“複讎、龐、長沙，楚之粟也。”《漢書·地理志》雲：“長沙，秦郡。”長沙設郡當在秦滅楚後。
前223,223,秦王政（始皇帝）二十四年（西元前二二三年）,12,史料,,,攻、會,二月辛巳，黑夫、驚敢再拜問中，母毋恙也？黑夫、驚毋恙也。前日黑夫與驚別，今復會矣。黑夫寄益就書曰：“遺黑夫錢，毋操夏衣來。”今書節到（“節”讀作“即”）。母視安陸絲布賤，可以為禪裙襦者，母必為之令與錢偕來。其絲布貴，徒錢來，黑夫自以布此。黑夫等直佐淮陽，攻反城久，傷未可智也（“智”通“知”）。願遺黑夫用勿少。書到皆為報，報必言相家爵來未來，告黑夫其未來狀。聞王得，苟得毋恙也？辭相家爵不也？書衣之南軍毋……不也？
前223,223,秦王政（始皇帝）二十四年（西元前二二三年）,13,史料,,,,為黑夫、驚多問姑姊、康樂季須(“須”讀作“媭”)，故術長姑外內……
前223,223,秦王政（始皇帝）二十四年（西元前二二三年）,14,史料,,,,為黑夫、驚多問東室季須（“須”讀作“綏”），苟得毋恙也？
前223,223,秦王政（始皇帝）二十四年（西元前二二三年）,15,史料,,,,為黑夫、驚多問嬰汜季事可如？（“可”讀作“何”）定不定？
前223,223,秦王政（始皇帝）二十四年（西元前二二三年）,16,史料,,,,為黑夫、驚多問夕陽呂嬰(“夕陽”當為裡名)、囡裡聞誤丈人……得毋恙……矣。
前223,223,秦王政（始皇帝）二十四年（西元前二二三年）,17,史料,秦,,,驚多問新負(“負”讀作“婦”)，妴得毋恙也？新負勉力視瞻丈人，毋與……勉力也。（一九七六年湖北雲夢縣睡虎地四號秦墓出土木牘甲，墨書於正反兩面：“聞王得苟得”以上，書于正面，“毋恙也”以下書於反面。詳見湖北雲夢《睡虎地十一座秦墓發掘簡報》，刊於《文物》一九七六年第九期）
前223,223,秦王政（始皇帝）二十四年（西元前二二三年）,18,史料,,,,驚敢大心問衷，母得毋恙也？家室外內同……以衷，母力毋恙也？與從軍，與黑夫居，皆毋恙也。……錢衣，願母幸遺錢五六百，綌布謹善者毋下二丈五尺……用垣柏錢矣，室弗遺，即死矣。急急急。驚多問新負（“負”讀作“婦”），嬰得毋恙也？新負勉力視瞻兩老。……
前223,223,秦王政（始皇帝）二十四年（西元前二二三年）,19,史料,,,取,驚遠家故，衷教詔嬰，令毋敢遠就若取新（“新”讀作“薪”），衷令……聞新地城多空不實者，且令故民有為不如令者實。……為驚視祀，若大發毀（“發”讀作“廢”），以驚居反城中故。
前223,223,秦王政（始皇帝）二十四年（西元前二二三年）,20,史料,秦,,,驚敢大心問姑秭（“秭”讀作“姊”），姑秭子產得毋恙？新地入盜，衷唯毋方行新地，急急。（一九七六年湖北雲夢縣睡虎地四號秦墓出土木牘乙，墨書於正反兩面。“新負勉力視瞻兩老……”以上，書於正面；“驚遠家故”以下，書於反面）
前223,223,秦王政（始皇帝）二十四年（西元前二二三年）,21,考案,秦,,攻,案：此為秦王政二十三年參與王翦攻陳戰役之士兵家信。計先後兩信。第一信發於二十四年二月十九日，第二信未記日期，當在三月中，已說明在上年案語中。第一封信者為黑夫與驚二人，皆為安陸人，此時家住“新地城”，即今雲夢古城。受信者名中，又作衷，當為同母兄弟，即出土木牘之墓主。所謂“新負”即“新婦”，當為驚之妻，嬰乃其年幼之女兒。信開首先問“母毋恙也”，父當已去世。信中叮囑新婦“勉力視瞻”之丈人或兩老，當指新婦之父母，兩親家當離不遠。兩信向其母要衣、布與錢。第二信雲：“用垣柏錢矣，室弗遺，即死矣。急急急。”謂已借用別人之錢，急需要錢，由此可見當時從軍士兵之生活情況。
前222,222,秦王政（始皇帝）二十五年（西元前二二二年）,1,史料,齊、燕、代,,,代王嘉六年，齊王建四十三年，燕王喜三十三年。
前222,222,秦王政（始皇帝）二十五年（西元前二二二年）,2,史料,秦、燕、越、代,,攻、會,[秦始皇帝]二十五年大興兵，使王賁將，攻燕遼東，得燕王喜。還攻代，虜代王嘉。王翦遂定荊江南地，降越君，置會稽郡。五月天下大酺。（《秦始皇本紀》，《六國表》作“王賁擊燕，虜王喜。又擊得代王嘉。五月天下大酺”）
前222,222,秦王政（始皇帝）二十五年（西元前二二二年）,3,史料,秦、燕、代,,卒、滅、拔,[燕王喜]三十三年秦拔遼東，虜燕王喜，卒滅燕。是歲，秦將王賁亦虜代王嘉。（《燕世家》，《六國表》作“秦虜王喜，拔遼東，秦滅燕”）
前222,222,秦王政（始皇帝）二十五年（西元前二二二年）,4,史料,秦、趙、代,,立、滅、遷,秦既虜遷，趙之亡大夫共立嘉為王，王代六歲，秦兵破嘉，遂滅趙以為郡。（《趙世家》，當作“遂滅代以為郡”。《六國表》作“秦將王賁虜王嘉，秦滅趙”）
前222,222,秦王政（始皇帝）二十五年（西元前二二二年）,5,史料,秦、燕,,滅,[大遼水]屈而西南流，徑襄平縣故城西，秦始皇二十二年滅燕置遼東郡，治此。（《水經·大遼水注》，“二十二年”當為“二十五年”之誤）
前222,222,秦王政（始皇帝）二十五年（西元前二二二年）,6,史料,秦、趙、代,,遷,《山海經》曰：雁門之水，出於雁門之山……其山重巒疊巘，霞舉雲高，連山隱隱，東出遼塞。其水東南流徑高柳縣故城北，舊代郡治，秦始皇二十三年虜趙王遷，以國為郡。（《水經·瀠水注》，“二十三年”當為“二十五年”之誤，“趙王遷”當為“代王嘉”之誤）
前222,222,秦王政（始皇帝）二十五年（西元前二二二年）,7,史料,秦、越、吳,,會,秦始皇二十五年以吳、越地為會稽郡，治吳。（《三國志·吳書·虞翻傳·注》引《會稽典錄》）
前222,222,秦王政（始皇帝）二十五年（西元前二二二年）,8,考案,秦、楚、周、越、吳,楚懷王,立、滅、會、殺,案：《越世家》稱：楚威王敗越“而越以此散，諸族子爭立，或為王，或為君，濱於江南海上，服朝于楚”。楚威王為楚懷王之誤，已明辨在周赧王九年之案語中。是時王翦“定荊江南地，降越君”，《正義》雲：“楚威王（當作楚懷王）已滅越，其餘自為君長，今降秦。”蓋“服朝于楚”之越君又降秦，秦於其地置會稽郡。《項羽本紀》稱：陳勝起義後項梁在吳殺會稽守通，而自稱會稽守，可知會稽郡郡治在吳，蓋沿用楚春申君就封于吳而行相事之局勢。
前222,222,秦王政（始皇帝）二十五年（西元前二二二年）,9,史料,秦、齊、燕、越,句踐,殺,歲余（指王翦大破荊軍、殺項燕之後“歲余”），虜荊王負芻，竟平荊地為郡縣，因南征百越之君。而王翦子王賁與李信破定燕、齊地。（《王翦列傳》）閩越王無諸及越東海王搖者，其先皆越王句踐之後也。姓騶氏，秦已並天下，皆廢為君長，以其地為閩中郡。（《史記·東越傳》）
前222,222,秦王政（始皇帝）二十五年（西元前二二二年）,10,考案,秦、楚、周、越、吳,句踐,攻、立、滅、會,案：戰國時已有“百越”之稱，用以指東南沿海地區之原始部族，《呂氏春秋·恃君篇》所謂“揚、漢之南，百越之際……多無君。”閩越或稱東越，分佈於今福建北部與浙江南部。甌越或稱東甌，分佈於今浙江南部甌江、靈江流域。閩越與甌越乃百越中較進步之地區，其君長原為越王句踐分封之封君。《太平寰宇記》卷九十與《路史·國名紀丁》引《越絕書》雲：“東甌，越王所立也，周元王四年（西元前四七二年）越相範蠡所築。”（今本《越絕書》失載）可知東甌君乃越句踐二十五年所分封。閩越君亦當出於句踐之分封，故《東越傳》稱“其先皆越王句踐之後也”。《王翦列傳》謂王翦“平荊地為郡縣，因而南征百越之君”，蓋秦滅楚、平定江南、降服越君、建置會稽郡之後，王翦繼而南下進攻甌越與閩越，“皆廢為君長，以其地為閩中郡。”《東越傳》繼稱：“及諸侯畔秦，無諸、搖率越歸鄱陽今吳芮，所謂鄱君者也，從諸侯滅秦。”《項羽本紀》雲：“鄱君吳芮率百越佐諸侯。”所謂“百越”即指甌越與閩越。
前222,222,秦王政（始皇帝）二十五年（西元前二二二年）,11,考案,秦、晉、越,,,又案：閩中郡，《漢書·地理志》未載，《晉書·地理志》則補載而以為不在秦初並天下所設三十六郡之列，乃與南海等郡同為既並天下後所增置。王國維謂《秦始皇本紀》系“降越君”於二十五年，則閩中郡之置亦當在是年，其說是也。
前222,222,秦王政（始皇帝）二十五年（西元前二二二年）,12,史料,秦、趙,,滅,衡水又北徑巨鹿縣故城東……巨鹿郡治。秦始皇二十五年滅趙以為巨鹿郡。（《水經·濁漳水注》）
前222,222,秦王政（始皇帝）二十五年（西元前二二二年）,13,史料,齊、晉、代,,,六年郟相（？）吏微，左庫工師公孫涅、冶吏息撻齊。（六年代鈹刻銘，原為章乃器所藏，今藏中國歷史博物館。見黃盛璋《新發現之三晉兵器及其相關問題》，《文博》一九八九年第二期）
前222,222,秦王政（始皇帝）二十五年（西元前二二二年）,14,考案,秦、韓、趙、周、魯、代,張儀、趙襄子、秦昭王、趙武靈王,攻、立、稱王、滅、遷,案：古文字從“弋”往往從“戈”，黃盛璋以為“邲”即“邛”，即文獻上之“代”，“相”字已殘缺，代在趙國地位特殊，僅次於趙國都。趙襄子以代封其兄伯魯子周為代成君，趙武靈王又封其長子章為代安陽君。秦滅趙王遷之後，公子嘉又率其宗族據代稱王，代王嘉六年為秦所滅。因而推定“六年”應即代王嘉六年，代相吏微即亡大夫而擁立代王嘉者，因以為相。余在《戰國史·戰國郡表》中，謂趙武靈王時設有代郡，代郡有三十六縣。黃氏加以駁斥，並雲：“不知何據。”其實，《史記·匈奴列傳》明言趙武靈王北破林胡、樓煩“而置雲中、雁門、代郡”。《韓非子·初見秦》乃策士初見秦昭王之遊說辭（《戰國策·秦策一》第五章誤作張儀遊說辭），嘗謂秦“西攻修武，逾羊腸，降代、上黨，代三十六縣、上黨十七縣不用一領甲，不苦一士民，此皆秦有也”。可知秦昭王時，趙確已設有代郡，代郡有三十六縣。此鈹刻銘“相”字有殘缺，難以確定是否為代王嘉之相所監造。
前221,221,秦王政（始皇帝）二十六年（西元前二二一年）,1,史料,齊,,,齊王建四十四年。
前221,221,秦王政（始皇帝）二十六年（西元前二二一年）,2,史料,秦、齊、燕,,攻,[秦始皇帝]二十六年齊王建與其相後勝，發兵守其西界，不通秦。秦使將軍王賁從燕南攻齊，得齊王建。（《秦始皇本紀》）
前221,221,秦王政（始皇帝）二十六年（西元前二二一年）,3,史料,秦、齊,,立,秦始皇帝二十六年王賁擊齊，虜王建。初並天下，立為皇帝。（《六國表》）
前221,221,秦王政（始皇帝）二十六年（西元前二二一年）,4,考案,齊、燕,,,案：《王翦列傳》謂“王翦子王賁與李信破定燕、齊地”。
前221,221,秦王政（始皇帝）二十六年（西元前二二一年）,5,史料,秦、齊,,攻,[秦]始皇二十六年蒙恬因家世得為秦將，攻齊，大破之，拜為內史。（《蒙恬列傳》）
前221,221,秦王政（始皇帝）二十六年（西元前二二一年）,6,史料,秦、齊、楚、燕、晉,,攻、救、卒、立、滅、遷,[齊王建]四十四年秦兵擊齊。齊王聽相後勝計，不戰，以兵降秦。秦虜王建，遷之共。遂滅齊為郡。天下壹並于秦，秦王政立號為皇帝。始君王後賢，事秦謹，與諸侯信。齊亦東邊海上，秦日夜攻三晉、燕、楚，五國各自救于秦，以故王建立四十餘年不受兵。君王後死，後勝相齊，多受秦間金，多使賓客入秦，秦又多予金，客皆為反間，勸王去從朝秦，不修攻戰之備，不助五國攻秦，秦以故得滅五國，五國已亡，秦兵卒入臨淄（“卒”讀作“猝”），民莫敢格者。王建遂降，遷於共。故齊人怨王建不蚤與諸侯合從攻秦（“蚤”讀作“早”），聽奸臣賓客以亡其國，歌之曰：“松耶柏耶？住建共者客耶？”疾建用客之不詳也。（《田世家》，《六國表》作“秦虜王建，秦滅齊”）
前221,221,秦王政（始皇帝）二十六年（西元前二二一年）,7,史料,秦、齊、楚、晉,,立、取,齊王建入朝于秦，雍門司馬橫戟當馬前曰(“橫戟當馬”四字原脫，從王念孫據《北堂書鈔·武功部·戟類》所引增補》：“所為立王者，為社稷耶？為王耶(“王”下原衍“立王”二字，從王念孫刪去)？”王曰：“為社稷。”司馬曰：“為社稷立王，王何以去社稷而入秦？”齊王還車而反。即墨大夫以雍門司馬諫而聽之(“以”原誤作“與”，從黃丕烈改正)，則以為可與為謀(“與”原誤作“可”，從黃丕烈改正)，即入見齊王曰：“齊地方千里(“千”上原衍“數”字，今刪)，帶甲數十萬(“十”原誤作“百”，今從鮑本)。夫三晉大夫皆不便秦，在阿、鄄之間者百數，王收而與之十萬之眾(“十”原作“百”，今從鮑本)，使收三晉之故地，即臨晉之關可入矣。鄢郢大夫不欲為秦，而在城南下者百數，王收而與之百萬之師(“百”疑當作“十”)，使收楚故地，即武關可以入矣。如此則齊威可立，秦國可王。夫舍南面之稱制，乃西面而事秦，為大王不取也。”齊王不聽。秦使陳馳誘齊王內之，約與五百里之地。齊王不聽即墨大夫而聽陳馳，遂入秦。處之共松柏之間，餓而死。先是，齊為之歌曰：“松邪，柏邪？住建共者客耶？”(《齊策六》第九章)
前221,221,秦王政（始皇帝）二十六年（西元前二二一年）,8,史料,秦、齊、楚、趙、魯,,滅,秦始皇二十四年(“四”當為“六”之誤)滅齊為郡，治臨淄。(《水經·淄水注》)案：《漢書·地理志》雲：“齊郡，秦置。”王國維《齊魯封泥集存序》雲：“臨淄守一印，齊國既建之後，當稱內史，國除之後又當稱齊郡太守。此雲臨淄守，必在高帝初葉，悼惠未封之前。且臨淄猶當年秦郡之名也。始皇滅國置郡，無即以其國名名之者，何獨臨淄乃稱齊郡？然則漢之初郡必襲秦名，則班固以齊即為秦郡、而不雲故臨淄郡者，非也。”今案王說非是。秦始皇滅國置郡，有即以其國名名之者，如楚郡是也，如邯鄲郡亦是。時人常以邯鄲稱趙國，如《竹書紀年》即如此。臨淄原亦稱為齊城，《孫臏兵法·擒龐涓》篇即稱臨淄為齊城，蓋臨淄南郊有水名齊，亦稱天齊淵，《水經·淄水注》引《地理風俗記》曰：“齊之所以為齊者，即天齊淵也。”
前221,221,秦王政（始皇帝）二十六年（西元前二二一年）,9,史料,秦、齊、越,句踐,滅,琅邪，山名也，越王句踐之故國也。……秦始皇二十六年滅齊以為郡，城即秦皇之所築也。（《水經·濰水注》）
前221,221,秦王政（始皇帝）二十六年（西元前二二一年）,10,考案,秦,,,案：《漢書·地理志》雲：“琅邪郡，秦置。”
前221,221,秦王政（始皇帝）二十六年（西元前二二一年）,11,史料,,,,廿六年蜀守武造，東工師宦、丞耒，工□。（二十六年蜀守武戈刻銘，此戈一九七二年四川涪陵縣小田溪戰國墓中出土。見《文物》一九七四年第五期清理簡報）
前221,221,秦王政（始皇帝）二十六年（西元前二二一年）,12,考案,秦,,滅,案：詳見《文物》一九七六年第七期童恩正、龔廷萬《從四川兩件銅戈的銘文看秦滅巴蜀後統一文字的措施》。
前221,221,秦王政（始皇帝）二十六年（西元前二二一年）,13,史料,秦、齊、燕、韓、趙、魏、周、代,,伐、攻、立、滅、取、盟、會,秦初並天下，令丞相、禦史曰：“異日韓王納地效璽，請為藩臣，已而倍約（“倍”讀作“背”），與趙合從畔秦，故興兵誅之，虜其王。寡人以為善，庶幾息兵革。趙王使其相李牧來約盟，故歸其質子，已而倍盟，反我太原，故興兵誅之，得其王。趙公子嘉乃自立為代王，故舉兵滅之。魏王始約服入秦，已而與韓、趙謀襲秦，秦兵吏誅，遂破之。荊王獻青陽以西，已而畔約，擊我南郡，故發兵誅，得其王，遂定其荊地。燕王昏亂，其太子丹乃陰令荊軻為賊，兵吏誅，滅其國。齊王用後勝計，絕秦使，欲為亂，兵吏誅，虜其王，平齊地。寡人以眇眇之身，興兵誅暴亂，賴宗廟之靈（《史記會注考證》：“楓、三、南本‘靈’上有‘神’字”)，六王咸伏其辜，天下大定。今名號不更，無以稱成功，傳後世，其議帝號。”丞相綰、御史大夫劫、廷尉斯等皆曰（《索隱》：“綰”姓“王”，“劫”姓“馮”)：“昔者五帝地方千里，其外侯服夷服，諸侯或朝或否，天子不能制。今陛下興義兵，誅殘賊，平定天下，海內為郡縣，法令由一統，自上古以來未嘗有，五帝所不及。臣等謹與博士議曰：古有天皇，有地皇，有泰皇，泰皇最貴。臣等昧死上尊號，王曰‘泰皇’，命為制’，令為‘詔’，天子自稱曰‘朕’。”王曰：“去‘泰’，著‘皇’，采上古‘帝’位號，號曰‘皇帝’，他如議。”制曰：“可。”追尊莊襄王為太上皇。制曰：“朕聞太古有號毋諡，中古有號，死而以行為諡，如此則子議父、臣議君也，甚無謂，朕弗取焉。自今已來，除諡法，朕為始皇帝，後世以計數，二世、三世至於萬世，傳之無窮。”始皇推終始五德之傳，以為周得火德，秦代周德，從所不勝。方今水德之始，改年始，朝賀皆自十月朔。衣服旄旌節旗，皆上黑。數以六為紀，符、法冠皆六寸，而輿六尺，六尺為步，乘六馬。更名河曰德水，以為水德之始。剛毅戾深，事皆決於法；刻削毋仁恩和義，然後合五德之數。於是急法，久者不赦。丞相綰等言：“諸侯初破，燕、齊、荊地遠，不為置王，毋以填之。請立諸子，唯上幸許。”始皇下其議於群臣，群臣皆以為便。廷尉李斯議曰：“周文、武所封子弟同姓甚眾，然後屬疏遠，相攻擊如仇讎，諸侯更相誅伐，周天子弗能禁止。今海內賴陛下神靈一統，皆為郡縣，諸子功臣以公賦稅重賞賜之，甚足為制。天下無異意，則安寧之術也。置諸侯不便。”始皇曰：“天下共苦戰鬥不休，以有侯王。賴宗廟，天下初定，又複立國，是樹兵也，而求其寧息，豈不難哉！廷尉議是。”分天下以為三十六郡，郡置守、尉、監。更名民曰“黔首”。大酬。收天下兵，聚之咸陽，銷以為鍾鏤金人十二（“鍾”讀作“鐘”，“鏞”讀作“虞”），重各千石，置宮廷中（“宮廷”原作“廷宮”。《史記會注考證》雲：“淩稚隆引一本雲廷宮作宮廷，與《太平御覽》、《文選·注》所引合，《資治通鑒》亦作宮廷。”今據以改正）。一法度衡石丈尺。車同軌。書同文字，地東至海暨朝鮮，西至臨洮、羌中，南至北向戶，北據河為塞，並陰山至遼東。徙天下豪富于咸陽十二萬戶。諸廟及章台、上林皆在渭南。秦每破諸侯，寫放其宮室（葉昌熾以為“寫”乃“象”之誤，不確），作之咸陽北阪上，南臨渭，自雍門以東至涇、渭，殿屋複道周閣相屬，所得諸侯美人鐘鼓以充入之。（《秦始皇本紀》）
前221,221,秦王政（始皇帝）二十六年（西元前二二一年）,14,史料,秦、魏,,立、滅,收天下兵(原注：“古以銅為兵”)，聚之咸陽，銷以為鐘鏞，高三丈。鐘小者皆千石也(“鐘”下脫“鏞”字)。銷鋒鏞以為金人十二，以弱天下之人(“人”字原當作“民”，蓋唐人避諱而改作“人”)，立于宮門(原注：《三輔舊事》雲：“鑄金狄人，立阿房殿前”)。坐高三丈，銘其後曰：“皇帝二十六年初兼天下，改諸侯為郡縣，一法律，同度量。”大人來見臨洮，其大五丈，足跡六尺。銘李斯篆，蒙恬書。（《三輔黃圖·秦宮》“朝宮”下，《漢書·王莽傳下》雲：莽夢長樂宮銅人五枚起立，莽惡之，念銅人銘曰：“皇帝初兼天下之文，即使尚方工鐫滅所夢銅人膺文。”《漢書·五行志》雲：“有大人長五丈，足履六尺，皆夷狄服，凡十二人，見於臨洮，喜以為瑞，故鑄而象之。”《史記·正義》引謝承《後漢書》雲：“銅人，翁仲其名也。”又引《三輔舊事》雲：“聚天下兵器，鑄銅人十二，各重二十四萬斤。漢世在長樂宮門。”又引《魏書·董卓傳》雲：“椎破銅人十及鐘鏞，以鑄小錢。”又引《關中記》雲：“董卓壞銅人，餘二枚，徙清門裡，魏明帝欲將詣洛，載至霸城，重不可致，後石季龍徙之鄴，苻堅又徙入長安而銷之。”《長安志》引《三輔舊事》雲：“秦作銅人，立在阿房殿前，漢徙著長樂宮大夏殿前。”又引《關中記》雲：“長樂宮殿前銅人，其胸前銘，李斯篆，蒙恬書也。”《水經·渭水注》亦雲：“魏明帝景初元年徙長安金狄，重不可致，因留霸城南。”)
前221,221,秦王政（始皇帝）二十六年（西元前二二一年）,15,考案,秦、魏、晉、衛,,立、滅、取、會,案：《秦始皇本紀》稱“收天下兵，聚之咸陽，銷以為鍾鑱金人十二”，“鍾”當讀作“鐘”(鐘)，“鐘鏤金人”當連續，即謂用作鐘虞之金人。或以鐘虞與金人為二物，大謬。《太史公自序》雲：“始皇既立，並兼六國，銷鋒鑄鏞，維偃幹革，尊號為帝，矜武任力。”所謂“銷鋒鑄鏞”，即指收天下兵銷以為鐘鏞金人。秦、漢時，朝宮與宗廟前，皆建有鐘虞而懸掛大鐘，以便鳴鐘而舉行朝禮。《續漢書·禮儀志》述“上陵禮”雲：“鐘鳴，謁者治禮引客，群臣就位如儀。”《三輔黃圖》記漢高祖廟，引《關輔記》曰：“秦廟中鐘四枚，皆在漢高祖廟中。”又引《三輔舊事》雲：“高廟鐘重十二萬斤。”又引《漢舊儀》曰：“高祖廟鐘十枚，各受十石，撞之聲聞百里。”可知漢朝宮前之鐘鏞，取自秦之朝宮，漢高祖廟前之鐘鏞，亦取自秦廟。高廟鐘鏞重十二萬斤，正合千石，正與十二鐘鏞金人“各重千石”相當。如其記載不誤，則秦始皇二十七年所建極廟亦有少數高大之鐘鏞。梁玉繩雲：“《正義》引《三輔舊事》雲：銅人各二十四萬斤，考《黃圖》雲：鐘鏞高三丈，鐘小者皆千石，則知千石者鐘鏞重數，史誤並之，又失書金人之重耳。”其說非是。此誤分鐘鏞與金人為二物。其實此為“鐘鏞金人”之重量。十二鐘虞所懸掛之鐘，當為“編鐘”性質，編鐘十二枚大小不同，依次排列，鐘虞金人十二座亦大小輕重不同，其小者重千石，即十二萬斤，其大者重二千石，即二十四萬斤。因而《三輔舊事》所記與《史記》有所不同。《漢書·五行志》稱有大人長五丈皆夷狄服見於臨洮，《三輔舊事》稱“鑄金狄人”，秦始皇所鑄用作鐘虞之銅人，置於朝宮之前者，所以鑄成狄人形像，穿夷狄服，欲以表示天下一統，四裔皆已服屬，與金人銘文“初兼天下”云云，用意相同。至於大人見於臨洮，乃附會之神怪傳說耳。當鑄造十二鐘虞金人時，尚未建阿房宮。十二鐘虞金人原當在咸陽宮宮門，及起建阿房宮，乃立于阿房宮宮門。按秦始皇二十六年長狄十二見於臨洮，長五丈餘，以為善祥，鑄金人十二以象之，各重二十四萬斤，坐之宮門之前，謂之金狄。皆銘其胸雲：“皇帝二十六年初兼天下，以為郡縣，正法律，同度量。”大人來見臨洮，身長五丈，足六尺。李斯書也，故衛恒《敘篆》曰：“秦之李斯，號為工篆，諸山碑及銅人銘，皆斯書也。”漢自阿房徙之未央宮前，俗謂之翁仲矣。地皇二年王莽夢銅人泣，惡之，念銅人銘有皇帝初兼天下文，使尚方工鐫滅所夢銅人膺文。後董卓毀其九為錢，其在者三，魏明帝欲徙之洛陽，重不可勝，至霸水西停之。《漢晉春秋》曰：“或言金狄泣，故留之。石虎取置鄴宮，苻堅又徙之長安，毀二為錢，其一未至而苻堅亂，百姓推置陝北河中，於是金狄滅。”（《水經·河水注》）
前221,221,秦王政（始皇帝）二十六年（西元前二二一年）,16,考案,秦、越,,會,案：《洪範五行傳》論之曰：“《史記》秦始皇二十六年有大人長五丈、足履六尺，皆夷狄服，凡十二人，見於臨洮。天戒若曰：勿大為夷狄之行，將受其禍。是歲始皇初並六國，反喜為瑞，銷天下兵器作金人十二以象之，遂自賢聖，燔《詩》、《書》，坑儒士，奢淫暴虐，務欲廣地，南戍五嶺，北築長城，以備胡、越。塹山填穀，西起臨洮，東至遼東，徑數千里，故大人見於臨洮，明禍亂之起。後十四年而秦亡。”此以天示災異之說加以附會。
前221,221,秦王政（始皇帝）二十六年（西元前二二一年）,17,史料,代,,立,廿六年皇帝盡並兼天下諸侯，黔首大安，立號為皇帝。乃詔丞相狀、綰：灋（法）度量則，不壹歉疑者（“歉”讀作“嫌”），皆明壹之。（上文多刻於量器或衡器上，或作詔版分發各地，釘於經校驗之量器或衡器上，見《中國古代度量衡圖集》）
前221,221,秦王政（始皇帝）二十六年（西元前二二一年）,18,考案,秦,,,案：《秦始皇本紀》載二十八年琅邪台石刻，後附有從臣姓名，述及“丞相隗林、丞相王綰”，“林”即“狀”字之誤，可知此雲丞相狀，即隗狀。此二十六年詔書，最先著錄于《顏氏家訓·書證》，稱：“開皇二年五月長安民掘得秦時鐵稱權，旁有銅塗鐫銘二所……餘被敕寫讀之，與內史令李德林對，見此稱權，今在官庫，其‘丞相狀’字，為狀貌之狀，弁旁加犬，則知俗作‘隗林’非也，當作‘隗狀’耳。”《琅邪台刻石》雲：“端平法度，萬物之紀”，又雲：“器械一量，同書文字。”可知此詔所謂“法度量則”，“法度”乃指法制，“量則”乃指度量衡器。此與上引十二金人銘文作“一法律，同度量”，用意相同，亦即《秦始皇本紀》所謂：“法令由一統”，“一法度衡石丈尺”。
前221,221,秦王政（始皇帝）二十六年（西元前二二一年）,19,史料,秦,秦昭王,立,始皇窮極奢侈，築咸陽宮，因北陵營殿，端門四達，以則紫宮，象帝居。渭水貫都，以象天漢；橫橋南渡，以法牽牛。橋廣六丈，南北二百八十步，六十八間，八百五十柱，二百一十二梁，橋之南北堤，激立石柱。（《三輔黃圖》“咸陽故城”，《史記·孝文本紀·正義》引《三輔舊事》雲：“秦于渭南有興樂宮，渭北有咸陽宮，秦昭王欲通二宮之間，造橫橋長三百八十步”，以橫橋為秦昭王所造，與《三輔黃圖》不同）
