西元前年,年份數字,紀年標題,本年條目數,國家,人物,事件詞,本年內容摘要
前468,468,周貞定王元年（西元前四六八年）,16,秦、齊、楚、韓、魏、晉、周、魯、越、吳、衛、宋、鄭、代,孔子、子貢、句踐、知伯、智伯、荀瑤,伐、攻、救、卒、立、徙都、滅、取、盟、聘、會、遷、奔,秦厲共公九年，晉出公七年，齊平公十三年，楚惠王二十一年，越句踐二十九年，魯哀公二十七年。 案：《史記·周本紀》雲：“元王八年崩，子定王介立。”《索隱》雲：“如《史記》，則元王為定王父，定王即貞王也。依《世本》，則元王為貞王子，必有一乖誤。”《左傳》哀公十九年《正義》引《世本》，既雲：“魯哀公二十年貞定王介崩，子元王赤立。”又雲：“敬王崩，貞王介立，貞王崩，元王赤立。”據此可知，介有貞、定二諡。《周本紀·集解》又引皇甫謐曰：“元王十一年癸未，三晉滅智伯，二十八年崩，三子爭立，立應為貞定王。”考《世本》以元王為貞定王之子，而《史記》則以貞定王為元王之子。《帝王世紀》從《史記》之說，但《史記》謂元王八年崩，定王二十八年崩，而《帝王世紀》又謂元王二十八年崩，貞定王十年崩，與《史記》不合。今從《史記》。 〔魯哀公〕二十七年春，越子使舌庸來聘(“舌”原誤作“後”，今從唐《石經》宋本、《金澤文庫》本及《國語·吳語》改正)，且言邾田，封於駘上。二月，盟於平陽，三子皆從，康子病之，言及子贛，曰：“若在此，吾不及此夫！”武伯曰：“然。何不召？”曰：“固將召子。”文子曰：“他日請念。”夏四月己亥，季康子卒。……
前467,467,周貞定王二年（西元前四六七年）,6,秦、齊、楚、趙、魏、晉、周、魯、越、鄭,子貢、句踐、知伯、荀瑤,伐、圍、卒、立、拔、會、奔,秦厲共公十年，晉出公八年，齊平公十四年，楚惠王二十二年，越句踐三十年，魯悼西元年。 秦厲共公十年庶長將兵拔魏城。（《六國表·集解·音義》“拔一作捕”） 案：黃式三《周季編略》改作“秦伐晉拔魏氏城”，並雲：“或是魏氏邊邑耳。”此說無據，史文未見其例。瀧川資言《史記會注考證》雲：“魏城，秦地，不可言拔，當作補，若後年補龐戲城、補龐城。”此說亦無據，秦邊邑無魏城。《六國表》此記疑有脫誤。 其十年(“其”指刺龔公)，彗星見。(《秦始皇本紀》附《秦記》，《六國表》同) [魯]悼公之時，三桓勝，魯如小侯，卑於三桓之家。（《魯世家》） 案：《六國表》記“魯哀公卒”于周定王二年，記“魯悼西元年三桓勝，魯如小侯”于周定王三年，如此則魯哀公有二十八年。惟《魯世家》和《十二諸侯年表》均謂哀公二十七年卒，《漢書·律曆志》引《六國春秋》亦作二十七年，可知《六國表》哀公二十八年之說不確。《左傳》雲：“悼公四年，晉荀瑤帥師圍鄭”，《趙世家》雲：“晉出公十一年知伯伐鄭”，足見魯悼公四年當晉出公十一年，即周定王五年。《六國表》記知伯伐鄭亦在定王五年，惟誤以初次伐鄭之事為再次伐鄭耳。可見魯悼西元年確在周貞定王二年，《六國……
前465,465,周貞定王四年（西元前四六五年）,6,秦、齊、楚、晉、周、魯、越、衛,句踐,卒、立,秦厲共公十二年，晉出公十年，齊平公十六年，楚惠王二十四年，越句踐三十二年，魯悼公三年。 [衛]悼公四年卒於越。（《衛世家·索隱》引《紀年》） [衛]悼公五年卒，子敬公弗立。（《衛世家》） [衛悼公]名虔，敬公費。（《衛世家·索隱》引《世本》） 案：據《左傳》，衛悼公立于魯哀公二十六年，《紀年》雲悼公四年卒。則悼公之卒與敬公之立，當在魯悼公三年，即晉出公十年、周貞定王四年。今《六國表》系衛悼公黔元年于周定王十四年、衛敬西元年于周定王十九年，蓋誤後十四年。 又案：《衛世家》與《六國表》謂悼公名黔，《左傳》杜注：“悼公，蒯蹟庶弟公子黠也。”而《世本》又雲“名虔”。蓋“黔”“黠”“虔”，皆音同通假。《衛世家》言敬公名弗，而《世本》作費，“弗”“費”亦音同通假。
前464,464,周貞定王五年（西元前四六四年）,10,秦、齊、楚、韓、趙、魏、晉、周、魯、越、吳、宋、鄭、代,句踐、知伯、荀瑤、趙襄子,伐、圍、卒、立、即位、賂、殺,秦厲共公十三年，晉出公十一年，齊平公十七年，楚惠王二十五年，越句踐三十三年，魯悼公四年。 晉出公十年十一月於粵子句踐卒，是為菼執。（《越世家·索隱》引《紀年》） 於粵子句踐卒，是菼執。次鹿郢立。（《越世家·索隱》引《紀年》）句踐卒，子王鼫與立。（《越世家》） 越語謂鹿郢為鼫與也。（《越世家·索隱》引樂資雲，當出樂資《春秋後傳》） [句踐]二十七年冬句踐寢疾將卒，謂太子興夷曰(“興”當為“與”字之誤)：“吾自禹之後，承允常之德，蒙天靈之佑，神祇之福，從窮越之地，籍楚之前鋒，以摧吳王之干戈，跨江涉淮，從晉、楚之地，功德巍巍，自致於斯，其可不誡乎？夫霸者之後，難以久立，其慎之哉！”遂卒。興夷即位。(《吳越春秋·句踐伐吳外傳》) 案：金陵局刻本《史記》，《越世家·索隱》兩次引《紀年》於“句踐卒”，有“是為芟執”，或“是芟執”，當是。此與《索隱》引《紀年》“不壽立十年見殺，是為盲姑”，文例相同。蓋句踐為名，芟執為稱號，宋耿秉本、黃善夫本，元彭寅本及清殿本《史記》無“是芟執”三字，蓋脫誤。《吳越春秋》謂句踐二十七年卒，不確。《越世家》稱句踐元年吳伐越，吳師敗于樵李，吳王闔廬因射傷而死。《左傳》記在……
前463,463,周貞定王六年（西元前四六三年）,4,秦、齊、楚、晉、魯、鄭,,卒、立、賂,秦厲共公十四年，晉出公十二年，齊平公十八年，楚惠王二十六年。 秦厲共公十四年晉人、楚人來賂。（《六國表》） 鄭聲公卒，子哀公易立。（《鄭世家》，《六國表》記“鄭聲公卒”於此年） 案：鄭聲公名勝，據《左傳》，立于魯定公九年，至此凡三十八年而卒。《鄭世家》作三十七年，有誤。
前462,462,周貞定王七年（西元前四六二年）,3,秦、齊、楚、趙、晉、周,荀瑤,,秦厲共公十五年，晉出公十三年，齊平公十九年，楚惠王二十七年。 晉出公十三年荀伯瑤城高梁。（《水經·汾水注》引《紀年》） 案：《永樂大典》本、朱謀緯本《水經注》作“三十年”，有誤。趙一清、戴震校本作“十三年”，是也。今本《紀年》列于周貞定王七年，作“晉荀瑤城南梁”，正當晉出公十三年，原注：“一本晉出公二十年。”王國維《今本竹書紀年疏證》雲：“偽此書者所見之本當作十三年。”蓋輯今本《紀年》者，嘗見《水經注》有兩種版本，一作十三年，而另一作二十年。晉出公在位共二十三年，趙紹祖《竹書紀年校補》以二十年為是，雷學淇《竹書紀年義證》亦列於出公二十年。徐文靖《竹書紀年統箋》以為《水經注》“當是十三而訛為三十”。今從之。
前461,461,周貞定王八年（西元前四六一年）,8,秦、齊、楚、韓、趙、魏、晉、周、杞、代,趙襄子、秦孝公,伐、攻、圍、卒、立、稱王、滅、取、會、遷、殺、奔,秦厲共公十六年，晉出公十四年，齊平公二十年，楚惠王二十八年。 秦厲共公十六年塹河旁，伐大荔。補龐戲城。（《六國表》） [秦厲共公]十六年，塹河旁，以二萬兵伐大荔，取其王城。（《秦本紀》） 案：《六國表》多數版本“河”誤作“阿”。《史記會注考證》謂“淩本（明淩稚隆本）阿作河，與《秦記》合”。當以“河”為是。今改正。 [杞]哀公立十年卒，湣公子敕立，是為出公。（《陳杞世家》，哀公名閼路） 是時義渠大荔最強，築城數十，皆自稱王。至周貞定王八年，秦厲公滅大荔，取其地。趙亦滅代戎，即北戎也。韓、魏複共稍並伊、洛陽戎滅之。其遺脫者，皆逃走，西逾汧、隴。自是中國無戎寇，唯余義渠種焉。（《後漢書·西羌傳》） 案：時大荔稱王，築有城邑，故有王城，在今陝西大荔縣城之東。《括地志》雲：“同州馮翊縣及朝邑縣本漢臨晉縣地，古大荔戎國。今朝邑縣東三十步故王城，即大荔王城。”（《史記·匈奴列傳·正義》引）《西羌傳》謂“秦厲公滅大荔，取其地”，尚不確切。據《秦本紀》，是年秦伐取大荔之王城，但大荔並未滅亡，當已向北撤退。《六國表》載秦孝公二十四年大荔圍合陽，可知秦孝公末年大荔尚存，且擁有武力，進圍合陽。秦滅大荔尚在其後……
前458,458,周貞定王十一年（西元前四五八年）,10,秦、齊、楚、韓、趙、魏、晉、周、魯、越、衛、中山,句踐、知伯、智伯、趙襄子,伐、攻、圍、卒、立、滅、取、奔,秦厲共公十九年，晉出公十七年，齊平公二十三年，楚惠王三十一年。 [晉]出公十七年知伯與趙、韓、魏共分範、中行地以為邑。（《晉世家》） 昔者智伯瑤率趙、韓、魏伐範、中行，滅之。（《韓非子·十過》，《趙策一》第二章同） 案：《晉世家》記是年知伯與趙、韓、魏分範、中行地之後，“出公怒，告齊、魯，欲以伐四卿，四卿恐，遂反攻出公。出公奔齊道死。”《趙世家》亦有相同之記載，惟時在趙襄子立四年。《六國表》亦記趙襄子四年“與智伯分范、中行地”，當周貞定王十五年（西元前四五四年），較《晉世家》遲四年。《韓非子·十過》與《趙策一》第二章，稱知伯率趙、韓、魏滅範、中行之後，“反歸休兵數年”。因索地于韓、魏、趙，趙弗與，知伯因約韓、魏攻趙，圍晉陽三年，終於魏、韓反而與趙共滅知伯，而三分其地。周貞定王十五年正當知伯與魏、韓合圍晉陽之時。可知《六國表》、《趙世家》所記四卿分範、中行地之時間不確。既然四卿分範、中行地，與知伯等圍趙晉陽之間，嘗休兵數年，知伯又圍趙于晉陽三年，可知《晉世家》所載是年分範、中行地是實。《晉世家·索隱》引《紀年》雲：“出公二十三年奔楚”，正當韓、趙、魏共滅知伯之後一年。可知出公因滅知伯而出……
前457,457,周貞定王十二年（西元前四五七年）,18,秦、齊、楚、燕、韓、趙、魏、晉、周、吳、衛、宋、中山、蔡,張儀、知伯、智伯、荀瑤、韓康子、魏桓子,伐、攻、圍、卒、立、滅、取、殺、奔,秦厲共公二十年，晉出公十八年，齊平公二十四年，楚惠王三十二年。 秦厲共公二十年公將師與緜諸戰。（《六國表》） 案：《六國表》秦厲共公六年“繇諸乞援”。秦惠公六年“伐諸繇”。梁玉繩以為皆即緜諸。《史記·匈奴列傳》雲：“自隴以西有緜諸、緄戎、翟、貔之戎。”緜諸在今甘肅天水縣。《漢書·地理志》天水郡有緜諸道。 晉荀瑤伐中山，取窮魚之丘。（《水經·巨馬水注》、《初學記》八、《太平御覽》六十四、《太平寰宇記》六十七引《紀年》） 案：諸書引《紀年》，皆不記何年，今本《竹書紀年》列于周貞定王十二年，即晉出公十八年，不知何據。今姑列于此。蔡聲侯十五年卒，子元侯立。（《管蔡世家》） 案：《六國表》記“蔡聲侯卒”于楚惠王三十二年。 [智伯]還自衛，三卿宴于藍台。（《說苑·貴德篇》“宴”作“燕”，“宴”“燕”通用） 智襄子戲韓康子而侮段規。智伯國聞之（《說苑》“智伯國”作“智果”。作“果”為是，見案語），諫曰：“主不備（《說苑》作“主弗備難”），難必至矣（《說苑》無“矣”字）。”曰：“難將由我，我不為難，誰敢興之。”對曰：“異於是。夫郤氏有車轅之難，趙有孟姬之讒，欒有叔祁之愬（《說苑》“愬”作“訴”），範、……
前456,456,周貞定王十三年（西元前四五六年）,6,秦、齊、楚、韓、晉,,卒、立、取、會,秦厲共公二十一年，晉出公十九年，齊平公二十五年，楚惠王三十三年。 [秦厲共公]二十一年初縣頻陽，晉取武成。（《秦本紀》） 晉出公十九年晉韓龍取盧氏城。（《水經·洛水注》引《紀年》） 案：《秦本紀》“武成”一作“武城”，《史記會注考證》：“古鈔、楓、三南本作武城。”今本《竹書紀年》雲：“貞定王十三年晉韓龐取秦武城。”與今《水經注》所引古本《紀年》不同，而與《秦本紀》所言“晉取武成”相合。武成在今陝西華縣東，一作武下。考《永樂大典》本《水經注》所引，無“取盧”二字，戴震校本有之，雲：“近刻脫‘取盧’二字。”盧氏在今河南西部洛水上游，多崇山峻嶺。此一地段原為陸渾戎所在，不屬於秦，此時為晉所取。輯今本《竹書紀年》者殆見盧氏非秦地，因而從《秦本紀》改作武城也。 [齊平公]二十五年卒，子宣公積立。（《齊世家》） 案：《六國表》於次年記齊宣公就匝元年。《集解》：“本作積”。
前455,455,周貞定王十四年（西元前四五五年）,22,秦、齊、楚、燕、韓、趙、魏、晉、周、吳、鄭、蔡,知伯、智伯、趙襄子、韓康子、魏桓子、秦昭王、趙武靈王,伐、攻、圍、立、滅、取、拔、會、殺、奔,秦厲共公二十二年，晉出公二十年，齊宣西元年，楚惠王三十四年。智襄子為室美，士茁夕焉。智伯曰：“室美夫！”對曰：“美則美矣，抑臣亦有懼也。”智伯曰：“何懼？”對曰：“臣以秉筆事君，志有之曰（《說苑·貴德》“志”作“記”)：‘高山峻原，不生草木，松柏之地，其土不肥。’今土木勝，臣懼其不安人也。”室成，三年而智氏亡。（《國語·晉語九》，《說苑·貴德》第三十章同） 智伯索地于魏宣子（《魏策一》第一章“魏宣子”作“魏桓子”，下同）。魏宣子弗予。任章曰：“何故不予？”宣子曰：“無故請地（《魏策》“請”作“索”），鄰國必恐，彼重欲無厭（《魏策》無“彼”字），天下必懼。君子之地，智伯必驕而輕敵（《魏策》作“知伯必懦，懦而輕敵”），鄰國必懼而相親。以相親之兵，待輕敵之國，則智伯之命不長矣（《魏策》“則智伯”作“知氏”）。《周書》曰：將欲敗之，必姑輔之；將欲取之，必姑予之。君不如予之以驕智伯，且君何釋以天下圖智氏而獨以吾國為智氏質乎？”（《資治通鑒》作“然後可以擇交而圖智氏矣，奈何獨以吾為智氏質乎”，可知“釋”當讀如“擇”）君曰：“善。”乃與之萬戶之邑（《魏策》作“乃與之萬家之邑一”），智伯大悅，因素地于……
前454,454,周貞定王十五年（西元前四五四年）,3,秦、齊、楚、韓、趙、魏、晉,知伯,攻、圍、拔,秦厲共公二十三年，晉出公二十一年，齊宣公二年，楚惠王三十五年。 三國攻晉陽，歲餘，引汾水灌其城，城不浸者三版，城中懸釜而炊，易子而食。（《趙世家》） 案：知伯率韓、魏攻趙晉陽，《韓非子·十過》《趙策一》第二章謂：“三月不能拔，因舒軍而圍之，決晉水而灌之。”《趙世家》則雲：“歲余，引汾水灌其城。”“引汾水”當為“引晉水”之誤，已辨明在上年案語中。至於引水灌城，在攻城三月後或“年餘”之後，尚不能確定。若在年餘之後，即在此年。
前453,453,周貞定王十六年（西元前四五三年）,38,秦、齊、楚、燕、韓、趙、魏、晉、周、吳、鄭、中山、代,張儀、商鞅、孔子、知伯、智伯、趙襄子、韓康子、魏桓子、秦昭王,伐、攻、圍、救、卒、變法、滅、取、拔、盟、遷、殺,秦厲共公二十四年，晉出公二十二年，齊宣公三年，楚惠王三十六年。 [周]定王十六年三晉滅智伯，分有其地。（《周本紀》） [秦厲共公]二十四年晉亂，殺智伯，分其國與趙、韓、魏。（《秦本紀》） 趙襄子五年(當作二十三年)襄子敗智伯晉陽，與魏、韓三分其地。（《六國表》） [晉]哀公四年(當作晉出公二十二年)趙襄子、韓康子、魏桓子共殺智伯，盡並其地。(《晉世家·索隱》：“如《紀年》之說，此乃出公二十二年事。”) 智伯滅在[燕]成公二年也。（《燕世家·索隱》謂“按《紀年》”） 圍晉陽三年，城中巢居而處（《淮南子·人間訓》作“緣木而處”），懸釜而炊，財食將盡，士大夫羸病（《趙策一》第二章作“士卒病羸”）。襄子謂張孟談曰：“糧食匱，財力盡，士大夫羸病，吾恐不能守矣。欲以城下，何國之可下？（《趙策》作“何如”）張孟談曰：“臣聞之，亡弗能存，危弗能安，則無為貴智矣（《趙策》“智”作“知士”，《淮南子》作“智士”）。君釋此計者（《趙策》此下有“勿複言也”)，臣請試潛行而出見韓、魏之君。”(《趙策》無“試潛行而出”五字，《淮南子》“君”下有“而約之”三字)張孟談見韓、魏之君曰(《趙策》“見”上有“陰”字)：“……
前452,452,周貞定王十七年（西元前四五二年）,9,秦、齊、楚、韓、趙、魏、晉、周、魯,知伯、智伯、趙襄子,伐、攻、立、滅、會、奔,秦厲共公二十五年，晉出公二十三年，齊宣公四年，楚惠王三十七年。 [秦厲共公]二十五年智開與邑人來奔。（《秦本紀》） 秦厲共公二十五年晉大夫智開率其邑來奔。（《六國表》“邑”下脫“人”字） 案：《秦本紀·正義》雲：“開，智伯子。伯被趙襄子等滅其國，其子與從屬來奔秦。”《史記會注考證》引張照曰：“智伯死無後，又史載惟輔果在，《正義》以開為智伯子，無據，蓋智伯之族。”其說是。《六國表》稱“晉大夫智開，率其邑來奔”。“邑”下脫“人”字。其後四年，《六國表》又載“晉大夫智寬率其邑人來奔”，亦智伯之族。 [晉]出公二十三年奔楚，乃立昭公孫，是為敬公。（《晉世家·索隱》引《紀年》） [晉]出公十七年（《集解》徐廣曰：“《年表》雲出公立十八年，或雲二十年”），知伯與趙、韓、魏共分範、中行地以為邑，出公怒，告齊、魯，欲以伐四卿。四卿恐，遂反攻出公。出公奔齊，道死。故知伯乃立昭公曾孫驕為晉君，是為哀公。哀公大父雍，晉昭公少子也，號為戴子，戴子生忌。忌善知伯，蚤死，故知伯欲盡並晉，未敢，乃立忌子驕為君。（《晉世家》） [趙襄子]立四年，知伯與趙、韓、魏盡分其範、中行故地。晉出公怒，告齊、魯，欲以伐四卿。四卿……
前451,451,周貞定王十八年（西元前四五一年）,3,秦、齊、楚、晉、周、鄭、蔡,,卒、立,秦厲共公二十六年，晉敬西元年，齊宣公五年，楚惠王三十八年。秦厲共公二十六年左庶長城南鄭。（《六國表》，《秦本紀·集解》徐廣曰：“一本二十六年城南鄭也”） [蔡]元侯六年卒，子侯齊立。（《管蔡世家》） 案：《六國表》記蔡侯齊元年于楚惠王三十九年，即周貞定王十九年。
前449,449,周貞定王二十年（西元前四四九年）,3,秦、齊、楚、晉、越、杞,,卒、立,秦厲共公二十八年，晉敬公三年，齊宣公七年，楚惠王四十年。 秦厲共公二十八年越人來迎女。（《六國表》） [杞]出公十二年卒，子簡公春立。（《陳杞世家》）
前448,448,周貞定王二十一年（西元前四四八年）,9,秦、齊、楚、晉、周、越、蔡,句踐、智伯,伐、攻、卒、立、滅、殺、奔,秦厲共公二十九年，晉敬公四年，齊宣公八年，楚惠王四十一年。 秦厲共公二十九年晉大夫智寬率其邑人來奔。（《六國表》，馬非百《秦集史·國君紀事》十二所引“智寬”作“智伯寬”，蓋《史記》有版本誤衍“伯”字者） [越]不壽立，十年見殺，是為盲姑，次朱句立。（《越世家·索隱》引《紀年》） [越]王不壽卒，子王翁立。（《越世家》） 案：《索隱》引《紀年》，謂晉出公十年十一月句踐卒，《紀年》用夏正，十一月卒，于周正，已是明年正月。因定句踐卒于周貞定王五年。《紀年》又謂次鹿郢立，六年卒，不壽立，不壽立十年見殺，次朱句立。則朱句之立，當在周貞定王二十一年。今本《紀年》系于周貞定王二十年，蓋誤前一年。以《紀年》與《越世家》相校，可知王翁即朱句，不壽即盲姑。“盲姑”金文作“丩古”，“朱句”金文作“州句”，上海博物館藏有越王丩古劍，北京故宮博物院與上海博物館各藏有越王州句劍。周貞定王二十二年（西元前四四七年） 秦厲共公三十年，晉敬公五年，齊宣公九年，楚惠王四十二年。 楚惠王四十二年楚滅蔡。（《六國表》） [蔡]侯齊四年楚惠王滅蔡，蔡侯齊亡，蔡遂絕祀。（《管蔡世家》） 案：金正煒以為楚所滅者即《楚策四》第四章莊……
前446,446,周貞定王二十三年（西元前四四六年）,24,秦、齊、楚、燕、韓、趙、魏、晉、周、越、吳、鄭、中山、代,孔子、子貢、知伯、魏惠王,伐、攻、救、卒、立、變法、滅、取、拔、殺、奔,秦厲共公三十一年，晉敬公六年，齊宣公十年，楚惠王四十三年。 魏文侯初立在[晉]敬公六年。（《晉世家·索隱》引《紀年》，“六年”原作“十八年”，今從雷學淇、王國維校正） 魏文侯斯。（《魏世家·索隱》引《世本》，《六國表》同，《魏世家》誤作文侯名都） 案：雷學淇《考訂竹書紀年》謂《索隱》所引《紀年》，晉敬公十八年，“十八即六字之訛”。雷學淇《竹書紀年義證》亦定魏文侯初立在晉敬公六年。王國維《古本竹書紀年輯校》亦雲：“案《魏世家·索隱》引《紀年》，文侯五十年卒，武侯二十六年卒，由武侯卒年上推之，則文侯初立，當在敬公六年，《索隱》作‘十八年’，‘十八’二字乃‘六’字誤離為二也。”其說是。既然魏文侯初立在晉敬公六年，逾年改元，文侯之元當在七年，即周貞定王二十四年。錢穆《先秦諸子系年》將魏文侯元年定在敬公六年，以此下推，文侯五十年卒，武侯二十六年卒，因與《史記》魏惠王之元年相密接，然終無解於《史記》武侯惠王之史事系年，俱較《紀年》所記者差遲一年也。余考《史記》于惠王之年世，本誤多一年，武侯之年世因此又誤前一年，則魏文侯之元年，自當在周貞定王二十四年。《水經·河水注》雲：“河水又徑命陽城東，周威烈王……
前445,445,周貞定王二十四年（西元前四四五年）,6,秦、齊、楚、魏、晉、魯、越、吳、杞,,立、滅,"秦厲共公三十二年，晉敬公七年，魏文侯元年，齊宣公十一年，楚惠王四十四年。 楚惠王四十四年滅杞。杞，夏之後。（《六國表》） [楚惠王]四十四年楚滅杞，與秦平。是時越已滅吳，而不能正江、淮北，楚東侵廣地至泗上。（《楚世家》） [杞簡公]立一年(“一”當作“四”),楚惠王之四十四年滅杞。(《陳杞世家》) 楚人與越人舟戰于江，楚人順流而進，迎流而退，見利而進，見不利則其退難。越人迎流而進，順流而退，見利而進，見不利則其退速，越人因此若執，亟敗楚人。公輸子自魯南游楚。焉始為舟戰之器作為鉤強之備。楚之兵節，越之兵不節，楚人因此亟敗越人。（《墨子·魯問》） 案：錢穆《公輸般自魯游楚考》雲：“楚之東侵，遵江沿淮，皆不能無水戰，然則公輸之游楚，宜在惠王四十四年前矣。”（《先秦諸子系年》第一三七頁）今附載於此。"
前444,444,周貞定王二十五年（西元前四四四年）,8,秦、齊、楚、魏、晉、周、代,,伐、卒、立,秦厲共公三十三年，晉敬公八年，魏文侯二年，齊宣公十二年，楚惠王四十五年。 秦厲共公三十三年，伐義渠，虜其王。（《六國表》，《秦本紀》同，《後漢書·西羌傳》亦同） 周貞定王二十六年（西元前四四三年）秦厲共公三十四年，晉敬公九年，魏文侯三年，齊宣公十三年，楚惠王四十六年。 [秦厲共公]三十四年，日食，厲共公卒，子躁公立。（《秦本紀》） [秦]刺龔公享國三十四年，葬入裡，生躁公、懷公（《秦始皇本紀》引《秦記》） 案：“刺龔”與“厲共”，音同通假。入裡，《集解》引徐廣曰：“一作人。”躁公，《索隱》雲：“又作遂公。” 秦厲共公三十四年日蝕，晝晦，星見。（《六國表》） 案：朱文鑫《歷代日食考》卷三《戰國及秦日食考》注一雲：“日蝕晝晦星見，是系全食之象。惟是年並無全食能為中國所見。在曆共公三十五年（當作躁西元年），合於西元前四四二年三月十一日，有全食經長城內外，秦都咸陽可見九分餘，宜有晝晦、星見之象。《六國表》三十四年亦系三十五年之誤。”日本新城新藏與渡邊敏夫亦有相同之見解。惟齊藤國治以為此一論斷尚不確當，秦躁西元年所見日食，金星光度不強，尚不足以有“星見”之象。而曆共公三十三年（西元前四四四年）十……
前442,442,周貞定王二十七年（西元前四四二年）,2,秦、齊、楚、魏、晉,,,秦躁西元年，晉敬公十年，魏文侯四年，齊宣公十四年，楚惠王四十七年。 秦躁西元年彗星見。（《秦始皇本紀》引《秦記》）
前441,441,周貞定王二十八年（西元前四四一年）,4,秦、齊、楚、魏、晉、周、鄭,,攻、立、殺,秦躁公二年，晉敬公十一年，魏文侯五年，齊宣公十五年，楚惠王四十八年。[秦]躁公二年南鄭反。（《秦本紀》，《六國表》同） [周定王]二十八年定王崩，長子去疾立，是為哀王。哀王立三月，弟叔襲殺哀王而自立，是為思王。思王立五月，少弟嵬攻殺思王而自立，是為考王。此三王皆定王之子。（《周本紀》，《太平御覽》八十五引《帝王世紀》“嵬”作“隗”） 考哲王嵬。（《漢書·古今人表》） 案：考王《古今人表》作考哲王，是考王亦兩諡也。《呂氏春秋·先識》高誘注，又作考烈王，疑誤。
前440,440,周考王元年（西元前四四0年）,4,秦、齊、楚、魏、晉、周,,,秦躁公三年，晉敬公十二年，魏文侯六年，齊宣公十六年，楚惠王四十九年。 [周]考王封其弟于河南，是為桓公，以續周公之官職。（《周本紀》） 西周桓公名揭，居河南。（《周本紀·索隱》引《世本》） 案：《周本紀·正義》引《帝王世紀》亦雲：“考哲王封其弟揭于河南，續周公之官，是為西周桓公。”
前439,439,周考王二年（西元前四三九年）,10,秦、齊、楚、燕、趙、魏、晉、周、魯、衛、宋,,攻、圍、卒、立、取、遷、殺,秦躁公四年，晉敬公十三年，魏文侯七年，齊宣公十七年，楚惠王五十年。 公輸盤為楚造雲梯之械成（《呂氏春秋·愛類》作“公輸般為高雲梯”，《宋策》第二章作“公輸般為楚設機”），將以攻宋，子墨子聞之，自魯往，裂裳裹足，日夜不休（“自魯往”原作“起于齊”，“裂裳裹足，日夜不休”八字原脫，從孫詒讓據《文選·廣絕交論注》、《世說新語·文學篇注》所引及《呂氏春秋》補正。《淮南子·修務訓》作“自魯趨而十日十夜，足重繭而不休息，裂裳裹足，至於郢”）。行十日十夜而至於郢，見公輸盤。公輸盤曰：“夫子何命焉為？”子墨子曰：“北方有侮臣，願藉之殺之。”公輸盤不說。子墨子曰：“請獻十金。”公輸盤曰：“吾義固不殺人。”子墨子起，再拜曰：“請說之。吾從北方，聞子為梯，將以攻宋，宋何罪之有？荊國有餘於地，而不足於民，殺所不足，而爭所有餘，不可謂智。宋無罪而攻之，不可謂仁。知而不爭，不可謂忠，爭而不得，不可謂強。義不殺少而殺眾，不可謂知類。”公輸盤服。子墨子曰：“然乎？不已乎？”公輸盤曰：“不可。吾既已言之王矣。”子墨子曰：“胡不見我于王。”公輸盤曰：“諾。”子墨子見王，曰：“今有人於此，舍其文軒，鄰有敝罍而欲竊之；舍其錦……
前437,437,周考王四年（西元前四三七年）,11,秦、齊、楚、燕、韓、趙、魏、晉、魯、越、衛、宋、鄭、代,孔子、智伯、秦惠王、齊湣王、楚懷王,伐、攻、卒、立、即位、滅、取、拔、會、殺、奔,秦躁公六年，晉敬公十五年，魏文侯九年，齊宣公十九年，楚惠王五十二年。[魯悼公]三十七年(當作三十一年)悼公卒，子嘉立，是為元公。(《魯世家》) 案：《魯世家》所載哀公以下諸君年世，與《六國表》不合，與《漢書·律曆志》所載劉歆曆譜亦不同。《魯世家》雜載有別國之大事，如悼公十三年三晉滅智伯，平公十二年秦惠王卒，文公七年楚懷王死于秦，頃公二年秦拔楚郢等，皆足以校核。《魯世家》言悼公三十七年，《漢書·律曆志》同，《六國表》作三十八年。《魯世家·集解》引徐廣曰：“一本雲悼公即位三十年，乃于秦惠王卒、楚懷王死年合。”日本武內義雄《六國表訂誤》（《高瀨博士還曆紀念支那學論叢》）據此雲：“悼公年數苟作三十年，較之三十七年，雖無秦惠、楚懷之卒年改少矛盾，然尚有一年之相左。因而為避免完全不相符合計，似以哀公年數從《六國表》為二十八年，悼公年數依據《世家》異本為三十年為適當。惟魯哀公年數依據《左傳》、《魯世家》以及《漢書·律曆志》所引之《六國春秋》，皆作二十七年，而《六國表》之二十八年說，毫未發見若何確證。由此言之，假令哀公年數二十七年不能動搖，則悼公年數，決非三十七年或三十年，而系三十一年。就餘之想像言之……
前435,435,周考王六年（西元前四三五年）,3,秦、齊、楚、魏、晉,,,秦躁公八年，晉敬公十七年，魏文侯十一年，齊宣公二十一年，楚惠王五十四年。 秦躁公八年六月雨雪，日月蝕。（《六國表》） 案：朱文鑫以為是年十月十五日有日食，六月八日有月食。渡邊敏夫以為是年五月二十日有日食，十月三十日有月食，齊藤國治以為是年日食非咸陽所能見。秦躁公七年七月朔有日食能為咸陽所見，十一月九日有月食，《六國表》誤後一年。
前434,434,周考王七年（西元前四三四年）,3,秦、齊、楚、韓、趙、魏、晉、周,,卒、立,秦躁公九年，晉敬公十八年，魏文侯十二年，齊宣公二十二年，楚惠王五十五年。 [晉哀公]十八年哀公卒，子幽公柳立。幽公之時，晉畏，反朝韓、趙、魏之君。獨有絳、曲沃，餘皆入三晉。（《晉世家》） 案：《晉世家》之哀公即《紀年》之敬公，已詳周貞定王十七年案語中。
前433,433,周考王八年（西元前四三三年）,6,秦、齊、楚、魏、晉、周、魯、宋、鄭、代,,攻、滅、遷,秦躁公十年，晉幽西元年，魏文侯十三年，齊宣公二十三年，楚惠王五十六年。 佳(惟)王五十又六祀，返自西旃(陽)，楚王酓章乍(作)曾侯乙宗彝，寞之於西旃，其永時用享。（楚王酓章鎛與楚王酓章鐘銘文） 案：楚王奢章即楚惠王熊章。奢、熊聲近通轉。西旃即是《漢書·地理志》江夏郡之西陽，在今河南光山縣西南。北宋曾出土兩件銘文相同之鐘，見於著錄，據雲器出安陸，即今湖北安陸縣，與西陽鄰近。一九七八年同銘之鎛又出土於湖北隨縣城關西北擂鼓墩之曾侯乙墓中。據銘文，楚惠王於此年製作曾侯乙宗廟用之禮器，送往西陽祭奠。西陽當即曾之國都所在，設有君主之宗廟。從其出土地點，可知當時曾國不僅建都于潢水流域之西陽，並佔有溳水流域之隨縣與安陸。春秋戰國之際，君主之宗廟皆建於都城。《左傳》莊公二十八年雲：“凡邑，有宗廟先君之主曰都。”不可能建於別處。“返自西旆”，之“返”，前因宋代摹本有誤，誤釋為“徙”，由此曾引起錯誤之論斷。 曾侯乙墓，一九七八年發現於湖北隨縣城關西北五裡擂鼓墩，槨室分北、東、中、西四室，共出青銅禮樂器及其他器物二百五十多件。青銅禮器有升鼎九件與簋八件，以顯示君主身分。尚有鑊鼎二件、簋鼎九件以及簠、敦、壺、缶……
前432,432,周考王九年（西元前四三二年）,4,秦、齊、楚、魏、晉、衛,,卒、立,秦躁公十一年，晉幽公二年，魏文侯十四年，齊宣公二十四年，楚惠王五十七年。 [楚惠王]五十七年惠王卒，子簡公中立。（《楚世家》，《六國表》“中”作“仲”） [衛]敬公十九年卒，子昭公紂立。是時三晉強，衛如小侯屬之。（《衛世家》） 衛敬公生橈公舟。（《衛世家·索隱》引《世本》）案：橈公舟即昭公糾，“橈”與“昭”，“舟”與“糾”，音同通用。
前431,431,周考王十年（西元前四三一年）,10,秦、齊、楚、魏、晉、周、越、代,齊宣王,伐、滅,秦躁公十二年，晉幽公三年，魏文侯十五年，齊宣公二十五年，楚簡王元年。 [楚]簡王元年北伐滅莒。（《楚世家》，《六國表》亦雲此年“滅莒”） 中子化用保楚王，用正(征)梠(莒)，用擇其吉金，自乍(作)朕盤。(中子化盤銘文) 案：梠即莒。中子化當為征伐莒之楚將，不見文獻記載。《齊策五》第一章蘇代說齊閔王曰：“莒恃越而滅。”《水經·沭水注》引《屍子》曰：“莒君好鬼巫而國亡。” 周考王十一年（西元前四三0年）. 秦躁公十三年，晉幽公四年，魏文侯十六年，齊宣王二十六年，楚簡王二年。 [秦躁公]十三年義渠來伐，至渭南。（《秦本紀》） 秦躁公十三年義渠伐秦，侵至渭陽。（《六國表》） 至貞王二十五年秦伐義渠，虜其王。後十四年，義渠侵秦，至渭陰。（《後漢書·西羌傳》） 案：周貞王二十五年之後十四年，正是秦躁公十三年。《六國表》作“渭陽”，而《後漢書》作“渭陰”，古人以水北為陽，水南為陰，“渭陰”與《秦本紀》“渭南”相合。《六國表》作“渭陽”，非是。
前429,429,周考王十二年（西元前四二九年）,4,秦、齊、楚、魏、晉,,卒、立,秦躁公十四年，晉幽公五年，魏文侯十七年，齊宣公二十七年，楚簡王三年。 [秦躁公]十四年躁公卒，立其弟懷公。（《秦本紀》） [秦]躁公享國十四年居受寢，葬悼公南。（《秦始皇本紀》引《秦記》） [秦]懷公從晉來。（《秦始皇本紀》引《秦記》）
前428,428,周考王十三年（西元前四二八年）,3,秦、齊、楚、魏、晉,,卒、立、即位,秦懷西元年，晉幽公六年，魏文侯十八年，齊宣公二十八年，楚簡王四年。 秦懷西元年生靈公。（《六國表》） 案：張文虎曰：“《表》於是年書生靈公，而於靈西元年下書生獻公，首尾僅五年，錯誤甚矣。考《秦本紀》雲：“懷公太子曰昭子，蚤死，大臣乃立太子昭子之子，是為靈公。”《六國表》同。靈公乃懷公之孫而非子，梁玉繩謂《秦始皇本紀》引《秦記》雲：“懷公生靈公”以及此表，皆必生昭子之誤。亦不確切。若是年生昭子，四年後安得有靈公即位。若是年生靈公，四年後即位，在位十年卒，試問靈公將何時生獻公？此表“生靈公”，當是“生簡公”之誤。《秦本紀》雲：“簡公，昭子之弟而懷公子也。”
前427,427,周考王十四年（西元前四二七年）,2,秦、齊、楚、魏、晉,,,秦懷公二年，晉幽公七年，魏文侯十九年，齊宣公二十九年，楚簡王五年。 晉幽公七年大旱，地長生鹽。（《北堂書鈔》一百四十六引《紀年》）
前426,426,周考王十五年（西元前四二六年）,5,秦、齊、楚、韓、趙、魏、晉、周、衛、代,趙襄子,立、取,秦懷公三年，晉幽公八年，魏文侯二十年，齊宣公三十年，楚簡王六年。 周考王十五年崩，子威烈王午立。（《周本紀》） [衛]昭公六年公子亹弑之代立，是為懷公。（《衛世家》，《六國表》系衛悼西元年於次年，當誤） 王登為中牟令，上言於襄主曰：“中牟有士曰中章、胥己者，其身甚修，其學甚博，君何不舉之？”主曰：“子見之，我將為中大夫。”相室諫曰：“中大夫，晉重列也，今無功而受，非晉臣之意，君其耳而未之目邪？”襄主曰：“我取登，既耳而目之矣；登之所取，又耳而目之。是耳目人絕無已也。”王登一日而見二中大夫，予之田宅。中牟之人棄其田耘、賣宅圃而隨文學者，邑之半。（《韓非子·外儲說左上》） 案《呂氏春秋·知度》篇有大體相同之記述。惟“王登”作“任登”，“上言於襄主”作“上計言於襄子”，結尾無“王登一日而二見中大夫”云云。當以“上計言於襄子”為是，可知當時趙已推行年終考績之“上計”制度，並於“上計”之時可向國君推薦人才，此乃漢代郡國上計時貢士制度之開端。此言因舉賢而“賣宅圃而隨文學者，邑之半”。可知宅圃已可買賣。此事不知在何年，今系于趙襄子在位之晚年。
前425,425,周威烈王元年（西元前四二五年）,12,秦、齊、楚、趙、魏、晉、周、魯、中山、代,趙襄子,圍、卒、立、即位、滅、取、殺,秦懷公四年，晉幽公九年，魏文侯二十一年，齊宣公三十一年，楚簡王七年。 [晉]幽公九年，丹水出，相反擊。（《水經·沁水注》引《紀年》） [秦]懷公四年庶長鼂(“鼂”即“晁”字)與大臣圍懷公，懷公自殺，懷公太子曰昭子，蚤死，大臣乃立昭子之子，是為靈公。靈公，懷公孫也。（《秦本紀》）秦懷公四年庶長鼂殺懷公。太子蚤死，大臣立太子之子為靈公。（《六國表》） [秦懷公]享國四年葬櫟圉氏。生靈公。諸臣圉懷公，懷公自殺。（《秦始皇本紀》引《秦記》） [秦]肅靈公，昭子子也，居涇陽。（《秦始皇本紀》引《秦記》，《索隱》雲：“《紀年》及《世本》無肅字。”） 案：秦靈公為昭子之子，懷公之孫。《秦始皇本紀》引《秦記》謂懷公生靈公，非是。《六國表》既言“大臣立太子之子為靈公”，又言“懷公生靈公”，自相抵牾。《紀年》與《世本》皆稱秦靈公，無肅字，梁玉繩《史記志疑》謂《秦始皇本紀》引《秦記》稱肅靈公，乃誤增肅字。然亦可能有肅、靈兩諡，未必是誤增。 [趙襄子]其後娶空同氏，生五子。襄子為伯魯之不立也，不肯立子，且必欲傳位與伯魯子代成君。成君先死，乃取代成君子浣為太子。襄子立三十三卒，浣立，是為獻侯。獻侯少即位，治中牟……
前424,424,周威烈王二年（西元前四二四年）,13,秦、齊、楚、韓、趙、魏、晉、周、鄭,,伐、卒、立、即位、稱王、滅、會、遷、殺,秦靈西元年，晉幽公十年，魏文侯二十二年，韓武子元年，齊宣公三十二年，楚簡王八年。 秦靈西元年生獻公。（《六國表》） 魏文侯元年，秦靈公之元年也。與韓武子、趙桓子、周威王同時。（《魏世家》） 《六國表》以秦靈西元年、魏文侯元年、韓武子元年、趙桓子元年同列于周威烈王二年。 [韓]武子名啟章，康子子。（《魏世家·索隱》引《世本》） 案：《楚世家》稱：“簡王八年（即周威烈王二年）魏文侯、韓武子、趙桓子始列為諸侯。”錢穆《三晉始侯考》論之曰：“楚簡王八年，正當魏文侯二十三年。今《史表》誤作魏文元年者，《魏世家》雲魏文以二十二年為侯，則二十三年乃稱侯後之元年。如《秦本紀》秦惠文王以十三年四月戊午稱王，而明年更為元年也。今《史記》誤以稱侯更元之年，為魏文元年，遂誤遺其前二十二年，猶如梁惠王徐州稱王更元之年為魏襄王元年而誤遺其後之十六年也。……然則楚簡王八年，持魏文稱侯之元年而史誤以為魏文侯、趙桓子、韓武子始列為諸侯者，猶如徐州之會僅齊魏相王，而《魏世家》誤以為諸侯之相王也。”（《先秦諸子系年》第一四一至一四二頁）此說甚是。《魏世家》雲：“魏文侯元年，秦靈公之元年也。”太史公當依據《秦記》，此乃魏文侯……
前422,422,周威烈王四年（西元前四二二年）,6,秦、齊、楚、韓、趙、魏、晉、吳、鄭,,立,秦靈公三年，晉幽公十二年，魏文侯二十四年，韓武子三年，趙獻子二年，齊宣公三十四年，楚簡王十年。 秦靈公三年作上下畤。（《六國表》） 秦靈公作吳陽上畤，祭黃帝，作下畤，祭炎帝。（《封禪書》） 鄭立幽公子，為縉西元年。（《六國表》韓武子三年下） [晉]幽公十二年無雲而雷。（《太平御覽》八七六引《史記》） 案：林春溥《竹書紀年補證》、朱右曾《汲塚紀年存真》、王國維《古本竹書紀年輯校》，均以為引《紀年》而誤作《史記》。
前421,421,周威烈王五年（西元前四二一年）,3,秦、齊、楚、韓、趙、魏、晉、魯,,取、會,秦靈公四年，晉幽公十三年，魏文侯二十五年，韓武子四年，趙獻子三年，齊宣公三十五年，楚簡王十一年。 [晉]幽公十三年魯季孫會晉幽公于楚丘，取葭密，遂城之。（《永樂大典》本《水經·濟水注》引《竹書紀年》，《太平寰宇記》十三曹州乘氏縣下引《竹書紀年》同，惟“晉幽公”作“晉侯”，“楚丘”誤作“楚”，脫“丘”字） 案：全祖望、趙一清、戴震《水經注》校本皆改作“元公三年”，戴校本有校語：“案近刻訛作幽王十三年。”朱謀瑋《水經注》校本誤作“幽王”，箋雲：“舊本作幽公。”當從《永樂大典》本《水經注》及《太平寰宇記》作“幽公十三年”為是。楚丘在今山東曹縣東南。葭密在今山東菏澤東北。
前420,420,周威烈王六年（西元前四二0年）,3,秦、齊、楚、韓、趙、魏、晉、周,,立、殺,秦靈公五年，晉幽公十四年，魏文侯二十六年，韓武子五年，趙獻子四年，齊宣公三十六年，楚簡王十二年。 魏誅晉幽公，立其弟止。（《六國表》） 案：《六國表》記此事于魏文侯五年，即周威烈王六年。據《古本竹書紀年》，此年為晉幽公十四年，《晉世家》謂：“晉幽公十八年幽公淫婦人，夜竊出邑中，盜殺幽公。魏文侯以兵誅晉亂，立幽公子止，是為烈公。”《表》作“魏誅晉幽公”，大誤。《晉世家·索隱》引《紀年》雲：“夫人秦嬴賊公于高寢之上。”《太平御覽》八百七十六引《史記》亦雲：“（幽公）十八年晉夫人秦嬴賊君于高寢。”則殺君為夫人秦嬴。《六國表》記此事又誤前四年。
前419,419,周威烈王七年（西元前四一九年）,4,秦、齊、楚、韓、趙、魏、晉,,,秦靈公六年，晉幽公十五年，魏文侯二十七年，韓武子六年，趙獻子五年，齊宣公三十七年，楚簡王十三年。 [魏文侯]六年(當作二十七年)城少梁。(《魏世家》，《六國表》同) [秦]靈公六年晉城少梁，秦擊之。（《秦本紀》） 案：《秦本紀》所謂晉，即指魏。《六國表》記秦靈公七年“與魏戰少梁”。蓋戰爭連續二年。
前418,418,周威烈王八年（西元前四一八年）,2,秦、齊、楚、韓、趙、魏、晉,,,秦靈公七年，晉幽公十六年，魏文侯二十八年，韓武子七年，趙獻子六年，齊宣公三十八年，楚簡王十四年。 秦靈公七年與魏戰少梁。（《六國表》）
前417,417,周威烈王九年（西元前四一七年）,5,秦、齊、楚、韓、趙、魏、晉,,取,秦靈公八年，晉幽公十七年，魏文侯二十九年，韓武子八年，趙獻子七年，齊宣公三十九年，楚簡王十五年。 秦靈公八年城塹河瀕。初以君主妻河。（《六國表·索隱》雲：“謂初以此年取他女為君主，君主猶公主也。妻河，謂嫁之河伯，故魏俗猶為河伯娶婦，蓋其遺風，殊異其事，故雲初”） 案：《秦本紀》與《六國表》載厲共公十六年“塹河旁”。此年又“城塹河瀕”，皆于黃河旁邊興建防禦之城牆，即利用河堤加工擴建之防禦工事，目的在於防止魏之進擊。 又案：是年“初以君主妻河”。蓋秦於是年推行此間原有部族所流行“河伯娶婦”之習俗。《趙世家》載霍泰山山神之朱書，謂將賜趙林胡之地，奄有河宗，至於休、溷諸貉。《正義》雲：“《穆天子傳》雲：‘河宗之子孫鄘栢絮’，按蓋在龍門、河之上流，嵐、勝二州之地也。”蓋龍門以上、黃河上游有部族河宗氏，以河伯為其始祖而崇拜。河伯娶婦之俗，疑即河宗氏之巫術信仰，世界各地沿河流部族皆有此風俗。 魏文侯八年（當作二十九年）複城少梁。（《六國表》）
前416,416,周威烈王十年（西元前四一六年）,13,秦、齊、楚、韓、趙、魏、晉、周、魯,,卒、立、取、殺,秦靈公九年，晉幽公十八年，魏文侯三十年，韓武子九年，趙獻子八年，齊宣公四十年，楚簡王十六年。 [晉幽公]十八年幽公淫婦人，夜竊出邑中，盜殺幽公。魏文侯以兵誅晉亂，立幽公子止，是為烈公。（《晉世家》） [晉]幽公生烈成公止。（《晉世家·索隱》引《世本》） 〔晉幽公]夫人秦嬴賊公于高寢之上。（《晉世家·索隱》在幽公十八年下引《紀年》 案：《太平御覽》八七六引《史記》雲：“幽公十二年，無雲而雷，至十八年，晉夫人秦嬴賊君于高寢。”《六國表》于魏文侯五年即周威烈王六年記“魏誅晉幽公，立其弟止”。與此不同。蓋誤前四年。 魯元公二十一年卒，子顯立，是為穆公。（《魯世家》） 案：《索隱》雲：“《世本》顯作不衍。”《六國表》系魯穆西元年在周威烈王十九年，蓋誤後八年。 魯繆公之時，公儀子為政，子柳、子思為臣，魯之削也滋甚。（《孟子·告子下》淳於髡謂孟子，《說苑·雜言》第八章作“子思、子庚為臣”） 公儀休相魯而嗜魚，一國盡爭買魚而獻之，公儀子不受《淮南子·道應訓》作“一國獻魚，公儀子弗受”，《韓詩外傳》卷三第二十一章作“一國人獻魚而不受”。其弟子諫曰(“子”字原脫，據《淮南子》增補)：“夫子嗜魚而不受何也？……
前415,415,周威烈王十一年（西元前四一五年）,41,秦、齊、楚、燕、韓、趙、魏、晉、周、魯、越、吳、衛、宋、鄭、中山、代,孔子、智伯,伐、攻、圍、救、卒、立、滅、取、盟、殺、奔,秦靈公十年，晉烈西元年，魏文侯三十一年，韓武子十年，趙獻子九年，齊宣公四十一年，楚簡王十七年。 晉烈西元年韓武子都平陽。（《水經·汾水注》引《紀年》） 案：《韓世家》謂韓宣子之子貞子“徙居平陽”。《索隱》雲：“《世本》作平子，名須，宣子子也。”《索隱》又引《世本》雲：“景子居平陽。”景子即景侯，乃武子之子。平陽在今山西臨汾市西南，《呂氏春秋·任數》高誘注又雲：“貞子居平陽”，“武子都宜陽。”疑宜陽為是。 晉烈西元年趙獻子城泫氏。（《水經·沁水注》引《紀年》，《太平寰宇記》四十四澤州高平縣下所引《紀年》同） 案：《路史·國名記己》雲：“《紀年》梁惠王九年晉取泫氏，即《汲書》趙獻子城泫氏者。”《太平寰宇記》四十四、《太平御覽》一百六十三引《紀年》雲：“梁惠成王九年晉取泫氏”，陳逢衡、雷學淇皆謂“九”上脫十字。朱右曾謂“晉即魏也”。 秦靈公十年補龐，城籍姑。靈公卒，立其季父悼子，是謂簡公。（《六國表》） [秦靈公]十三年城籍姑，靈公卒，子獻公不得立，立靈公季父悼子，是為簡公。簡公，昭子之弟而懷公子也。（《秦本紀》）[秦]肅靈公，昭子子也，居涇陽，享國十年，葬悼公西。生簡公。簡公從晉來。（《秦……
前414,414,周威烈王十二年（西元前四一四年）,5,秦、齊、楚、燕、韓、趙、魏、晉、周、越、鄭、中山,句踐、趙武靈王,伐、卒、立、稱王、滅、取、殺,秦簡西元年，晉烈公二年，魏文侯三十二年，韓武子十一年，趙獻子十年，齊宣公四十二年，楚簡王十八年，燕簡西元年。 於粵子朱句三十四年滅滕。（《越世家·索隱》引《紀年》） 案：《越世家·索隱》引《紀年》，謂“晉出公十年十一月於粵子句踐卒”，“次鹿郢立，六年卒”，“不壽立，十年見殺”，“次朱句立”，“朱句三十四年滅滕，三十五年滅鄭”。而《水經·沂水注》引《紀年》雲：“晉烈公四年，越子朱句滅鄭，以鄭子鴣歸。”今本《竹書紀年》系越滅滕、滅鄭在周威烈王十一年、十二年。朱右曾《汲塚紀年存真》與王國維《古本竹書紀年輯校》列滅滕、滅鄭于晉幽公十四年、十五年，雷學淇《考訂竹書紀年》則列于晉烈公二年、三年，並謂《水經注》引《紀年》雲烈公四年越滅鄭，“蓋古文三、四，皆積畫成字，故誤三為三也。”今案：當以雷說為是。《紀年》謂句踐卒于晉出公十年十一月，《紀年》用夏正，于周正已是次年正月，此後鹿郢在位六年卒，不壽十年見殺，朱句三十四年滅滕，三十五年滅鄭，正當晉烈公二年、三年，即周威烈王之十二年、十三年。陳夢家《六國紀年》以《路史》所引推證，雲：“《路史·後紀七》注雲：‘威烈八年越滅鄭’，《國名紀甲》雲：‘《紀年》越王……
前413,413,周威烈王十三年（西元前四一三年）,15,秦、齊、楚、燕、韓、趙、魏、晉、越、吳、鄭、中山,,伐、攻、圍、立、滅、拔,秦簡公二年，晉烈公三年，魏文侯三十三年，韓武子十二年，趙獻子十一年，齊宣公四十三年，楚簡王十九年，燕簡公二年。 晉烈公四年，越子朱句滅郯，以郯子鴣歸。（《水經·沂水注》引《紀年》） [於粵子朱句]三十五年滅郯。（《越世家·索隱》引《紀年》） 案：《通鑒外紀》亦雲：“晉烈公四年越滅鄭”，雷學淇《考訂竹書紀年》系於烈公三年雲：“蓋古文三、四皆積畫成字，故三誤為三也”。其後鄭亦曾複國。《楚世家》頃襄王十八年弋射者雲：“騶、費、鄭、邳者羅鸞也。” 晉烈公三年楚人伐我南鄙，至於上洛。（《水經·丹水注》引《紀年》，《太平寰宇記》一四一商州上洛縣與《輿地廣記》一四商州上洛縣引《紀年》同。《路史·國名紀己》引《紀年》亦同） 田莊子相齊宣公。宣公四十三年伐晉，毀黃城，圍陽狐。（《田世家》，《六國表》亦雲：“齊宣公四十三年伐晉，毀黃城，圍陽狐。”） 案：魏有兩黃城，其一在今河南內黃西，另一在今山東冠縣南。是年齊伐晉所毀之黃城乃後者。 秦簡公二年與晉戰，敗鄭下。（《六國表》） 【附編】 魏文侯見段幹木，立倦而不敢息，反見翟黃（《說苑·尊賢》第二十四章“反”作“及”），踞於堂而與之言，翟黃不說。文侯曰：“段幹……
前412,412,周威烈王十四年（西元前四一二年）,4,秦、齊、楚、燕、韓、趙、魏、晉、魯、宋、鄭,楚懷王,伐、攻、圍、救、會、殺,秦簡公三年，晉烈公四年，魏文侯三十四年，韓武子十三年，趙獻子十二年，齊宣公四十四年，楚簡王二十年，燕簡公三年。 魏文侯十三年（當作三十四年）公子擊圍繁龐，出其民。（《六國表》，《魏世家》作“使子擊圍繁龐，出其民”） 齊宣公四十四年伐魯、莒及安陽。（《六國表》，《田世家》作“伐魯、葛及安陵”。） 案：《田世家·索隱》引《括地志》以為魯城在許昌縣南四十裡，長葛在許州長葛縣北十三裡，即鄭之葛邑；鄢陵在許州西北十五裡，六國時為安陵。此說不確。齊不能攻伐至許昌、長葛、鄢陵等地，當以《六國表》記載為是。此後安陽成為齊重要之商業城市，鑄有安陽刀幣，與臨淄之齊刀、節墨刀，同為齊國主要流通之貨幣。安陽當在齊之東邊。《項羽本紀》載：秦將章邯大破項梁于定陶，項梁死，章邯進圍趙于钜鹿，項羽、呂臣引兵東退至彭城一帶，楚懷王至彭城，命宋義為上將軍而救趙。宋義率大軍行至安陽，留四十六日不進，並遣其子宋襄相齊，送之至無鹽，飲酒高會而歸。項羽言欲疾引兵渡河救趙钜鹿，宋義不許，因殺宋義而使人報命懷王，懷王因使項羽為上將軍。項羽乃持三日糧，引兵渡河，破釜沉舟，燒廬舍，以與秦兵決戰。九戰，絕秦軍甬道而大破之。此安陽當即齊之安……
前411,411,周威烈王十五年（西元前四一一年）,17,秦、齊、楚、燕、韓、趙、魏、晉、周、魯、越、代,,伐、攻、卒、立、滅、取、殺,秦簡公四年，晉烈公五年，魏文侯三十五年，韓武子十四年，趙獻子十三年，齊宣公四十五年，楚簡王二十一年，燕簡公四年。 趙獻侯十三年城平邑。（《六國表》，《趙世家》同） 晉烈公四年趙城平邑。（《水經·河水注》、《初學記》八、《太平寰宇記》五十四魏州南樂縣下引《紀年》） 案：《水經·漂水注》記漯水又徑平邑縣故城南，亦雲：“趙獻侯十三年城平邑。”趙獻侯十三年已是晉烈公五年，《史記》與《紀年》之記載有一年之差，所以有一年之差，或因獻侯殺桓公之子而複立，於立年改元。因而趙獻侯十三年按常例實為十二年。陳夢家《六國紀年》據今本《竹書紀年》記在周威烈王八年，因而推定為晉烈公二年，非是。 [於粵子朱句]三十七年朱句卒。（《越世家·索隱》引《紀年》，《路史·後紀》十三引《紀年》同） 案：雷學淇《考訂竹書紀年》系此于晉烈公五年，據《越世家·索隱》所引《紀年》推算，是也。 [越]王翁卒，子王翳立。（《越世家》） 案：王翁即朱句。《路史·後紀》十三引《紀年》，雜采《越世家》名諡，雲：“朱句立，是為王翁，三十七年卒，王翳立。”上海博物館所藏越王大子矛銘有“王弋郾”，當即王翳。[齊宣公四十五年]取魯之一城，莊子卒。（《……
前409,409,周威烈王十七年（西元前四〇九年）,13,秦、齊、楚、燕、韓、趙、魏、晉、周、鄭,,伐、卒、立、取,秦簡公六年，晉烈公七年，魏文侯三十七年，韓武子十六年，趙獻子十五年，齊宣公四十七年，楚簡王二十三年，燕簡公六年。 [趙獻侯]十五年獻侯卒，子列侯籍立。（《趙世家》） [韓武子]十六年武子卒，子景侯立。（《韓世家》，“景侯”下當脫“虔”字，下文稱“景侯虔元年”，“虔”字疑錯脫於此） 《紀年》及《世本》皆作景子，名處。（《韓世家·索隱》，“處”疑“敲”字之誤。) 案：各本《史記》皆作“名處”，惟明淩稚隆本、清殿本改作“虔”。《韓世家·索隱》記此以表《紀年》及《世本》作“處”之異，若同為“虔”字，《索隱》不應記此。陳夢家《六國紀年》雲：《紀年》晉烈公十一年韓景子與趙、魏伐齊入長城，亦見周威烈王二十二年之屈羌鐘，鐘銘曰：“厥辟韓宗敭”，即景子虔也。其字從鬲從攴，即獻字之省，陳侯午敦“獻（獻）”從鼎從犬，亦省虎頭。金文假獻為甗，甗者上為甑、下為鬲，而鬲實為主體。古音獻、虔音近，故知銅器之韓宗即紀年之景子矣。”馬承源《商周青銅器銘文選》又雲：“敭”為徽之古文，《說文》部：“徽，通也，從彳從攴從育。徽古文徽。何尊之敭命即徽命，即達命之意。徽、虔古韻月、元對轉，音近字假借。”總之，景子名敭，與虔音近通……
前408,408,周威烈王十八年（西元前四〇八年）,26,秦、齊、楚、燕、韓、趙、魏、晉、魯、越、吳、宋、鄭、中山,樂毅、趙襄子,伐、攻、圍、卒、立、滅、取、拔、會、殺,秦簡公七年，晉烈公八年，魏文侯三十八年，韓景侯元年，趙烈侯元年，齊宣公四十八年，楚簡王二十四年，燕簡公七年。 秦簡公七年塹洛，城重泉。（《六國表》） [魏文侯]十七年(當作三十八年)西攻秦，至鄭而還，築雒陰、合陽。（《魏世家》，《六國表》作“伐秦至鄭，還築洛陽、合陽”。《集解》徐廣曰：“一雲置合陽”） 案：魏于上年與此年連續伐秦，先後攻取臨晉（今陝西大荔縣東南）、元裡（今陝西澄城縣南）、洛陽（今大荔縣西南）、郃陽（今陝西合陽縣東南）等地，並築城，並曾長驅直入至鄭（今陝西華縣）。於是秦之河西地區全為魏所佔有，秦乃退守洛水（在今陝西北部），沿洛水修建防禦工事，即謂“塹洛”，並在重泉築城防守。重泉在今陝西蒲城縣東南，東靠洛水。 吳起於是聞魏文侯賢，欲事之，文侯問李克曰：“吳起何如人哉？”李克曰：“起貪而好色，然用兵司馬穰苴不能過也。”於是魏文侯以為將，擊秦，拔五城。（《吳起列傳》） 案：陳逢衡《竹書紀年集證》謂“吳起為將擊秦拔五城，即此時”。錢穆《吳起為魏將拔秦五城考》證之曰：“考《韓非子·外儲說左上》，吳起攻中山，軍人有病疽者，起自吮其膾。”《說苑·複恩》雲：“吳起攻中山，為卒吮膿。其母泣……
前407,407,周威烈王十九年（西元前四〇七年）,76,秦、齊、楚、燕、韓、趙、魏、晉、周、魯、越、吳、衛、宋、鄭、中山、蔡、代,張儀、樂毅、商鞅、趙武靈王、魏惠王,伐、攻、圍、救、卒、立、即位、變法、滅、取、拔、盟、聘、會、遷、殺,秦簡公八年，晉烈公九年，魏文侯三十九年，韓景侯二年，趙烈侯二年，齊宣公四十九年，楚聲王元年，燕簡公八年。 [齊宣公四十九年]宣公與鄭人會西城。伐衛，取毌丘（《田世家》，《六國表》同。惟“毋丘”作“毋”） [鄭縉公]十六年鄭伐韓，敗韓兵於負黍。（《鄭世家》，《韓世家》：景侯二年“鄭敗我負黍”。《六國表》同） 樂羊為魏將而攻中山，其子在中山，中山之君烹其子而遺之羹。樂羊坐於幕下而啜之，盡一杯。文侯謂堵師贊曰：“樂羊以我故而食其子之肉。”答曰：“其子而食之，且誰不食。”樂羊罷中山，文侯賞其功而疑其心。（《韓非子·說林上》，《魏策一》第三章同，“堵師贊”作“睹師贊”。《淮南子·人間訓》《說苑·貴德》第二十八章、《中山策》第九章略同） 案：《淮南子·人間訓》雲：“魏將樂羊攻中山，其子執在城中，城中懸其子以示樂羊。樂羊曰：君臣之義不得以子為私。攻之愈急，中山因烹其子而遺之鼎簋與其首。樂羊循而泣之曰：是吾子。已為使者跪而啜三杯。使者歸報中山曰：是伏約死節者也，不可忍也。遂降之，為魏文侯大開地有功。”《說苑·貴德》第二十八章亦雲：“中山見其誠也，不忍與其戰，果下之。遂為文侯開地。文侯賞其功而疑其心。”……
前403,403,周威烈王二十三年（西元前四〇三年）,20,秦、齊、楚、燕、韓、趙、魏、晉、周、越、鄭、中山、代,,伐、攻、立、取、拔、盟、會,秦簡公十二年，晉烈公十三年，魏文侯四十三年，韓景侯六年，趙烈侯六年，齊康公二年，楚聲王五年，燕簡公十二年。[周]威烈王二十三年九鼎震，命韓、趙、魏為諸侯。（《周本紀》，《六國表》同） 〔魏文侯〕二十二年魏、趙、韓列為諸侯。（《魏世家》） [韓景侯]六年與趙、魏俱得列為諸侯。（《韓世家》） [趙烈侯]六年魏、韓、趙皆相立為諸侯，追尊獻子為獻侯。（《趙世家》） [燕]簡公立十三年而三晉命邑為諸侯。（《燕世家·索隱》引《紀年》） 案：《齊世家》稱“康公二年韓、魏、趙始列為諸侯”。《六國表》雲：“楚聲王五年魏文侯、韓武子、趙桓子始列為諸侯”。《鄭世家》言：“繕公二十年韓、趙、魏列為諸侯。”皆與《周本紀》及三晉世家相合。惟《晉世家》稱：“烈公十九年周威烈王賜趙、韓、魏皆命為諸侯”，則誤後六年。據《燕世家·索隱》所引《紀年》推算，燕簡公十二年當周威烈王二十三年，《紀年》謂“燕簡公立十三年而三晉命邑為諸侯”，亦與《史記》相合。 又案：此年王命三晉列為諸侯，實為上年三晉伐齊入長城，迫使齊侯會同三晉之君前往朝見周威烈王而所得之結果。《水經·汶水注》引《紀年》雲：“晉烈公十二年王命韓景子、趙烈子、翟員伐齊……
前402,402,周威烈王二十四年（西元前四〇二年）,11,秦、齊、楚、燕、韓、趙、魏、周、宋,,攻、圍、立、殺,秦簡公十三年，魏文侯四十四年，韓景侯七年，趙烈侯七年，齊康公三年，楚聲王六年，燕簡公十三年。 [周威烈王]二十四年崩，子安王驕立。是歲盜殺楚聲王。（《周本紀》） 周元安王驄。（《漢書·古今人表》注雲：“威烈王子”） 威烈王崩，子猶立，是為元安王。（《太平御覽》八十五引《帝王世紀》） 案：安王有元、安兩諡。梁玉繩《古今人表考》雲：“驕疑驍之誤。”餘謂“躭”亦“驍”之誤。《周本紀·集解》引宋衷曰：“威烈王葬洛陽城中東北隅也。” [楚]聲王六年盜殺聲王，子悼王熊疑立。（《楚世家》） 楚悼王類。（《六國表》） 案：《楚世家》謂悼王名疑，而《六國表》謂名類，“疑”、“類”二字形近，“疑”或“類”之誤。《資治通鑒》作“盜殺楚聲王，國人立其子悼王”。 【附編】 聲王圍宋十月，楚三圍宋矣而不能亡。（《呂氏春秋·慎勢》） 案：楚聲王圍攻宋都，不見其他記載，不知在何年，今附編於此。
前401,401,周安王元年（西元前四0一年）,4,秦、齊、楚、燕、韓、趙、魏、越,,伐、攻,秦簡公十四年，魏文侯四十五年，韓景侯八年，趙烈侯八年，齊康公四年，楚悼王元年，燕簡公十四年。 秦簡公十四年伐魏至陽狐。（《六國表》） [魏文侯]二十四年(當作四十五年)秦伐我至陽狐。(《魏世家》，《六國表》同) 案：《資治通鑒》“陽狐”作“陽孤”。《魏世家·正義》引《括地志》曰：“陽狐郭在魏州元城縣東北三十裡。”《資治通鑒》胡三省注：“此時西河之外皆為魏地，若秦兵至元城，則是越魏都安邑而東矣。《水經注》：河東垣縣有陽壺城，《九域志》：絳州有陽壺城。識之以廣異聞，以俟知者。”陽狐地望不詳，此時秦亦不能攻至河東。
前400,400,周安王二年（西元前四00年）,22,秦、齊、楚、燕、韓、趙、魏、晉、周、鄭、中山、蔡、代,魏惠王,伐、攻、圍、卒、立、即位、稱王、滅、取、遷、奔,秦簡公十五年，魏文侯四十六年，韓景侯九年，趙烈侯九年，齊康公五年，楚悼王二年，燕簡公十五年。 [魏文侯]二十五年子擊生子萇。（《魏世家》，《六國表》作“太子萇生”） 案：閻若璩《孟子生卒年月考》雲：“《六國表》《魏世家》並雲子蔤生於文侯二十五年辛巳，三十八年文侯卒，武侯立，凡十六年而後惠王立。是年已三十。若如《紀年》，文侯五十年卒，武侯二十六年卒，以生辛巳計之，惠王元年已五十三，立三十六年已八十八，更以襄王十六年為改元後之年，不一百四歲乎？《紀年》不可信如此。”其說殊非。徐文靖《紀年統箋》據今本《紀年》駁之，謂惠王共九十四歲，亦無當。而錢穆《先秦諸子系年》，論之曰：“《紀年》與《史記》抵牾，閻氏以《史記》說繩《紀年》，宜其不可通也。余考魏滅中山，在文侯四十一年，其時子擊尚年少。故文侯見中山使者趙倉唐而曰中山君長短若何也？疑《史記》書二十五年子擊生子蒆者，是年實子擊生。史公既博采雜說，誤謂伐中山在十七年，而子擊之生轉在其後，顯屬舛乖，故乃謂子擊又生子蒆也。其實擊生於文侯二十五年，至四十一年滅中山，擊年十七，始守中山，後三年倉唐為使，則擊年二十左右，其少子當十五六以下，正舐犢愛厚時矣。…………
前398,398,周安王四年（西元前三九八年）,11,秦、齊、楚、燕、韓、趙、魏、周、魯、鄭,,伐、圍、卒、殺,秦惠公二年，魏文侯四十八年，韓烈侯二年，趙烈侯十一年，齊康公七年，楚悼王四年，燕簡公十七年。 楚悼王四年敗鄭師，圍鄭。鄭人殺子陽。（《六國表》） 案：《楚世家》雲是年“楚伐周，鄭殺子陽”。“周”乃“鄭”之誤。 [鄭縉公]二十五年，鄭殺其相駟子陽。（《六國表》，《鄭世家》作“鄭”君殺其相子陽） 鄭子陽之難，猘狗潰之；齊高國之難，失牛潰之；眾因之以殺子陽、高國。（《呂氏春秋·首時》） 子陽極也好嚴，有過而折弓者恐必死，遂應猘狗而弑子陽。（《呂氏春秋·適威》） 鄭子陽剛毅而好罰。其於罰也，執而無舍。舍人有折弓者，畏罪而恐誅，則因猘狗之驚以殺子陽。此剛猛之所致也。（《淮南子·氾論訓》） 子陽以猛劫。（《淮南子·繆稱訓》，高誘注“尚刑而劫死”） 若夫周滑之、鄭王孫申……皆思小利而忘法義，進則掩蔽賢良以陰暗其主，退則撓亂百官而為禍難。皆輔其君，共其欲，苟得一說於主，雖破國殺眾，不難為也。……有臣如此者，皆身死國亡，為天下笑。故周威公身殺，國分為二；鄭子陽身殺，國分為三。……故曰諂諛之臣，唯聖王知之，而亂主近之，故至身死國亡。（《韓非子·說疑》） 子列子窮，容貌有饑色，客有言之于鄭子陽者曰：“列禦寇……
前397,397,周安王五年（西元前三九七年）,17,秦、齊、楚、燕、韓、趙、魏、周、吳、衛、鄭、代,,救、卒、立、即位、滅、取、拔、會、殺,秦惠公三年，魏文侯四十九年，韓烈侯三年，趙烈侯十二年，齊康公八年，楚悼王五年，燕簡公十八年。 [韓]烈侯三年聶政殺韓相俠累。（《韓世家》） 韓烈侯三年三月盜殺韓相俠累。（《六國表》） 韓傀相韓，嚴遂重於君，二人相害也。嚴遂政議直指，舉韓傀之過，韓傀以之叱之於朝（《史記·刺客列傳·索隱》，《太平御覽》四七三所引無“以之”二字）。嚴遂遂拔劍趨之，以救解，於是嚴遂懼誅，亡去遊，求人可以報韓傀者。至齊，齊人或言軹深井裡聶政勇敢士也，避仇隱于屠者之間（《太平御覽》所引“者”作“肆”）。嚴遂陰交于聶政，以意厚之。聶政問曰（鮑本“問”下有“之”字)：“子欲安用我乎？”嚴遂曰：“吾得為役之日淺，事今薄，奚敢有請？”於是嚴遂乃具酒，觴聶政母前（鮑本“觴”上有“自”字，《史記》“自觴”作“自暢”，《集解》徐廣曰：“一作賜”，《索隱》雲：“《戰國策》作觴，近為得也”）。仲子奉黃金百鎰，前為聶政母壽（《索隱》引高誘曰：“嚴遂字仲子。”今本無）。聶政驚，愈怪其厚，固謝嚴仲子（鮑本“固”作“因”，《史記》亦作“固”），仲子固進，而聶政謝曰：“臣有老母家貧，客游以為狗屠，可旦夕得甘脆以養親，親供養備，義不敢當仲子之……
前396,396,周安王六年（西元前三九六年）,20,秦、齊、楚、燕、韓、趙、魏、晉、周、吳、宋、鄭,魏惠王,伐、卒、立、即位、徙都、滅、取、遷、殺、奔,秦惠公四年，魏文侯五十年，韓烈侯四年，趙烈侯十三年，齊康公九年，楚悼王六年，燕簡公十九年。 〔魏文侯〕五十年卒。（《魏世家·索隱》引《紀年》） [魏]文侯卒，子擊立，是為武侯。（《魏世家》） 案：《魏世家·索隱》引《紀年》雲：“魏文侯五十年卒，魏武侯二十六年卒。”雷學淇《竹書紀年義證》、王國維《古本竹書紀年輯校》、錢穆《先秦諸子系年》俱據《史記》武侯卒年，就《紀年》以上推文侯武侯之年。因定文侯元年在周定王二十三年，武侯元年在周安王六年，以為《史記》既誤以文侯稱侯之元為始立之元，誤後二十二年；又下割武侯十年為文侯之年，故《史記》以文侯三十八年、武侯十六年。其說似矣，然猶未審。吾人苟據雷氏、錢氏之推移，以《史記》與《紀年》比勘其史事，猶不能密合無間。雷氏、錢氏於此，雖有辯說，亦未能盡當。《魏世家·索隱》引《紀年》：“魏武侯元年當趙烈侯之十四年。”趙烈侯元在周威烈王十八年，其十四年當周安王七年，而錢穆以《史記》武侯之年移前十年，當周安王六年，則猶差一年也。《魏世家》雲：“武侯二年城安邑王垣。《索隱》引《紀年》雲：“武侯十一年，城洛陽及安邑王垣。”如錢說，《史記》武侯之年誤後十年，則《魏世家》……
前395,395,周安王七年（西元前三九五年）,5,秦、齊、楚、燕、韓、趙、魏,,伐、立、滅、賂,秦惠公五年，魏武侯元年，韓烈侯五年，趙烈侯十四年，齊康公十年，楚悼王七年，燕簡公二十年。 秦惠公五年伐諸繇。（《六國表》） 案：諸繇當是緜諸之誤。《六國表》載秦厲共公六年，“義渠來賂，繇諸乞援”。“繇諸”乃“緜諸”之誤。《六國表》又載厲共公二十年“公將師與緜諸戰”。此年又伐緜諸。緜諸乃西戎之一支，在今甘肅天水縣，漢置緜諸道，屬天水郡，此後即不見有緜諸之記載。當為秦滅亡於此時。 [魏]武侯元年封公子緩。（《魏世家·索隱》引《紀年》） 案：公子緩即公仲緩，武侯之子，惠王之弟，即武侯死後與惠王爭立者。應劭謂魏武侯公子元食邑於元城。“元”“緩”音近，疑即一人。
前394,394,周安王八年（西元前三九四年）,6,秦、齊、楚、燕、韓、趙、魏、晉、魯、越、鄭,,伐、救、立、滅、取,秦惠公六年，魏武侯二年，韓烈侯六年，趙烈侯十五年，齊康公十一年，楚悼王八年，燕簡公二十一年。 齊康公十一年伐魯取最。（《六國表》，《田世家·集解》引徐廣說同） 韓烈侯六年救魯，鄭負黍反。（《六國表》） 鄭君乙立二年，鄭負黍反，複歸韓。（《鄭世家》） 晉烈公二十二年國大風，晝昏，自旦至中。（《太平御覽》八百七十九引《史記》）案：《韓世家·集解》徐廣曰：“六年救魯也。”蓋齊伐魯而韓救之。 魯穆公使眾公子或宦于晉，或宦于荊。犁鉬（一作黎且）曰：“假人於越而救溺子，越人雖善遊，子必不生矣。失火而取水於海，海水雖多，火必不滅矣，遠水不救近火也。今晉與荊雖強，而齊近，魯患其不救乎？”(《韓非子·說林上》)
前393,393,周安王九年（西元前三九三年）,5,秦、齊、楚、燕、韓、趙、魏、晉、鄭,,伐、取、奔,秦惠公七年，魏武侯三年，韓烈侯七年，趙烈侯十六年，齊康公十二年，楚悼王九年，燕簡公二十二年。 [魏文侯]三十二年(當作魏武侯三年)伐鄭，城酸棗。敗秦於注。（《魏世家》，“注”當為“汪”之誤） 案：《集解》引司馬彪曰：“河南梁縣有注城也。”《正義》引《括地志》雲：“注城在汝州梁縣西十五裡。”注城非秦地，“注”當是“汪”字之誤。《左傳》文公二年晉伐秦，“取汪及彭衙而還”。《晉世家》雲：“秦果使孟明伐晉，報殽之敗，取晉汪以歸。”《索隱》雲：“又其年冬，晉先且居等伐秦，取汪、彭衙而還，則汪是秦邑，止可晉伐秦取之，豈得秦伐晉而取汪也。”又雲：“彭衙在郃陽北，汪不知所在。”《讀史方輿紀要》謂同州白水縣有汪城，一曰汪在澄城縣境。 楚悼王九年伐韓取負黍。（《六國表》，《楚世家》同） [晉烈公二十三年]太子喜出奔。(《太平御覽》八百七十九引《史記》)
前392,392,周安王十年（西元前三九二年）,3,秦、齊、楚、燕、韓、趙、魏,,卒、立、遷,秦惠公八年，魏武侯四年，韓烈侯八年，趙烈侯十七年，齊康公十三年，楚悼王十年，燕簡公二十三年。昔者齊康公興樂萬，萬人不可以衣短褐，不可食糠糟，曰：“飲食不美，面目顏色，不足視也，衣服不美，身體從容，醜羸不足觀也，是以食必粱肉，衣必文繡。”(《墨子·非樂上》) [齊康公]貸立十四年，淫於酒、婦人，不聽政。太公乃遷康公於海上，食一城，以奉其先祀。（《田世家》） 案：萬為舞名，“萬人”謂萬舞之人。孫詒讓《墨子間詁》雲：“康公衰弱，屬於田氏，卒為所遷廢，恐未必能興樂如此之盛。”
前391,391,周安王十一年（西元前三九一年）,5,秦、齊、楚、燕、韓、趙、魏、晉、周、鄭,商鞅、魏惠王,伐、攻、救、變法、滅、取、會、賂、遷,秦惠公九年，魏武侯五年，韓烈侯九年，趙烈侯十八年，齊康公十四年，楚悼王十一年，燕簡公二十四年。 秦惠公九年伐韓宜陽，取六邑。（《六國表》，《韓世家》同） 案：《資治通鑒》胡三省注：“此邑即《周禮》四井為邑之邑。”六邑乃宜陽附近之六個較大村落。商鞅在秦變法時，曾合鄉、邑、聚為縣。聚為小村落，邑乃較大村落。 [楚悼王]十一年三晉伐楚，敗我大樑、榆關。楚厚賂秦，與之平。（《楚世家》） 案：《史記會注考證》引《正義》佚文雲：“《年表》雲：悼王三年歸榆關於鄭。按榆關當鄭之南，大樑之西也。榆關在大樑之境。此時屬楚，故雲敗我大樑榆關也。”（見南化、楓、梅、贄異本）此說甚是。呂祖謙《大事記》雲：“大樑魏地，不知楚追三晉之師至於是歟？或者楚伐魏而韓、趙救之，《世家》誤以為三晉伐楚歟？”此說不確。榆關在大樑之西南，介於今新鄭與開封之間，原為鄭地，為楚所攻佔。楚悼王三年楚曾一度以榆關歸還于鄭，但不久仍為楚佔有。榆關為出入中原之重要門戶，因而成為三晉與楚爭奪之地。此年三晉合兵敗楚于大樑、榆關，從此大樑為魏所佔有，但榆關仍為楚所有。魏惠王欲遷都大樑，榆關勢在必得，《魏策四》第二章載有人謂魏王曰：“鄭恃魏以輕韓，……
前390,390,周安王十二年（西元前三九0年）,11,秦、齊、楚、燕、韓、趙、魏、晉、周、魯、吳、鄭,魏惠王,伐、攻、取、奔,秦惠公十年，魏武侯六年，韓烈侯十年，趙烈侯十九年，齊康公十五年，楚悼王十二年，燕簡公二十五年。 秦惠公十年與晉戰武城。縣陝。（《六國表》） 案：《魏世家·正義》引《括地志》雲：“故武城一名武平城，在華州鄭縣東十三裡。”在今陝西華縣東。陝在今河南三門峽市西，正當函谷關之東北，秦此時在陝設縣，圖謀向中原擴展。 [魏文侯]三十五年(當作魏武侯六年)齊伐取我襄陵。(《魏世家》，《六國表》同) 齊康公十五年魯敗我平陸。（《六國表》，《田世家》作“魯敗齊平陸”） 吳起治西河之外，王錯譖之魏武侯，武侯使人召之。吳起至於岸門，止車而休，望西河（《呂氏春秋·長見》無“休”字），泣數行而下。其僕謂之曰：“竊觀公之志（《長見》“志”作“意”），視舍天下若舍屣（《長見》作“視釋天下若釋跼”），今去西河而泣何也？”吳起雪泣而應之曰（《長見》“雪”作“抿”)：“子弗識也。君誠知我而使我畢能，秦必可亡，而西河可以王（《長見》無“秦必可亡而”五字，疑有脫誤）。今君聽讒人之議而不知我，西河之為秦也不久矣（《長見》“秦”下有“取”字），魏從此削矣。”吳起果去魏入荊，而西河畢入秦（《長見》“而”作“有間”），魏日以削，秦日……
前389,389,周安王十三年（西元前三八九年）,23,秦、齊、楚、燕、韓、趙、魏、晉、周、魯、越、吳、衛、蔡,,攻、卒、立、滅、取、會、遷、殺,秦惠公十一年，魏武侯七年，韓烈侯十一年，趙烈侯二十年，齊康公十六年，楚悼王十三年，燕簡公二十六年。 [魏文侯]三十六年(當作魏武侯七年)秦侵我陰晉。(《魏世家》，《六國表》作“秦侵陰晉”) 案：黃式三雲：“《年表》雲：秦侵晉，《通鑒》同。”蓋《六國表》有脫“陰”字而誤作“秦侵晉”之版本，《通鑒》因而同誤。陰晉後來為秦取得後改名華陰，在今陝西華陰縣東南，是時吳起當已去魏入楚矣。 秦惠公十一年太子生。（《六國表》） 齊康公十六年與晉、衛會濁澤。（《六國表》） [齊康公十六年]太公與魏文侯(當作魏武侯)會濁澤，求為諸侯。魏文侯乃使使言周天子及諸侯，請立齊相田和為諸侯，周天子許之。（《田世家》） 周安王十三年齊田和會魏文侯(當作魏武侯)、楚人、衛人於濁澤，求為諸侯，魏文侯為之請于王及諸侯，王許之。（《資治通鑒》） 案：濁澤之會，《資治通鑒》謂有楚人參與，不見《史記》，當別有所據。 [晉烈公]二十七年烈公卒，子孝公質立。（《晉世家》） 案：《索隱》雲：“《世本》雲孝公傾，《紀年》以孝公為桓公，故《韓子》有晉桓侯。”考《晉世家·索隱》雲：“《紀年》雲魏武侯以桓公十九年卒”，又雲：“《紀年》雲桓公二……
前388,388,周安王十四年（西元前三八八年）,2,秦、齊、楚、燕、韓、趙、魏,,,秦惠公十二年，魏武侯八年，韓烈侯十二年，趙烈侯二十一年，齊康公十七年，楚悼王十四年，燕簡公二十七年。 [秦]惠公十二年子出子生。（《秦本紀》，《六國表》作“太子生”，系於十一年，早一年）
前387,387,周安王十五年（西元前三八七年）,17,秦、齊、楚、燕、韓、趙、魏、晉、周、鄭、代,魏惠王,伐、攻、圍、救、卒、立、即位、徙都、取、拔、盟、會、遷、殺、奔,秦惠公十三年，魏武侯九年，韓烈侯十三年，趙烈侯二十二年，齊康公十八年，楚悼王十五年，燕簡公二十八年。 [秦惠公]十三年伐蜀，取南鄭，惠公卒，出子立。（《秦本紀》）秦惠公十三年蜀取我南鄭。（《六國表》） 案：《資治通鑒》作“秦伐蜀，取南鄭”。黃式三《周季編略》作“蜀取秦南鄭，秦伐蜀複取南鄭”。《史記會注考證》雲：“《紀》《表》前此書秦城南鄭及南鄭反矣，則南鄭非蜀土也。程一枝曰：《史·表》蜀取我南鄭，當從《史·表》為是。”南鄭在今陝西漢中市。《六國表》厲共公二十六年左庶長城南鄭，《秦本紀》《六國表》躁公二年南鄭反。是時南鄭既非蜀土，亦非秦地。蓋蜀取南鄭，秦又伐蜀而取南鄭耳。 [秦]惠公享國十三年，葬陵圉，生出公。（《秦始皇本紀》引《秦記》） [趙烈侯]九年烈侯卒，弟武公立，武公十三年卒，趙複立烈侯太子章，是為敬侯。（《趙世家》，《魏世家·索隱》引《世本》亦雲：“敬侯名章。”） 案：趙烈侯、敬侯間，《史記》誤多武公一代，說見前。 趙之先君敬侯，不修德行，而好縱欲，適身體之所安，耳目之所樂，冬日罼弋，夏浮淫，為長夜，數日不廢禦觴。不能飲者，以簡灌其口，進退不肅，應對不恭者斬於前。故居處飲食如此……
前385,385,周安王十七年（西元前三八五年）,38,秦、齊、楚、燕、韓、趙、魏、晉、周、魯、越、吳、衛、宋、鄭、蔡,張儀、商鞅、秦孝公、秦昭王、魏惠王,伐、攻、圍、救、卒、立、即位、徙都、變法、取、會、遷、殺、奔,秦出子二年，魏武侯十一年，韓文侯二年，趙敬侯二年，齊康公二十年，田和二年，楚悼王十七年，燕簡公三十年。 [秦]出子二年庶長改迎靈公之子獻公於河西而立之。殺出子及其母，沈之淵旁。秦以往者數易君，君臣乖亂，故晉複強，奪秦河西地。（《秦本紀》） 秦出公二年庶長改迎靈公太子，立為獻公，誅出公。（《六國表》） [秦]出公享國二年，出公自殺，葬雍。（《秦始皇本紀》引《秦記》） 秦小主夫人用奄變，群賢不說，自匿，百姓郁怨非上。公子連亡在魏，聞之，欲入，因群臣與民，從鄭所之塞，右主然守塞，弗入。曰：“臣有義，不兩主，公子勉去矣。”公子連去，入翟，從焉氏塞，菌改入之。夫人聞之，大駭，令吏與卒，奉命曰：“寇在邊，卒與吏，其始發也，皆曰：“往擊寇。”中道因變曰：“非擊寇也，迎主君也。”公子連因與卒俱來，至雍，圍夫人，夫人自殺。公子連立，是為獻公。怨右主然而將重罪之，德菌改而欲厚賞之。監突爭之曰：“不可！秦公子在外者眾，若此則人臣爭入亡公子矣，此不便主。”獻公以為然，故複右主然之罪，而賜菌改，官大夫，賜守塞者人米二十石。（《呂氏春秋·當賞》） 案：《秦本紀》明言：“庶長改迎靈公之子獻公於河西而立之。”而《正義……
前382,382,周安王二十年（西元前三八二年）,20,秦、齊、楚、燕、韓、趙、魏、晉、周、魯、越、吳、衛、宋、蔡、代,商鞅,伐、攻、圍、救、卒、立、滅、取、拔,秦獻公三年，魏武侯十四年，韓文侯五年，趙敬侯五年，齊康公二十三年，田侯剡三年，楚悼王二十年，燕簡公三十三年。 秦獻公三年日蝕晝晦。（《六國表》） 案：此年西曆七月三日九時十二分日有全食。見朱文鑫《歷代日食考》卷三《戰國及秦日食表》。合當時曆法為八月初一。 [趙敬侯]五年齊、魏為衛攻趙，取我剛平。（《趙世家》） 趙氏襲衛，車不舍，人不休，傅衛國，城剛平，衛八門土而二門墮矣，此亡國之形也。衛君跣行告遡于魏，魏王身被甲砥劍，挑趙索戰，邯鄲之中騖，河、山之間亂。衛得是藉也，亦收餘甲而北面殘剛平，墮中牟之郭。衛非強于趙也，譬之衛矢而魏弦機也，藉力于魏而有河東之地。（《齊策五》第一章，蘇代說齊閔王） 案：“車不舍，人不休，傅衛國，城剛平”，“車”下“不”字原脫，“傅”原誤作“傳”，“剛”原誤作“割”，今從王念孫《讀書雜誌》改正。“傅”乃使士卒緣登城牆而進攻，亦稱為蟻傅或城傅。“傅衛國”，謂趙攻衛都濮陽，採用緣登城牆而圍攻之戰術。故下文雲：“衛八門土而二門墮矣”。“城剛平”，謂趙在剛平築城作為進攻之基地。《秦策四》第十一章或人為六國說秦王曰：“（趙）築剛平，衛無東野，芻牧薪采，莫敢窺東門。當是時衛危……
前380,380,周安王二十二年（西元前三八〇年）,11,秦、齊、楚、燕、韓、趙、魏、晉、周、吳、鄭、代,張儀、齊威王,伐、攻、圍、救、取、拔、奔,秦獻公五年，魏武侯十六年，韓文侯七年，趙敬侯七年，齊康公二十五年，田侯剡五年，楚肅王元年，燕簡公三十五年。 齊康公二十五年伐燕取桑丘。（《六國表》） 桓公午五年……齊因起兵襲燕國，取桑丘。（《田世家》） [趙敬侯]八年(當作七年)拔魏黃城。九年(兩字誤衍)伐齊[至桑丘]。齊伐燕趙救燕。(《趙世家》，“至桑丘”三字，據《田世家·正義》所引補) 趙敬侯七年伐齊至桑丘。（《六國表》） [魏武侯]七年(當作十六年)伐齊至桑丘。(《魏世家》，《六國表》同) [韓文侯]七年伐齊至桑丘。（《韓世家》，《六國表》同） 案：《田世家·正義》雲：“爾時齊伐燕桑丘，魏、趙來救之”，魏、趙《世家》皆雲：“伐齊至桑丘，皆在易州。”今本《趙世家》失載“伐齊至桑丘”。後兩年，《田世家》載“三晉因齊喪來伐我靈丘”。《正義》雲：“靈丘此時屬齊，三晉因喪伐之。韓、魏、趙《世家》雲：伐齊至靈丘，皆是蔚州。”今本《趙世家》于敬侯九年則雲：“伐齊，齊伐燕，趙救燕。”梁玉繩《史記志疑》辨之曰：“趙敬侯七年，齊伐燕取桑丘，三晉救燕，伐齊至桑丘，《六國表》及田完、魏、韓《世家》可證。若敬侯九年，雖有伐齊之事，乃因齊有喪，三晉共伐至靈……
前379,379,周安王二十三年（西元前三七九年）,35,秦、齊、楚、燕、韓、趙、魏、晉、周、越、吳、衛、鄭、中山、代,樂毅、商鞅、齊威王、趙武靈王、魏惠王,伐、攻、救、卒、立、即位、徙都、變法、滅、取、會、遷,秦獻公六年，魏武侯十七年，韓文侯八年，趙敬侯八年，齊康公二十六年，田侯剡六年，楚肅王二年，燕簡公三十六年。 秦獻公六年初縣蒲、藍田、善明氏。（《六國表》） 趙敬侯八年襲衛不克。（《六國表》） [田桓公]六年(當作田侯剡六年)救衛。桓公卒，子威王因齊立。是歲故齊康公卒，絕無後，奉邑皆入田氏。（《田世家》） [齊康公]二十六年康公卒，呂氏遂絕其祀。田氏卒有齊國。（《齊世家》） 案：據《古本竹書紀年》，《史記》在田和與田桓公之間脫漏田侯刻一代，桓公非六年卒，立十九年而卒。《史記》總共短少田侯刻十年，田桓公十二年。田侯刻立于齊康公二十年，是年當為田侯刻六年。周安王二十四年（西元前三七八年） 秦獻公七年，魏武侯十八年，韓文侯九年，趙敬侯九年，田侯剡七年，楚肅王三年，燕簡公三十七年。 [魏武侯]九年(當作十八年)翟敗我於澮。(《魏世家》，《六國表》同) 中山複國。（《樂毅列傳》） [中山]桓公徙靈壽。（《趙世家·索隱》引《世本》） 案：《樂毅列傳》雲：“樂羊為魏文侯將，伐取中山，魏文侯封樂羊以靈壽。樂羊死，葬于靈壽，其後子孫因家焉。中山複國，至趙武靈王時覆滅中山。”不言中山複國在何時。呂祖謙《大事……
前375,375,周烈王元年（西元前三七五年）,16,秦、齊、楚、燕、韓、趙、魏、晉、周、越、吳、鄭、蔡、代,,伐、攻、圍、卒、立、徙都、滅、取、會、遷、殺,秦獻公十年，魏武侯二十一年，韓哀侯二年，趙敬侯十二年，田侯剡十年，楚肅王六年，燕簡公四十年。 魏武侯二十一年韓滅鄭，哀侯入于鄭。（《韓世家·索隱》引《紀年》） 鄭恃魏而不聽韓，魏攻荊而韓滅鄭。（《韓非子·飾邪》） 鄭恃魏以輕韓，伐榆關而韓氏亡鄭。（《魏策四》第二章） 案：《西周策》第十四章宮他謂周君曰：“鄭恃魏而輕韓，魏攻蔡而鄭亡。”金正煒《戰國策補釋》雲：“蔡當為楚……惟哀侯滅鄭，蔡已先並于楚，則言攻蔡，猶攻楚也。”余謂“蔡”當為“荊”字之誤，金氏曲為辨護，非是。是時魏大舉進克楚佔有之榆關，榆關在大樑之西南，魏圖謀遷都大樑，榆關勢在必得。韓即乘魏大舉伐取榆關之際，攻滅鄭國。史文失載是年魏伐取楚榆關之事。 [韓哀侯]二年滅鄭，因徙都鄭。（《韓世家》） [鄭君乙]二十一年韓哀侯滅鄭，並其國。（《鄭世家》，《六國表》作“滅鄭。康公二十年滅無後”） 案：是年韓滅鄭，由翟陽徙都鄭，亦稱新鄭，從此韓亦或稱鄭。新鄭故城遺址，至今保存于河南新鄭縣周圍。新鄭故城東南靠洧水（今名雙洎河），西北靠黃水，位於兩水交接之三角地帶，呈不規則之方形。中間有一道南北向隔牆，分成西“城”與東“郭”兩部分。宮殿建於西城……
前374,374,周烈王二年（西元前三七四年）,11,秦、楚、燕、韓、趙、魏、晉、周、鄭、代,孔子,伐、卒、立、殺,秦獻公十一年，魏武侯二十二年，韓懿侯元年，趙成侯元年，田桓西元年，楚肅王七年，燕簡公四十一年。秦獻公十一年縣櫟陽。（《六國表》，《魏世家》亦雲：“魏武侯十三年（當作二十二年）秦獻公縣櫟陽。”年代相同） [周]烈王二年周太史儋見秦獻公曰：“始周與秦國合而別，別五百載複合，合十七歲而霸王者出焉。”（《周本紀》，《秦本紀》獻公十一年同，“始周”作“周故”，“十七歲”作“七十七歲”） 自孔子死之後一百二十九年，而《史記》周太史儋見秦獻公曰：“始秦與周合，合五百歲而離，離七十歲而霸王者出焉。”(《老子列傳》，《封禪書》作“後四十八年（指秦靈公作上下畤之後）周太史儋見秦獻公曰：‘秦始與周合，合而離，五百歲當複合，合十七年而霸王出焉’”) 韓哀侯、趙敬侯並以桓公十五年卒。（《晉世家·索隱》引《紀年》） 趙敬侯十二年（當作十三年）敬侯卒，子成侯種立。成侯元年公子勝與成侯爭立為亂。（《趙世家》） 案：《紀年》以趙敬侯卒于晉桓公十五年，則敬侯共有十三年也，成侯初立而公子勝爭立，亦猶敬侯初立，公子朝爭立；肅侯初立公子繅爭立也。趙成侯蓋未逾年改元，即在立年改元。 [魏武侯]二十二年晉桓公邑哀侯于鄭。韓山堅賊其……
前373,373,周烈王三年（西元前三七三年）,22,秦、齊、楚、燕、韓、趙、魏、晉、周、魯、越、吳、衛、宋,齊威王,伐、卒、立、即位、取、殺,秦獻公十二年，魏武侯二十三年，韓懿侯二年，趙成侯二年，田桓公二年，楚肅王八年，燕簡公四十二年。 [燕]釐公三十年(當作燕簡公四十二年)伐敗齊于林營。(《燕世家·索隱》本無“伐”字) 燕釐公三十年（當作燕簡公四十二年），敗齊林孤。（《六國表》） 案：《資治通鑒》作“燕敗齊師于林狐”。疑《燕世家》之“林營”乃“林壺”之誤；“壺”、“狐”、“孤”，音同通假。 [齊威王]六年（當作田桓公二年）魯伐我入陽關，晉伐我至博陵。（《田世家》） 齊威王六年(當作田桓公二年)魯伐入陽關，晉伐到鮓陵。(《六國表》) 案：《資治通鑒》“晉”作“魏”。《六國表》“鮳陵”，《索隱》雲：“鮳，音屬沈反，又音專。”《資治通鑒》亦作“博陵”，《田世家·正義》曰：“博陵在濟州西界。”疑《六國表》“鮳”乃“鱒”之誤。 趙成侯二年六月雨雪。（《趙世家》） [燕]釐公三十年釐公卒，桓公立。（《燕世家》，《六國表》列桓西元年于周烈王四年） 《紀年》作“[燕]簡公四十五年卒”。（《燕世家·索隱》） 案：《燕世家·索隱》引《紀年》，簡公立十三年而三晉命邑為諸侯。其元年為周威烈王十二年，則四十五年卒，當在周烈王六年。錢穆《王氏古本竹書……
前371,371,周烈王五年（西元前三七一年）,6,秦、楚、燕、韓、趙、魏、周、魯、衛,,伐、卒、立、取,秦獻公十四年，魏武侯二十五年，韓懿侯四年，趙成侯四年，田桓公四年，楚肅王十年，燕桓公二年。 [趙成侯]四年與秦戰高安，敗之。（《趙世家》） [魏武侯]十六年(當作二十五年)伐楚，取魯陽。(《魏世家》，《六國表》同) 〔楚肅王]十年魏取我魯陽。（《楚世家》，《六國表》同） [衛]聲公十一年卒，子成侯遬立。（《衛世家》） 案：衛成侯元年，《六國表》誤後十年，已說明在周安王十九年案語中。《索隱》雲：“逖”《世本》作“不逝”，當以《世本》為是。
前370,370,周烈王六年（西元前三七〇年）,9,秦、齊、楚、燕、韓、趙、魏、晉、周、宋,齊威王,伐、圍、卒、立、取,秦獻公十五年，魏武侯二十六年，韓懿侯五年，趙成侯五年，田桓公五年，楚肅王十一年，燕桓公三年。 [趙成侯]五年伐齊于鄄，魏敗我懷。（《趙世家》，《六國表》同，“鄄”作“甄”） [齊威王]九年（當作田桓公五年）趙伐我，取甄。（《田世家》，《六國表》同） 魏武侯以晉桓公十九年卒。（《晉世家·索隱》引《紀年》雲） [魏武侯]十六年(當作二十六年)武侯卒，子萇立，是為惠王。（《魏世家》） 魏武侯二十六年卒。（《魏世家·索隱》引《紀年》） 魏武侯薨，不立太子，子萇與公中緩爭立，國內亂。（《資治通鑒》書此于周烈王五年） 案：《魏世家》記“魏武侯卒，子茁立”，不確。《魏世家》于惠王元年載：“初武侯卒也，子茁與公中緩爭為太子。”又記公孫頎自宋經趙入韓，謂韓懿侯曰：“魏茁與公中緩爭為太子，君亦聞之乎？”當時趙、韓兩國乘魏內亂而入侵，魏茁大敗被圍。因趙、韓不和，韓退兵，魏茁得勝。《魏世家》記此而有評論曰：“惠王之所以身不死，國不分者，二家謀不和也。若從一家之謀，則魏必分矣。故曰：‘君終無適子，其國可破也。’”《資治通鑒》據此而不取《魏世家》“武侯卒，子茁立”之說，而作“不立太子，子茁與公仲緩爭立，國內亂”，……
前369,369,周烈王七年（西元前三六九年）,30,秦、齊、楚、燕、韓、趙、魏、晉、周、魯、吳、衛、宋、鄭、中山、蔡、代,商鞅、秦孝公、齊威王、魏惠王,伐、攻、圍、救、卒、立、滅、取、拔、會、遷、殺、奔,秦獻公十六年，魏惠王元年，韓懿侯六年，趙成侯六年，田桓公六年，楚宣王元年，燕桓公四年。 [魏]惠王元年，初武侯卒也，子茞與公中緩爭為太子，公孫頎自宋入趙，自趙入韓，謂韓懿侯曰：“魏茞與公中緩爭為太子，君亦聞之乎？今魏茞得王錯，挾上黨，固半國也，因而除之，破魏必矣，不可失也。”懿侯說，乃與趙成侯合軍並兵以伐魏，戰於濁澤，魏氏大敗。魏君圍。趙謂韓曰：“除魏君，立公中緩，割地而退，我且利。”韓曰：“不可。殺魏君，人必曰暴，割地而退，人必曰貪，不如兩分之。魏分為兩，不強于宋、衛，則我終無魏之患矣。”趙不聽。韓不說，以其少卒夜去。惠王之所以身不死，國不分者，二家謀不和也。若從一家之謀，則魏必分矣。故曰：“君終無適子，其國可破也。”(《魏世家》) [趙成侯]六年，中山築長城。伐魏，敗潦澤，圍魏惠王。（《趙世家》)趙成侯六年，敗魏涿澤，圍魏惠王。（《六國表》） 案：《趙世家》滌澤，《正義》雲：“滌音濁。”《六國表》作涿澤，淩本《史記》于《趙世家》亦作涿澤，張文虎《校史記劄記》謂《趙世家》“魏敗”疑倒。 魏大夫王錯出奔韓。公孫頎謂韓懿侯曰：“魏亂，可取也。”懿侯乃與趙成侯合兵伐魏，戰於濁澤，大破之，遂……
前368,368,周顯王元年（西元前三六八年）,11,秦、齊、楚、燕、韓、趙、魏、周、吳,齊威王、魏惠王,伐、攻、圍、立、即位、滅、取、奔,秦獻公十七年，魏惠王二年，韓懿侯七年，趙成侯七年，田桓公七年，楚宣王二年，燕桓公五年。 [趙成侯]七年侵齊，至長城。與韓攻周。（《趙世家》，《六國表》作“侵齊，至長城”） 齊威王十一年(當作田桓公七年)伐魏取觀。趙侵我長城。(《六國表》) [魏]惠王請獻觀以和解，趙人歸我長城。（《田世家》敘在封即墨大夫萬家與烹阿大夫之後） [魏惠王]三年（當作二年）齊敗我觀。（《魏世家》，《六國表》作“齊伐我觀”） 梁惠成王二年齊田壽率師伐我，圍觀，觀降。（《水經·河水注》引《紀年》） 案：《永樂大典》本、朱謀諱本《水經注》引《紀年》作“伐趙圍觀”，《路史·國名紀丁》注引《紀年》同。趙一清、戴震校本《水經注》引《紀年》作“伐我圍觀”。“伐我圍觀”與《史記》相合，觀即觀澤，在今河南清豐南，為魏與趙、齊兩國交界。是時趙與韓聯合，上年曾合兵攻魏，支持公仲緩與魏惠爭立，此年又合兵攻周。時趙勢方強，此年侵齊至長城。而魏內亂初平，魏惠王初即位，入侵之趙、韓兩軍亦撤退不久，齊乘機伐魏圍觀，魏不得已獻觀求和，即所謂“觀降”。按當時形勢，若觀為趙地，齊不可能包圍而迫使投降。《永樂大典》本《水經注》等作“伐趙圍觀，觀降”……
前367,367,周顯王二年（西元前三六七年）,15,秦、楚、燕、韓、趙、魏、周、鄭、代,魏惠王,攻、卒、立、滅、遷、殺,秦獻公十八年，魏惠王三年，韓懿侯八年，趙成侯八年，田桓公八年，楚宣王三年，燕桓公六年。 [趙成侯]八年與韓分周以為兩。（《趙世家》） 公子朝，周太子也。弟公子根甚有寵於君，君死，遂以東周叛，分為兩國。（《韓非子·內儲說下》） 公子宰，周太子也。公子根有寵，遂以東周反（“周”原誤作“州”，今據《內儲說下》改正），分而為兩國。（《韓非子·難三》） 周威公薨，建，九月不得葬，周乃分為二。（《呂氏春秋·先識》） 若夫周滑之……此十二人者之為其臣也，皆思小利而忘法義，進則掩蔽賢良，以陰闔其主，退則撓亂百官而為禍難，皆輔其君，共其欲苟得一說於主，雖破國殺眾，不難為也。有臣如此，雖當聖王尚恐奪之，而況昏亂之君，其能無失乎？有臣如此，故身死國亡，為天下笑。故周威公身殺，國分為二。（《韓非子·說疑》） [周]威公卒，子惠公代立，乃封其少子于鞏以奉王，號東周惠公。（《周本紀》） 東周惠公名班，居洛陽。（《周本紀·索隱》引《世本》） [周]顯王元年趙成侯、韓哀侯(當作韓懿侯)來攻周。二年西周威公之嗣曰惠公，王始封惠公子班于鞏，以奉王，是為東周惠公，周於是分為東西。王室微弱，政在西周。(《太平御覽》卷八十五引……
前366,366,周顯王三年（西元前三六六年）,7,秦、齊、楚、燕、韓、趙、魏、周,魏惠王,會,秦獻公十九年，魏惠王四年，韓懿侯九年，趙成侯九年，田桓公九年，楚宣王四年，燕桓公七年。 [魏惠王]五年(當作四年)與韓會宅陽。城武堵，為秦所敗。(《魏世家》，《六國表》同，惟“武堵”作“武都”，無“為秦所敗”四字)韓懿侯五年(當作九年)與魏惠王會宅陽。(《韓世家》，《六國表》同) 秦獻公十九年敗韓、魏洛陽。（《六國表》，《魏世家·集解》徐廣引《年表》同） 案：《資治通鑒》於此年作“秦敗魏師、韓師於洛陽”。胡三省注以成周之洛陽釋之，大誤。是時秦師不可能到達洛陽。洛陽地處北洛水之南，在今陝西大荔東南。武都即武城，在今陝西華縣以東，與洛陽鄰近。《魏世家》所謂“城武堵，為秦所敗”，與《六國表》所謂“敗韓、魏洛陽”，蓋一時事。《資治通鑒》分之為二事，既誤；“洛陽”之作“洛陽”則誤之又誤矣。 [趙成侯]九年與齊戰阿下。（《趙世家·集解》徐廣曰：“戰一作會也。”） 案：呂祖謙《大事記》從別本，改“戰”為“會”，雲：“《世家》稱齊烹阿大夫之後，諸侯莫敢加兵二十餘年，此只五年中耳，當從別本。”考此年為田桓公九年。呂氏之說並無確據。 梁惠成王四年河水赤于龍門三日。（《水經·河水注》引《紀年》）
前365,365,周顯王四年（西元前三六五年）,6,秦、齊、楚、燕、韓、趙、魏、衛、宋、鄭,魏惠王,伐、攻、取、聘,秦獻公二十年，魏惠王五年，韓懿侯十年，趙成侯十年，田桓公十年，楚宣王五年，燕桓公八年。 魏惠王六年(當作五年)伐宋取儀台。(《六國表》，《魏世家》同，《索隱》雲：“《表》亦作義台。”) [趙成侯]十年攻衛取甄。（《趙世家》） 案：《水經·濟水注》引《竹書紀年》雲：“梁惠成王五年，公子景賈率師伐鄭，韓明戰于陽，我師敗逋澤。”雷學淇《竹書紀年義證》謂韓明疑即韓朋之誤，即公仲朋，韓宣王之相。范祥雍《古本竹書紀年輯校訂補》雲：“《濟水注》又引‘今王七年韓明率師伐襄邱，當韓宣惠王之二十一年’，與《史記》、《國策》相合，距此五十四年。《韓世家》襄王十二年公仲尚在，則距此又六十六年，恐無此長壽。疑此惠王五年，或是後五年之誤。”其說甚是。 隹（唯）十年墮（陳）侯午淖（朝）群邦者（諸）侯于齊。者（諸）侯台（以）吉金，用作平壽造器璽（敦），台（以）髯（烝）台（以）嘗，保有齊邦，永荳（世）母（毋）忘。（《十年陳侯午敦銘文》） 案：據此可知，此年諸侯聘齊，由田侯午主其事，午以諸侯所獻青銅造此祭器，“以烝以嘗，保有齊邦。”
前364,364,周顯王五年（西元前三六四年）,9,秦、齊、楚、燕、韓、趙、魏、晉、周,魏惠王,攻、救、卒、立、遷,秦獻公二十一年，魏惠王六年，韓懿侯十一年，趙成侯十一年，田桓公十一年，楚宣王六年，燕桓公九年。 [秦獻公]二十一年，與晉戰于石門，斬首六萬，天子賀以黼黻。（《秦本紀》） 秦獻公二十一年，章蚜與晉戰石門，斬首六萬，天子賀。（《六國表》，章蚜，《集解》徐廣曰：“一雲車騎。”石門，《集解》徐廣曰：“一作阿。”） [趙成侯]十一年秦攻魏，趙救之石阿。（《趙世家》） 周顯王五年秦獻公敗三晉之師于石門，斬首六萬，王賜以黼黻之服。（《資治通鑒》） 案：《秦本紀·正義》引《括地志》：“堯門山，俗名石門，在雍州三原縣西北三十三裡。上有路，其狀若門。故老雲堯鑿石為門，因名之。武德年中于此山南置石門縣，貞觀中改為雲陽縣。”《資治通鑒》胡三省注引《水經注》：馮翊雲陽縣有石門山，梁玉繩《史記志疑》據此雲：“阿字訛寫。”《趙世家》雲：“秦攻魏，趙救之石阿。”而《資治通鑒》謂“秦獻公敗三晉之師于石門”。石門山在今山西運城之西南。是役秦軍攻入河東，于石門大勝，乃秦首次大勝，因而周顯王加以祝賀。 [周]顯王五年賀秦獻公，獻公稱伯。（《周本紀》，《楚世家》亦雲：“宣王六年周天子賀秦獻公。”） 齊桓公十一年弑其君母。（《田……
前363,363,周顯王六年（西元前三六三年）,10,秦、楚、燕、韓、趙、魏、周、越、宋、鄭、蔡,魏惠王,攻、救、卒、立,秦獻公二十二年，魏惠王七年，韓懿侯十二年，趙成侯十二年，田桓公十二年，楚宣王七年，燕桓公十年。 [趙成侯]十二年秦攻魏少梁，趙救之。（《趙世家》） [越初無餘之]十二年寺區弟思弑其君莽安，次無顓立。（《越世家·索隱》引《紀年》，《路史·後紀》十三下注引《紀年》同，惟“莽安”作“莽”） [宋]休公田二十三年卒，子辟公辟兵立。（《宋世家》） [宋]桓侯璧兵。（《宋世家·索隱》引《紀年》） 案：《宋世家》謂宋悼公八年卒，而《索隱》引《紀年》悼公為十八年。是《史記》悼公短少十年。因此休公、桓侯之元，皆應移後十年。說已見前。《六國表》系辟西元在周烈王四年，今改定桓侯立于周顯王六年，《宋世家·索隱》雲：“《紀年》作桓侯璧兵，則璧兵諡桓也。”又《莊子》雲：桓侯行，未出城門，其前驅呼辟，蒙人止之，後為狂也。司馬彪雲：呼辟，使人避道，蒙人以桓侯名辟，而前驅呼辟，故為狂也。”《太平御覽》七三九引《莊子》亦雲：“宋桓侯行，未出城門，其前驅呼辟，至於家，家人正之，以為狂也。”今本佚。“家人”當是“蒙人”之誤。《太平御覽》四八八引《莊子》又曰：“宋桓侯築蘇宮，使蔡謳，觀者數百，無有憂色，君乃賞蔡。”此亦足證宋有……
前362,362,周顯王七年（西元前三六二年）,20,秦、齊、楚、燕、韓、趙、魏、晉、周、吳、衛、鄭,魏惠王,伐、圍、卒、立、滅、取、會、殺,秦獻公二十三年，魏惠王八年，韓昭侯元年，趙成侯十三年，田桓公十三年，楚宣王八年，燕桓公十一年。 [秦獻公]二十三年與魏、晉戰少梁，虜其將公孫痤。（《秦本紀》） 案：王念孫雲：“魏字後人所加，晉即魏也。”王說是。《會注考證》引古鈔、南本無“魏”字。 [趙成侯]十三年秦獻公使庶長國伐魏少梁，虜其太子痤。魏敗我澮，取皮牢。成侯與韓昭侯遇上黨。（《趙世家》） [魏惠王]九年(當作八年)伐敗韓於澮。與秦戰少梁，虜我將公孫痤，取龐。（《魏世家》“伐取趙皮牢”。《魏世家》及《六國表》記在次年） 秦獻公二十三年，與魏戰少梁，虜其太子。（《六國表》） 魏惠王九年（當作八年）與秦戰少梁，虜我太子。（《六國表》） 韓莊侯九年(當作昭侯元年)魏敗我於澮。大雨三月。(《六國表》) 趙成侯十三年魏敗我於澮。（《六國表》） 魏公叔痤為魏將，而與韓、趙戰澮北，禽樂祚（“禽”同“擒”）。魏王說，郊迎（原作“迎郊”，從鮑本改正），以賞田百萬祿之。公叔痤反走，再拜辭曰：“夫使士卒不崩，直而不倚，撓而不避者（“撓”下原有“揀”字，鮑本作“揀撓”，注雲：“撓，折也”，“揀”字蓋誤衍，今刪），此吳起之餘教也，臣不能為也。前脈形地……
前361,361,周顯王八年（西元前三六一年）,31,秦、齊、楚、燕、韓、趙、魏、晉、周、越、衛、宋、鄭、代,商鞅、秦孝公、秦昭王、齊宣王、齊湣王、魏惠王,伐、攻、圍、救、卒、立、即位、徙都、變法、稱王、滅、取、拔、盟、會、遷、殺,秦孝西元年，魏惠王九年，韓昭侯二年，趙成侯十四年，田桓公十四年，楚宣王九年，燕文西元年。 [秦]孝西元年，河山以東強國六，與齊威、楚宣、魏惠、燕悼、韓哀、趙成侯並。淮、泗之間小國十餘。楚、魏與秦接界。魏築長城，自鄭濱洛以北，有上郡。楚自漢中，南有巴、黔中。周室微，諸侯力政，爭相並。秦僻在雍州，不與中國諸侯之會盟，夷翟遇之。孝公於是布惠，振孤寡，招戰士，明功賞。下令國中曰：“昔我繆公自岐、雍之間，修德行武，東平晉亂，以河為界，西霸戎翟，廣地千里，天子致伯，諸侯畢賀，為後世開業，甚光美。會往者厲、躁、簡公、出子之不寧，國家內憂，未遑外事。三晉攻奪我先君河西地，諸侯卑秦，醜莫大焉。獻公即位，鎮撫邊境，徙治櫟陽，且欲東伐，複繆公之故地，修繆公之政令。寡人思念先君之意，常痛於心。賓客群臣有能出奇計強秦者，吾且尊官，與之分土。”於是出兵東圍陝城，西斬戎之獂王。衛鞅聞是令下，西入秦，因景監求見孝公。（《秦本紀》） 魏公叔座疾(“座”原作“痤”，從畢沅據《太平御覽》四百四十四、六百三十二兩引改正。《魏策一》第九章亦作“痤”，“疾”作“病”)，惠王往問之曰：“公叔之病甚矣(《魏策》“甚矣”作“即不可諱”……
前360,360,周顯王九年（西元前三六〇年）,10,秦、齊、楚、燕、韓、趙、魏、周、越、宋,秦孝公、魏惠王,攻、圍、立、徙都、聘、會,秦孝公二年，魏惠王十年，韓昭侯三年，趙成侯十五年，田桓公十五年，楚宣王十年，燕文公二年。 梁惠成王十年入河水于甫田，又為大溝而引甫水。(《水經·渠水注》引《紀年》，《太平御覽》七十二引《水經注》作“梁惠成王十五年”) 案：《水經·渠水注》雲：圃田澤“在中牟縣西，西限長城，東極官渡，北佩渠水，東西四十許裡，南北二十許裡……浦水盛則北注，渠溢則南播，故《竹書紀年》：梁惠成王十年入河水于甫田，又為大溝而引甫水也。又有一瀆，自酸棗受河，導自濮瀆，曆酸棗徑陽武縣南出，世謂之十字溝而屬於渠，或謂是瀆為梁惠之所開，而不能詳也”。此為魏徙都大樑之後，在大樑周圍興修水利，先在黃河與圃田澤之間開鑿運河，引黃河之水流入圃田，又從圃田開大溝以利航運與灌溉。此後，梁惠王三十一年又從大樑北郭開大溝，以引圃田水。此乃鴻溝最早開鑿之一段。 梁惠成王十年瑕陽人自秦道岷山青衣水來歸。（《水經·青衣水注》引《紀年》） 案：瑕陽為魏地，在今山西臨猗縣西。《水經·青衣水注》謂青衣“縣有蒙山，青衣水所發，東徑其縣，與沭水會於越嶲郡之靈關道”。蒙山即岷山，在今四川蘆山縣北。蓋瑕陽之水利專家為蜀所聘，由魏經秦入蜀，為之疏導，此時自秦……
前359,359,周顯王十年（西元前三五九年）,9,秦、楚、燕、韓、趙、魏、晉、周、衛、代,商鞅、秦孝公、趙武靈王、魏惠王,卒、立、變法、滅、取、遷,秦孝公三年，魏惠王十一年，韓昭侯四年，趙成侯十六年，田桓公十六年，楚宣王十一年，燕文公三年。 [秦孝公]三年衛鞅說孝公變法修刑，內務耕稼，外勸戰死之賞罰，孝公善之。甘龍、杜摯等弗然，相與爭之。卒用鞅法，百姓苦之。（《秦本紀》） 孝公既用衛鞅，鞅欲變法，恐天下議己。衛鞅曰：“疑行無名（《商君書·更法》作“臣聞之，疑行無成”，《長短經·適變》、《太平御覽》四百九十六引《商君書》皆作“無名”，《新序·善謀》第七章亦作“無名”)，疑事無功（《商君書》此句下有“君亟定變法之慮，殆無顧天下之議之也”。《新序》有“君亟定變法之慮，行之無疑，殆無顧天下之議”)，且夫有高人之行者，固見非於世（“見非”，《商君書》作“見負”，《新序》作“負非”），有獨知之慮者，必見敖于民（“敖”，《商君書》作“驁”，《新序》作“警”）。愚者閫於成事（《商君書》、《新序》此句上有“語曰”二字。“闇”，《商君書》作“暗”），知者見於未萌。民不可與慮始，而可與樂成。論至德者不和於俗（《商君書》、《新序》此句上有“郭偃之法曰”五字)，成大功者不謀於眾（《商君書》、《新序》此句下有“法者所以愛民也，禮者所以便事也”兩句)。是以聖人……
前358,358,周顯王十一年（西元前三五八年）,24,秦、齊、楚、燕、韓、趙、魏、晉、周、魯、吳、衛、宋、鄭、代,蘇秦、秦孝公、齊威王、燕昭王、魏惠王,伐、攻、圍、救、卒、立、即位、徙都、取、盟、會、遷、殺,秦孝公四年，魏惠王十二年，韓昭侯五年，趙成侯十七年，田桓公十七年，楚宣王十二年，燕文公四年。 梁惠成王十二年，鄭取屯留、尚子、涅。（《水經·濁漳水注》引《紀年》，《太平御覽》一百六十三引作“鄭取屯留、尚子，即長子之地也”。《太平寰宇記》四十五潞州長子縣下引作“鄭取屯留、長子”。《路史·國名記丁》引作“鄭取屯留、尚子”) 案：尚子即長子，《太平御覽》“即長子之地也”，當為解釋之辭。涅在今山西武鄉西北，在屯留之北。亦當為晉君所有之邑。是年原屬晉君之屯留、長子、涅三邑，均為韓所取。梁惠成王十二年龍賈率師築長城於西邊。（《水經·濟水注》引《紀年》 秦通崤塞而魏築城也。（《淮南子·說林訓》，高誘注：“魏徙都于大樑，聞秦通治崤關，知欲來東兼之，故築城設守備也。”） 案：《水經·陰溝水注》雲：“右瀆東南經陽武城北，東南絕長城；經安亭北，又東北會左瀆，左瀆又東絕長城。”《水經·渠水注》又雲：“圃田澤，在中牟縣西，西限長城。”《續漢書·郡國志》河南郡下：“卷有長城，經陽武到密。”策士所造蘇秦遊說魏襄王之辭，謂魏“西有長城之界”，《蘇秦列傳·集解》徐廣曰：“滎陽卷縣有長城，經陽武到密。”魏此時所築西邊長城……
前356,356,周顯王十三年（西元前三五六年）,26,秦、齊、楚、燕、韓、趙、魏、晉、周、魯、衛、宋、鄭,商鞅、秦孝公、齊威王、魏惠王,卒、立、變法、稱王、取、盟、會、遷,秦孝公六年，魏惠王十四年，韓昭侯七年，趙成侯十九年，齊威王元年，楚宣王十四年，燕文公六年。 [魏惠王]十五年(當作十四年)魯、衛、宋、鄭君來朝。(《魏世家》，《六國表》同，無“朝”字) [魏惠王十四年]魯恭侯、宋桓侯、衛成侯、鄭釐侯來朝。(《魏世家·索隱》引《紀年》雲：“皆在十四年。”《六國表·集解》徐廣引《紀年》作“魯共侯來朝”) [衛成侯]十六年衛更貶號曰侯。（《衛世家》） 案：余考衛成侯元誤後十年，其十六年適當周顯王十三年，是年以朝魏而貶號曰侯。不然如《六國表》之紀年，貶號為侯在其後十年，何《紀年》已稱之為衛成侯乎？ 梁王魏嬰觴諸侯于范台，酒酣，請魯君舉觴。魯君興，避席擇言曰：“昔者帝女令儀狄作酒而美（姚注：“一本無令字。”王念孫以一本無令字為是。《文選·七啟、七命》注及《太平御覽》一百四十八引皆無令字可證)，進之禹，禹飲而甘之，遂疏儀狄，絕旨酒，曰：‘後世必有以酒亡其國者。’齊桓公夜半不賺，易牙乃煎敖燔炙，和調五味而進之。桓公食之而飽，至旦不覺，曰後世必有以味亡其國者。晉文公得南之威（姚注：“一本無之字。”《文選·與楊德祖書、七啟》注、《太平御覽》三百八十、《初學記》十九引皆無……
前355,355,周顯王十四年（西元前三五五年）,85,秦、齊、楚、燕、韓、趙、魏、晉、周、魯、越、衛、宋、鄭、代,蘇秦、張儀、商鞅、秦孝公、齊威王、齊宣王、魏惠王,伐、攻、圍、救、卒、立、即位、變法、滅、取、拔、會、賂、遷、殺、奔,秦孝公七年，魏惠王十五年，韓昭侯八年，趙成侯二十年，齊威王二年，楚宣王十五年，燕文公七年。 騶忌子以鼓琴見威王，威王說而舍之石室。須臾，王鼓琴，騶忌子推戶入曰：“善哉鼓琴！”王勃然不說，去琴按劍曰：“夫子見容未察，何以知其善也？”騶忌子曰：“夫大弦濁以春溫者君也，小弦廉折以清者相也，攫之深，酹之愉者，政令也；鈞諧以鳴，大小相益，回邪而不相害者，四時也。吾是以知其善也。”王曰：“善語音。”騶忌子曰：“何獨語音，夫治國家而弭人民，皆在其中。”王又勃然不說曰：“若夫語五音之紀，信未有如夫子者也。若夫治國家而弭人民，又何為乎絲桐之間？”騶忌子曰：“夫大弦濁以春溫者，君也；小弦廉折以清者，相也，攫之深而酹之愉者，政令也；鈞諧以鳴，大小相益，回邪而不相害者，四時也。夫複而不亂者，所以治昌也；連而徑者，所以存亡也；故曰琴音調而天下治。夫治國家而弭人民者，無若乎五音者。”王曰：“善。”騶忌子見三月而受相印，淳於髡見之曰：“善說哉！髡有愚志，願陳諸前。”騶忌子曰：“謹受教。”淳於髡曰：“得全全昌，失全全亡。”騶忌子曰：“謹受令，請謹毋離前。”淳於髡曰：“狶膏棘軸，所以為滑也，然而不能運方穿。”騶忌子曰：……
前354,354,周顯王十五年（西元前三五四年）,14,秦、齊、楚、燕、韓、趙、魏、周、魯、衛、宋、鄭,秦孝公、齊威王、魏惠王,伐、攻、圍、救、取、會,秦孝公八年，魏惠王十六年，韓昭侯九年，趙成侯二十一年，齊威王三年，楚宣王十六年，燕文公八年。 梁惠成王十六年邯鄲伐衛，取漆、富丘城之。（《水經· $ \underset{\cdot}{濟} $水注》引《紀年》） 梁惠成王十六年齊師及燕戰于泃水，齊師遁。（《水經·鮑丘水注》引《紀年》 梁惠成王十六年秦公孫壯帥師伐鄭，圍焦城，不克。（《水經·渠水注》引《紀年》） 梁惠成王十六年秦公孫壯帥師城上枳、安陵、山氏（《水經·渠水注》引《紀年》） 秦孝公八年與魏戰元裡，斬首七千，取少梁。（《六國表》，《秦本紀》無“斬首七千，取少梁”，作“有功”） 案：《魏世家》、《六國表》俱言秦戰勝元裡後，取魏少梁。但《秦本紀》不載“取少梁”事，蓋秦一度取得少梁，不久仍為魏有，直至二十五年後，秦大敗魏將龍賈後，魏入少梁及河西于秦。 [魏惠王]十七年(當作十六年)與秦戰元裡，秦取我少梁。圍趙邯鄲。(《魏世家》，《六國表》同。《趙世家》亦雲“（成侯）二十一年魏圍我邯鄲”) 趙氏亦嘗強矣。舉左案齊（“案”讀作“按”），舉右案魏，厭案萬乘之國，二國，千乘之宋也。築剛平，衛無東野，芻牧薪采，莫敢窺東門。當是時，衛危於累卵，天……
前353,353,周顯王十六年（西元前三五三年）,27,秦、齊、楚、燕、韓、趙、魏、晉、周、魯、吳、衛、宋、鄭,秦孝公、秦惠王、齊威王、齊宣王、魏惠王,伐、攻、圍、救、卒、立、即位、稱王、取、拔、盟、會、殺、奔,秦孝公九年，魏惠王十七年，韓昭侯十年，趙成侯二十二年，齊威王四年，楚宣王十七年，燕文公九年。 梁惠成王十七年東周與鄭高都、利。（《水經·伊水注》引《紀年》） 韓昭侯六年（當作十年）伐東周，取陵觀、廩丘。（《六國表》，《韓世家》同，惟“廩丘”作“邢丘”） 案：《資治通鑒》、《周季編略》皆從《六國表》。《周季編略》雲：“按韓城邢丘在前元年，此作廩為是。”今按《水經·濟水注》引《紀年》：“梁惠成王三年鄭城邢丘。”當周顯王二年。《韓世家》“邢丘”當為“廩丘”之誤。 梁惠成王十七年鄭釐侯來朝中陽。（《水經·渠水注》引《紀年》） 昭釐侯一世之明君也，申不害一世之賢士也。韓與魏敵侔之國也，申不害與昭釐侯執珪而見梁君，非好卑而惡尊也，非慮過而議失也。申不害之計事曰：“我執珪于魏，魏君必得志于韓，必外靡於天下矣，是魏弊矣。諸侯惡魏必事韓，是我免於一人之下，而信于萬人之上也。夫弱魏之兵而重韓之權，莫如朝魏。”昭釐侯聽而行之，明君也，申不害慮事而言之，忠臣也。《韓策三》第五章或人謂鄭王語） 案：《孔叢子》有“韓與魏有隙，子順謂韓王”一章，上段與此大體相同。蓋抄襲此章而偽作。《韓策一》第三章“魏之圍邯鄲也，申……
前352,352,周顯王十七年（西元前三五二年）,10,秦、齊、楚、燕、韓、趙、魏、周、衛、宋、鄭、代,商鞅、秦孝公、齊威王、魏惠王,伐、攻、圍、救、徙都、取、拔、會,秦孝公十年，魏惠王十八年，韓昭侯十一年，趙成侯二十三年， 齊威王五年，楚宣王十八年，燕文公十年。 [魏惠王]十九年(當作十八年)諸侯圍我襄陵。築長城，塞固陽。(《魏世家》，《六國表》同) 案：《正義》引《括地志》雲：“稠陽縣漢舊縣也，在銀州銀城縣界。”其說恐不確。《秦本紀》於孝西元年下雲：“魏築長城，自鄭濱洛以北，有上郡。”不能遠至銀州固陽為塞。 [秦孝公]十年衛鞅為大良造，將兵圍魏安邑，降之。（《秦本紀》，《商君列傳》同，《六國表》作“衛公孫鞅為大良造，伐安邑，降之”） 案：秦爵二十等，自第十級左庶長，至第十八級大庶長，皆屬庶長一等，相當於別國之卿。大良造為第十六級，亦屬庶長一等。此時大良造不僅為秦最高爵位，並為最高官職。此時衛鞅由左庶長而升為大良造，相當於別國之相。此一官爵之全稱為“大良造庶長”。十六年大良造鞅矛鐓，銘文作“十六年大良造庶長鞅之造，雍，矛”（著錄於《雙劍諺吉金圖錄》卷下、《衡齋金石識小錄》卷下、《三代吉金文存》卷二十），即鞅於孝公十六年督造。其後，秦惠文王四年有大良造庶長游出命封右庶長歜宗邑之《瓦書》。十三年商鞅戟，銘文作“十三年大良造鞅之造戟”(《貞松堂集古遺文》……
前351,351,周顯王十八年（西元前三五一年）,25,秦、齊、楚、燕、韓、趙、魏、晉、周、越、吳、衛、宋、代,秦孝公、齊威王、魏惠王,伐、攻、圍、立、取、拔、盟、會、殺、奔,秦孝公十一年，魏惠王十九年，韓昭侯十二年，趙成侯二十四年，齊威王六年，楚宣王十九年，燕文公十一年。 梁惠成王十九年晉取玄武、濩澤。（《水經·沁水注》引《紀年》，“玄武”當作“泫氏”） 案：陳逢衡《竹書紀年集證》與雷學淇《竹書紀年義證》皆謂“玄武”乃“泫氏”之誤。《太平御覽》一百六十三與《太平寰宇記》卷四十四澤州高平縣下引《紀年》，“梁惠王九年晉取泫氏”，與此為一事，蓋脫去“十”字，其說是也。朱右曾《汲塚紀年存真》釋“梁惠成王九年晉取泫氏”條雲：“晉即魏也。”蓋泫氏在今山西高平縣，正當長平東南，原為趙地。濩澤在今沁水縣東南，亦為趙地，是年為魏所攻取。 [魏惠王]二十年(當作十九年)歸趙邯鄲，與盟漳水上。(《魏世家》，《六國表》亦作“歸趙邯鄲”) [趙成侯]二十四年(當作二十三年)魏歸我邯鄲，與魏盟漳水上。秦攻我藺。(《趙世家》，《六國表》亦作“魏歸邯鄲，與魏盟漳水上”) 唐尚敵年為史，其故人謂唐尚願之，以謂唐尚，唐尚曰：“吾非不得為史也，羞而不為也。”其故人不信也，及魏圍邯鄲，唐尚說惠王而解之圍，以與伯陽。（《呂氏春秋·士容》） 案：高誘注：“解邯鄲圍也。以與伯陽，以伯陽邑資之也。”蓋是……
前350,350,周顯王十九年（西元前三五〇年）,33,秦、齊、楚、燕、韓、趙、魏、晉、周、魯、吳、衛、鄭、蔡、代,蘇秦、商鞅、秦孝公、秦惠王、齊威王、魏惠王,攻、圍、卒、立、徙都、變法、滅、取、拔、盟、會、遷、殺、奔,秦孝公十二年，魏惠王二十年，韓昭侯十三年，趙成侯二十五年，齊威王七年，楚宣王二十年，燕文公十二年。 秦孝公十二年初取小邑為三十一縣（“取”讀作“聚”）。令。為田開阡陌。（《六國表》） [秦孝公]十二年作為咸陽，築冀闕，秦徙都之。並諸小鄉、聚，集為大縣，縣一令。四十一縣。為田開阡陌。東地渡洛。（《秦本紀》） 居三年（指衛鞅為大良造，將兵取魏安邑之後三年），作為築冀闕宮廷于咸陽，秦自雍徙都之。而令民父子兄弟同室內息者為禁。而集小都、鄉、邑、聚為縣（“都”字疑衍），置令，丞，凡三十一縣。為田開阡陌封疆而賦稅平。平鬥桶權衡丈尺。（《商君列傳》） 案：《索隱》雲：“冀，記也，出列教令，當記于此門闕。”不確。“冀”當讀為“巍”。 [秦]孝公……其十三年始都咸陽。（《秦始皇本紀》末引《秦記》） 夫商君為孝公平權衡，正度量，調輕重，決裂阡陌，教民耕戰。（《秦策三》第十八章，蔡澤謂範雎。《蔡澤列傳》作“夫商君為秦孝公明法令，禁奸本，尊爵必賞，有罰必罰，平權衡，正度量，調輕重，決裂阡陌，以靜生民之業而一其俗，勸民耕戰利土，一室無二事，力田稿積，習戰陣之事”） 孝公用商君，制轅田，開阡陌，東雄諸侯。（《漢書……
前348,348,周顯王二十一年（西元前三四八年）,7,秦、齊、楚、燕、韓、趙、魏、晉、周、魯、衛、代,商鞅、秦孝公、齊威王、魏惠王,卒、立、徙都,秦孝公十四年，魏惠王二十二年，韓昭侯十五年，趙肅侯二年， 齊威王九年，楚宣王二十二年，燕文公十四年。 [秦孝公]十四年初為賦。（《秦本紀》，《六國表》同）案：《秦本紀·集解》引徐廣曰：“制貢賦之法也。”《索隱》引譙周曰：“初為軍賦也。”《資治通鑒》作“秦商鞅更為賦稅法，行之”。胡三省注：“井田既廢，則周什一之法不復用，蓋計畝而為賦稅之法。”所說皆不符事實。董說《七國考》卷二以“初為賦”即“口賦”，甚是。《漢書·食貨志》載董仲舒曰：“秦用商鞅之法，力役三十倍于古，田租、口賦、鹽鐵之利二十倍于古。”所謂“口賦”，即雲夢出土《秦律》所謂“戶賦”，為漢代“算賦”之起源。商鞅之法“民有二男以上不分異者，倍其賦”。所謂“倍其賦”，即增加一倍之“口賦”。《秦律》規定男子成年必須分家，另立戶口，繳納“口賦”，亦稱“戶賦”。《漢書·晁錯傳》載晁錯上漢文帝書雲：“今秦之發卒也，有萬死之害，而亡銖兩之報。死事之後不得一算之複。”可知秦進行統一戰爭中，雖戰死者之遺族，亦未能免除一算。一算即指一人之算賦。此即商鞅“初為賦”之“賦”。 又案：商鞅不用魯季孫氏“用田賦”(按田畝徵收軍賦)之法，而用此按戶、按口征賦之……
前347,347,周顯王二十二年（西元前三四七年）,4,秦、齊、楚、燕、韓、趙、魏,秦孝公、齊威王、魏惠王,立,秦孝公十五年，魏惠王二十三年，韓昭侯十六年，趙肅侯三年， 齊威王十年，楚宣王二十三年，燕文公十五年。 [趙肅侯]三年公子范襲邯鄲，不勝而死。（《趙世家》，《六國表》同） [秦]孝公立十六年時桃李冬華。（《秦始皇本紀》引《秦記》）
前346,346,周顯王二十三年（西元前三四六年）,9,秦、齊、楚、燕、韓、趙、魏、衛、代,商鞅、秦孝公、齊威王、魏惠王,圍、卒、徙都、變法、取、遷、殺,秦孝公十六年，魏惠王二十四年，韓昭侯十七年，趙肅侯四年，齊威王十一年，楚宣王二十四年，燕文公十六年。 [趙肅侯]四年朝天子。（《趙世家》） [齊威王]三十三年(當作十一年)殺其大夫牟辛。(《田齊世家》，《六國表》同) 案：大夫，《集解》徐廣曰：“一作夫人。”《索隱》雲：“徐廣與《年表》並作夫人。王劭按《紀年》雲：齊桓公十一年，弑其君母，宣王八年殺其王后。然則夫人之字，或如《紀年》之說。”考是年于《紀年》當為齊威公十一年，《索隱》“齊桓公”或“齊威公”之誤歟？不然，王劭何得引以證是年《史記》大夫之當作夫人也。[秦孝公]十六年大良造庶長鞅之造，雍，矛。（鐓銘，《雙劍諺吉金圖錄》卷下、《衡齋金石識小錄》卷下、《三代吉金文存》卷二十著錄） 案：秦爵自第十級左庶長至十八級大庶長，皆屬庶長一等，相當於別國之卿。大良造為第十六級，亦屬庶長一等，故全稱為“大良造庶長”，簡稱為大良造。是時秦尚未設相位，蓋以大良造庶長執政。雍為地名，原為秦之故都，蓋此矛為雍所造。鏃乃矛柲下端之鑄件。 衛鞅亡魏入秦，孝公以為相……法令至行，公平無私，罰不諱強大，賞不私親近，法及太子，黥劓其傅，期年之後道不拾遺，民不妄取，兵……
前345,345,周顯王二十四年（西元前三四五年）,8,秦、齊、楚、燕、韓、趙、魏、晉、周、越,秦孝公、齊威王、魏惠王,伐、攻、救、卒、立、滅、會,秦孝公十七年，魏惠王二十五年，韓昭侯十八年，趙肅侯五年， 齊威王十二年，楚宣王二十五年，燕文公十七年。 梁惠成王二十五年絳中地塝，西絕於汾。（《水經·汾水注》引《紀年》） 案：《永樂大典》本、戴震校本《水經注》皆誤作“梁武王”。趙一清校本改作梁惠成王，朱謀坲亦雲當作梁惠成王。今本《竹書紀年》系于周顯王二十三年，蓋輯者所見《水經注》亦作梁惠成王。 [齊]威王八年楚大發兵加齊，齊王使淳于髡之趙，請救兵，齎金百斤，車馬十駟。淳於髡仰天大笑，冠纓索絕。王曰：“先生少之乎？”髡曰：“何敢？”王曰：“笑豈有說乎？”髡曰：“今者臣從東方來，見道傍有穰田者，操一豚蹄，酒一盂，祝曰：‘甌竇滿篝，汙邪滿車，五穀蕃熟，穰穰滿家。’臣見其所持者狹，而所欲者奢，故笑之。”於是齊威王乃益齎黃金千鎰，白璧十雙，車馬百駟，髡辭而行，至趙。趙王與之精兵十萬，革車千乘。楚聞之，夜引兵而去。威王大悅，置酒後宮，召髡，賜之酒。問曰：“先生能飲幾何而醉？”對曰：“臣飲一鬥亦醉，一石亦醉。”威王曰：“先生飲一鬥而醉，惡能飲一石哉？其說可得聞乎？”髡曰：“賜酒大王之前，執法在傍，禦史在後，髡恐懼，俯伏而飲，不過一鬥，徑醉矣。若親有……
前344,344,周顯王二十五年（西元前三四四年）,32,秦、齊、楚、燕、韓、趙、魏、晉、周、魯、吳、衛、宋、鄭、中山、蔡、代,蘇秦、張儀、商鞅、秦孝公、秦惠王、齊威王、魏惠王,伐、攻、圍、卒、立、變法、稱王、滅、取、拔、盟、聘、會、遷、殺、奔,秦孝公十八年，魏惠王二十六年，韓昭侯十九年，趙肅侯六年，齊威王十三年，楚宣王二十六年，燕文公十八年。 [周顯王]二十五年秦會諸侯于周。（《周本紀》，《六國表》作“諸侯會”） [秦孝公]二十年(當作十八年)秦使公子少官率師會諸侯逢澤，朝天子。（《秦本紀》） 秦孝公二十年(當作十八年)會諸侯于澤，朝天子。(《六國表·集解》引徐廣曰：“《紀年》作逢澤”) 徐廣《史記音義》雲：秦孝公會諸侯于逢澤陂。陂，《汲郡墓竹書紀年》作逢澤。（《水經·渠水注》） 案：《永樂大典》本，朱謀垾校本《水經注》如此，戴震校本改作“徐廣《史記音義》曰：秦使公子少官率師會諸侯逢澤，《汲郡墓竹書紀年》作秦孝公會諸侯于逢澤”。並於“《史記音義》曰”下注雲：“近刻訛作秦孝公會諸侯于逢澤陂陂”，又於“《汲郡墓竹書紀年》作”下注雲：“案近刻脫秦孝公會諸侯于七字。”戴震校本據《秦本紀》與今本《竹書紀年》妄改《水經注》，殊不可信。 魏伐邯鄲，因退為逢澤之遇，乘夏車，稱夏王，朝為天子（“為”通“於”），天下皆從。齊太公聞之（“齊太公”當作“陳侯”），舉兵伐魏，壤地兩分，國家大危，梁王身抱質執璧，請為陳侯臣，天下乃釋梁。（《秦策四》第十……
前343,343,周顯王二十六年（西元前三四三年）,37,秦、齊、楚、燕、韓、趙、魏、周、越、吳、衛、宋、鄭、中山、代,秦孝公、齊威王、齊宣王、魏惠王,伐、攻、圍、救、卒、立、稱王、滅、會、殺、奔,秦孝公十九年，魏惠王二十七年，韓昭侯二十年，趙肅侯七年，齊威王十四年，楚宣王二十七年，燕文公十九年。 [趙肅侯]七年公子刻攻魏首垣。（《趙世家》） [魏惠王]二十八年(當作二十七年)中山君相魏。(《魏世家》，《六國表》系於次年) 案：《周季編略》雲：“按魏滅中山守之，封其後以數邑，服于魏。至安王末年與趙戰，則中山必漸強矣。至是為魏相，如靖郭君相齊之例，其國必強矣，然猶臣于魏也。”其說非是。《史記·索隱》雲：“按魏文侯滅中山，其弟守之，後尋複國，至是始令相魏。”據《說苑·秦使》篇，魏文侯滅中山，使太子擊守之，三年後，文侯乃封少子摯於中山，而複太子擊。擊即魏武侯。蒙文通《周秦少數民族研究》卷五“中山稱王與趙滅中山”條，謂“此魏之宗親自有中山君，故入為相。斯時中山桓公已複國，而魏之中山君摯，遂還相魏”。 又案：摯為魏惠王之叔父，未必此時尚健在，即使健在，必已高齡，未必能出任相職。此時之中山君當為摯之子，其名失傳。 秦孝公十九年城武城。從東方牡丘來歸。天子致伯。（《六國表》） [秦孝公]十九年天子致伯。（《秦本紀》，《周本紀》亦雲是年“周致伯于秦孝公”。《田世家》系“周致伯于秦孝公”於次年） ……
前341,341,周顯王二十八年（西元前三四一年）,15,秦、齊、楚、燕、韓、趙、魏、晉、吳、衛、宋,秦孝公、齊威王、齊宣王、魏惠王,伐、攻、圍、救、卒、取、會、殺,秦孝公二十一年，魏惠王二十九年，韓昭侯二十二年，趙肅侯九年，齊威王十六年，楚宣王二十九年，燕文公二十一年。 [魏惠王]三十年(當作二十九年)太子果與齊人戰，敗于馬陵，齊虜魏太子申，殺將軍龐涓，軍遂大破。（《魏世家》，《六國表》亦作“齊虜我太子申，殺將軍龐涓”） [齊宣王]二年(當作齊威王十六年)齊因起兵，使田忌、田嬰將，孫子為師，救韓、趙以擊魏，大敗之馬陵，殺其將龐涓，虜魏太子申。（《田世家》） [秦孝公]二十一年，齊敗魏馬陵。（《秦本紀》） [齊]宣王二年（當作齊威王十六年）田忌與孫臏、田嬰俱伐魏，敗之馬陵，虜魏太子申而殺魏將龐涓。（《孟嘗君列傳》） [秦孝公二十一年]齊敗魏兵于馬陵，虜其太子申，殺將軍龐涓。（《商君列傳》） 齊、魏戰于馬陵，齊大勝魏，殺太子申，覆十萬之軍。（《魏策二》第十一章） 田忌為齊將，系梁太子申，禽龐涓。（《齊策一》第九章） [梁惠成王]二十九年五月齊田盼伐我東鄙。九月秦衛鞅伐我西鄙，十月邯鄲伐我北鄙。王攻衛鞅，我師敗績。（《魏世家·索隱》引《紀年》，《商君列傳·索隱》引《紀年》亦雲：“魏惠王二十九年秦衛鞅伐梁西鄙。”） 梁惠成王二十九年齊田肸及宋人伐東鄙，圍……
前340,340,周顯王二十九年（西元前三四0年）,66,秦、齊、楚、燕、韓、趙、魏、晉、周、魯、越、吳、衛、鄭、蔡、代,商鞅、秦孝公、秦惠王、齊威王、齊宣王、齊湣王、魏惠王,伐、攻、圍、救、卒、立、變法、合縱、滅、取、盟、會、遷、殺、奔,秦孝公二十二年，魏惠王三十年，韓昭侯二十三年，趙肅侯十年，齊威王十七年，楚宣王三十年，燕文公二十二年。 齊宣王三年(當作齊威王十七年)與趙會博望，伐魏。(《田世家·集解》徐廣引《六國表》，今本《六國表》脫“博望”二字) [魏惠王]三十一年(當作三十年)秦、趙、齊共伐我。秦將商君，詐我將軍公子卬而襲奪其軍，破之。……以公子赫為太子。(《魏世家》，《六國表》“公子赫為太子”系于次年，《趙世家》雲：“[肅侯]十一年秦孝公使商君伐魏，虜其將公子卬，趙伐魏。”亦誤後一年) 案：秦、趙、齊共伐魏，《紀年》在上年，而《史記》在此年，殆此事始于上年而終於此年乎？ 公孫鞅之于秦，非父兄也，非有故也，以能用也。欲堙之責，非攻無以，於是為秦將而攻魏。魏使公子卬將而當之。公孫鞅之居魏也，固善公子卬，使人謂公子卬曰：“凡所為遊而欲貴者，以公子之故也。今秦令鞅將，魏令公子當之，豈且忍相與戰哉？公子言之公子之主，鞅亦請言之主而皆罷軍。”於是，將歸矣，使人謂公子曰：“歸未有時相見，願與公子坐而相去別也。”公子曰：“諾。”魏吏爭之曰：“不可。”公子不聽，遂相與坐。公孫鞅因伏卒與車騎，以取公子卬。（《呂氏春秋·無義》） ……
前337,337,周顯王三十二年（西元前三三七年）,14,秦、齊、楚、燕、韓、趙、魏、周、宋、代,張儀、秦惠王、齊威王、魏惠王,伐、卒、立、稱王、滅、殺,秦惠文王元年，魏惠王三十三年，韓昭侯二十六年，趙肅侯十 三年，齊威王二十年，楚威王三年，燕文公二十五年。 秦惠文王元年楚、韓、趙、蜀來朝。（《秦本紀》，《六國表》作“楚、韓、趙、蜀人來”）周顯王之世，蜀王有褒漢之地，因獵穀中，與秦惠王遇。惠王以金一笥遺蜀王，蜀王報珍玩之物，物化為土，惠王怒。群臣賀曰：“天承我矣，王將得蜀土地。”惠王喜，乃作石牛五頭，朝瀉金其後，曰：“牛便金。”有養卒百人。蜀人悅之，使使請石牛，惠王許之，乃遣五丁迎石牛。既不便金，怒遣還之，乃嘲秦人曰：“東方牧犢兒。”秦人笑之曰：“吾雖牧犢，當得蜀也。”（《華陽國志》卷三《蜀志》） 案：《太平御覽》三十七、又四百七十八、又八百十一、又八百七十二，又八百八十八引《蜀王本紀》雲：秦王以金一笥遺蜀王，蜀王以禮物答，而盡化為土，秦王怒。群臣拜賀曰：“土者地也，秦當得蜀矣。”此即《華陽國志》所本。《水經·沔水注》引來敏《本蜀論》雲：“秦惠王欲伐蜀而不知道，作五石牛，以金置尾下，言能屎金。蜀王負力，令五丁引之成道。秦使張儀、司馬錯尋路滅蜀，因曰石牛道。” 周顯王二十二年（當作三十二年）蜀侯使朝秦，秦惠王數以美女進，蜀王感之，故朝焉。……
前335,335,周顯王三十四年（西元前三三五年）,26,秦、齊、楚、燕、韓、趙、魏、周、魯、衛、宋、鄭、代,秦惠王、齊威王、齊宣王、魏惠王,攻、卒、立、合縱、取、拔、盟、會、殺,秦惠文王三年，魏惠王三十五年，韓昭侯二十八年，趙肅侯十五年，齊威王二十二年，楚威王五年，燕文公二十七年。秦惠文王三年，拔韓宜陽。（《六國表》，《韓世家》韓昭侯二十四年（當作二十七年）“秦來拔我宜陽”） [秦惠文王三年]義渠敗秦師於洛。（《後漢書·西羌傳》） 案：《西羌傳》雲：“義渠敗秦師於洛，後四年義渠國亂，秦惠王使庶長操將兵定之。”按《六國表》，操定義渠在惠王七年，由此上推四年，當為惠王三年。 [趙肅侯]十五年起壽陵。（《趙世家》） 邯鄲以壽陵困于萬民而衛取繭氏。（《呂氏春秋·首時》） 案：呂祖謙《大事記·解題》雲：“壽陵之名見於書傳者，蓋自此始。”《呂氏春秋·首時》篇雲：“齊以東帝困于天下而魯取徐州，邯鄲以壽陵困于萬民而衛取繭氏，以魯、衛之細而皆得志於大國，遇其時也。”高誘注：“壽陵，魏邑，趙兼有之，萬民不附，是以衛人取其繭氏之邑也。”范耕研《呂氏春秋補注》雲：“壽陵未詳何地，或說趙肅侯十五年曾起壽陵，是壽陵乃陵寢之名，疑趙以起陵寢擾民，故民不附也。”當以後說為是。趙肅侯起壽陵，勞民傷財，因而萬民不附，受困于萬民，衛乘此時機攻取趙之繭氏之邑。 惠子，惠施，宋人也，仕魏，為惠王相。（……
前334,334,周顯王三十五年（西元前三三四年）,40,秦、齊、楚、燕、韓、趙、魏、晉、周、魯、吳、衛、宋、鄭、代,張儀、商鞅、秦孝公、秦惠王、秦昭王、齊威王、齊宣王、齊湣王、趙武靈王、魏惠王,伐、攻、圍、救、卒、立、即位、連橫、稱王、取、拔、盟、會、殺,秦惠文王四年，魏惠王后元元年，韓昭侯二十九年，趙肅侯十六年，齊威王二十三年，楚威王六年，燕文公二十八年。 [齊]宣王九年(當作齊威王二十三年)田嬰相齊，齊宣王(當作“齊威王”)與魏襄王(當作魏惠王)會徐州相王也。(《孟嘗君列傳》) [秦惠文王]四年天子致文、武胙。齊、魏相王。（《秦本紀·索隱》：“齊威王、魏惠王。”） [齊宣王]九年(當作齊威王二十三年)與魏襄王(當作魏惠王)會徐州，諸侯相王也。（《田世家》，《六國表》作“與魏會徐州，諸侯相王”） [魏]襄王元年(當作魏惠王后元元年)與諸侯會徐州，相王也。（《魏世家》，《六國表》作“與諸侯會徐州以相王”） 齊因起兵擊魏，大破之馬陵，魏破韓弱，韓、魏之君因田嬰北面而朝田侯。（《齊策一》第七章，《田齊世家》作“其後三晉之王，皆因田嬰朝齊王於博望，盟而去”） 齊太公(當作齊威公)聞之，舉兵伐魏，壤地兩分，國家大危。梁王身抱質執璧，請為陳侯臣，天下乃釋梁。(《秦策四》第十一章) 齊人伐魏，殺其太子，覆其十萬之軍，魏王大恐，跣行按兵于國，而東次於齊，然後天下乃舍之。（《齊策五》第一章）梁君伐楚勝齊，制趙、韓之兵，驅十二諸侯以朝天子于孟津，後子死，……
前333,333,周顯王三十六年（西元前三三三年）,25,秦、齊、楚、燕、韓、趙、魏、晉、周、魯、越、吳、鄭、中山、代,蘇秦、張儀、句踐、秦惠王、齊威王、齊宣王、趙武靈王、魏惠王、楚懷王,伐、攻、圍、救、卒、立、滅、取、會、殺、奔,秦惠文王五年，魏惠王后元二年，韓昭侯三十年，趙肅侯十七年，齊威王二十四年，楚威王七年，燕文公二十九年。 楚威王七年圍齊於徐州。（《六國表》，《田世家》作齊宣王十年“楚圍我徐州”，《六國表》同） [齊宣王十年](當作齊威王二十四年)楚伐敗齊師於徐州，而使人逐田嬰。田嬰使張醜說楚威王，威王乃止。(《孟嘗君列傳》) 楚威王戰勝於徐州，欲逐嬰子于齊，嬰子恐。張醜謂楚王曰：“王戰勝於徐州也，盼子不用也。盼子有功于國，百姓為之用。嬰子不善而用申紂（《楚世家》作“申紀”），申紂者，大臣與（姚注：“一本作弗與”，鮑本作“弗與”，《楚世家》作“不附”，作“與”為是。於鬯注雲：“明是大臣所與，弟不得民心”）。百姓弗為用，故王勝之也。今嬰子逐，盼子必用，複整其士卒以與王遇（《楚世家》“整”作“搏”），必不便於王也。”楚王因弗逐。（《齊策一》第一章，《楚世家》大體相同） [楚威王]七年齊孟嘗君父田嬰欺楚，楚威王伐齊，敗之於徐州，而令齊必逐田嬰，田嬰恐，張醜偽謂楚王曰：……(《楚世家》，此句以下，與上引《齊策一》第一章，大體相同)齊太公聞之(“齊太公”當從下文作“陳侯”，即齊威王)，舉兵伐魏，壤地兩分，國家大危……
前332,332,周顯王三十七年（西元前三三二年）,8,秦、齊、楚、燕、韓、趙、魏、晉、周,秦惠王、齊威王、齊宣王、魏惠王,伐、攻、圍、徙都、遷,秦惠文王六年，魏惠王后元三年，韓宣惠王元年，趙肅侯十八年，齊威王二十五年，楚威王八年，燕易王元年。 [秦惠文君]六年魏納陰晉，陰晉更名甯秦。（《秦本紀》） 秦惠文王六年魏以陰晉為和，命曰甯秦。（《六國表》） 案：《漢書·地理志》雲：“華陰縣，故陰晉，秦惠王五年更名甯秦，高祖八年更名華陰。”《水經·渭水注》同。《元和郡縣圖志》雲：“華陰縣本魏之陰晉邑，秦惠文王時，魏人犀首納之于秦，秦改曰甯秦。”此說有誤。上年陰晉人犀首為秦大良造，敗魏于雕陰，魏因犀首為陰晉人，納陰晉于秦為和。 [齊宣王]十一年(當作齊威王二十五年)與魏伐趙，趙決河水灌齊、魏，兵罷。（《田世家》，《六國表》作“與魏伐趙”） 魏襄王三年（當作魏惠王后元三年）伐趙。（《六國表》） [趙肅侯]十八年齊魏伐我，我決河水灌之，兵去。（《趙世家》，《六國表》作“齊、魏伐我，我決河水浸之”） 案：薛瓚注《漢書·地理志》于河南中牟下引《汲郡古文》曰：“齊師伐趙東鄙，圍中牟。”見於《水經·渠水注》、《趙世家·集解》及《左傳》定公九年《正義》所引。洪頤煊《校正竹書紀年》定在周顯王三十一年。陳逢衡《竹書紀年集證》謂“大約在顯王末年”。雷學淇《考……
前331,331,周顯王三十八年（西元前三三一年）,5,秦、齊、楚、燕、韓、趙、魏,蘇秦、秦惠王、齊威王、魏惠王,攻、取、會,秦惠文王七年，魏惠王后元四年，韓宣惠王二年，趙肅侯十九年，齊威王二十六年，楚威王九年，燕易王二年。 秦惠文王七年義渠內亂，庶長操將兵定之。（《六國表》） 義渠國亂，秦惠王遣庶長操將兵定之，義渠遂臣于秦。（《後漢書·西羌傳》） [秦惠文君]七年公子卬與魏戰，虜其將龍賈，斬首八萬。（《秦本紀》，“公子卬”當作“公孫衍”）[秦]惠王使犀首攻魏，禽將龍賈，取魏之雕陰，且欲東兵。（《蘇秦列傳》） 案：《秦本紀》“公子卬”，《史記會注考證》以為“當公孫衍之論”，甚是。是役犀首即公孫衍為主將，延續至下年，詳下年案語。
前330,330,周顯王三十九年（西元前三三〇年）,12,秦、齊、楚、燕、韓、趙、魏、晉、周、衛、鄭、代,蘇秦、秦孝公、秦惠王、齊威王、魏惠王,伐、攻、圍、取、殺,秦惠文王八年，魏惠王后元五年，韓宣惠王三年，趙肅侯二十年，齊威王二十七年，楚威王十年，燕易王三年。 樗裡子者，名疾，秦惠王之弟也，與惠王異母。母，韓女也。樗裡子滑稽多智，秦人號曰智囊。秦惠王八年，爵樗裡子右更，使將而伐曲沃，盡出其人，取其城，地入秦。（《樗裡子列傳》） [秦惠文君]八年，魏納河西地。（《秦本紀》，《六國表》作“魏入少梁河西地于秦”。） [魏襄王]五年（當作魏惠王后元五年）秦敗我龍賈軍四萬五千于雕陰，圍焦、曲沃。予秦河西地。（《魏世家》，《六國表》作“與秦河西、少梁，秦圍我焦、曲沃”） 案：龍賈為魏西邊防秦之主將。《紀年》謂梁惠王十二年龍賈率師築長城於西邊，十五年龍賈又築陽池以備秦，是年秦分南北兩路向魏進攻，南路以樗裡疾為主將，出函谷關進圍曲沃與焦，焦在今河南三門峽市西，曲沃在焦之西南。北路以公孫衍為主將，大舉進攻魏上郡之雕陰，在今陝西甘泉南。結果焦與曲沃為秦所攻取，魏之主將龍賈在雕陰大敗，《秦本紀》謂“虜其將龍賈，斬首八萬”。《蘇秦列傳》謂：“犀首攻魏，禽將龍賈，取魏之雕陰。”《魏世家》亦謂“秦敗我龍賈軍四萬五千于雕陰”。此一戰役，龍賈所統率之魏西邊防秦之主力軍覆沒，龍……
前329,329,周顯王四十年（西元前三二九年）,26,秦、齊、楚、燕、韓、趙、魏、晉、周、越、吳、宋、鄭、蔡,蘇秦、張儀、白起、范雎、秦惠王、齊威王、齊湣王、魏惠王,伐、攻、圍、救、卒、立、取、會、賂、奔,秦惠文王九年，魏惠王后元六年，韓宣惠王四年，趙肅侯二十一年，齊威王二十八年，楚威王十一年，燕易王四年。 [秦惠文王]九年，渡河，取汾陰、皮氏。與魏王會應。圍焦，降之。（《秦本紀》，《六國表》同） [魏襄王]六年(當作魏惠王后元六年)與秦會應。秦取我汾陰、皮氏、焦。魏伐楚，敗之陘山。(《魏世家》，《六國表》作“與秦會應。秦取汾陰、皮氏”) 案：《秦本紀》謂是年“圍焦，降之”。《六國表》同。《魏世家》謂上年秦圍焦，是年秦取焦。黃式三《周季編略》據此雲：“魏獻焦于秦，焦不服，秦圍焦而降之。”不合《史記》原意。梁玉繩《史記志疑》雲：“秦兼降曲沃，故後三年歸魏焦、曲沃。”據《樗裡子列傳》，曲沃乃秦所攻克，“盡出其人，取其城”，非圍而降之。 [楚威王]十一年威王卒，子懷王熊槐立。魏聞楚喪，伐楚，取我陘山。（《楚世家》，《六國表》作“魏敗我陘山”。） 楚魏戰於陘山，魏許秦以上洛，以絕秦于楚。魏戰勝，楚敗于南陽，秦責賂于魏，魏不與。管淺謂秦王曰（“管”原作“營”，姚注“營或作管”)：“王何不謂楚王曰：魏許寡人以地，今戰勝，魏王倍寡人也。王何不與寡人遇？魏畏秦、楚之合，必與秦地矣。是魏勝楚而亡地于秦也；……
前328,328,周顯王四十一年（西元前三二八年）,16,秦、齊、楚、燕、韓、趙、魏、周、越、中山、代,蘇秦、張儀、秦惠王、齊威王、趙武靈王、魏惠王、楚懷王,攻、圍、救、滅、取、殺、奔,秦惠文王十年，魏惠王后元七年，韓宣惠王五年，趙肅侯二十二年，齊威王二十九年，楚懷王元年，燕易王五年。 [秦惠文王]十年張儀相秦。魏納上郡十五縣。（《秦本紀》，《楚世家》作懷王元年“張儀始相秦惠王”，《趙世家》作肅侯二十二年“張儀相秦”。《韓世家》作宣惠王五年“張儀相秦”，年代皆相同） 秦惠文王十年張儀相。公子桑圍蒲陽，降之。魏納上郡。（《六國表》） 案：《商周金文錄遺》第五八四號著錄相邦義戈銘文：“十三年相邦義之造，咸陽工師田、工大人耆，工頹。”十三年當為秦惠文王十三年，義即張儀。可知十年張儀為相，官名為相邦。《戰國縱橫家書》第二十三章蘇秦謂陳軫，述及“魏王謂韓儷、張義”，張儀亦作張義，可知“儀”亦可作“義”。 [魏襄王]七年（當作魏惠王后元七年）魏盡入上郡于秦。秦降我蒲陽。（《魏世家》，《六國表》作“入上郡于秦”） 秦惠王十年，使公子華與張儀圍蒲陽，降之。儀因言秦複與魏，而使公子繇質于魏。儀因說魏王曰：“秦王之遇魏甚厚，魏不可以無禮。”魏因入上郡少梁，謝秦惠王。惠王乃以張儀為相，更名少梁曰夏陽。（《張儀列傳》） 案：公子華，《六國表》作公子桑，《張儀列傳》與《集解》引徐廣曰“一作革”……
前327,327,周顯王四十二年（西元前三二七年）,5,秦、齊、楚、燕、韓、趙、魏,張儀、秦惠王、齊威王、魏惠王、楚懷王,伐、攻、立、連橫、稱王、取、拔、會,秦惠文王十一年，魏惠王后元八年，韓宣惠王六年，趙肅侯二十三年，齊威王三十年，楚懷王二年，燕易王六年。 [秦惠文王]十一年，縣義渠。歸魏焦、曲沃。義渠君為臣，更名少梁曰夏陽。（《秦本紀》，《六國表》作“義渠君為臣，歸魏焦、曲沃”） [魏襄王]八年（當作魏惠王后元八年）秦歸我焦、曲沃。（《魏世家》，《六國表》同） 案：梁玉繩《史記志疑》雲：“前二年攻取汾陰、皮氏、焦、曲沃四邑。今歸魏焦、曲沃，是秦只取汾陰、皮氏兩縣也。但此紀昭王十七年書秦以垣易蒲阪皮氏，《年表》、《魏世家》、《樗裡子甘茂列傳》並言昭王初年秦攻皮氏，未拔去……余疑秦歸焦、曲沃之時，並皮氏亦歸之。”其說是也。《資治通鑒》胡注雲：“既取而複歸之，秦之于魏，若玩弄嬰兒于掌股之上耳。”蓋張儀“欲以秦、韓與魏之勢伐齊、荊”之連橫策略，達到對外兼併之目的，又欲於下年召開秦惠稱王並與韓、魏相王之會，以此拉攏魏、韓之君。 又案：殿本《史記考證》引杭世駿雲：“此時義渠不得為縣。《犀首列傳》雲：義渠起兵襲秦，大敗秦李伯之下。若義渠已為縣，秦必更置令長，何至十年之後反為所敗。”顧頡剛《秦與西戎》駁之雲：“此說殊非。義渠國土廣大，惠文初年稍蠶食，立……
前326,326,周顯王四十三年（西元前三二六年）,7,秦、齊、楚、燕、韓、趙、魏、鄭,子貢、齊威王、趙武靈王、魏惠王、楚懷王,圍、卒、立、取、會,秦惠文王十二年，魏惠王后元九年，韓宣惠王七年，趙肅侯二十四年，齊威王三十一年，楚懷王三年，燕易王七年。 秦惠文王十二年，初臘，會龍門。（《六國表》，《秦本紀》作“初臘”） 案：《禮記·月令》孟冬“臘先祖五祀，勞農以休息”。《禮記·郊特牲》謂蠟祭“祭百種，以報嗇也”。“息田夫也”。臘祭乃酬謝有關收穫之神，具有慶祝豐收與慰勞農民之意義，是日舉行酒會，男女齊集，展開娛樂活動。《禮記·雜記下》記子貢觀蠟，“一國之人皆若狂”。是年秦于龍門初次舉行臘祭而集會，蓋有其特別用意。因秦新從魏取得河西與上郡，欲以此與黃河上游之居民聯歡，包括原來遊牧于黃河上游之戎、狄部族在內。此後六年（秦惠文王更元五年）“王北遊戎地至河上”，即秦與河上戎族相處友好之結果。 [趙肅侯]二十四年肅侯卒。秦、楚、燕、齊、魏出銳師各萬人來會葬。子武靈王立。（《趙世家》） 趙武靈王名雍。（《趙世家·索隱》） [鄭]威侯七年與邯鄲圍襄陵。（《韓世家·索隱》引《紀年》） 案：紀年鄭威侯即韓宣惠王，說已見前。
前325,325,周顯王四十四年（西元前三二五年）,26,秦、齊、楚、燕、韓、趙、魏、晉、周、宋、鄭、代,蘇秦、張儀、秦惠王、齊威王、齊宣王、趙武靈王、魏惠王、楚懷王,伐、圍、卒、立、連橫、稱王、取、會,秦惠文王十三年，魏惠王后元十年，韓宣惠王八年，趙武靈王元年，齊威王三十二年，楚懷王四年，燕易王八年。 秦惠文王十三年四月戊午，君為王。（《六國表》） [秦]惠王十三年與韓、魏、趙並稱王。（《周本紀·正義》引《秦本紀》，“趙”字當為衍文） [秦惠文王]十三年四月戊午，秦君為王，魏、韓亦為王。（《秦本紀》，原誤作“魏君為王，韓亦為王”，據《周本紀·正義》引《秦本紀》及《六國表》改正） 案：是年四月乙卯朔，戊午為初四。 [張]儀相秦四歲，立惠王為王。（《張儀列傳》） [楚懷王]四年秦惠王初稱王。（《楚世家》，《田世家》亦謂齊宣王八年“秦惠王稱王”） [周顯王]四十四年，秦惠王稱王。其後諸侯皆為王。（《周本紀》） 案《周本紀》雲：“[顯王]四十四年秦惠王稱王”，梁玉繩《史記志疑》雲：“《楚世家》懷王四年、《田完世家》宣王十八年附書之，《張儀列傳》亦雲：“儀相秦四歲立惠王為王。”與此《紀》于顯王四十四年政合。乃秦惠十三年也。秦惠在位二十七年，改十四年為元年，豈非以稱王之故歟？”又《秦本紀》雲：“秦惠文君十三年四月戊午魏君為王。”梁氏又論之曰：“魏惠稱王在惠文四年，此《紀》已書之，而是年《紀》與《……
前324,324,周顯王四十五年（西元前三二四年）,11,秦、齊、楚、燕、韓、趙、魏、周、中山,張儀、齊威王、齊宣王、趙武靈王、魏惠王、楚懷王,伐、圍、立、取、盟、會,秦惠文王更元元年，魏惠王后元十一年，韓宣惠王九年，趙武靈王二年，齊威王三十三年，楚懷王五年，燕易王九年 [秦惠文王]十四年更為元年。（《秦本紀》） 秦惠文王初更元年相張儀將兵取陝。（《六國表》） [秦惠文王]十三年……使張儀伐取陝，出其人與魏。（《秦本紀》） [張]儀相秦四歲，立惠王為王。居一歲，為秦將，取陝。築上郡塞。（《張儀列傳》） 案：陝在今河南三門峽市西，為函谷關外之重要城邑。秦惠公十年（西元前三九〇年）秦曾在陝設縣，但不久陝為魏所有。秦孝西元年(西元前三六一年)曾出兵東圍陝城。上年秦雖將焦與曲沃歸還魏國，此年張儀又為秦將取陝(《秦本紀》記在上年)。是時秦已佔有河西、上郡，並在河東佔有汾陰、皮氏等邑，更在河南佔有陝，從此黃河天險全為秦所掌握，對東方六國壓力甚大。 《紀年》當惠王之後元十一年，彼文作平阿。（《孟嘗君列傳·索隱》） 案：《孟嘗君列傳》雲：“宣王七年（當作齊威王二十一年）……（田）嬰與韓昭侯、魏惠王會齊宣王（當作齊威王）東阿南，盟而去。”《索隱》雲：“《紀年》當惠王之後元十一年，彼文作平阿。”雷學淇《竹書紀年義證》以《紀年》為是，以為《史記》誤移於前。此說大誤。據《田……
前323,323,周顯王四十六年（西元前三二三年）,30,秦、齊、楚、燕、韓、趙、魏、晉、周、魯、越、吳、宋、中山、蔡、代,張儀、樂毅、秦惠王、齊威王、趙武靈王、魏惠王、楚懷王,伐、攻、圍、救、卒、立、即位、合縱、連橫、稱王、取、盟、會、賂、殺,秦惠文王更元二年，魏惠王后元十二年，韓宣惠王十年，趙武靈王三年，齊威王三十四年，楚懷王六年，燕易王十年。 [秦惠文王更元]二年張儀與齊楚大臣會齧桑。（《秦本紀》，《六國表》作“相張儀與齊楚會齧桑”，《楚世家》作“秦使張儀與楚、齊、魏相會，盟齧桑”。《魏世家》作“諸侯執政與秦相張儀會齧桑”，《田世家》作“秦使張儀與諸侯執政會于齧桑”） 韓宣惠王十年君為王。（《六國表》，《韓世家》作“十一年君號為王”） [燕易王]十年燕君為王。（《燕世家》，《六國表》亦作“君為王”） [楚懷王六年]燕、韓君初稱王。（《楚世家》） 五國相王，趙獨否，曰：“無其實，敢處其名乎？”令國人謂己曰“君”。（《趙世家》武靈王八年） [魯]景公二十九年(當作二十一年)卒，子叔立(“叔”當作“旅”)，是為平公。是時六國皆稱王。（《魯世家》） 案：叔，《漢書·律曆志》及《魯世家·索隱》引《世本》皆作“旅”，蓋形近而論。《魯世家》雲：“平公十二年秦惠王卒”，秦惠王卒于周赧王四年，則魯平西元年當為周顯王四十七年，其即位在四十六年，是年正是五國相王之歲。 中山與燕、趙為王，齊閉關不通中山之使，其言曰：“我萬乘之國也，中山千乘之國……
前322,322,周顯王四十七年（西元前三二二年）,30,秦、齊、楚、燕、韓、趙、魏、周、魯、衛、宋、代,張儀、秦惠王、齊威王、齊湣王、趙武靈王、魏惠王、楚懷王,伐、攻、救、立、即位、合縱、連橫、取、會、賂,秦惠文王更元三年，魏惠王后元十三年，韓宣惠王十一年，趙武靈王四年，齊威王三十五年，楚懷王七年，燕易王十一年。 [梁惠王后元]十三年會齊威王於鄄。（《孟嘗君列傳·索隱》引《紀年》） 案：《魏世家》謂魏惠王三十五年（當作三十四年）與齊王會平阿，次年複與齊王會甄。《田世家》、《六國表》及《孟嘗君列傳》有相同之記載。而《紀年》又謂梁惠王后元十一年與齊王會平阿，後二年又與齊王會鄄，前後兩次於相同地點之相會，形勢頗有不同。前兩次相會，正當魏在馬陵慘敗于齊之後，齊、魏會徐州相王之前，魏惠王從惠施變服折節朝齊之策略，相會用朝禮。《呂氏春秋·不屈》稱：“惠王布冠而拘于鄄，齊威王幾弗受。”當指前次與齊王會甄。後二次魏、齊相會于平阿與甄，正當魏在龍賈之戰慘敗于秦之後，魏之河西、上郡已獻于秦，秦並在河東、河南佔有重要據點，正謀東向擴展。秦相張儀正謀以連橫策略向東進攻，而魏將公孫衍正謀以合縱策略對抗。此時公孫衍發動之“五國相王”，既有“合眾弱以攻一強”之意圖，魏惠王兩次與齊威王相會，亦在爭取與國，謀求對抗秦國。此事必在張儀為魏相之前。 張儀欲以秦、韓與魏之勢伐齊、荊，而惠施欲以齊、荊偃兵，二人爭之，群臣左右皆為……
前321,321,周顯王四十八年（西元前三二一年）,59,秦、齊、楚、燕、韓、趙、魏、晉、周、魯、越、吳、衛、宋、鄭、中山、蔡、代,蘇秦、張儀、范雎、孔子、魏桓子、秦惠王、秦昭王、齊威王、齊宣王、齊湣王、趙武靈王、魏惠王、楚懷王,伐、攻、圍、救、卒、立、合縱、連橫、稱王、取、拔、會、遷、殺,秦惠文王更元四年，魏惠王后元十四年，韓宣惠王十二年，趙武靈王五年，齊威王三十六年，楚懷王八年，燕易王十二年。 王四年（指秦惠文王稱王改元四年）相邦張義、庶長□操之造□界戟，□□□賤，工卯。（一九八三年廣州象崗南越王墓中發掘出土之戟、銘文，見發掘報告《西漢南越王墓》，背面有“錫”字） 案：戟長二二·三釐米，鋒銳援窄，長胡三穿，“內”端有鋒刃。上述銘文刻於“內”之正面，共三行。所謂“界戟”，疑即指此種形制之戟。“戟”下一字，上半似“田”，下半殘缺，當為製造地名。“賤”上二字殘缺，當為“工師”二字。銘文於年代之前冠以“王”字，指秦惠文王稱“王”改元之年。余於一九四七年所作《上郡守疾戈考釋》（上海《中央日報》副刊《文物週刊》第三十三期）已指出“上郡守疾戈”之銘文“王六年”乃秦惠文王稱王改元六年。此戟“王四年”，與之同例。《西漢南越王墓》考定為秦惠文王后元四年，甚是。秦惠文王於十三年四月戊午稱“王”，次年因稱王而改元，從此秦君開始稱“王”。此為秦當時之大事，《呂氏春秋·報更》所謂“名號至今不忘”。因而秦惠文王于稱“王”改元之後紀年，於年代之前冠以“王”字。所謂“相邦張義”，即文獻上之秦相張儀。所……
前319,319,周慎靚王二年（西元前三一九年）,79,秦、齊、楚、燕、韓、趙、魏、晉、周、越、吳、衛、宋、鄭、中山、代,蘇秦、張儀、樂毅、秦惠王、秦昭王、齊宣王、齊湣王、燕昭王、趙武靈王、魏惠王、楚懷王,伐、攻、圍、救、卒、立、合縱、連橫、稱王、滅、取、盟、聘、會、賂、遷、殺、奔,秦惠文王更元六年，魏惠王后元十六年，韓宣惠王十四年，趙武靈王七年，齊宣王元年，楚懷王十年，燕王噲二年。 陳軫為秦使于齊，過魏，求見犀首，犀首謝陳軫。陳軫曰：“軫之所以來者事也，公不見軫，軫且行，不得待異日矣。”犀首乃見之。陳軫曰：“公惡事乎？何為飲食而無事？”犀首曰：“衍不肖，不能得事焉，何敢惡事？”陳軫曰：“請移天下之事於公。”犀首曰：“奈何？”陳軫曰：“魏王使李從以車百乘使于楚，公可以居其中而疑之。公謂魏王曰：‘臣與燕、趙故矣，數令人召臣也，曰：無事必來，今臣無事，請謁而往，無久。’旬五之期，王必無辭以止公。公得行，因自言於廷曰：臣急使燕、趙，急約車為行具。”犀首曰：“諾。”謁魏王，王許之，即明言使燕、趙。諸侯客聞之皆使人告其王曰：“李從以車百乘使楚，犀首又以車三十乘使燕、趙。”齊王聞之，恐後天下得魏，以事屬犀首，犀首受齊事。魏王止其行使，燕、趙聞之，亦以事屬犀首。楚王聞之曰：“李從約寡人，今燕、齊、趙皆以事因犀首。犀首必欲寡人，寡人欲之。”乃信李從而以事因犀首，魏王曰：“所以不使犀首者，以為不可，今四國屬以事，寡人亦以事因焉。”犀首遂主天下之事，複相魏。（《魏策一》第十四章，《張……
前317,317,周慎靚王四年（西元前三一七年）,18,秦、齊、楚、燕、韓、趙、魏、晉、周、越、吳、衛、宋、代,張儀、秦惠王、齊宣王、齊湣王、趙武靈王、魏惠王、楚懷王,伐、攻、圍、救、卒、立、合縱、滅、取、殺、奔,秦惠文王更元八年，魏襄王二年，韓宣惠王十六年，趙武靈王九年，齊宣王三年，楚懷王十二年，燕王噲四年。 [秦惠文王更元八年]韓、趙、魏、燕、齊帥匈奴共攻秦，秦使庶長疾與戰修魚，虜其將申差，敗趙公子渴、韓太子奐，斬首八萬二千。（《秦本紀》，原系於“七年”下，《樗裡子列傳·索隱》引《秦本紀》“惠文王后元八年，五國共圍秦，使庶長疾與戰修魚，斬首八萬”。《秦本紀·正義》雲：“修魚，韓邑也。《年表》雲：秦敗我修魚，得韓將軍申差。”不言《秦本紀》與《六國表》年代有差異，可知今本《秦本紀》確有脫誤。原本當作“七年韓、趙、魏、燕、齊帥匈奴共攻秦。八年五國共攻秦，秦使庶長疾與戰修魚……”，中間脫“八年五國共攻秦”七字，下文“八年張儀複相秦”又誤衍“八年”二字。《六國表》作“與韓、趙戰，斬首八萬”) [趙武靈王]九年與韓、魏共擊秦，秦敗我，斬首八萬級。齊敗我觀澤。（《趙世家》，《六國表》作“與韓、魏擊秦，齊敗我觀澤”）[韓宣惠王]十六年秦敗我修魚，虜得韓將鰻、申差。（《韓世家》，《六國表》作“秦敗我修魚，得韓將軍申差”。《六國表》原脫“韓”字，據《秦本紀·正義》引《年表》補） 案：是年秦使庶長疾統率大軍出函谷……
前316,316,周慎靚王五年（西元前三一六年）,24,秦、齊、楚、燕、韓、趙、魏、晉、周、鄭、代,張儀、商鞅、秦惠王、秦昭王、齊宣王、趙武靈王、楚懷王,伐、攻、救、卒、立、稱王、滅、取、拔、會、殺、奔,秦惠文王更元九年，魏襄王三年，韓宣惠王十七年，趙武靈王 十年，齊宣王四年，楚懷王十三年，燕王噲五年。 [秦惠文王更元]九年司馬錯伐蜀，滅之。（《秦本紀》，《六國表》作“擊蜀，滅之”） 苴、蜀相攻擊，各來告急于秦。秦惠王欲發兵以伐蜀，以為道險狹難至，而韓又來侵秦，秦惠王欲先伐韓，後伐蜀，恐不利；欲先伐蜀，恐韓襲秦之敝，猶豫未能決。（《張儀列傳》，《新序·善謀》第八章大體相同，惟首二句作“秦惠王時蜀亂，國人相攻擊，告急于秦”） 司馬錯與張儀爭論于秦惠王前。司馬錯欲伐蜀，張儀曰：“不如伐韓。”王曰：“請聞其說。”對曰：“親魏善楚，下兵三川，塞輟轅、緱氏之口（《張儀列傳》，《新序·善謀》“輟轅、緱氏”作“什穀”），當屯留之道，魏絕南陽，楚臨南鄭，秦攻新城、宜陽，以臨二周之郊，誅周主之罪，侵楚、魏之地，周自知不救，九鼎寶器必出。據九鼎，按圖籍，挾天子以令天下，天下莫敢不聽，此王業也。今夫蜀，西辟之國，而戎狄之長也（《張儀列傳》“長”作“倫”，《新序·善謀》誤作“偷”；作“倫”於義為長）。弊兵勞眾，不足以成名，得其地不足以為利。臣聞爭名者於朝，爭利者於市，今三川、周室，天下之市朝也，而王不爭焉，顧……
前315,315,周慎靚王六年（西元前三一五年）,48,秦、齊、楚、燕、韓、趙、魏、晉、周、越、吳、衛、宋、鄭、中山、蔡、代,張儀、范雎、秦惠王、齊宣王、齊湣王、燕昭王、趙武靈王、楚懷王,伐、攻、圍、救、卒、立、徙都、合縱、取、拔、會、賂、遷、殺、奔,秦惠文王更元十年，魏襄王四年，韓宣惠王十八年，趙武靈王 十一年，齊宣王五年，楚懷王十四年，燕王噲六年。 [秦惠文王更元]十年韓太子倉來質。伐取韓石章。伐敗趙將泥。（《秦本紀》，《集解》徐廣曰：“將一作莊。”） 趙武靈王十一年秦敗我將軍英。（《六國表》） 案：《韓世家》載宣惠王十九年“大破我岸門，太子倉質于秦以和”。事在次年，《秦本紀》載太子倉來質在此年，蓋誤上一年。《秦本紀》謂是年伐敗趙將泥，徐廣曰“一作莊”，《六國表》又作將軍英，疑“泥”與“英”皆“莊”字之誤。是時趙莊正為趙將。《趙策四》第九章有“趙使趙莊合從欲伐齊”之事。《秦本紀》、《趙世家》、《六國表》又謂秦惠文王更元十二年虜趙將趙莊。 子之三年燕國大亂，百姓恫怨（《燕世家》“怨”作“恐”），將軍市被、太子平謀（《燕世家》“被”下有“與”字），將攻子之。儲子謂齊宣王（《燕世家》誤作“諸將謂齊湣王曰》：“因而僕之（《燕世家》“僕”作“赴”，“僕”通“赴”），破燕必矣。”王因令人謂太子平曰：“寡人聞太子之義，將廢私而立公，飭君臣之義，正父子之位（《燕世家》“正”作“明”），寡人之國小，不足先後（《燕世家》“不足”下有“以為”二字），……
前314,314,周赧王元年（西元前三一四年）,31,秦、齊、楚、燕、韓、趙、魏、晉、周、衛、宋、中山、代,張儀、樂毅、秦惠王、齊宣王、燕昭王、趙武靈王、楚懷王,伐、攻、圍、救、立、合縱、連橫、稱王、取、拔、會、遷、殺,秦惠文王更元十一年，魏襄王五年，韓宣惠王十九年，趙武靈王十二年，齊宣王六年，楚懷王十五年，燕王噲七年。 齊人伐燕，勝之。宣王問曰：“或謂寡人勿取，或謂寡人取之，以萬乘之國，伐萬乘之國，五旬而舉之，人力不至於此。不取必有天殃，取之何如？”孟子對曰：“取之而燕民悅則取之，古之人有行之者，武王是也。取之而燕民不悅則勿取，古之人有行之者，文王是也。以萬乘之國，伐萬乘之國，簞食壺漿，以迎王師，豈有他哉？避水火也。如水益深，如火益熱，亦運而已矣。”(《孟子·梁惠王下》) 趙使趙莊合從欲伐齊，齊請效地。趙因賤趙莊。齊明謂趙王曰：“齊畏從人之合也，故效地。今聞趙莊賤，張懃貴，齊必不效地矣。”趙王曰：“善。”乃召趙莊而貴之。（《趙策四》第九章） 齊人伐燕取之。諸侯將謀救燕。宣王曰：“諸侯多謀伐寡人者，何以待之？”孟子對曰：“臣聞七十裡為政於天下者，湯是也，未聞以千里畏人者也。書曰：‘湯一征，自葛始。’天下信之，東面而征，西夷怨；南面而征，北狄怨，曰：奚為後我？民望之，若大旱之望雲霓也，歸市者不止，耕者不變，誅其君而吊其民，若時雨降，民大悅。《書》曰：‘徯我後，後來其蘇。’今燕虐其民，王往而征之，民以為將……
前313,313,周赧王二年（西元前三一三年）,68,秦、齊、楚、燕、韓、趙、魏、晉、周、魯、越、吳、衛、宋、鄭、中山、蔡、代,蘇秦、張儀、樂毅、商鞅、秦惠王、齊威王、齊宣王、齊湣王、燕昭王、趙武靈王、魏惠王、楚懷王,伐、攻、圍、救、卒、立、即位、合縱、連橫、滅、取、拔、盟、聘、會、賂、遷、殺、奔,秦惠文王更元十二年，魏襄王六年，韓宣惠王二十年，趙武靈王十三年，齊宣王七年，楚懷王十六年，燕王噲八年。 魏哀王（當作襄王）六年秦來立公子政為太子，與秦王會臨晉。（《六國表》，《魏世家》同，惟“來”誤作“求”） [趙武靈王]十三年秦拔我藺，虜將軍趙莊。楚、魏王來，過邯鄲。（《趙世家》，《六國表》作“秦拔我藺，虜將趙莊”） [秦惠文王更元]十二年王與梁王會臨晉。庶長疾攻趙，虜趙將莊。（《秦本紀》，《樗裡子列傳》作“秦惠王二十五年使樗裡子為將，伐趙，伐虜趙將軍莊豹，拔藺”） 案：趙莊，《趙世家》、《六國表》同《秦本紀》作莊。《樗裡子列傳》作莊豹，誤也。《趙世家·正義》雲：“莊一作芘”，更非。《趙策四》有“趙使趙莊合從欲伐齊”章，蓋即此人。《燕策三》、《蘇秦列傳》蘇代曰：“龍賈之戰，岸門之戰，封陵之戰，高商之戰，趙莊之戰，秦之所殺三晉之民數百萬。”所謂“趙莊之戰”，即指此役，亦大戰也。《蘇秦列傳·索隱》雲：“肅侯二十二年趙莊與秦戰敗，秦殺趙莊河西。”肅侯二十二年所殺者乃趙庇，非趙莊。設趙莊已見殺于肅侯時，何得前此二年猶使以謀合縱伐齊乎？秦惠文王更元十二年樗裡子擊藺陽，虜趙將。公子繇通封蜀。（《……
前311,311,週報王四年（西元前三一一年）,53,秦、齊、楚、燕、韓、趙、魏、晉、周、越、吳、衛、宋、鄭、蔡、代,蘇秦、張儀、秦惠王、秦昭王、齊宣王、齊湣王、燕昭王、趙武靈王、楚懷王,伐、攻、圍、卒、立、即位、連橫、滅、取、拔、會、遷、殺,秦惠文王更元十四年，魏襄王八年，韓襄王元年，趙武靈王十五年，齊宣王九年，楚懷王十八年，燕昭王元年。 張儀相秦，謂昭雎曰：“楚無鄢郢漢中，有所更得乎？”曰：“無有。”曰：“無昭過、陳軫，有所更得乎？”曰：“無所更得。”張儀曰：“為儀謂楚王逐昭過、陳軫，請複漢中。”（以上兩“昭過”，姚本誤作“昭雎”，今從鮑本。“請複漢中”原誤作“請複鄢郢漢中”，蓋涉上而誤衍“鄢郢”兩字，今刪）昭雎歸報楚王，楚王說之。有人謂昭過曰（“昭過”，姚本亦誤作“昭雎”，今從鮑本）：“甚矣！楚王不察於名者也（“名”上姚本原衍“爭”字，今從鮑本）。韓求相工陳籍而周不聽（“工陳籍”原誤作“工師籍”，從金正煒據《東周策》第十章改正），魏求相綦母恢而周不聽，何以也？周曰：是列縣畜我也。今楚，萬乘之強國也；大王，天下之賢主也；今儀曰：逐君與陳軫，兩王聽之，是楚自待不如周，而儀重于韓、魏之王也。且儀之所行，有功名者秦也，所欲貴富者魏也，欲為攻（“攻”通“功”）于魏，必南伐楚。故攻有道，外絕其交，內逐其謀臣，陳軫夏人也，習于三晉之事，故逐之則楚無謀臣矣。今君能用楚之眾，故亦逐之，則楚眾不用矣，此所謂由攻之者也。而王不知察。今君何不……
前310,310,周赧王五年（西元前三一〇年）,45,秦、齊、楚、燕、韓、趙、魏、晉、周、吳、宋、鄭、代,張儀、秦惠王、秦昭王、齊宣王、燕昭王、趙武靈王、魏惠王、楚懷王,伐、攻、卒、立、即位、連橫、取、拔、會、遷、殺、奔,秦武王元年，魏襄王九年，韓襄王二年，趙武靈王十六年，齊宣王十年，楚懷王十九年，燕昭王二年。 秦武王元年誅蜀相莊。張儀、魏章皆死于魏。（《六國表》） [秦]武王元年與魏惠王（當作魏襄王）會臨晉，誅蜀相莊。張儀、魏章皆東出之魏。伐義渠、丹、犁。（《秦本紀》） [秦]惠王卒，武王立，張儀、魏章去，東之魏。蜀侯煇、相莊反，秦使甘茂定蜀。（《甘茂列傳》）案：《華陽國志》謂周赧王六年“陳莊反，殺蜀侯通國，秦遣庶長甘茂、張儀、司馬錯伐蜀”，甘茂主持平定陳莊之反。蜀侯煇反在秦昭王六年，不與“陳莊反”同時，《甘茂列傳》有誤。 [張儀以]今王九年五月卒。（《張儀列傳·索隱》引《紀年》，宋“耿秉本”、明“遊明本”誤作“今主”，宋“黃善夫本”、清“殿本”作“哀王”，“汲古閣單刻索隱本”作“安僖王”） [秦]武王自為太子時，不說張儀。及即位，群臣多讒張儀曰：“無信，左右賣國以取容。秦必複用之，恐為天下笑。”諸侯聞張儀有卻武王，皆畔衡，複合從。（《張儀列傳》） 案：《趙世家》以秦惠王卒于趙武靈王十六年，秦武王卒于趙武靈王十八年，其記秦惠之卒遲《秦本紀》一年，記武王之卒又早一年，與《世本》武王立三年之說合。《韓世家……
前309,309,周赧王六年（西元前三0九年）,11,秦、齊、楚、燕、韓、趙、魏、晉、中山、蔡、代,張儀、商鞅、秦惠王、齊宣王、燕昭王、趙武靈王、楚懷王,伐、卒、立、變法、滅、會、遷,秦武王二年，魏襄王十年，韓襄王三年，趙武靈王十七年，齊宣王十一年，楚懷王二十年，燕昭王三年。 [秦武王]二年初置丞相，樗裡疾、甘茂為左右丞相。（《秦本紀》，《六國表》作“初置丞相，樗裡子、甘茂為丞相”） 秦惠王卒，太子武王立，逐張儀、魏章，而以樗裡子、甘茂為左右丞相。（《樗裡子列傳》） 秦使甘茂定蜀還，而以甘茂為左丞相，以樗裡子為右丞相。（《甘茂列傳》，《新序·雜事二》第二章亦雲：“甘茂，下蔡人也。西入秦，數有功，至武王，以為左丞相，樗裡子為右丞相。”） 案：秦原以爵位作為官職高低之稱呼。以大良造庶長為最高爵位而執政，相當於別國之“相”。秦惠文王十年張儀為相，官名為“相邦”，開始效法東方國家之官制。是年又創置分設“左右丞相”之制，但此後“相邦”之官名仍沿用。秦兵器刻辭，有十四年、廿年、卅一年、相邦冉戈以及較多之相邦呂不韋戈。同時又用丞相官名，如丞相觸戈、十七年丞相啟狀戈。《呂不韋列傳》稱“莊襄王元年以呂不韋為丞相，封文信侯”，“太子政立為王，尊呂不韋為相國，號稱仲父。” [秦武王]二年十一月己酉朔，朔日，王命丞相戊(“戊”通“茂”)、內史匽，□□(兩字有殘缺)更修為田律：田廣一步，袤八……
前308,308,周赧王七年（西元前三0八年）,43,秦、齊、楚、燕、韓、趙、魏、晉、周、魯、越、吳、宋、中山、代,張儀、秦惠王、秦昭王、齊宣王、燕昭王、趙武靈王、楚懷王,伐、攻、圍、救、卒、立、取、拔、盟、會、賂、殺,秦武王三年，魏襄王十一年，韓襄王四年，趙武靈王十八年，齊宣王十二年，楚懷王二十一年，燕昭王四年。 [魏哀王]十一年與秦武王會應。（《魏世家》，《六國表》作“與秦會應”）[秦武王]三年與韓襄王會臨晉外。南公揭卒。樗裡疾相韓（“相韓”二字疑誤）。武王謂甘茂曰：“寡人欲容車通三川，窺周室，死不恨矣。”其秋，使甘茂、庶長封伐宜陽。（《秦本紀》，“封”當為“壽”之形誤） [韓]襄王四年與秦武王會臨晉。其秋，秦使甘茂攻我宜陽。（《韓世家》，《六國表》作“與秦會臨晉，秦擊我宜陽”） 案：《秦本紀》謂是年“樗裡疾相韓”，“相韓”二字疑誤。若樗裡疾以秦之重臣而相韓，韓必與秦相合，不可能秦有伐宜陽之事。梁玉繩《史記志疑》雲：“疾無相韓事，時疾以右丞相出使于周，見本傳，疑相韓二字是使周之誤。”是時秦武王欲容車遁三川，以窺周室，故甘茂伐韓拔宜陽，樗裡疾以車百乘訪周。據《樗裡子列傳》，秦武王卒，昭王立，樗裡子又益尊重，秦武王時疾無相韓之事。 又案：《秦本紀》言“使甘茂、庶長封伐宜陽”，庶長封不見其他記載。《秦策二》第六章、《甘茂列傳》謂甘茂欲約魏共伐韓，武王令向壽輔行。《甘茂列傳》《韓策一》第十九章又記向壽守宜……
前307,307,周赧王八年（西元前三0七年）,52,秦、齊、楚、燕、韓、趙、魏、晉、周、魯、越、吳、衛、宋、中山、蔡、代,張儀、商鞅、句踐、智伯、秦惠王、秦昭王、齊宣王、燕昭王、趙武靈王、楚懷王,伐、攻、圍、救、卒、立、即位、變法、合縱、連橫、滅、取、拔、盟、會、遷、殺、奔,秦武王四年，魏襄王十二年，韓襄王五年，趙武靈王十九年，齊宣王十三年，楚懷王二十二年，燕昭王五年。 [秦武王]四年拔宜陽，斬首六萬。涉河，城武遂。魏太子來朝。武王有力，好戲，力士任鄙、烏獲、孟說皆至大官。王與孟說舉鼎，絕臏。八月武王死，族孟說。武王取魏女為後，無子。立異母弟，是為昭襄王。昭襄王母楚人，姓羋氏，號宣太后。武王死時，昭襄王為質于燕，燕人送歸，得立。（《秦本紀》，《六國表》亦作“拔宜陽城，斬首六萬，涉河，城武遂”） [韓襄王]五年秦拔我宜陽，斬首六萬。（《韓世家》，《六國表》同） 案：是年秦拔韓宜陽，並北上渡河占武遂築城，次年秦又歸武遂于韓，此乃當時震動各國之大事。武遂在今山西垣曲縣東南，黃河以北，正當宜陽以北，為韓重要之關塞，並有重要之通道，南下渡河可通大縣宜陽，北上可直達韓之舊都平陽（今山西臨汾市西南）。“隧”常用以指山嶺、河流上以及地面下穿鑿之通道，武遂即利用黃河與山嶺穿鑿而成，用以貫通韓南北之通道。《秦本紀》與《六國表》皆謂秦拔韓宜陽之後，即渡河佔有武遂而築城防守，絕斷韓貫通南北之通道，以此作為威脅要脅韓國屈服之手段。《楚世家》載是時楚臣昭雎見楚懷王曰：“秦破韓宜陽，而……
前306,306,周赧王九年（西元前三0六年）,34,秦、齊、楚、燕、韓、趙、魏、晉、周、魯、越、吳、衛、宋、鄭、中山、代,蘇秦、張儀、樂毅、句踐、知伯、秦惠王、秦昭王、齊宣王、齊湣王、燕昭王、趙武靈王、楚懷王,伐、攻、圍、救、卒、立、即位、連橫、稱帝、滅、取、拔、會、遷、殺、奔,秦昭王元年，魏襄王十三年，韓襄王六年，趙武靈王二十年，齊宣王十四年，楚懷王二十三年，燕昭王六年。 且王（指楚懷王）前嘗用召滑於越，而內行章義之難，越國亂，故楚南塞厲門而郡江東。計王之功所以能如此者，越國亂而楚治也。（《甘茂列傳》范蜎謂楚王，“內行章義之難”，《索隱》引舊注雲：“一雲內句章、昧之難。”）且王嘗用[召]滑於越(“召”字原脫，從鮑彪補)，而納句章、昧之難，越亂，故楚南察瀨胡而野江東。計王之功所以如此者，越亂而楚治也。（《楚策一》第十六章范環謂楚王） 前時王使邵滑之越，五年而能亡越，所以然者，越亂而楚治也。（《韓非子·內儲說下》幹象對楚王語） 案：召滑或作邵滑，亦作卓滑、淖滑，“召”、“邵”、“卓”、“淖”，並為“昭”之通假。昭滑乃楚懷王時楚三大族中之重臣。賈誼《過秦論》雲：“齊明、周最、陳軫、昭滑、樓緩、翟景、蘇厲、樂毅之徒通其意。”昭滑蓋與齊明等人同時。《楚策四》第五章雲：“齊明說卓滑以伐秦，滑不聽也。”可知昭滑為楚掌權之大臣。《趙策三》第三章謂：“齊破燕，趙欲存之。”楚、魏“令淖滑、惠施之趙，請伐齊而存燕”。蓋昭滑常主持楚之外交，是時楚使昭滑於越，即乘越內亂之時機，圖謀滅……
前305,305,周赧王十年（西元前三0五年）,23,秦、齊、楚、燕、韓、趙、魏、晉、周、越、衛、中山、蔡、代,張儀、秦昭王、齊宣王、燕昭王、趙武靈王、楚懷王,攻、圍、卒、立、即位、連橫、滅、取、拔、會、賂、殺、奔,秦昭王二年，魏襄王十四年，韓襄王七年，趙武靈王二十一年，齊宣王十五年，楚懷王二十四年，燕昭王七年。 [秦昭王]二年，彗星見。庶長壯與大臣、諸公子為逆，皆誅。及惠文後皆不得良死。悼武王后出歸魏。（《秦本紀》，“諸”下原衍“侯”字，今從“古鈔本”刪去） 案：《秦本紀》“諸”下原有“侯”字，《史記會注考證》雲：“古鈔本無‘侯’字。”《資治通鑒》作“諸公子”，亦無“侯”字。《穰侯列傳·索隱》與《集解》引《秦本紀》皆無“諸侯”二字。可知“侯”為衍文。諸侯未參與此次內亂。 秦昭王二年彗星見。季君為亂，誅。（《六國表》，“季”原誤作“桑”，今從《穰侯列傳·集解》徐廣引《年表》改正） [秦]昭王即位，以冉（魏冉）為將軍，衛咸陽。誅季君之亂，而逐武王后出之魏，昭王諸兄弟不善者皆滅之，威振秦國。昭王少，宣太后自治，任魏冉為政。（《穰侯列傳》） 秦內亂，殺其太后及公子雍、公子壯。（《穰侯列傳·索隱》引《紀年》） [魏哀王](當作襄王)十四年秦來歸武王后。(《魏世家》，《六國表》同) 案：秦武王死後無子，秦諸公子爭奪君位，內亂持續，首尾三年。至是年，秦昭王母宣太后之弟魏冉，以將軍名義，殺死武王母惠文後以及大臣……
前304,304,周赧王十一年（西元前三0四年）,63,秦、齊、楚、燕、韓、趙、魏、晉、周、魯、宋、鄭、中山、蔡、代,蘇秦、范雎、趙襄子、秦惠王、秦昭王、齊宣王、齊湣王、燕昭王、趙武靈王、楚懷王,伐、攻、圍、救、卒、立、即位、合縱、滅、取、拔、盟、會、賂、遷、殺,秦昭王三年，魏襄王十五年，韓襄王八年，趙武靈王二十二年， 齊宣王十六年，楚懷王二十五年，燕昭王八年。 [秦昭王]三年王冠，與楚王會黃棘，與楚上庸。（《秦本紀》） [楚懷王]二十五年懷王入與秦昭王盟，約于黃棘，秦複與楚上庸。（《楚世家》，《六國表》作“與秦王會黃棘，秦複歸我上庸”） 楚吾得帥師及秦伐鄭，圍綸氏。（《水經·伊水注》引《紀年》，《後漢書·黃瓊傳》注引《紀年》作“楚及秦伐鄭綸氏”，《太平寰宇記》卷四西京潁陽縣引《紀年》作“楚及秦伐鄭，圍綸氏”。《路史·後紀》卷十三下注引《紀年》作“楚吾得及秦師伐鄭，圍綸”） 楚兵在山南，吾得將，為楚王屬怒于周（鮑本“怒”作“怨”）。或謂周君曰：“不如令太子將軍正，迎吾得於境，而君自郊迎，令天下皆知君之重吾得也，因泄之楚，曰：‘周君所以事吾得者，器名曰某’，楚王必求之，而吾得無效也，王必罪之。”（《西周策》第七章） 案：《水經注》引此條《紀年》，未記年。雷學淇《考訂竹書紀年》、《竹書紀年義證》列于魏襄王十五年；朱右曾《汲塚紀年存真》從之。《義證》雲：“《戰國策·周策》曰：楚師在山南，吾得將，為楚王屬怨于周。……《楚世家》曰：懷王二十年合齊而善韓，……
前301,301,周赧王十四年（西元前三0一年）,51,秦、齊、楚、燕、韓、趙、魏、晉、周、魯、越、吳、衛、宋、鄭、中山、代,蘇秦、樂毅、商鞅、白起、秦昭王、齊威王、齊宣王、齊湣王、燕昭王、趙武靈王、楚懷王,伐、攻、圍、救、卒、立、合縱、連橫、滅、取、拔、會、賂、遷、殺、奔,秦昭王六年，魏襄王十八年，韓襄王十一年，趙武靈王二十五年，齊宣王十九年，楚懷王二十八年，燕昭王十一年。 [齊宣王]十九年宣王卒，子湣王地立。（《田世家·索隱》雲：“《世本》名遂”。） 案：《六國表》記齊宣王元年在周顯王二十七年，記齊湣王元年在周顯王四十六年，如此則伐燕子之者為湣王，與《孟子》、《戰國策》稱齊宣王伐燕不合，其年代顯然錯誤。《資治通鑒》為此將齊威王年世加多十年，齊宣王年世移後十年。《大事記》則以湣王年世縮短十年，宣王年世延長十年。以求齊伐燕年代與《孟子》、《戰國策》相合。考《孟嘗君列傳·索隱》引《紀年》雲：“梁惠王后元十五年齊威王薨。”據此可見，威王之卒與宣王之立，當周慎靚王元年。若按《田世家》宣王十九年卒，則宣王之卒與湣王之立，當在周赧王十四年。雷學淇《竹書紀年義證》定湣王元年在周赧王十四年，錢穆《先秦諸子系年》則定在十五年。惟錢氏雲：“《紀年》於今王二十年稱齊王，以宣王亦未卒，尚無諡，故《紀年》惟有威王無宣王可證，宣王卒在魏襄二十年後，亦證威、宣非一王兩諡矣。”（《先秦諸子系年》第三九五頁）若信如其說，則齊宣王之卒，尚在周赧王十六年後；湣王之元不在周赧王十五年矣。然考《……
前300,300,周赧王十五年（西元前三00年）,52,秦、齊、楚、燕、韓、趙、魏、周、吳、宋、鄭、中山、代,蘇秦、張儀、秦惠王、秦昭王、齊威王、齊宣王、齊湣王、燕昭王、趙武靈王、楚懷王,伐、攻、圍、救、卒、立、合縱、滅、取、拔、會、賂、殺,秦昭王七年，魏襄王十九年，韓襄王十二年，趙武靈王二十六年，齊湣王元年，楚懷王二十九年，燕昭王十二年。 魏襄王十九年薛侯來，會王於釜丘。（《水經·濟水注》引《紀年》） 案：錢穆《魏襄王十九年會薛侯於釜丘考》雲：“是年為齊湣王元年，即湣王立後一年也。《史記·孟嘗君列傳》：齊襄王立而孟嘗君中立于諸侯，無所屬。”今《竹書紀年》稱薛侯即中立于諸侯時矣。然則齊襄王立者，乃齊湣王立之誤。湣王立于魏襄王十八年，即孟嘗離齊稱侯之歲也。”又雲：“孟嘗君既見廢而之薛，於是乃有馮驥之曆說。《史》謂其至秦，《策》謂其至魏。今據《水經注》引《紀年》，魏襄王十九年釜丘之會，適當湣王元年，孟嘗本為魏相，則其見逐于齊湣，使騅先容，而與魏為會，情事恰符。明年秦昭王八年，即齊湣王二年涇陽君複歸秦，而田文亦入相秦，則謂馮驥人說秦王，亦非盡無因也。孟嘗君在秦一年，失相東歸，重相齊，怨秦，聯韓、魏共擊秦，則為湣王之三年。”（《先秦諸子系年》第三九七至四〇〇頁）此說不符合當時形勢之發展，並不足信。戰國時代封君有稱侯者，如齊威王時鄒忌為相，封為成侯。秦昭王時魏冉為相，封為穰侯，楚宣王時有相封為州侯，魏襄王時有封君成侯。稱侯之封君並非……
前299,299,周赧王十六年（西元前二九九年）,46,秦、齊、楚、燕、韓、趙、魏、晉、周、吳、鄭、中山、代,蘇秦、范雎、趙襄子、秦昭王、齊湣王、燕昭王、趙武靈王、楚懷王,伐、攻、圍、救、卒、立、即位、取、盟、會、殺,秦昭王八年，魏襄王二十年，韓襄王十三年，趙武靈王二十七年，齊湣王二年，楚懷王三十年，燕昭王十三年。 魏公子勁、韓公子長為諸侯。（《秦本紀》系于昭王八年取唐昧之役後） 吾先君成侯受詔襄王，以守此地也（按指安陵），手受大府之《憲》，《憲》之上篇曰：“子弑父，臣弑君，有常不赦，國雖大赦，降城亡子，不得與焉。”（《魏策四》第二十四章安陵君對答魏信陵君所遣大使） 案：《楚策二》第一章載：魏相翟強死，為甘茂謂楚王曰：“魏之幾相者公子勁也，勁也相魏，魏、秦之交必善。”是公子勁固魏襄王時之貴公子而親秦者。又《秦本紀》之韓公子長，“長”疑“辰”之字誤。古本《紀年》謂魏襄王四年“鄭侯使辰歸晉陽、向。”(《范雎列傳·正義》引)《韓策三》第十一章有“後相韓辰”，《韓策二》第六章記公叔教陽向說秦王曰：“留馮君以善韓辰（“辰”原作“臣”，姚注：“集、錢、劉、曾作辰。”作“辰”為是），非上知也。”是韓辰亦韓公子之親秦者。兩公子皆因親秦而於是年封侯，《秦記》因特記之。 又案：顧觀光《七國地理考》雲：“《魏策》安陵君曰：‘吾先君成侯受詔襄王；以守此地’，《大事記》雲：‘安陵趙襄子所封，其後遠別為一國，附庸于魏。’今案安……
前298,298,周赧王十七年（西元前二九八年）,29,秦、齊、楚、燕、韓、趙、魏、晉、周、魯、吳、衛、宋、中山、代,秦昭王、齊湣王、燕昭王、趙武靈王、楚懷王,伐、攻、卒、立、合縱、滅、取、拔、盟、會、殺,秦昭王九年，魏襄王二十一年，韓襄王十四年，趙惠文王元年， 齊湣王三年，楚頃襄王元年，燕昭王十四年。 [秦昭王]九年攻析。（秦簡《編年記》） [楚]頃襄王橫元年，秦要懷王不可得地，楚立王以應秦。秦昭王恐，發兵出武關攻楚，大敗楚軍，斬首五萬，取析十五城而去。（《楚世家》，《六國表》作“秦取我十六城”） 案：《集解》徐廣曰：《年表》雲取十六城，既取析，又並取左右十五城也。裴駰案：《漢書·地理志》弘農有析縣。析在今河南內鄉縣西北。 薛文以金受免，樓緩為丞相。（《秦本紀》系于秦昭王十年，誤後一年） 齊湣王二十六年（當作三年）孟嘗君歸相齊。（《六國表》，《田世家》記“文亡去”在上年，誤上一年） 楚王懼，令昭應奉太子以委和于薛公（即指楚太子橫入質于齊）。主父（即趙武靈王）欲敗之，乃結秦連宋之交，令仇郝相宋，樓緩相秦。（《趙策四》第十六章）人或說秦昭王曰：“孟嘗君賢，而又齊族也，今相秦，必先齊而後秦，秦其危矣。”於是秦昭王乃止，囚孟嘗君，謀欲殺之。孟嘗君使人抵昭王幸姬求解，幸姬曰：“妾願得君狐白裘。”此時孟嘗君有一狐白裘，直千金，天下無雙，入秦，獻之昭王，更無他裘。孟嘗君患之，遍問客，莫能對。最下坐有……
前297,297,周赧王十八年（西元前二九七年）,7,秦、齊、楚、燕、韓、趙、魏、代,秦昭王、齊湣王、燕昭王、趙武靈王、楚懷王,立、會,秦昭王十年，魏襄王二十二年，韓襄王十五年，趙惠文王二年， 齊湣王四年，楚頃襄王二年，燕昭王十五年。 [趙]惠文王二年主父行新地，遂出代，西遇樓煩王於西河而致其兵。（《趙世家》，《資治通鑒》記此事於次年） 案：趙武靈王二十年趙“西略胡地至榆中，林胡王獻馬”，於是“代相趙固主胡，致其兵”。是年趙主父又“出代，西遇樓煩王於西河而致其兵”。致其兵者，招徠其兵，實即收編其兵。蓋趙在降服林胡、樓煩之後，嘗收編其附近林胡、樓煩之兵，因而趙之兵力大為加強。 [楚頃襄王]二年楚懷王亡逃歸，秦覺之，遮楚道，懷王恐，乃從間道走趙以求歸。趙主父在代，其子惠王初立，行王事，恐，不敢入楚王。楚王欲走魏，秦追至，遂與秦使複之秦（《史記會注考證》雲：“古鈔本使作吏”），懷王遂發病。（《楚世家》） 秦昭王十年楚懷王亡之趙，趙弗內。（《六國表》） 案：《秦本紀》記昭王十一年“楚懷王走之趙，趙不受，還之秦，即死，歸葬”。楚懷王死與歸葬在次年，《秦本紀》誤記懷王走趙在同年。
前296,296,周赧王十九年（西元前二九六年）,53,秦、齊、楚、燕、韓、趙、魏、晉、周、魯、吳、宋、鄭、中山、代,蘇秦、張儀、樂毅、秦昭王、齊威王、齊宣王、齊湣王、燕昭王、趙武靈王、楚懷王,伐、攻、救、卒、立、滅、取、拔、盟、會、遷、殺、奔,秦昭王十一年，魏襄王二十三年，韓襄王十六年，趙惠文王三年，齊湣王五年，楚頃襄王三年，燕昭王十六年。 韓襄王十六年與齊、魏擊秦，秦與我武遂和。（《六國表》） [韓襄王]十六年秦與我河外及武遂。（《韓世家》） 案：《史記會注考證》雲：“《六國表》與齊、魏擊秦五字衍文，已書於十四年，此重出。”中華書局標點本《史記》從之，以“與齊、魏擊秦”五字排小字，加上括弧，以表明刪去。大誤。齊、魏、韓三國攻秦函穀前後三年之久，此年得勝，攻入函谷，秦割地求和。《戰國縱橫家書》之《蘇秦謂齊王章》雲：“薛公相齊也，伐楚九歲（當作五歲），功（攻）秦三年。”《燕策一》蘇代說燕王曰：“今夫齊王長主而自用也，南攻楚五年，穡積散，西困秦三年，民憔悴，士罷弊。”皆可證。 魏哀王（當作襄王）二十三年秦複予我河外及封陵為和。（《魏世家》） 秦昭王十一年複與魏封陵。（《六國表》，《秦本紀·正義》引《年表》雲：“秦與魏封陵，與韓武遂以和。”今本《六國表》有脫文） [齊湣王]二十八年（當作五年）秦與韓河外以和，兵罷。（《田世家》） 秦昭王十一年齊、韓、魏、趙、宋、中山五國共攻秦至鹽氏而還。秦與韓、魏河北及封陵以和。（《秦本紀》） 案……
前295,295,周赧王二十年（西元前二九五年）,23,秦、齊、楚、燕、韓、趙、魏、周、越、吳、宋、中山、代,蘇秦、樂毅、白起、秦昭王、齊宣王、齊湣王、燕昭王、趙武靈王、魏惠王,伐、攻、圍、立、滅、取、拔、會、遷、殺,秦昭王十二年，魏昭王元年，韓釐王元年，趙惠文王四年，齊湣王六年，楚頃襄王四年，燕昭王十七年。 [齊湣王]二十九年(當作六年)齊佐趙滅中山。(《田世家》，《六國表》同) 趙惠文王四年圍殺主父。與齊、燕共滅中山。（《六國表》） 案，吳師道、梁玉繩力辨無趙與齊、燕共滅中山之事，甚是。辨已見前。蓋趙主父既滅中山，齊、燕乘機略取鄰近之中山地，猶如齊宣王破燕，中山乘機略取大塊燕地，非齊與中山共破燕也。《資治通鑒》於是年書：“趙主父與齊、燕共滅中山，遷其君于膚施。”《周季編略》于上年記：“趙主父滅中山，遷其王于膚施，還行賞，大赦，置酒酺五日，齊、燕亦共分中山之地。”並雲：“《年表》載此事于明年、弑主父之後，非也。此據《趙世家》。”皆誤從《六國表》。 [秦昭襄王]十二年樓緩免，穰侯魏冉為相，予楚粟五萬石。（《秦本紀》，《六國表》作“樓緩免，穰侯魏冉為丞相”） 案：魏冉官為相邦，十四年相邦冉戈（《雙劍誃古器物圖錄》卷上），廿年相邦冉戈（一九七一年岳陽城陵磯墓葬出土，見《湖南考古輯刊》第一輯），卅一年相邦冉戈（《雙劍誃吉金圖錄》卷下），可證。 趙人樓緩來相秦，趙不利，乃使仇液之秦，請以冉為秦相。仇液將行，……
前294,294,周赧王二十一年（西元前二九四年）,32,秦、齊、楚、燕、韓、趙、魏、晉、周、越、吳、衛、宋、代,蘇秦、白起、秦昭王、齊威王、齊宣王、齊湣王、燕昭王,伐、攻、救、卒、立、合縱、滅、取、盟、聘、會、遷、殺、奔,秦昭王十三年，魏昭王二年，韓釐王二年，趙惠文王五年，齊湣王七年，楚頃襄王五年，燕昭王十八年。 [秦昭王]十三年向壽伐韓，取武始。左更白起攻新城。（《秦本紀》） 白起者，郿人也。善用兵，事秦昭王。昭王十三年而白起為左庶長，將而擊韓之新城。（《白起列傳》） [秦昭王]十三年攻伊闕。（秦簡《編年記》） 韓氏城新城，期十五日而成，段喬為司空，有一縣後二日，段喬執其吏而囚之。囚者之子，走告封人子高曰：“惟先生能活臣父之死，願委之先生。”封人子高曰：“諾。”乃見段喬，自扶而上城，封人子高左右望曰：“美哉城乎！一大功矣！子必有厚賞矣。自古及今，功若此其大也，而能無有罪戮者，未嘗有也。”封人子高出，段喬使人夜解其吏之束縛而出之。（《呂氏春秋·開春》） 案：《秦本紀》言昭王十三年白起攻新城，十四年攻韓、魏于伊闕，《白起列傳》大略相同。《秦本紀·正義》引《括地志》雲：“洛州伊闕縣本漢新城縣，隋文帝改為伊闕，在洛州南七十裡。”《高祖本紀》“新城三老”《正義》引《括地志》雲：“洛州伊闕縣在州南七十裡，本漢新城縣也。隋文帝改新城為伊闕，取伊闕山為名。”《秦本紀·正義》引《括地志》雲：“伊闕在洛州南十九裡。”又引……
前293,293,周赧王二十二年（西元前二九三年）,31,秦、齊、楚、燕、韓、趙、魏、晉、周、吳、衛、鄭、代,白起、范雎、秦昭王、齊湣王、燕昭王、魏惠王,伐、攻、救、卒、立、取、拔、遷、殺,秦昭王十四年，魏昭王三年，韓釐王三年，趙惠文王六年，齊湣王八年，楚頃襄王六年，燕昭王十九年。 [魏昭王]三年佐韓攻秦。秦將白起敗我軍伊闕二十四萬。（《魏世家》） [韓]釐王三年使公孫喜率周、魏攻秦，秦敗我二十四萬，虜喜伊闕。（《韓世家》，《六國表》作“秦敗我伊闕二十四萬，虜將喜”）[秦昭襄王]十四年左更白起攻韓、魏于伊闕，斬首二十四萬，虜公孫喜，拔五城。（《秦本紀》，《六國表》作“白起擊伊闕，斬首二十四萬”） [秦]昭王十四年魏冉舉白起，使代向壽將而攻韓、魏，敗之伊闕，斬首二十四萬，虜魏將公孫喜。（《穰侯列傳》） 案：此謂“虜魏將公孫喜”，公孫喜確為魏將。《韓世家》謂“使公孫喜率周、魏攻秦”，誤以公孫喜為韓將。《資治通鑒》《周季編略》皆誤稱“韓將公孫喜”。《資治通鑒》謂是年“韓公孫喜、魏人伐秦”，胡三省注：“魏書人，其將微也。”非是。公孫喜為魏之大將，乃是役主帥。 白起為左更，攻韓、魏于伊闕，斬首二十四萬，又虜其將公孫喜，拔五城。起遷為國尉，涉河取韓安邑以東至乾河。（《白起列傳》） [楚頃襄王]六年，秦使白起伐韓于伊闕，大勝，斬首二十四萬。秦乃遺楚王書曰：“楚倍秦，秦且率諸侯伐楚，爭一……
前291,291,周赧王二十四年（西元前二九一年）,13,秦、齊、楚、燕、韓、趙、魏、晉、周、吳、宋,蘇秦、樂毅、白起、秦昭王、齊湣王、燕昭王,伐、攻、救、卒、立、合縱、連橫、滅、取、拔、會、殺、奔,秦昭王十六年，魏昭王五年，韓釐王五年，趙惠文王八年，齊湣王十年，楚頃襄王八年，燕昭王二十一年。 [韓釐王]五年秦拔我宛。（《韓世家》，《六國表》亦作“秦拔我宛城”） [秦昭王]十六年攻宛。（秦簡《編年記》） [秦昭王]十六年左更錯取積及鄧。冉免。封公子市宛，公子悝鄧，魏冉陶，諸侯。（《秦本紀》）[秦昭王十六年](白)起與客卿錯攻垣城，拔之。(《白起列傳》) [秦昭王十六年]燭免，複相冉。乃封魏冉於穰，複益封陶，號曰穰侯。（《穰侯列傳》） 案：錯即司馬錯，軹及鄧在魏之河內。《正義》引“《括地志》雲：故軹城在懷州濟源縣東南三十裡，故鄧城在懷州河陽縣西三十一裡，並六國時魏邑也。按二城相連，故雲及也。”軹在今河南濟源縣東南，鄧在今濟源縣南。是年秦即以新得之宛、鄧分別封公子市、公子悝。《秦本紀》言是年魏冉封陶，《穰侯列傳》言是年魏冉封穰及陶，並非事實。冉于初相時已封於穰，此時秦尚未得陶，不可能以陶封冉。陶《集解》徐廣曰：“一作陰。”《索隱》曰：“陶即定陶也。徐廣雲作陰，陶陰字本易惑也。王劭按陶有魏冉塚，作陰，誤也。”沈濤《銅熨斗齋隨筆》論之曰：“定陶，齊地，此時未為秦有，豈得以封穰侯。《漢書·地……
前290,290,周赧王二十五年（西元前二九0年）,39,秦、齊、楚、燕、韓、趙、魏、晉、周、魯、越、宋、代,蘇秦、秦昭王、齊湣王、燕昭王,伐、攻、圍、救、立、合縱、滅、取、拔、盟、殺、奔,秦昭王十七年，魏昭王六年，韓釐王六年，趙惠文王九年，齊湣王十一年，楚頃襄王九年，燕昭王二十二年。 [秦昭襄王]十七年城陽君入朝，及東周君來朝。秦以垣為蒲阪、皮氏（當作“秦攻垣及蒲阪、皮氏”）。王之宜陽。（《秦本紀》） [秦昭王]十七年攻垣、枳。（秦簡《編年記》） 案：《秦本紀·索隱》雲：“為當為易，蓋字訛也。”此為臆說。據《秦本紀》，前二年“秦攻垣，複予之”，秦簡《編年記》又言十八年攻蒲反。可知此說不確。“秦以垣為蒲阪、皮氏”，當為“秦攻垣及蒲阪、皮氏”之誤，《編年記》可證。枳即軹，《秦本紀》載“左更錯取軹”在上年。 成陽君欲以韓、魏聽秦，魏王弗利。白圭謂魏王曰：“王不如陰侯人說成陽君曰（姚注：“侯一作使”，鮑本作“使”，金正煒疑“侯”上脫“使”字)：“君入秦，秦必留君，而以多割于韓矣。韓不聽，秦必留君而伐韓矣。故君不如安行求質于秦。成陽君必不入秦，秦、韓不敢合，則王重矣。”(《魏策四》第十五章) 案：鮑注：“成陽君，秦昭十七年入朝者，於此知為韓人不疑。”成陽君即城陽君，是年與東周君入朝于秦。成陽君為韓之親秦者。是時秦正大舉攻韓，成陽君入朝于秦而不能回韓。《秦策三》第七章記“五國罷成皋……
前289,289,周赧王二十六年（西元前二八九年）,23,秦、齊、楚、燕、韓、趙、魏、晉、周、吳、宋、代,蘇秦、白起、智伯、秦昭王、齊湣王、燕昭王,伐、攻、救、卒、合縱、連橫、取、拔、會,秦昭王十八年，魏昭王七年，韓釐王七年，趙惠文王十年，齊湣王十二年，楚頃襄王十年，燕昭王二十三年。 [秦昭襄王]十八年錯攻垣、河雍，決橋取之。（《秦本紀》） 秦昭王十八年客卿錯擊魏，至軹，取城大小六十一。（《六國表》) [魏昭王]七年秦拔我城大小六十一。（《魏世家》，《六國表》作“秦擊我，取城大小六十一”） 穰侯封四歲，為秦將攻魏，魏獻河東方四百里。拔魏之河內，取城大小六十餘。（《穰侯列傳》） [秦昭王]十八年攻蒲反。（秦簡《編年記》） 案：是時秦分兵兩路攻魏。《秦本紀》謂昭王十五年白起攻魏，取垣，複予之。《白起列傳》稱昭王十五年攻魏拔之，十六年起與客卿錯攻垣城拔之。《秦本紀》又稱昭王十六年左更錯取軹及鄧，十八年“錯攻垣、河雍，決橋取之”。蓋白起主攻河東，而司馬錯主攻河內，垣則兩路軍會合攻拔之。河雍原名河陽，在孟津對岸，為黃河中游主要渡口，時架設有浮橋。當司馬錯進攻時，沖決河橋而取得河雍，故雲：“決橋取之。”已說明在周慎靚王六年案語中。 又案：《六國表》謂昭王十八年“客卿錯擊魏，至軹，取城大小六十一。”《穰侯列傳》又謂“拔魏之河內，取城大小六十餘”。軹即在河內，可知“取城大小六十一”即在……
前288,288,周赧王二十七年（西元前二八八年）,28,秦、齊、楚、燕、韓、趙、魏、晉、周、吳、衛、宋、代,蘇秦、張儀、樂毅、白起、范雎、秦惠王、秦昭王、齊湣王、燕昭王、楚懷王,伐、攻、圍、救、卒、立、合縱、連橫、稱王、稱帝、滅、取、拔、會、殺、奔,秦昭王十九年，魏昭王八年，韓釐王八年，趙惠文王十一年，齊湣王十三年，楚頃襄王十一年，燕昭王二十四年。 [趙惠文王]十一年董叔與魏氏伐宋。得河陽于魏。秦取梗陽。（《趙世家》，《六國表》作“秦拔我桂陽”，《集解》徐廣曰“一作梗”，《資治通鑒》又誤“梗陽”為“杜陽”） 奉陽君約魏(“奉”原誤作“華”，從吳師道改正)，魏王將封其子，謂魏王曰：“王嘗身濟漳，朝邯鄲，抱葛薛、陰成以為養邑(“薛”，鮑本作“薛”，鮑改為“孽”，“薛”即“孽”之省)，而趙無為王有也。王能又封其子河陽、姑密乎(“河”原作“問”，鮑本作“河”，“密”原作“衣”，鮑本作“密”，今從之)？臣為王不取也。”魏王乃止。（《魏策三》第九章） 案：《趙策四》第二章，李兌約五國以伐秦，無功，有人謂魏王曰：“且王嘗濟於漳而身朝於邯鄲，抱陰成，負葛薛（“葛”上原衍“蒿”字，“薛”，鮑本作“薛”，改作“孽”），以為趙蔽，而趙無為王行也。今又以何陽、姑密封其子（鮑本“何”作“河”），而乃令秦攻王以便取陰（“陰”當作“陶”）。”考李兌約五國伐秦在是年，趙得河陽于魏亦在是年，蓋即魏以河陽封李兌之子。按《秦本紀》昭王十八年攻河雍，決橋取之，在上年。河……
前287,287,周赧王二十八年（西元前二八七年）,38,秦、齊、楚、燕、韓、趙、魏、晉、周、魯、越、吳、衛、宋、中山、蔡、代,蘇秦、張儀、智伯、秦惠王、秦昭王、齊湣王、燕昭王,伐、攻、圍、救、卒、立、合縱、連橫、稱帝、滅、取、拔、盟、會、賂、殺、奔,秦昭王二十年，魏昭王九年，韓釐王九年，趙惠文王十二年，齊湣王十四年，楚頃襄王十二年，燕昭王二十五年。 謂齊王曰：薛公相胥（齊）也，伐楚九歲，功（攻）秦三年，欲以殘宋，取進（淮）北，宋不殘，進（淮）北不得。以齊封奉陽君，使梁（梁）、乾（韓）皆效地，欲以取勺（趙），勺（趙）是（氏）不得。身銜（率）梁（梁）王與成陽君，北面而朝奉陽君於邯鄲而勺（趙）氏不得。王棄薛公，身斷事。立帝、帝立。伐秦，秦伐。謀取勺（趙），得。功（攻）宋，宋殘。是則王之明也。雖然，願王之察之也。是無它（他）故，臣之以燕事王循也。景謂臣曰：“傷齊者必勺（趙）也。秦雖強，終不敢出塞涑（溯）河，絕中國而功（攻）齊。楚、越遠，宋、魯弱，燕人承，乾（韓）、梁（梁）有秦患，傷齊者必勺（趙），勺（趙）氏終不可得已。為之若何？”臣謂景曰：“請劫之。子以齊大重秦，秦將以燕事齊，齊、燕為一，乾（韓）、梁（梁）必從。勺（趙）悍則伐之，願則摯（執）而功（攻）宋。”景以為善。臣以車百五十乘入齊，景逆于高閭，身禦臣以入。事曲當臣之言，是則王之教也，然臣亦見元（其）必可也。猶景不知變事以功（攻）宋也，不然，景之所與臣前約者善矣。今三晉之敢據薛公與不敢……
前286,286,周赧王二十九年（西元前二八六年）,60,秦、齊、楚、燕、韓、趙、魏、晉、周、魯、越、吳、衛、宋、鄭、中山、蔡、代,蘇秦、樂毅、范雎、秦昭王、齊宣王、齊湣王、燕昭王、趙武靈王,伐、攻、圍、救、卒、立、合縱、連橫、滅、取、拔、盟、會、遷、殺、奔,秦昭王二十一年，魏昭王十年，韓釐王十年，趙惠文王十三年， 齊湣王十五年，楚頃襄王十三年，燕昭王二十六年。五國伐秦，無功而還。其後齊欲伐宋，而秦禁之。齊令宋郭之秦請合而以伐宋，秦王許之。魏王畏齊、秦之合也，欲講于秦。謂魏王曰：“秦王謂宋郭曰：分宋之城，服宋之強者，六國也。乘宋之敝，而與王爭得者，楚、魏也。請為王毋禁楚之伐魏也，而王獨舉宋。王之伐宋也，請剛柔而皆用之。如宋者，欺之不為逆者（“者”字從曾本增補），殺之不為仇者也，王無與之講以取地（“無”，發聲助詞），既已得地矣又以力攻之，期於啖宋而已矣。”臣聞此言，而竊為王悲，秦必且用此于王矣。又必且曰王以求地（鮑本改“曰”為“劫”，“以”作“必”。黃丕烈雲：“曰當作因”），既已得地，又且以力攻王，又必謂王曰使王輕齊（黃丕烈雲：“謂當作講，曰當作因”）。齊、魏之交已醜，又且收齊以更索于王、秦嘗用此于楚矣，又嘗用此于韓矣，願王之深計之也。秦善魏不可知也已。故為王計，太上伐秦，其次賓秦（“賓”通“擯”），其次堅約而詳講（吳師道雲：“詳、佯通”），與國無相離也（“離”，鮑本作“讎”）。秦、齊合，國不可為也已。王其聽臣也，必無與講，秦權重，魏冉（舊訛……
前284,284,周赧王三十一年（西元前二八四年）,48,秦、齊、楚、燕、韓、趙、魏、晉、周、魯、吳、衛、宋、蔡、代,蘇秦、樂毅、白起、范雎、秦昭王、齊宣王、齊湣王、燕昭王,伐、攻、圍、救、卒、立、即位、合縱、滅、取、會、遷、殺、奔,秦昭王二十三年，魏昭王十二年，韓釐王十二年，趙惠文王十五年，齊湣王十七年，楚頃襄王十五年，燕昭王二十八年。 [秦昭襄王]二十三年尉斯離與三晉、燕伐齊，破之濟西。王與魏王會宜陽，與韓王會新城。（《秦本紀》，《六國表》作“尉斯離與韓、魏、趙、燕共擊齊，破之”） [趙惠文王]十五年燕昭王來見。趙與韓、魏、秦共擊齊，齊王敗走。燕獨深入，取臨菑。（《趙世家》） [魏昭王]十二年與秦、趙、韓、燕共伐齊，敗之濟西，湣王出亡。燕獨入臨菑。與秦王會西周。（《魏世家》，《六國表》作“與秦擊齊濟西。與秦王會西周”） [韓釐王]十二年與秦昭王會西周。而佐秦攻齊，齊敗，湣王出亡。（《韓世家》，《六國表》作“與秦擊齊濟西，與秦王會”） [齊湣王]四十年（當作十七年）燕、秦、楚、三晉合謀，各出銳師以伐，敗我濟西，王解而卻。燕將樂毅遂入臨淄，盡取齊之寶藏器。湣王出亡，之衛，衛君辟宮舍之，稱臣而共具。湣王不遜，衛人侵之，湣王去，走鄒、魯，有驕色，鄒、魯君弗內，遂走莒。楚使淖齒將兵救齊，因相齊湣王。淖齒因殺湣王，而與燕共分齊之侵地鹵器。（《田世家》，《六國表》作“五國共擊湣王，王走莒”）[燕昭王]二十八年燕國殷富，士卒樂……
前283,283,週報王三十二年（西元前二八三年）,22,秦、齊、楚、燕、韓、趙、魏、晉、周、越、衛、宋、鄭,蘇秦、樂毅、廉頗、秦昭王、齊湣王、燕昭王、魏惠王,伐、攻、圍、救、卒、合縱、滅、取、拔、盟、會、殺、奔,秦昭王二十四年，魏昭王十三年，韓釐王十三年，趙惠文王十六年，齊襄王元年，楚頃襄王十六年，燕昭王二十九年。 [魏昭王]十三年秦拔我安城，兵到大樑，去。（《魏世家》，《六國表》同，作“兵到大樑而還”） [秦昭襄王]二十四年與楚王會鄢，又會穰。秦取魏安城，至大樑，燕、趙救之，秦軍去。魏冉免相。（《秦本紀》，《六國表》作“與楚會穰”） [秦昭王]廿四年攻林。（秦簡《編年記》） [楚頃襄王]十六年與秦昭王好會于鄢。其秋複與秦王會穰。（《楚世家》，《六國表》作“與秦王會穰”） 從林鄉軍以至於今（帛書《戰國縱橫家書》第十六章、《魏策三》第八章無“鄉”字)，秦七攻魏（《魏策》“七”誤作“十”），五入囿中（《魏策》“囿”誤作“國”），邊城盡拔，文台墮（帛書“墮”作“隨”，“隨”通“墮”），垂都焚（帛書“焚”作“然”，“然”通“燃”），林木伐，麋鹿盡，而國繼以圍（帛書“繼”作“續”），又長驅梁北（帛書“又”作“有”，“有”通“又”。帛書“驅”作“敺”，“敺”通“驅”），東至陶、衛之郊（《魏策》“至”下有“乎”字，帛書“至”下有“虖”字，“虖”通“乎”），北至乎監（“乎”原誤作“平”，據帛書及《魏策》改正。……
前282,282,周赧王三十三年（西元前二八二年）,18,秦、齊、楚、燕、韓、趙、魏、晉、周、越、代,樂毅、白起、廉頗、藺相如、秦昭王、燕昭王,伐、攻、卒、立、合縱、取、拔、會、遷、殺,秦昭王二十五年，魏昭王十四年，韓釐王十四年，趙惠文王十七年，齊襄王二年，楚頃襄王十七年，燕昭王三十年。 [秦昭襄王]二十五年拔趙二城。（《秦本紀》） [趙惠文王]十七年秦怨趙不與己擊齊，伐趙，拔我兩城。（《趙世家》，《六國表》亦作“秦拔我兩城”） [秦昭王]廿五年攻茲氏。（秦簡《編年記》） 案：是時秦乘五國合縱破齊之時機，攻取三晉之地，《秦本紀》、《趙世家》、《六國表》皆謂秦拔趙兩城，未明言何地。《西周策》第六章蘇厲謂周君曰：“敗韓、魏，殺犀武；攻趙，取藺、離石、祁，皆白起。”錢穆據此謂“殺犀武在秦昭王十四年，前攻趙拔兩城十一年，然則兩城者藺與祁也。雲藺、離石者，兼言兩年事”。蓋秦攻離石即在秦昭王二十六年。見其所著《公孫龍說趙惠文王偃兵考》（《先秦諸子系年》第四三五至四三七頁）。但秦簡《編年記》雲是年攻茲氏，可知拔趙兩城，茲氏必為其一。韓連琪《睡虎地秦簡編年記考證》雲：“秦攻茲氏，不見於史。《水經·原水》：原公水出茲氏縣西羊頭山，並過其縣北，注：縣故秦置也。是茲氏當即秦昭王取祁後改稱。……《漢書·地理志》有祁、茲氏並列太原郡，或至漢時茲氏又分祁、茲氏兩縣。”此說非是。祁縣在今山西祁縣東……
前281,281,周赧王三十四年（西元前二八一年）,29,秦、齊、楚、燕、韓、趙、魏、晉、周、魯、越、衛、宋、鄭、蔡、代,蘇秦、樂毅、白起、廉頗、藺相如、秦昭王、齊湣王、燕昭王、楚懷王,伐、攻、圍、救、卒、立、徙都、合縱、稱王、滅、取、拔、會、遷、殺,秦昭王二十六年，魏昭王十五年，韓釐王十五年，趙惠文王十八年，齊襄王三年，楚頃襄王十八年，燕昭王三十一年。 [秦昭王]廿六年攻離石。（秦簡《編年記》） [趙惠文王]十八年秦拔我石城。（《趙世家》，《六國表》同。《藺相如列傳》在敘述“完璧歸趙”故事後，亦雲：“其後秦伐趙，拔石城。”） 案：梁玉繩《史記志疑》辨趙世家“秦拔我石城”事雲：“《正義》引右北平之石城縣及相州石城為證，而在北平者燕境，在相州者魏境，皆非趙地，胡注《通鑒》謂即魏西河之離石縣，然趙肅侯二十二年秦已取之矣，何待是時始拔乎？”考石城固即離石。《周本紀》周赧王三十四年蘇厲謂周君曰：“秦破韓、魏，撲師武，北取趙藺、離石者皆白起也。”《西周策》同，惟作“取藺、離石、祁者皆白起”。周赧王三十四年正當趙惠文王十八年，與《趙世家》《六國表》趙惠文王十八年拔石城之說合，此其證一也。《呂氏春秋·審應覽》公孫龍謂趙惠文王曰：“今藺、離石入秦，而王縞素布總，東攻齊得城而王加膳置酒。”考《趙世家》次年趙奢將，攻齊麥邱，取之。公孫龍既以藺、離石入秦與攻齊得城為先後事，明是年秦所拔趙之石城即離石，此其證二也。《燕策二》、《蘇秦列傳》蘇代約燕王曰：“秦……
前279,279,周赧王三十六年（西元前二七九年）,91,秦、齊、楚、燕、韓、趙、魏、晉、周、魯、越、吳、宋、鄭、中山、蔡、代,蘇秦、樂毅、白起、范雎、廉頗、藺相如、秦惠王、秦昭王、齊宣王、齊湣王、燕昭王、趙武靈王,伐、攻、圍、救、卒、立、即位、徙都、合縱、滅、取、拔、聘、會、遷、殺、奔,秦昭王二十八年，魏昭王十七年，韓釐王十七年，趙惠文王二十年，齊襄王五年，楚頃襄王二十年，燕昭王三十三年。 [秦昭王]二十八年大良造白起攻楚，取鄢、鄧，赦罪人遷之。（《秦本紀》） [楚頃襄王]二十年秦將白起拔我西陵。（《楚世家》） 楚頃襄王二十年秦拔鄢、西陵。（《六國表》） 後七年(秦昭王二十八年)白起攻楚，拔鄢、鄧五城。(《白起列傳》) 頃襄王二十年秦白起拔楚西陵，或拔鄢、郢、夷陵，燒先王之墓，王徙東北，保于陳城，楚遂削弱，為秦所輕。（《秦策四》第九章） 江水又東徑西陵縣故城南，《史記》秦昭王遣白起伐楚取西陵者也。（《水經·江水三》） 案：《資治通鑒》作“秦白起伐楚，取鄢、鄧、西陵”。梁玉繩《史記志疑》綜合《秦本紀》、《六國表》、《楚世家》，以為“《白起列傳》言拔鄢、鄧五城，乃拔鄢、鄧、西陵三城之誤”。考秦簡《編年記》書“攻鄧”于秦昭王二十七年，或者攻鄧在二十七年，至二十八年而拔之。鄧在今湖北襄樊市北，鄢在今湖北宜城縣東南，西陵在今湖北新洲縣西。惟《資治通鑒》胡三省注以為西陵非漢江夏郡之西陵，“西陵即夷陵，《漢書·地理志》夷陵縣屬南郡，《水經》江水東徑夷陵縣，又東徑西陵峽，蓋縣城去峽不……
前277,277,周赧王三十八年（西元前二七七年）,15,秦、齊、楚、燕、韓、趙、魏、周、衛、蔡,白起、秦昭王,伐、攻、卒、取、拔,秦昭王三十年，魏昭王十九年，韓釐王十九年，趙惠文王二十二年，齊襄王七年，楚頃襄王二十二年，燕惠王二年。 [秦昭襄王]三十年蜀守若伐楚，取巫郡及江南，為黔中郡。（《秦本紀》） 武安君因取楚，定巫、黔中郡。（《白起列傳》） [楚頃襄王]二十二年秦複拔我巫、黔中郡。（《楚世家》，《六國表》作“秦拔我巫、黔中”） 沅水又東徑臨沅縣南……縣治武陵郡下，本楚之黔中郡矣。秦昭襄王二十七年使司馬錯以隴、蜀軍攻楚，楚割漢北與秦。至三十年，秦又取巫、黔及江南地，以為黔中郡。（《水經·沅水注》） 秦武安君定巫、黔中，初置黔中郡。（《資治通鑒》周赧王三十八年） 案：秦昭王二十七年秦將司馬錯率隴西、蜀郡兵攻拔楚黔中，不久即為楚所收復，故《水經注》但言“使司馬錯以隴、蜀軍攻楚”，而不言“拔楚黔中”。三十年秦發大軍伐楚、再度拔取巫、黔中，初置黔中郡，故《楚世家》言“秦複拔我巫、黔中郡”，《水經注》亦謂“秦又取巫、黔及江南地”，《資治通鑒》又稱“秦武安君定巫、黔中”，“定”即謂確實佔有。是役秦之主將，《白起列傳》《春申君列傳》並言是白起，《秦本紀》則謂蜀守張若，梁玉繩《史記志疑》以為起與若共之，是也。白起當為統帥，張……
前276,276,周赧王三十九年（西元前二七六年）,11,秦、齊、楚、燕、韓、趙、魏,白起、廉頗、秦昭王,伐、攻、即位、取、拔、會,秦昭王三十一年，魏安釐王元年，韓釐王二十年，趙惠文王二十三年，齊襄王八年，楚頃襄王二十三年，燕惠王三年。 [秦昭王]三十一年，白起伐魏，取兩城。楚人反我江南。（《秦本紀》） 魏安釐王元年，秦拔我兩城。（《魏世家》） 魏安釐王元年秦拔我兩城。封弟公子無忌為信陵君。（《六國表》） 楚頃襄王二十三年秦所拔我江旁反秦。（《六國表》） [楚頃襄王]二十三年，襄王乃收東地兵，得十余萬，複西取秦所拔我江旁十五邑以為郡，距秦。（《楚世家》） 案：此江旁十五邑，當指今巴東一帶臨江地區，原屬楚江南。 魏公子無忌者，魏昭王少子而魏安釐王異母弟也。昭王薨，安釐王即位，封公子為信陵君。（《魏公子列傳》） [趙惠文王]二十三年，樓昌將攻魏幾，不能取。十二月，廉頗將攻幾，取之。（《趙世家》） 居二年，廉頗複伐齊幾，拔之。（《廉頗列傳》） 案：“居二年”指澠池之會後二年，即趙惠文王二十二年，當是“居三年”之誤。《索隱》雲：“《世家》雲惠文王二十三年頗將攻魏之幾邑取之，與此列傳合。《戰國策》雲秦敗闕與及攻魏幾（案見《趙策三》第四章），幾亦屬魏。而裴駰引《齊世家》及年表無伐齊拔幾之事，疑其幾是故邑，或屬齊、魏故耳。”梁玉……
前275,275,週報王四十年（西元前二七五年）,10,秦、齊、楚、燕、韓、趙、魏,廉頗、秦昭王,伐、攻、救、取、拔,秦昭王三十二年，魏安釐王二年，韓釐王二十一年，趙惠文王二十四年，齊襄王九年，楚頃襄王二十四年，燕惠王四年。 [秦昭襄王]三十二年，相穰侯攻魏至大樑，破暴鳶，斬首四萬，鳶走，魏入三縣以和。（《秦本紀》） [魏安釐王]二年[秦]又拔我二城，軍大樑下，韓來救，予秦溫以和。（《魏世家》，《六國表》同，無“又”字，有“秦”字，“予”作“與”） [韓釐王]二十一年使暴臷救魏，為秦所敗，臷走開封。（《韓世家》，《六國表》同） 案：《秦本紀》暴鳶，《韓世家》作暴載，“鳶”、“載”音義俱同。據《魏世家》，《秦本紀》所謂“魏入三縣以和”，三縣包括秦所拔之二城，所入者實僅溫一縣。梁玉繩《史記志疑》謂“斬首四萬”是秦昭王三十三年事，《秦本紀》誤書於三十二年，是也。《穰侯列傳》雲：“明年（指秦昭王三十三年）魏背秦，與齊從親，秦使穰侯伐魏，斬首四萬，走魏將暴鳶，得魏三縣。穰侯益封。”此又誤以韓將暴鳶誤為魏將，並將秦敗暴鳶誤次於昭王三十三年。 [秦昭王]卅二年攻啟封。（秦簡《編年記》） 案：啟封即開封，《史記》因避漢景帝諱改為開封，在今河南尉氏縣東北。《韓世家》言暴鸞敗走開封，而《編年記》雲攻啟封。蓋暴鸞敗走開封，……
前274,274,周赧王四十一年（西元前二七四年）,9,秦、齊、楚、燕、韓、趙、魏、周、鄭、蔡,樂毅、白起、秦昭王,伐、攻、救、取、拔,秦昭王三十三年，魏安釐王三年，韓釐王二十二年，趙惠文王 二十五年，齊襄王十年，楚頃襄王二十五年，燕惠王五年。 [秦昭王]卅三年攻蔡、中陽。（秦簡《編年記》） [秦昭王]三十三年客卿胡傷攻魏卷、蔡陽、長社，取之。(《秦本紀》) [魏安釐王]三年秦拔我四城，斬首四萬。（《魏世家》，《六國表》同） 明年（指秦昭王三十三年）魏背秦，與齊從親。秦使穰侯伐魏，斬首四萬，走魏將暴鳶，得魏三縣，穰侯益封。明年，穰侯與白起、客卿胡陽攻趙、韓、魏，破芒卯于華陽下，斬首十萬。取魏之卷、蔡陽、長社，趙氏觀津。且與觀津，益趙以兵，伐齊。（《穰侯列傳》） 案：《穰侯列傳》誤以上年秦敗走暴鳶為此年事，又誤以救魏之韓將暴鳶為魏將，更誤以秦攻取魏之卷、蔡陽、長社為下年事。以秦簡《編年記》與《史記》比勘，可知《秦本紀》與《穰侯列傳》之“蔡陽”，當是“蔡、中陽”之誤。西漢南陽郡有蔡陽，當今湖北棗陽縣東，時屬楚，非魏地。《秦本紀·正義》引《括地志》雲：“蔡陽，今豫州上蔡水之陽，古城在豫州北七十裡。”蓋以古蔡國所在之上蔡，又名蔡陽，但於史籍無確據。是時蔡為魏地，中陽亦為魏地，即梁惠王十七年鄭麓侯（即韓昭侯）來朝中陽之中陽。《魏……
前273,273,週報王四十二年（西元前二七三年）,41,秦、齊、楚、燕、韓、趙、魏、晉、周、越、吳、衛、宋、鄭、中山、蔡、代,蘇秦、樂毅、白起、智伯、趙襄子、秦昭王、齊威王、齊宣王、齊湣王、楚懷王,伐、攻、圍、救、卒、立、滅、取、拔、會、賂、遷、殺,秦昭王三十四年，魏安釐王四年，韓釐王二十三年，趙惠文王二十六年，齊襄王十一年，楚頃襄王二十六年，燕惠王六年。 [秦昭王]卅四年攻華陽。（秦簡《編年記》） [秦昭襄王]三十三年客卿胡傷攻魏卷、蔡陽、長社取之。擊芒卯、華陽破之，斬首十五萬，魏入南陽以和。（《秦本紀》，“擊芒卯、華陽”乃三十四年事，此誤上一年） [秦]昭王三十四年白起攻魏，拔華陽，走芒卯，而虜三晉將（“晉”字當為衍文），斬首十三萬。與趙將賈偃戰，沈其卒二萬人於河中。（《白起列傳》） 秦昭王三十四年白起擊魏華陽軍，芒卯走，得三晉將（“晉”字當為衍文），斬首十五萬。（《六國表》） [趙惠文王]二十五年與魏共擊秦，秦將白起破我華陽，得一將軍。（《趙世家》） 魏安釐王四年與秦南陽以和。（《六國表》） 明年（指秦昭王三十四年）穰侯與白起、客卿胡陽複攻趙、韓、魏（“韓”字當為衍文），破芒卯于華陽下，斬首十萬，取魏之卷、蔡陽、長社，趙氏觀津。（《穰侯列傳》） 秦昭王使白起攻韓、魏，敗之于華陽，禽魏將芒卯，韓、魏服而事秦。（《春申君列傳》，“禽”當為“走”字之誤） 案：據《韓世家》及《韓策三》第十五章，是年趙、魏攻韓華陽，韓相遣使入秦見穰侯……
前272,272,周赧王四十三年（西元前二七二年）,19,秦、齊、楚、燕、韓、趙、魏、晉、周、越、吳、宋,白起、秦昭王,伐、攻、救、卒、立、滅、取、會、殺,秦昭王三十五年，魏安釐王五年，韓桓惠王元年，趙惠文王二十七年，齊襄王十二年，楚頃襄王二十七年，燕惠王七年。 [燕]惠王七年卒。韓、魏、楚共伐燕。燕武成王立。（《燕世家》） 案：《索隱》雲：“《趙世家》趙惠文王二十八年，燕相成安君公孫操弑其王。樂資以為惠王也。徐廣按《年表》，是年燕武成王元年，武成即惠王子，則惠王為成安君弑明矣。此不言者，燕遠，諱不告，或太史公之說疏也。”今案：《燕世家》未言武成王為惠王子，《索隱》謂武成即惠王子，不確。《資治通鑒》書“燕惠王薨，子武成王立”，大謬。據《趙世家》，次年燕將成安君公孫操弑王，公孫操蓋封君兼相而專權者，殺惠王而擁立武成王。是年秦、楚助三晉伐燕，因燕內亂而干預之。次年公孫操殺惠王而擁武成王，武成王未逾年而改元，其實惠王八年見殺，《燕世家》因諱言見殺，而去“惠王七年卒”。 [韓]桓惠王元年伐燕。（《韓世家》） 魏安釐王五年擊燕。（《六國表》） 楚頃襄王二十七年擊燕。（《六國表》） 案：梁玉繩雲：“《韓表》當有‘擊燕’二字，各本俱脫。” [楚頃襄王]二十七年使三萬人助三晉伐燕。複與秦平，而入太子為質于秦，楚使左徒侍太子于秦。（《楚世家》） [秦昭王]……
前271,271,周赧王四十四年（西元前二七一年）,11,秦、齊、楚、燕、韓、趙、魏、晉、周、越、吳、宋、鄭、代,范雎、廉頗、藺相如、秦昭王、楚懷王,伐、攻、卒、立、稱帝、取、拔、會、殺,秦昭王三十六年，魏安釐王六年，韓桓惠王二年，趙惠文王二十八年，齊襄王十三年，楚頃襄王二十八年，燕武成王元年。 [趙惠文王]二十八年，藺相如伐齊，至平邑。罷城北九門大城。（《趙世家》，《六國表》亦作“藺相如攻齊，至平邑”）案：“罷城北九門大城”，謂邯鄲“大城”中地處“城北”之“九門”（苑囿名），廢棄不用。已說明在周赧王六年案語中。後四年（指攻防陵、安陽之後四年，即趙惠文王二十八年），藺相如將而攻齊，至平邑而罷。（《廉頗藺相如列傳》） [秦]昭王三十六年，相國穰侯言客卿灶，欲伐齊取剛、壽以廣其陶邑。（《穰侯列傳》） 案：《資治通鑒》周赧王四十五年載：“穰侯言客卿灶于秦王，使伐齊，取剛、壽以廣陶邑。”是《資治通鑒》作者所見《史記》，“客卿灶”下有“于王”兩字。黃式三雲：“言客卿灶當作用客卿灶言。” 秦客卿造謂穰侯曰：“秦封君以陶，藉君天下數年矣。攻齊之事成，陶為萬乘，長小國，率以朝天子（鮑本無“率”字，帛書《戰國縱橫家書》作“率以朝”），天下必聽，五伯之事也。攻齊不成，陶為鄰恤而莫之據也（“鄰恤”，鮑注：“言近于憂”，金正煒雲：“疑恤或為殉之訛。”帛書作“廉監”，帛書編者注：“廉、鄰聲近，監……
前270,270,周赧王四十五年（西元前二七0年）,18,秦、齊、楚、燕、韓、趙、魏、晉、周、魯、越、吳、宋、中山,白起、范雎、秦昭王、齊湣王、燕昭王,伐、攻、卒、立、合縱、滅、取、拔、會、賂、殺、奔,秦昭王三十七年，魏安釐王七年，韓桓惠王三年，趙惠文王二十九年，齊襄王十四年，楚頃襄王二十九年，燕武成王二年。 [齊襄王]十四年秦擊我剛、壽。（《田世家》，《六國表》作“秦、楚擊我剛、壽”） 案：梁玉繩謂《六國表》“楚”字衍，《秦記》、《田完世家》、《穰侯列傳》、《範雎列傳》無“楚”字。 [秦昭王]三十六年客卿灶攻齊，取剛、壽予穰侯。（《秦本紀》） 案：秦取剛、壽，當從《編年記》、《田世家》、《六國表》，定在昭王三十七年。《秦本紀》“六”乃“七”字之誤。“剛”亦或作“綱”，《範雎列傳》記雎曰：“夫穰侯越韓、魏而攻齊綱、壽，非計也。” [秦昭王]卅七年□寇剛。（秦簡《編年記》） 案：《編年記》所記秦攻伐別國之事皆稱“攻”，惟此用貶詞作“寇”，或者以為此乃作者對穰侯越韓、魏而攻齊綱、壽，表示指斥。但《編年記》中未見有反對穰侯之意圖。原文此三字並不清楚，第一字不能辨識，第二、三兩字，右側殘缺。因而所識“寇”字，恐不確。 范子因王稽入秦，獻書昭王曰：“臣聞明主蒞政（《範雎列傳》）“蒞”作“立”)，有功者不得不賞，有能者不得不官，勞大者其祿厚，功多者其爵尊，能治眾者其官大，故不能者不敢當其職焉（《……
前269,269,週報王四十六年（西元前二六九年）,28,秦、齊、楚、燕、韓、趙、魏、晉、周、吳、衛、鄭、中山、代,張儀、范雎、廉頗、藺相如、秦惠王、秦昭王,伐、攻、圍、救、卒、立、合縱、連橫、滅、取、拔、會、殺,秦昭王三十八年，魏安釐王八年，韓桓惠王四年，趙惠文王三十年，齊襄王十五年，楚頃襄王三十年，燕武成王三年。 [秦昭王]卅八年閼輿。（秦簡《編年記》） [秦昭王]三十八年中更胡傷攻趙閼與，不能取。（《秦本紀》） [趙惠文王]二十九年(當作三十年)秦、韓相攻，而圍閼與，趙使趙奢將，擊秦，大破秦軍閼與下，賜號為馬服君。(《趙世家》) 趙惠文王二十九年（當作三十年）秦拔我閼與（“拔”當作“攻”），趙奢將擊秦，大敗之，賜號曰馬服。（《六國表》） 韓桓惠王三年(當作四年)秦擊我閼與城，不拔。(《六國表》，此條有誤，閼與為趙地，非韓地) [南水]又東北徑梁榆城南，即閼與故城也。秦伐韓閼與（“韓”當作“趙”），惠文王使趙奢救之，奢納許曆之說，破秦於閼與，謂此也。司馬彪、袁山松《郡國志》並言涅縣有閼與聚。盧諶《征艱賦》曰：訪梁榆之虛郭，吊閼與之舊都。閼駟亦雲閼與，今梁榆城是也。（《水經·清漳水注》，“閼駟”原誤作“桓”，今改正） 棠：趙破秦于闕與，《趙世家》、《六國表》、《廉頗藺相如列傳》均列于趙惠文王二十九年，即秦昭王三十七年，惟《秦本紀》在昭王三十八年。考秦簡《編年記》亦在三十八年，當以《秦本紀》為是……
前266,266,周赧王四十九年（西元前二六六年）,21,秦、齊、楚、燕、韓、趙、魏、晉、魯、吳、鄭、代,蘇秦、白起、范雎、智伯、趙襄子、韓康子、魏桓子、秦昭王,伐、攻、圍、救、卒、立、合縱、連橫、滅、取、拔、會、賂、遷、殺,秦昭王四十一年，魏安釐王十一年，韓桓惠王七年，趙惠文王三十三年，齊襄王十八年，楚頃襄王三十三年，燕武成王六年。 [秦昭王]卅一年攻邢丘。（秦簡《編年記》） [秦昭襄王]四十一年夏攻魏，取邢丘、懷。（《秦本紀》，取懷在上二年，此誤下二年） [魏安釐王]十一年秦拔我郪丘。（《魏世家·集解》徐廣曰：“郪丘一作廩丘，又作邢丘。”） 魏安釐王十一年秦拔我廩丘。（《六國表·集解》徐廣曰：“或作邢丘。”） 後二歲（指秦王卒聽範雎謀，使大夫綰伐魏拔懷之後二年），拔邢丘。（《範雎列傳》） [秦]王曰：“寡人欲親魏，魏多變之國也，寡人不能親，請問親魏奈何？”範雎曰：“卑辭重幣以事之，不可，削地而賂之，不可，舉兵而伐之。”於是舉兵而攻邢丘，邢丘拔而魏請附。（《秦策三》第九章） 案：是年秦取魏邢丘，《魏世家》作郪丘，《六國表》作廩丘，梁玉繩以為當從《魏世家》作郪丘，雲：“廩丘乃齊地，時屬於趙。郪丘為汝南郡新郪縣，春秋時屬齊，六國時屬魏。《漢書·地理志》應劭注雲：秦伐魏取郪丘，可為證據矣。若邢丘之地，久入于秦，不待是時始取，故魏襄王時蘇秦說魏，歷數魏地不及邢丘，而《魏世家》安釐王十一年信陵君謂魏王曰：秦固有懷、……
前265,265,週報王五十年（西元前二六五年）,36,秦、齊、楚、燕、韓、趙、魏、周、吳、衛、宋、鄭、中山、代,蘇秦、范雎、秦昭王,伐、攻、圍、救、卒、立、即位、取、拔、會、殺,秦昭王四十二年，魏安釐王十二年，韓桓惠王八年，趙孝成王元年，齊襄王十九年，楚頃襄王三十四年，燕武成王七年。 [秦昭王]卅二年攻少曲。（秦簡《編年記》） 范睢相秦二年，秦昭王之四十二年，東伐韓少曲、高平，拔之。（《范睢列傳》） 案：《范雎列傳》敘範雎為相，“一飯之德必償，睚眥之怨必報”之後，接敘伐韓少曲、高平。梁玉繩《史記志疑》論之曰：“上文方敘雎償德報怨，便當接入報魏、齊仇一段，何得橫插伐韓事。遍檢《紀》《表》《世家》《列傳》，亦無秦昭四十二年伐韓事。少曲雖無考，蓋與高平相近，而高平為魏地，《趙世家》雲反高平于魏是也。況雎相二年，乃秦昭王四十三年，非四十二年，疑此廿三字當衍。”此說非是。據秦簡《編年記》，昭王四十二年確有攻少曲之事。可知《傳》所敘至確。《燕策二》第一章蘇代約燕王，言“秦正告韓曰：我起乎少曲，一日而斷太行”，又曰：“已得宜陽、少曲”（“宜陽”當是“曲陽”之誤），是少曲確為韓地，因在少水（即沁水）彎曲處而得名，在今河南濟源東北。高平在少曲之西南，在今河南孟縣西，據古本《竹書紀年》，高平原名向，魏襄王四年韓以此地歸魏。一度此地為秦攻佔，秦昭王二十年蘇秦、李兌約五國攻秦，秦又以……
前264,264,周赧王五十一年（西元前二六四年）,20,秦、齊、楚、燕、韓、趙、魏、晉、周、魯、越、吳、宋、蔡、代,張儀、白起、范雎、秦孝公、秦惠王、秦昭王,伐、攻、圍、卒、立、取、拔、殺,秦昭王四十三年，魏安釐王十三年，韓桓惠王九年，趙孝成王二年，齊王建元年，楚頃襄王三十五年，燕武成王八年。 [秦昭襄王]四十三年，武安君白起攻韓拔九城，斬首五萬。（《秦本紀》） [秦]昭王四十三年，白起攻韓陘城，拔五城，斬首五萬。（《白起列傳》） [秦]昭王四十三年，秦攻韓汾、陘，拔之，因城河上廣武。（《範雎列傳》） [韓桓惠王]九年，秦拔我陘，城汾旁。（《韓世家》，《六國表》同。） 案：《白起列傳》謂“白起攻韓陘城，拔五城”，疑“陘城”乃“陘、汾”之誤。《範雎列傳》作“秦攻韓汾、陘”，蓋指汾水兩岸汾城、陘城一帶。《韓世家》與《六國表》言“秦拔我陘，城汾旁”，而《範雎列傳》則稱“因城河上廣武”，《索隱》引劉氏雲：“此河上，蓋近河之地，本屬韓，今秦得而城。”此說可疑，陘城既在汾旁，因得陘城，而“城河上廣武”，“河”疑“汾”之誤。 秦攻韓，圍陘。范雎謂秦昭王曰：“有攻人者，有攻地者，穰侯十攻魏而不得傷者（姚注：“得一作能”），非秦弱而魏強也，其所攻者地也。地者，人主所甚愛也；人主者，人臣之所樂為死也；攻人主之所愛，與樂死者鬥，故十攻而弗能勝也。今王將攻韓圍陘，臣願王之毋獨攻其地而攻其人也。王……
前263,263,周赧王五十二年（西元前二六三年）,24,秦、齊、楚、燕、韓、趙、魏、晉、周、越、吳、衛、鄭、蔡、代,白起、范雎、智伯、秦昭王,伐、攻、圍、救、卒、立、即位、合縱、取、拔、會、賂、殺,秦昭王四十四年，魏安釐王十四年，韓桓惠王十年，趙孝成王 三年，齊王建二年，楚頃襄王三十六年，燕武成王九年。[秦昭襄王]四十四年攻韓南陽，取之。（《秦本紀》，“陽”原誤作“郡”，從《六國表》、《白起列傳》改正） 秦昭王四十四年秦攻韓取南陽。（《六國表》，《集解》徐廣曰：“一作郡。”作郡乃字誤。按表例，“秦”字當為衍文） [秦昭王]四十四年白起攻南陽、太行道，絕之。（《白起列傳》） [秦昭王]四十四年攻大行，攻。（秦簡《編年記》） [韓桓惠王]十年秦擊我於太行，我上黨郡守以上党郡降趙。（《韓世家》） [韓桓惠王]十年秦擊我太行。（《六國表》） 案：錢大昕《潛研堂文集》卷十二“答問九”，以為《秦本紀》攻韓南郡，《六國表》作南陽，當以南陽為是，甚確。錢氏又謂：“韓之南陽，即秦、漢之南陽郡，昭王三十五年初置南陽郡者也。昭王十六年拔韓宛城，又封魏冉穰侯，皆南陽郡地，是南陽屬秦已久。而此時又雲攻取韓南陽，蓋戰國時，大郡或領十數城，非一時所能盡拔。秦雖置南陽郡，尚未全有其地，至是始悉取之。”此說大謬。《白起列傳·集解》曰：“此南陽，河內修武是也。”《正義》又曰：“案南陽屬韓，秦攻之，則韓太行羊腸道絕矣……
前262,262,週報王五十三年（西元前二六二年）,11,秦、齊、楚、燕、韓、趙、魏、周、吳、宋、鄭、代,蘇秦、白起、廉頗、秦昭王,伐、攻、圍、卒、滅、取、盟、會,秦昭王四十五年，魏安釐王十五年，韓桓惠王十一年，趙孝成王四年，齊王建三年，楚考烈王元年，燕武成王十年。 [秦昭襄王]四十五年五大夫賁攻韓，取十城。葉陽君悝出之國（《集解》：“一雲華陽”），未至而死。（《秦本紀》，《六國表》作“攻韓取十城”） 案：葉陽君，《集解》雲：“一雲華陽”。梁玉繩曰：“華形近葉，傳寫致訛。華陽君即昭王舅羋戎，悝乃昭王母弟高陵君，此紀當有脫誤。不然，將以羋戎為公子悝矣。”今案：此疑“華陽君羋戎”之誤，說在周赧王五十年案語中。 [秦昭王]四十五年攻大壄王(“壄”即“野”之別體)。十二月甲午雞鳴時喜產。(秦簡《編年記》)[秦昭王]四十五年伐韓之野王，野王降秦，上黨道絕。其守馮亭與民謀曰：“鄭道已絕，韓必不可得為民。秦兵日進，韓不能應，不如以上党歸趙。趙若受我，秦怒，必攻趙。趙被兵，必親韓。韓、趙為一，則可以當秦。”因使人報趙。趙孝成王與平陽君、平原君計之。平陽君曰：“不如勿受。受之，禍大於所得。”平原君曰：“無故得一郡，受之便。”趙受之，因封馮亭為華陽君。（《白起列傳》） [趙孝成王]四年王夢衣偏裻之衣，乘飛龍上天，不至而墜，見金玉之積如山。明日王召筮史敢占之，曰：“夢……
前261,261,周赧王五十四年（西元前二六一年）,10,秦、齊、楚、燕、韓、趙、魏、晉、周、魯、鄭、代,白起、廉頗、秦昭王,伐、攻、滅、取、拔,秦昭王四十六年，魏安釐王十六年，韓桓惠王十二年，趙孝成王五年，齊王建四年，楚考烈王二年，燕武成王十一年。 趙孝成王五年使廉頗拒秦于長平。（《六國表》） 案：《趙世家》記此事于上年。 [秦昭王]四十六年秦攻韓緱氏、藺，拔之。（《白起列傳》，“藺”乃“綸”之音轉） 案：《正義》雲：“檢諸地記，潁川無藺，《括地志》雲：洛州嵩縣本夏之綸國也。在緱氏東南六十裡。《漢書·地理志》雲：綸氏屬潁川郡。按既攻緱氏、藺，二邑合相近，恐綸、藺聲相近，字隨音而轉作藺。”緱氏在今河南登封縣西北，綸氏在今登封縣西南。傳世有戈，刻銘雲：“七年侖氏命（讀作“令”）韓□、工師榮原、冶□。”侖氏即綸氏，乃韓之兵器。見黃盛璋《試論三晉兵器的國別和年代及其相關問題》（收入所著《歷史地理考古論叢》）。 [秦昭王]四十六年王之南鄭。（《六國表》） [秦昭王]四十六年攻□亭。(秦簡《編年記》，“亭”上缺一字，不詳何地)[魯頃公]十九年楚伐我取徐州。（《魯世家》） 案：《魯世家》言頃公二年秦拔楚之郢，楚頃襄王東徙于陳，可知魯頃西元年當周赧王三十六年，十九年當周赧王五十四年。是年楚乘秦攻韓與趙之時機，攻取魯之徐州。徐州即薛，乃魯往年乘……
前260,260,周赧王五十五年（西元前二六〇年）,25,秦、齊、楚、燕、韓、趙、魏、周、衛、鄭、代,蘇秦、白起、廉頗、藺相如、孔子、秦昭王,伐、攻、圍、救、卒、立、合縱、連橫、滅、取、拔、會、殺,秦昭王四十七年，魏安釐王十七年，韓桓惠王十三年，趙孝成王六年，齊王建五年，楚考烈王三年，燕武成王十二年。 [秦昭王]四十七年秦攻韓上黨，上党降趙，秦因攻趙，趙發兵擊秦，相距。秦使武安君白起擊，大破趙于長平，四十余萬盡殺之。（《秦本紀》，《六國表》作“白起破趙長平，殺卒四十五萬”） [趙孝成王六年]廉頗將軍，軍長平。（《趙世家》原脫“六年”二字） 趙孝成王六年使趙括代廉頗將，白起破括四十五萬。（《六國表》）[秦昭王]四十七年，秦使左庶長王齕攻韓，取上黨。上党民走趙。趙軍長平，以按據上黨民。四月齕因攻趙。趙使廉頗將。趙軍士卒犯秦斥兵，秦斥兵斬趙裨將茄。六月，陷趙軍，取二鄣四尉。七月趙軍築壘壁而守之。秦又攻其壘，取二尉，敗其陣（陣，《集解》引徐廣曰：“一作乘”），奪西壘壁。廉頗堅壁以待秦，秦數挑戰，趙兵不出。趙王數以為讓。而秦相應侯又使人行千金于趙為反間，曰：“秦之所惡，獨畏馬服子趙括將耳，廉頗易與，且降矣。”趙王既怒廉頗軍多失亡，軍數敗，又反堅壘不敢戰，而又聞秦反間之言，因使趙括代廉頗將以擊秦。秦聞馬服子將，乃陰使武安君白起為上將軍，而王齕為尉裨將，令軍中有敢泄武安君將者斬。趙括至，則出兵……
前259,259,周赧王五十六年（西元前二五九年）,83,秦、齊、楚、燕、韓、趙、魏、晉、周、魯、越、吳、衛、宋、鄭、中山、蔡、代,蘇秦、樂毅、白起、范雎、孔子、句踐、秦昭王、齊威王,伐、攻、圍、救、卒、立、徙都、合縱、連橫、稱王、稱帝、滅、取、拔、會、賂、遷、殺、奔,秦昭王四十八年，魏安釐王十八年，韓桓惠王十四年，趙孝成王七年，齊王建六年，楚考烈王四年，燕武成王十三年。 [秦昭襄王]四十八年十月韓獻垣雍。秦軍分為三軍。武安君歸。王齕將伐趙武安、皮牢，拔之。司馬梗北定太原，盡有韓上黨。正月兵罷，複守上黨。其十月，五大夫陵攻趙邯鄲。（《秦本紀》） [秦昭王]四十八年十月，秦複定上黨郡。秦分軍為二：王齕攻皮牢，拔之。司馬梗定太原。韓、趙恐，使蘇代厚幣說秦相應侯曰(“蘇代”二字有誤，此時蘇代當已去世，《秦策三》第十五章僅作“謂應侯曰”，無遊說者姓名)：“武安君禽馬服子乎？”曰：“然。”又曰：“即圍邯鄲乎？”曰“然。”“趙亡則秦王王矣，武安君為三公。武安君所為秦戰勝攻取者七十余城，南定鄢、郢、漢中，北禽趙括之軍(《秦策》“趙括”作“馬服”，下有“不亡一甲”一句)，雖周、召、呂望之功，不益於此矣(《秦策》“益”作“過”)。今趙亡，秦王王，武安君為三公，君能為之下乎？雖無欲為之下，固不得已矣。秦嘗攻韓，圍邢丘(《秦策三》無“丘”字)，困上黨，上黨之民皆反為趙，天下不樂為秦民之日久矣。今亡趙，北地入燕，東地入齊，南地入韓、魏(《秦策》“韓”誤作“楚”)，則君之所得……
前256,256,周赧王五十九年（西元前二五六年）,17,秦、齊、楚、燕、韓、趙、魏、周、吳、宋,秦昭王,攻、圍、救、卒、立、合縱、滅、取、拔、會、遷、奔,秦昭王五十一年，魏安釐王二十一年，韓桓惠王十七年，趙孝成王十年，齊王建九年，楚考烈王七年，燕孝王二年。 魏安釐王二十一年韓、魏、楚救趙新中，秦兵罷。（《六國表》） 韓桓惠王十七年秦擊我陽城。救趙新中。（《六國表》） [韓桓惠王]十七年秦拔我陽城、負黍。（《韓世家》） [楚考烈王]七年至新中，秦兵去。（《楚世家》楚考烈王六年“楚遣將軍景陽救趙”之後。《六國表》作“救趙新中”） 案：《史記會注考證》以為《六國表·魏表》有誤，雲：“韓未嘗救，魏不應挨入。當書曰：趙、楚救我寧新中軍，秦兵去。”不確。是時秦大軍潰退，但秦一路南下攻取魏新中，因而韓、魏、楚合兵反攻新中，秦兵罷去。是年韓亦參與合縱救趙。 [秦昭襄王]五十一年將軍摎攻韓，取陽城、負黍，斬首四萬。攻趙取二十餘縣，首虜九萬。西周君背秦，與諸侯約從，將天下銳兵出伊闕攻秦，令秦毋得通陽城，於是秦使將軍摎攻西周。西周君走來自歸，頓首受罪，盡獻其邑三十六城，口三萬。秦王受獻，歸其君于周。（《秦本紀》） [周赧王]五十九年秦取韓陽城、負黍，西周恐，倍秦，與諸侯約從，將天下銳師出伊闕攻秦，令秦無得通陽城。秦昭王怒，使將軍摎攻西周。西周君奔秦，頓首受罪……
前255,255,秦昭王五十二年（西元前二五五年）,23,秦、齊、楚、燕、韓、趙、魏、晉、周、魯、越、吳、衛、宋、鄭、蔡、代,蘇秦、商鞅、白起、范雎、孔子、句踐、智伯、秦孝公、秦昭王,伐、攻、圍、救、卒、立、變法、合縱、稱帝、滅、取、拔、聘、會、遷、殺,魏安釐王二十二年，韓桓惠王十八年，趙孝成王十一年，齊王建十年，楚考烈王八年，燕孝王三年。 [秦昭王]五十二年取西周。（《六國表》，“西周”下原衍“王”字，今刪） [秦昭襄王]五十二年周民東亡，其器九鼎入秦。周初亡。（《秦本紀》） 案：《周本紀》記秦使將軍摎攻取西周，西周君入秦獻其邑，秦歸其君于周，與周君、周王赧卒及民東亡在上年。《秦本紀》記周民東亡在是年。而《六國表》記取西周在是年。《韓非子·五蠹》篇雲：“周去秦為從（縱），期年而舉。”可知秦取西周，當在秦“為從”之後一年。秦因西周參與合縱攻秦而伐之。西周武公入秦獻其邑，秦歸其君於西周，當在上年。周君與周王赧卒而西周為秦所取，遷西周武公之後裔于黑狐聚，當在是年。惡狐聚在今河南伊川縣與臨汝縣之間。楚考烈王八年取魯，魯君封於莒。（《六國表》） 春申君相楚八年為楚北伐滅魯。以荀卿為蘭陵令。當是時，楚複強。（《春申君列傳》） 案：《六國表》記“楚考烈王八年取魯，魯君封於莒”，又記“十四年滅魯，頃公遷卞為家人，絕祀”。《魯世家》又載頃公二十四年“楚考烈王伐滅魯。頃公亡，遷於下邑，為家人，魯絕祀，頃公卒于柯”。據《春申君列傳》楚於是年滅魯，《六國表……
前254,254,秦昭王五十三年（西元前二五四年）,6,秦、齊、楚、燕、韓、趙、魏、周、吳,秦昭王,伐、攻、取,魏安釐王二十三年，韓桓惠王十九年，趙孝成王十二年，齊王建十一年，楚考烈王九年，燕王喜元年。 [秦昭襄王]五十三年天下來賓。魏後，秦使摎伐魏，取吳城（“吳”讀為“虞”）。韓王入朝。魏委國聽令。（《秦本紀》） 案：“吳”讀為“虞”，吳城即虞城，為周武王封弟虞仲之邑。《正義》引《括地志》雲：“虞城古城在陝州河北縣東北五十裡虞山之上，亦名吳山。”《左傳》哀西元年《正義》引皇甫謐雲：“今河東大陽縣西山上虞城是也。”此乃魏在河東重要防守之地。秦攻取之，迫使“魏委國聽令”。 [秦昭王]五十三年吏誰從軍。（秦簡《編年記》，“誰”讀為“推”） 案：秦、漢時，“誰”常讀為“推”，推擇之意。《釋名·釋言語》雲：“誰，采也，有推擇，言不能一也。”“吏推從軍”乃秦於此年新公佈之從軍制度，用以增強軍隊之實力。《秦始皇本紀》載十一年“王翦攻闕與、櫬陽，皆並為一軍。翦將十八日，軍歸，鬥食以下什推二人從軍”。蓋秦王政時沿用此制。《編年記》作者，即墓主名喜者，因為“令史”有治獄之職，于秦王政十三年“從軍”，十五年“從平陽軍”。 [趙孝成王]十二年邯鄲宏燒。（《趙世家》）
前253,253,秦昭王五十四年（西元前二五三年）,7,秦、齊、楚、燕、韓、趙、魏、周、衛,秦昭王,攻、救、立、合縱、連橫、稱帝、滅、取、殺,魏安釐王二十四年，韓桓惠王二十年，趙孝成王十三年，齊王建十二年，楚考烈王十年，燕王喜二年。[秦昭襄王]五十四年王郊見上帝於雍。（《秦本紀》） 案：《資治通鑒》胡三省注：“班《志》：雍縣屬扶風，秦惠公都之，有五畤，故於此郊見上帝，欲行天子之禮也。”今案郊為祭天於郊外之禮，周公營建東都成周，嘗“用牲於郊”。秦國原無郊祀之禮，別有建畤祭黃帝、炎帝、白帝、青帝之禮。秦昭王嘗于宜陽稱帝，其攻邯鄲，蓋欲滅趙，以成其帝業，是年昭王“郊見上帝於雍”。郊見者，當於郊外舉行，並不沿用“五畤”以祭祠五色帝之禮，確是欲行天子祭天之禮。 [衛]懷君三十一年朝魏，魏囚殺懷君。魏更立嗣君弟，是為元君。元君為魏婿，故魏立之。（《衛世家》，《六國表》記衛元君元年當秦昭王五十五年，則衛懷君三十一年當秦昭王五十四年。《資治通鑒》記於次年） 衛離魏為衡，半歲而亡。（《韓非子·五蠹》） 案：魏自與楚合縱救趙破秦之後，即連年東向進攻，攻取陶、衛之地，至此年，衛與秦連橫以對抗魏之進攻，因而為魏滅亡。此年魏乘衛懷君來朝之時，囚殺懷君，衛即滅亡。魏所立衛元君，為魏君之婿，已為附庸性質。衛元君未必為衛嗣君之弟。若衛元君為嗣君之弟，嗣君在……
前252,252,秦昭王五十五年（西元前二五二年）,8,秦、齊、楚、燕、韓、趙、魏、衛、代,,攻、卒、殺、奔,魏安釐王二十五年，韓桓惠王二十一年，趙孝成王十四年，齊王建十三年，楚考烈王十一年，燕王喜三年。 [魏安釐王]廿五年閏再十二月丙午朔辛亥，[王]（此字原缺）告相邦：民或棄邑居壄（即“野”字），入人孤寡，徼人婦女，非邦之故也。自今以來，叚門逆呂（“叚”即“假”字，“假門”當讀為“賈門”。“逆呂”當讀“逆旅”），贅婿後父，勿令為戶，勿鼠田宇（“鼠”讀為“予”），三枼之後（“枼”讀為“世”），欲士士之（下“士”讀為“仕”），乃署其籍曰（“乃”讀為“仍”）：故某慮贅婿某叟之乃孫（“慮”讀為“鄉間”之“間”，“乃孫”讀為“仍孫”，即曾孫）。（《魏戶律》）（雲夢秦簡《為吏之道》末尾附抄《魏戶律》一條，見《睡虎地秦墓竹簡》第二九二至二九四頁） [魏安麓王]廿五年閏再十二月丙午朔辛亥，[王]（此字原缺）告將軍：叚門逆闞（讀作“賈門逆旅”），贅婿後父，或衛（即“率”字）民不作，不治室屋，寡人弗欲。且殺之，不忍其宗族昆弟，今遣從軍，將軍勿恤視，享牛食士（“享”讀作“烹”），賜之參飯而勿鼠殽（“參飯”亦作“參食”，早晚兩餐各三分之一鬥。“鼠”讀為“予”）。攻城用其不足，將軍以堙豪（“豪”讀作“壕”，“堙壕”謂……
前251,251,秦昭王五十六年（西元前二五一年）,67,秦、齊、楚、燕、韓、趙、魏、晉、周、魯、越、吳、衛、宋、代,樂毅、廉頗、秦昭王,伐、攻、圍、救、卒、立、即位、合縱、滅、取、拔、會、遷、殺、奔,魏安釐王二十六年，韓桓惠王二十二年，趙孝成王十五年，齊王建十四年，楚考烈王十二年，燕王喜四年。 [秦昭襄王]五十六年秋昭襄王卒，子孝文王立。尊唐八子為唐太后，而合其葬于先王。韓王衰絰入吊祠，諸侯皆使其將相來吊祠，視喪事。（《秦本紀》） 秦昭王五十六年薨。太子安國君立為王，華陽夫人為王后，子楚為太子。趙亦奉子楚夫人及子政歸秦。（《呂不韋列傳》） [秦]昭襄王享國五十六年。葬茝陽。生孝文王。（《秦始皇本紀》所附《秦記》） [秦]孝文王生五十三年而立。（《秦始皇本紀》所附《秦記》） [楚考烈王]十二年，秦昭王卒，楚王使春申君吊祠于秦。（《楚世家》） [秦昭王]五十六年後九月昭死。正月遨產。（秦簡《編年記》） 案：邀當為墓主喜之弟。 燕王喜四年伐趙，趙破我軍，殺栗腹。（《六國表》） 燕王喜使栗腹以百金為趙孝成王壽酒，三日反報曰：“趙民其壯者皆死于長平，其孤未壯，可伐也。”王乃召昌國君樂間而問曰：“何如？”對曰：“趙，四達之國也，其民皆習於兵，不可與戰。”王曰：“吾以倍攻之，可乎？”曰：“不可。”曰：“以三可乎？”曰：“不可。”王大怒，左右皆以為趙可伐。遽起六十萬以攻趙，令栗腹以四十萬攻鄗，使慶……
前248,248,秦莊襄王二年（西元前二四八年）,31,秦、齊、楚、燕、韓、趙、魏、晉、越、吳、衛、鄭、蔡、代,廉頗、秦昭王,伐、攻、圍、救、卒、立、合縱、連橫、滅、取、拔、會、賂、殺,魏安釐王二十九年，韓桓惠王二十五年，趙孝成王十八年，齊王建十七年，楚考烈王十五年，燕王喜七年。 秦莊襄王二年蒙驁擊趙榆次、新城、狼孟，得三十七城。日蝕。（《六國表》） [秦莊襄王]二年蒙驁攻趙，取三十七城。（《蒙恬列傳》） [燕王喜]七年秦拔趙榆次三十七城，初置太原郡。（《燕世家》） 案：《秦本紀》、《六國表》、《水經·汾水注》皆謂秦置太原郡在次年。 [趙孝成王]十八年延陵鈞率師從相國信平君助魏攻燕。秦拔我榆次三十七城。（《趙世家》） [秦莊襄王]二年使蒙驁攻趙，定太原。三年（當為“三月”之誤），蒙驁攻魏高都、汲，拔之（《集解》引徐廣曰：“汲一作波”）。攻趙榆次、新城、狼孟，取三十七城。四月日食。（《秦本紀》） [秦莊襄王]立二年取太原地。（《秦始皇本紀》附《秦記》） 案：梁玉繩雲：“使蒙驁攻趙定太原”八字乃羨文。《年表》及《趙世家》、《蒙恬列傳》皆無其事。蓋所謂攻趙者，因是年有蒙驁攻趙取三十七城之事也。所謂定太原者，因明年有置太原郡之事也。二事下文皆書之，則此為錯出無疑。況前十二年得韓上黨地，已北定太原矣，何煩再定乎？”其說非是。秦昭王四十八年于大破趙于長平之後，使“司馬梗北定太原，……
前247,247,秦莊襄王三年（西元前二四七年）,35,秦、齊、楚、燕、韓、趙、魏、晉、周、越、吳、衛、鄭、蔡、代,蘇秦、范雎、秦昭王,伐、攻、圍、救、卒、立、即位、合縱、稱帝、滅、取、拔、會,魏安釐王三十年，韓桓惠王二十六年，趙孝成王十九年，齊王建十八年，楚考烈王十六年，燕王喜八年。 秦莊襄王三年王齮擊上黨（《集解》引徐廣曰：“齮一作齕”），初置太原郡。魏公子無忌率五國卻我軍河外，蒙驁解去。（《六國表》） [秦莊襄王]三年（原誤作“四年”，今改正），王齕攻上党，初置太原郡。魏將無忌率五國兵擊秦，秦卻於河外。蒙驁敗，解而去。五月丙午，莊襄王卒，子政立，是為秦始皇帝。（《秦本紀》） 太原郡治晉陽城，秦莊襄王三年立。（《水經·汾水注》）莊襄王享國三年，葬茝陽。生始皇帝。呂不韋相。（《秦始皇本紀》附《秦記》） [秦]莊王三年莊王死。（秦簡《編年記》） [韓桓惠王]二十六年秦悉拔我上黨。（《韓世家》，《六國表》作“秦拔我上黨”） 案：《秦本紀·正義》雲：“上党又反，秦故攻之。”梁玉繩辨之曰：“前此昭王四十八年盡有上黨地，北定太原，是時何煩再攻？疑前所定者惟降趙之城邑十七；今所攻者，並其餘城而攻之，故《韓世家》雲秦悉拔我上黨也。《紀》及《表》欠明。《正義》謂上黨又反，故攻之，臆測之詞，非事實矣。”此說非是。《秦本紀》昭王四十八年既稱“盡有韓上黨”，必已盡取之。自魏、楚聯軍破秦軍於邯鄲，……
前246,246,秦王政（始皇帝）元年（西元前二四六年）,16,秦、齊、楚、燕、韓、趙、魏、晉、周、魯、越、衛、宋、鄭、中山、蔡、代,白起、秦孝公、秦昭王,伐、攻、救、卒、立、即位、合縱、滅、取、拔、遷、殺,魏安釐王三十一年，韓桓惠王二十七年，趙孝成王二十年，齊王建十九年，楚考烈王十七年，燕王喜九年。 秦始皇帝元年擊取晉陽。作鄭國渠。（《六國表》） 晉陽反。[秦始皇帝]元年將軍蒙驁擊定之。（《秦始皇本紀》） [趙孝成王]二十年秦王政初立，秦拔我晉陽。（《趙世家》，《六國表》亦作“秦拔我晉陽”） 案：魏信陵君合縱，率五國兵擊退秦將蒙驁於河外，趙又乘機恢復太原之晉陽。因而擊取晉陽成為秦王政即位後第一件大事。 韓聞秦之好興事，欲罷之（“罷”讀作“疲”），毋令東伐，乃令水工鄭國間，說秦令鑿涇水自中山西邸瓠口為渠（《索隱》引小顏雲：“中音仲。”《正義》引《括地志》雲：“中山一名仲山。”“邸”讀作“抵”，至也。瓠口即穀口），並北山東注洛三百餘裡，欲以溉田。中作而覺，秦欲殺鄭國。鄭國曰：“始臣為間，然渠成亦秦之利也。”（《索隱》引《漢書·溝洫志》記鄭國曰：“臣為韓延數歲之命，為秦萬代之功也”）秦以為然，卒使就渠。渠就，用注填閼之水，溉澤鹵之地四萬餘頃，收皆畝一鍾（“鍾”讀作“鍾”）。於是關中為沃野，無凶年，秦以富強，卒並諸侯，因命曰鄭國渠。（《史記·河渠書》，《漢書·溝洫志》大體相同） 沮水東注鄭渠。昔……
前245,245,秦王政（始皇帝）二年（西元前二四五年）,9,秦、齊、楚、燕、韓、趙、魏、代,廉頗、秦昭王,伐、攻、卒、立、滅、取、拔、會、殺、奔,魏安釐王三十二年，韓桓惠王二十八年，趙孝成王二十一年，齊王建二十年，楚考烈王十八年，燕王喜十年。 [秦始皇帝]二年廉公將卒攻卷，斬首三萬。（《秦本紀》） 案：梁玉繩雲：“秦昭王三十四年已取魏卷，何煩此時攻之？疑卷字誤。”《史記會注考證》雲：“古鈔本、南本卷作權。”“卷”字實不誤。秦簡《編年記》雲：“三年卷軍。”蓋二年攻卷得勝，次年墓主喜到此服役，參與軍事行動。 [趙孝成王]二十一年孝成王卒。廉頗將，攻繁陽取之。使樂乘代之，廉頗攻樂乘，樂乘走，廉頗亡入魏。子偃立，是為悼襄王。（《趙世家》）居六年（指廉頗破燕軍、殺栗腹之後六年），趙使廉頗伐魏之繁陽，拔之。趙孝成王卒，子悼襄王立，使樂乘代廉頗。廉頗怒，攻樂乘，樂乘走，廉頗遂奔魏之大樑。（《廉頗列傳》） [燕王喜]十年趙使廉頗將，攻繁陽，拔之。趙孝成王卒，子悼襄王立，使樂乘代廉頗，廉頗不聽，攻樂乘，樂乘走，廉頗奔大樑。（《燕世家》） 案：《廉頗列傳》與《燕世家》同，所記當是。梁玉繩以為《趙世家》“孝成王卒”，“子偃立，是為悼襄王”十二字，當在“廉頗將，攻繁陽取之”下，今本錯亂，是也。 李牧者，趙之北邊良將也。常居代、雁門，備匈奴。以便宜置吏，……
前244,244,秦王政（始皇帝）三年（西元前二四四年）,19,秦、齊、楚、燕、韓、趙、魏、周、蔡,廉頗、孔子、秦昭王,伐、攻、卒、立、取、拔、盟、殺、奔,魏安釐土二十三年，韓桓惠王二十九年，趙悼襄王元年，齊王建二十一年，楚考烈王十九年，燕王喜十一年。 [秦始皇帝]三年蒙驁攻韓取十三城。王齮死。十月，將軍蒙驁攻魏氏畮、有詭（《集解》引徐廣曰：“畮音場。”《索隱》曰：“音暢”）。歲大饑。（《秦本紀》） 秦始皇帝三年蒙驁擊韓取十二城，王齮死。（《六國表》） [韓桓惠王]二十九年秦拔我十三城。（《韓世家》，《六國表》作“秦拔我十二城”） [秦]始皇三年蒙驁攻韓，取十三城。（《蒙恬列傳》） 案：《秦始皇本紀》、《韓世家》、《蒙恬列傳》皆作蒙騖攻韓，取十三城。惟《六國表》作十二城，《資治通鑒》、《稽古錄》亦作十二城。《周季編略》雲：“《秦記》十三城，《韓世家》、《蒙恬列傳》同，《年表》作十二，《資治通鑒》、《大事記》作十一。《通鑒》刻本亦有作十一城者。 [趙]悼襄王元年大備魏（“備”，《集解》引徐廣曰：“一作修”）。欲通平邑、中牟之道不成。（《趙世家》） 案：《正義》讀“大備”句，魏“欲通平邑、中牟之道不成”句。《正義》雲：謂“行大備之禮也”。又雲：“平邑在魏州昌樂縣東北三十裡。相州湯陰縣西五十八裡有牟山。按中牟，山之側。時二邑皆屬魏，欲渡黃河作道……
前243,243,秦王政（始皇帝）四年（西元前二四三年）,15,秦、齊、楚、燕、韓、趙、魏、周,,攻、卒、立、拔,魏安釐王三十四年，韓桓惠王三十年，趙悼襄王二年，齊王建二十二年，楚考烈王二十年，燕王喜十二年。 [秦始皇帝]四年，拔畮、有詭。三月軍罷。秦質子歸自趙，趙太子出歸國。十月庚寅蝗蟲從東方來，蔽天，天下疫（“十月”當為“七月”之誤）。百姓內粟千石，拜爵一級。（《秦始皇本紀》） 秦始皇帝四年七月蝗蔽天下，百姓納粟千石，拜爵一級。（《六國表》） 案：《秦始皇本紀》“十月庚寅”當為“七月庚寅”。《資治通鑒》從《六國表》作“七月”是也。《周季編略》雲：“十月無蝗。”是年七月丁亥朔，庚寅為初六日。 趙悼襄王二年太子從質秦歸。（《六國表》“太子”疑是“公子”之誤）。 [趙悼襄王]二年李牧將攻燕，拔武遂、方城。秦召春平君，因而留之。泄鈞為之謂文信侯曰：“春平君者，趙王甚愛之而郎中妒之，故相與謀曰：‘春平君入秦，秦必留之’，故相與謀而內之秦也。今君留之，是絕趙而郎中之計中也。君不如遣春平君而留平都(“平都”下當脫“君”或“侯”字)。春平君者言行信于王，王必厚割趙而贖平都。”文信侯曰：“善。”因遣之。城韓皋。（《趙世家》） 秦召春平侯，因留之。世鈞為之謂文信侯曰：“春平侯者，趙王之所甚愛也，而郎中甚妒之，故相……
前242,242,秦王政（始皇帝）五年（西元前二四二年）,15,秦、齊、楚、燕、韓、趙、魏、魯、越、杞,廉頗、秦昭王,攻、救、卒、合縱、滅、取、拔、盟、會、遷、殺,魏景湣王元年，韓桓惠王三十一年，趙悼襄王三年，齊王建二十三年，楚考烈王二十一年，燕王喜十三年。 [秦始皇帝]五年將軍驁攻魏，定酸棗、燕、虛、長平（“平”《集解》引徐廣曰：“一作千”）、雍丘、山陽城，皆拔之，取二十城。初置東郡。冬雷。（《秦始皇本紀》，《六國表》作“蒙驁取魏酸棗二十城，初置東郡”。冬雷，又見《漢書·五行志》） 今王三使盛橋守事于韓（鮑本無“三”字，“盛”作“成”。《史記·春申君列傳》與《新序·善謀》篇皆無“三”字，皆作“盛橋”），盛橋以其地入秦（“其地”原誤作“北”，“秦”原誤作“燕”，今從《史記》、《新序》改正）。是王不用甲，不伸威（《史記》、《新序》“伸”作“信”，《索隱》雲：“信音申”），而出百里之地（《史記》、《新序》“出”作“得”），王可謂能矣。王又舉甲兵而攻魏（《史記》、《新序》無“兵”字），杜大樑之門，舉河內，拔燕、酸棗、虛、桃人，楚、燕之兵雲翔而不敢救（《史記》、《新序》“桃”下“人楚”二字誤作“入邢”，“邢”乃“荊”字之訛。“救”原作“校”，《史記》作“捄”，《新序》作“救”，今據以改正），王之功亦多矣。（《秦策四》第十章，原為有人說秦王，高誘注：“秦王……
前241,241,秦王政（始皇帝）六年（西元前二四一年）,34,秦、齊、楚、燕、韓、趙、魏、晉、周、越、吳、衛,白起、趙襄子、秦昭王,伐、攻、圍、救、卒、立、即位、徙都、連橫、稱帝、滅、取、拔、遷、殺,魏景湣王二年，韓桓惠王三十二年，趙悼襄王四年，齊王建二十四年，楚考烈王二十二年，燕王喜十四年。 秦始皇帝六年五國共擊秦。（《六國表》） [秦始皇帝]六年韓、魏、趙、衛、楚共擊秦，取壽陵。秦出兵，五國兵罷。（《秦本紀》） [趙悼襄王]四年龐煖將趙、楚、魏、燕之銳師攻秦蕞，不拔。移攻齊，取饒安。（《趙世家》） [楚考烈王]二十二年與諸侯共伐秦，不利而去，楚東徙都壽春，命曰郢。（《楚世家》，《六國表》作“王東徙壽春，命曰郢”） 春申君相二十二年，諸侯患秦攻伐無已時，乃相與合從西伐秦，而楚王為從長，春申君用事。至函谷關，秦出兵攻，諸侯兵皆敗走。楚考烈王以咎春申君，春申君以此益疏。客有觀津人朱英謂春申君曰（《韓策一》第二十四章“觀津人朱英”作“觀鞅”)：“人皆以楚為強，而君用之弱。其于英不然（《策》文“英”作“鞅”）。先君時善秦二十年而不攻楚何也？（《策》文作“先君者二十餘年未嘗見攻”，《資治通鑒》作“先君時秦善楚，二十年而不攻楚何也”）秦逾黽隘之塞而攻楚（《策》文作“今秦欲逾兵於澠隘之塞”），不便；假道于兩周，背韓、魏而攻楚，不可。今則不然，魏旦暮亡，不能愛許、鄢陵，魏割以與秦（“魏”上原有“……
前240,240,秦王政（始皇帝）七年（西元前二四0年）,10,秦、齊、楚、燕、韓、趙、魏、代,,攻、卒、拔、會,魏景湣王三年，韓桓惠王三十三年，趙悼襄王五年，齊王建二十五年，楚考烈王二十三年，燕王喜十五年。 [秦始皇帝]七年彗星先出東方，見北方，五月見西方。將軍驁死。以攻龍、孤、慶都（《集解》引徐廣曰：“慶一作麃”），還兵攻汲。彗星複見西方十六日。夏太后死。（《秦始皇本紀》） 秦始皇帝七年彗星見 $ \underset{\cdot}{北} $方、西方。夏太后薨。蒙驁死。（《六國表》）[秦]始皇七年蒙驁卒。（《蒙恬列傳》） 魏景湣王三年秦拔我汲。（《魏世家》，《六國表》同） 案：據齊藤國治、小澤賢二《中國古代天文記錄檢證》，是年哈雷彗星於五月二十五日先見於東方，六月三日見於北方，六月九日再見於西方，即《秦始皇本紀》所謂“五月見西方”。 [趙悼襄王]五年傅抵將，居平邑；慶舍將東陽、河外師，守河梁。（《趙世家》） [秦]始皇七年莊襄王母夏太后薨。孝文王后曰華陽太后與孝文王會葬壽陵。夏太后子莊襄王葬芷陽，故夏太后獨別葬杜東，曰：“東望吾子，西望吾夫。後百年，旁當有萬家邑。”(《呂不韋列傳》) 案：《正義》曰：“夏太后陵在萬年縣東南三十五裡。” [秦始皇帝]七年正月甲寅鄢令史。（秦簡《編年記》） 案：是年……
前239,239,秦王政（始皇帝）八年（西元前二三九年）,14,秦、齊、楚、燕、韓、趙、魏、周、越、吳、鄭、蔡,孔子,攻、卒、立、連橫、滅、取、拔、賂、遷、殺,魏景湣王四年，韓桓惠王三十四年，趙悼襄王六年，齊王建二十六年，楚考烈王二十四年，燕王喜十六年。 [秦始皇帝]八年王弟長安君成蚜將軍擊趙，反死屯留(“死”字衍)，軍吏皆斬死，遷其民於臨洮。將軍壁死，卒屯留、蒲鷸反（《集解》引徐廣曰：“鷸一作鶡”），戮其屍。（《秦始皇本紀》） [趙悼襄王]六年封長安君以饒。（《趙世家》） 案：《秦始皇本紀》所載，當有誤字，舊注又多誤解。《正義》於“璧死”下釋雲：“言成嬌自殺壁壘之內。”《索隱》雲：“謂成嬌為將軍而反，秦兵擊之，而嬌壁於屯留而死。屯留、蒲鷂二邑之反卒，雖死猶皆戮其屍。”錢大昕雲：“辟與蒲鷂皆似人名，壁乃討成嬌之將軍，辟死而部卒又叛，因更戮其屍耳。”梁玉繩《瞥記》引許周生雲：“反下衍死字，《漢書·五行志》無。王弟長安君成嬌將軍擊趙，反屯留，軍吏皆斬，遷其民於臨洮，此為一事。據《漢書·五行志》所引止此，可證。以下別為一事。壁當將兵在外者，前所衍死字，疑當在蒲鷂反下，將軍壁死，卒屯留蒲鷂反，戮其屍。蓋蒲鷂、屯留人聞遷屯留民，懼禍及己，故因將軍之死而反，反亦即死，故戮其屍也。”今案：“反死屯留”，《漢書·五行志》所引無“死”字，“死”字當為衍文。據《……
前238,238,秦王政（始皇帝）九年（西元前二三八年）,43,秦、齊、楚、燕、韓、趙、魏、晉、周、魯、越、吳、衛、宋、鄭、代,張儀、商鞅、孔子、智伯、秦昭王,攻、圍、救、卒、立、即位、合縱、稱王、稱帝、滅、取、拔、聘、會、賂、遷、殺,魏景湣王五年，韓王安元年，趙悼襄王七年，齊王建二十七年，楚考烈王二十五年，燕王喜十七年。 [秦始皇帝]九年彗星見，或竟天。攻魏垣、蒲陽。……四月寒凍有死者，楊端和攻衍氏。彗星見西方，又見北方，從鬥以南八十日。（《秦始皇本紀》，《六國表》作“彗星見，竟天。嫪毐為亂，遷其舍人於蜀。彗星複見”） [魏景滑王]五年秦拔我垣、蒲陽、衍。（《魏世家》，《六國表》同） 王休甲息眾三年然後複之(“休”字原脫，“甲”原誤作“申”，“三”原誤作“二”，今從《史記·春申君列傳》、《新序·善謀》篇第九章補正)，又取蒲、衍、首垣（《史記》“取”作“並”，《新序》“蒲”誤作“滿”)，以臨仁、平丘、小黃、濟陽、甄城（姚本“丘”誤作“兵”，鮑本作“丘”，《史記》、《新序》皆作“丘”，今據以改正。“甄”，《史記》，《秦策》皆誤作“嬰”，今從《新序》改正)，而魏氏服矣。王又割濮、曆之北（《新序》“曆”作“曆”，“曆”“曆”古通用），屬之燕（《史記》、《新序》無此句），斷齊、趙之要（“趙”原誤作“秦”，從金正煒改正。“要”讀作“腰”。“斷”《史記》、《新序》誤作“注”），絕楚、魏之脊（“魏”，《史記》、《新序》誤作“趙”）……
前236,236,秦王政（始皇帝）十一年（西元前二三六年）,18,秦、齊、楚、燕、韓、趙、魏、周、吳、代,廉頗、秦昭王、燕昭王、趙武靈王,伐、攻、圍、救、卒、立、合縱、滅、取、拔、賂、遷、殺,魏景湣王七年，韓王安三年，趙悼襄王九年，齊王建二十九年，楚幽王二年，燕王喜十九年。 [趙悼襄王]九年，趙攻燕，取貍、陽城。兵未罷，秦攻鄴，拔之。悼襄王卒，子幽繆王遷立。（《趙世家》，《六國表》於次年《集解》引徐廣曰“幽湣元年”，蓋又諡“幽湣”） 趙悼襄王九年秦拔我闕與、鄴九城。（《六國表》） [秦始皇帝]十一年王翦、桓齮、楊端和攻鄴，取九城。王翦攻閼與、橑陽（《資治通鑒》“橑”作“轔”），皆並為一軍。翦將十八日，軍歸鬥食以下，什推二人從軍。取鄴、安陽，桓齮將。（《秦始皇本紀》，《六國表》作“王翦擊鄴、閼與，取九城”） [燕王喜]十九年秦拔趙之鄴九城。（《燕世家》） 王翦者，頻陽東鄉人也。少而好兵，事秦始皇。始皇十一年翦攻趙閼與，破之，拔九城。（《王翦列傳》） 趙又嘗鑿龜數策而北伐燕，將劫燕以逆秦，兆曰大吉。始攻大樑而秦出上黨矣（“大”當為“勺”字之誤），兵至釐而六城拔矣（“釐”與“貍”通），至陽城，秦拔鄴矣，龐援擒兵而南（“援”與“煖”通，龐援即龐煖），則鄣已盡矣（“鄣”當作“漳”）。臣故曰：趙龜雖無遠見于燕，且宜近見於秦。秦以其大吉，辟地有實，救燕有有名（上“有”字通“又”)；趙以其……
前235,235,秦王政（始皇帝）十二年（西元前二三五年）,12,秦、齊、楚、燕、韓、趙、魏、晉、越、吳、宋、鄭、蔡,智伯、秦昭王,伐、攻、救、卒、取、拔、遷、殺,魏景湣王八年，韓王安四年，趙王遷元年，齊王建三十年，楚幽王三年，燕王喜二十年。 秦始皇帝十二年發四郡兵助魏擊楚。（《六國表》） 魏景滑王八年秦助我擊楚。（《六國表》） [楚]幽王三年秦、魏伐楚。（《楚世家》，《六國表》作“秦魏擊我”) 說秦王曰：“物至而反，冬夏是也（《史記·春申君列傳》、《新序·善謀》第九章此二句上有一節：“天下莫強于秦、楚。今聞大王欲伐楚，此猶兩虎相與鬥。兩虎相與鬥而駑犬受其弊，不如善楚”）。物至而危，累棋是也。今大國之地半天下（《史記》、《新序》“半”作“遍”），有二垂，此從生民以來，萬乘之地未嘗有也。先帝文王、莊王、王之身三世而不接地于齊，以絕從親之要(“要”讀作“腰”），今王三使盛橋守事于韓，盛橋以其地入秦，是王不用甲，不伸威而出百里之地，王可謂能矣。王又舉甲兵而攻魏，杜大樑之門，舉河內，拔燕、酸棗、虛、桃人，楚、燕之兵雲翔而不敢救，王之功亦多矣。王休甲息眾，三年然後複之，又取蒲、衍、首垣，以臨仁、平丘、小黃、濟陽、甄城，而魏氏服矣。王又割濮、磬之北，屬之燕，斷齊、趙之要，絕楚、魏之脊，天下五合六聚而不敢救也，王之威亦憚矣（以上二節，已引錄於五年及九年，附注有……
前234,234,秦王政（始皇帝）十三年（西元前二三四年）,27,秦、齊、楚、燕、韓、趙、魏、晉、周、魯、越、吳、鄭、中山、代,白起、廉頗,伐、攻、圍、救、卒、立、即位、徙都、合縱、滅、取、拔、盟、賂、遷、殺、奔,魏景湣王九年，韓王安五年，趙王遷二年，齊王建三十一年，楚幽王四年，燕王喜二十一年。 [秦始皇帝]十三年桓齮攻趙平陽，殺趙將扈輒，斬首十萬。王之河南。正月彗星見東方。十月桓齮攻趙。（《秦始皇本紀》，《六國表》作“桓齮擊平陽，殺趙扈輒，斬首十萬，因東擊趙。王之河南。彗星見”） [趙王遷]二年秦攻武城，扈輒率師救之，軍敗，死焉。（《趙世家》，《六國表》作“秦拔我平陽，敗扈輒，斬首十萬”） 後七年（指“龐煖破燕軍、殺劇辛”之後七年，當作“後八年”），秦破殺趙將扈輒于武城（“武”下原衍“遂”字，從錢大昕據《趙世家》刪。《索隱》本、金陵局刻本《史記》又誤脫“城”字），斬首十萬。（《廉頗列傳》附《李牧傳》） 案：《索隱》本《史記》“武城”誤作“武遂”，《索隱》釋之曰：“按劉氏雲：武遂本韓地，在趙西，恐非《地理志》河間武遂也。”今按：戰國地名武遂者有三：一為韓地，在今山西垣曲縣東南，靠近黃河。二為趙地，在今河北獻縣西南，即所謂河間武遂。三為燕地，在今河北保定市北，為燕長城之重要門戶。凡此皆非秦破趙將扈輒之地。是役秦破趙將扈輒于平陽與武城，平陽在鄴之東，在今河北磁縣東南。武城在鄴之西，在今磁縣西南。武遂……
前232,232,秦王政（始皇帝）十五年（西元前二三二年）,13,秦、齊、楚、燕、韓、趙、魏、晉、越,蘇秦、張儀、廉頗,攻、卒、連橫、滅、取、拔、遷,魏景湣王十一年，韓王安七年，趙王遷四年，齊王建三十三年，楚幽王六年，燕王喜二十三年。 [秦始皇帝]十五年大興兵，一軍至鄴，一軍至太原，取狼孟。地動。（《秦始皇本紀》，《六國表》作“興軍至鄴，軍至太原，取狼孟”） 案：《秦本紀》、《六國表》言莊襄王二年蒙驁攻趙得三十七城，其中有狼孟，是年又雲“取狼孟”。蓋狼孟一度為趙恢復，是年再取之也。狼孟在今山西陽曲，正當晉陽之北。 [秦始皇帝]十五年從平陽軍。（秦簡《編年記》） 趙王遷四年秦拔我狼孟、鄱吾。（《六國表》） [趙王遷]四年秦攻番吾，李牧與之戰，卻之。（《趙世家》） 居三年（指李牧破秦軍于宜安後三年，當作明年），秦攻番吾，李牧擊破秦軍，南距韓、魏。（《廉頗列傳》附《李牧傳》） 秦、趙戰於河漳之上，再戰而再勝秦；戰於番吾之下，再戰而再勝秦；四戰之後，趙亡卒數十萬，邯鄲僅存，雖有勝秦之名，而國破矣。是何故也？秦強而趙弱也。（《齊策一》第十七章，策士所偽託張儀為秦連橫說齊王，《張儀列傳》同） 案：是年秦分軍兩路攻趙，一路至太原攻取狼孟；另一路為主力軍至鄴，在今河北磁縣南之鄴鎮。平陽即在鄴東，秦簡《編年記》雲：“從平陽軍”，蓋分屯於平陽。趙有南北……
前231,231,秦王政（始皇帝）十六年（西元前二三一年）,24,秦、齊、楚、燕、韓、趙、魏、晉、周、衛、代,白起、秦昭王,伐、攻、圍、救、卒、即位、滅、取、會、遷、殺,魏景湣王十二年，韓王安八年，趙王遷五年，齊王建三十四年，楚幽王七年，燕王喜二十四年。 [秦始皇帝]十六年九月發卒受地韓南陽假守騰。初令男子書年。魏獻地于秦。秦置麗邑。（《秦始皇本紀》） 秦始皇帝十六年置麗邑。發卒受韓南陽。（《六國表》） 魏景滑王十二年獻城秦。（《六國表》） 韓王安八年秦來受地。（《六國表》） 案：《秦始皇本紀》稱是年九月“發卒受地韓南陽假守騰”，可知秦發卒受韓南陽，乃出於韓南陽假守騰之投獻。《資治通鑒》作“韓獻南陽地，九月，發卒受地于韓”，蓋出於誤解。《本紀》又稱次年“內史騰攻韓，得韓王安，盡納其地”。此內史騰當即投獻于秦之韓南陽假守騰，因得秦之重用，升為內史。內史為掌京師之官，秦又命彼率軍攻滅韓國。秦不用將軍王翦攻韓而命騰攻韓，蓋騰熟悉韓之內情而便於攻克。此乃尉繚、李斯使用間諜勾結諸侯“豪臣”、“名士”而“離間其君臣之計”之成功，韓因而滅亡。 又案：是年置麗邑，即為營建秦始皇帝陵園而創設。《秦始皇本紀》稱“始皇初即位，穿治酈山，及並天下，天下徒送詣七十余萬人，穿三泉”。酈山古稱麗山，麗邑即設其旁。此後西漢諸帝營建壽陵，即沿用此制，創設陵邑。三十五年“徙三萬家於麗邑，……
前229,229,秦王政（始皇帝）十八年（西元前二二九年）,13,秦、齊、楚、燕、韓、趙、魏、晉、周、越、吳、鄭、代,廉頗,伐、攻、圍、救、卒、立、滅、取、拔、會、賂、遷、殺,魏景湣王十四年，趙王遷七年，齊王建三十六年，楚幽王九年，燕王喜二十六年。 [秦始皇帝]十八年大興兵攻趙，王翦將上地，下井陘；端和將河內，羌瘣伐趙，端和圍邯鄲城。（《秦始皇本紀》） [趙王遷]七年秦人攻趙，趙大將李牧，將軍司馬尚將，擊之。李牧誅，司馬尚免，趙忽及齊將顏聚代之。趙忽軍破，顏聚亡去。以王遷降。（《趙世家》） 今秦已虜韓王，盡納其地，又舉兵南伐楚，北臨趙。王翦將數十萬之眾臨漳、鄴（“臨”，鮑本作“距”，《史記》亦作“距”，作“臨”為是），而李信出太原、雲中。（《燕策三》第五章，燕太子丹謂荊軻，《史記·刺客列傳》同） 案：是年秦大興兵攻趙，分三路進軍。王翦率上地（即上党）之師，越太行山，下井陘塞，攻趙之中部。楊端和率河內之師北上，臨漳、鄴，由鄴進圍趙都邯鄲，羌瘞亦攻趙之國都周圍，此為秦之南路。李信出雲中、太原，乃秦之北路，攻趙之代一帶。燕太子丹稱“王翦將數十萬之眾臨漳、鄴”，《趙策》、《王翦傳》、《李牧傳》，皆稱“王翦攻趙”，蓋王翦為秦是役之統帥。 趙王遷七年秦使王翦攻趙，趙使李牧、司馬尚禦之。秦多與趙王寵臣郭開金，為反間，言李牧、司馬尚欲反。趙王乃使趙蔥及齊將顏聚代李牧。李牧不……
前228,228,秦王政（始皇帝）十九年（西元前二二八年）,19,秦、齊、楚、燕、趙、魏、周、中山、代,白起、秦昭王,伐、攻、圍、卒、立、滅、取、拔、會、遷、殺,魏景湣王十五年，趙王遷八年，齊王建三十七年，楚幽王十年，燕王喜二十七年。 [秦始皇帝]十九年王翦、羌瘣盡定取趙地，東陽得趙王。引兵欲攻燕，屯中山。秦王之邯鄲，諸嘗與王生趙時母家有仇怨，皆坑之。秦王還，從太原、上郡歸。始皇帝母太后崩。趙公子嘉率其宗族數百人之代，自立為代王，東與燕合兵，軍上穀。大饑。（《秦始皇本紀》） [秦始皇帝]十八年翦將攻趙。歲余，遂拔趙，趙王降，盡定趙地為郡。（《王翦列傳》） 趙國，故秦邯鄲郡。（《漢書·地理志》） 案：據《漢書·地理志》，可知是年秦“定趙地為郡”，即設邯鄲郡。 秦始皇帝十九年王翦拔趙，虜王遷。之邯鄲。帝太后薨。（《六國表》） 案：《史記會注考證》雲：“遷'下'之'字衍。”非是。“之邯鄲”即《本紀》所謂“秦王之邯鄲”。《本紀》謂“東陽得趙王”，蓋趙王遷由邯鄲逃避至東陽，為秦兵所得。《本紀·正義》雲：“趙幽繆王遷八年秦取趙地至平陽。平陽在貝州曆亭縣界。遷王于房陵。”《史記會注考證》雲：“據《正義》，“東陽'當作'平陽'。”非是。既雲“王翦、羌雍盡定取趙地”，不得雲“至平陽”。《王翦列傳》亦雲：“歲余，遂拔趙，趙王降，盡定趙地為郡”，可證。或將“東陽”二……
前227,227,秦王政（始皇帝）二十年（西元前二二七年）,19,秦、齊、楚、燕、韓、趙、魏、吳、宋、鄭、代,,伐、攻、救、卒、立、滅、取、拔、遷、殺,魏王假元年，代王嘉元年，楚王負芻元年，齊王建三十八年，燕王喜二十八年。 [秦始皇帝]二十年燕太子丹患秦兵至國，恐，使荊軻刺秦王。秦王覺之，體解軻以徇，而使王翦、辛勝攻燕。燕、代發兵擊秦軍，秦軍破燕易水之西。（《秦始皇本紀》，《六國表》作“燕太子使荊軻刺王，覺之，王翦將擊燕”） 燕王喜二十八年太子丹使荊軻刺秦王，秦伐我。（《六國表》） 燕見秦且滅六國，秦兵臨易水，禍且至燕。太子丹陰養壯士二十人，使荊軻獻督亢地圖于秦，因襲刺秦王。秦王覺，殺軻，使將軍王翦擊燕。（《燕世家》） [荊軻]既至秦，持千金之資幣物，厚遺秦王寵臣中庶子蒙嘉。嘉為先言于秦王曰：“燕王誠振畏(“振”讀作“震”)，慕大王之威(《史記》作“燕王誠振怖大王之威”)，不敢興兵以拒大王(姚注：“拒大王一作逆軍吏。”鮑本作“逆軍吏”，同於《史記》。《史記》“興”作“舉”)，願舉國為內臣，比諸侯之列，給貢職如郡縣，而得幸守先王之宗廟。恐懼不敢自陳，謹斬樊於期頭，及獻燕之督亢之地圖，函封，燕王拜送於庭，使使以聞大王，唯大王命之。”秦王聞之大喜，乃朝服，設九賓，見燕使者咸陽宮。荊軻奉樊於期頭函，而秦武陽奉地圖匣(《史記》“匣”作“柙”)，……
前226,226,秦王政（始皇帝）二十一年（西元前二二六年）,13,秦、齊、楚、燕、韓、趙、魏、鄭、代,蘇秦,伐、攻、卒、立、滅、取、拔、殺,魏王假二年，代王嘉二年，楚王負芻二年，齊王建三十九年，燕王喜二十九年。 [秦始皇帝]二十一年王賁攻荊(“荊”原誤作“薊”，從梁玉繩據《六國表》、《王翦列傳》“王賁擊楚”改正)。乃益發卒詣王翦軍，遂破燕太子軍，取燕薊城，得太子丹之首。燕王東收遼東而王之。王翦謝病老歸。新鄭反。昌平君徙於郢。大雨雪，深二尺五寸。(《秦始皇本紀》) 秦始皇帝二十一年王賁擊楚。（《六國表》） 明年（指秦“盡定趙地為郡”之明年）燕使荊軻為賊于秦，秦王使王翦攻燕。燕王喜走遼東，翦遂定燕薊而還。秦使翦子王賁擊荊，荊兵敗。還擊魏，魏王降，遂定魏地。（《王翦列傳》） 秦將李信者，年少壯勇，嘗以兵數千逐燕太子丹至於衍水中，卒破得丹，始皇以為賢勇。（《王翦列傳》） 案：《秦始皇本紀》載“王翦謝病老歸”在“取燕薊城”之後，而《王翦列傳》謂翦因欲用六十萬人伐荊，“王翦言不用，因謝病歸老于潁陽。”《王翦列傳》以“秦王使翦攻燕……定燕薊而還”與“荊軻為賊于秦”同年。蓋連帶而言，誤前一年。《王翦列傳》又言“王賁擊荊”後“還擊魏……定魏地”，亦因連帶而言，將“定魏”誤前一年。 [楚王負芻]二年秦使將軍伐楚，大破楚軍，亡十餘城。（《楚世家……
前225,225,秦王政（始皇帝）二十二年（西元前二二五年）,16,秦、齊、楚、燕、韓、趙、魏、吳、代,,攻、立、滅、取、會、遷、殺,魏王假三年，代王嘉三年，楚王負芻三年，齊王建四十年，燕王喜三十年。 [秦始皇帝]二十二年王賁攻魏，引河、溝灌大樑，大樑城壞，其王請降，盡取其地。（《秦始皇本紀》，《六國表》作“王賁擊魏，得其王假，盡取其地”） [秦始皇帝]廿二年攻魏梁。（秦簡《編年記》） [魏王假]三年秦灌大樑，虜王假，遂滅魏以為郡縣。（《魏世家》，《六國表》作“秦虜王假”） 太史公曰：“吾適故大樑之墟，墟中人曰：‘秦之破梁，引河、溝而灌大樑，三月城壞，王請降，遂滅魏。’”(《魏世家》) 睢水又東徑睢陽縣故城南……秦始皇二十二年以為碭郡。（《水經·睢水注》） 案：《漢書·地理志》：“梁國，故秦碭郡。”《水經·獲水注》雲：“獲水又東徑碭縣故城北，應劭曰：“縣有碭山，山在東，出文石，秦立碭郡蓋取山之名也。” [齊王建]四十年秦滅魏，秦兵次於曆下。（《田世家》）案：據此可見秦滅魏後，已攻至齊地曆下。《讀史方輿紀要》雲：曆下“城在濟南府城南”。 秦攻魏破之，少子亡而不得（《列女傳》卷五作“秦攻魏破之，殺魏王瑕，誅諸公子，而一公子不得”）。令魏國曰：“有得公子者賜金千斤（《列女傳》“斤”作“鎰”），匿者罪至十族。”（《列女傳》“……
前224,224,秦王政（始皇帝）二十三年（西元前二二四年）,20,秦、齊、楚、燕、韓、趙、魏、晉、魯、吳、宋、鄭、代,白起,伐、攻、圍、卒、立、即位、徙都、稱王、滅、取、拔、會、殺,代王嘉四年，楚王負芻四年，齊王建四十一年，燕王喜三十一年。 秦始皇既滅三晉，走燕王，而數破荊師。……於是始皇問李信：“吾欲攻取荊，于將軍度用幾何人而足？”李信曰：“不過用二十萬人。”始皇問王翦，王翦曰：“非六十萬人不可。”始皇曰：“王將軍老矣，何怯也？李將軍果勢壯勇，其言是也。”遂使李信及蒙恬將二十萬南伐荊（“恬”字當為“武”字之誤，下同）。王翦言不用，因謝病，歸老于潁陽。李信攻平與（輿），蒙恬攻寢，大破荊軍。信又攻鄢郢破之。於是引兵而西（“西”當為“東”字之誤），與蒙恬會城父。荊人因隨之，三日三夜不頓舍，大破李信軍，入兩壁，殺七都尉，秦軍走。（《王翦列傳》） 案：梁玉繩曰：“此前後三稱蒙恬，考《六國表》及《蒙恬傳》，是時恬未為將，當是蒙武之誤。”其說是。 又案：“信又攻鄢郢破之”，《資治通鑒》胡注：“此鄢郢非楚故都之鄢郢也。楚故都為白起所取，秦已置南郡。據楚都壽春，以壽春為郢，則其前自郢徙陳，亦必以陳為郢矣。然則此郢乃陳也。鄢即潁川之鄢陵，與平輿（與）、城父地皆相近。或曰：鄢郢當作鄢陵。”其說殊非。鄢郢乃指楚故都郢及鄢而言，不得用以稱陳。潁川之鄢陵乃魏地，魏封有鄢陵君。梁玉繩又謂“信……
前223,223,秦王政（始皇帝）二十四年（西元前二二三年）,21,秦、齊、楚、燕、趙、越、代,,攻、立、滅、取、會、殺,代王嘉五年，楚王負芻五年，齊王建四十二年，燕王喜三十二年。 [楚王負芻]五年秦將王翦、蒙武遂破楚國，虜楚王負芻，滅楚名為楚郡雲。（《楚世家》，《六國表》作“秦虜王負芻，秦滅楚”） 案：《集解》引孫檢曰：“秦虜楚王負芻，滅去楚名，以楚地為三郡。”《資治通鑒》作“以其地置楚郡”。胡注雲：“按秦三十六郡無楚郡，此蓋滅楚之時暫置耳，後分為九江、鄣、會稽三郡。”錢大昕曰：“秦始皇父名楚，故《始皇本紀》稱楚為荊，滅楚之後，未嘗置楚郡也。孫氏謂滅去楚名，蓋得其實。楚郡之楚，當是衍文。”王鳴盛、梁玉繩亦以“楚”字為衍。今案：“楚”字非衍。秦始皇滅六國時確有以其國名為郡名者，如《田世家》稱“遂滅齊為郡”，即滅齊後置郡名為齊郡。又如《趙世家》稱滅趙為“邯鄲為秦”，《王翦列傳》雲：“盡定趙地為郡”，即滅趙後置郡名為邯鄲郡，時人或稱趙國為“邯鄲”。《陳涉世家》雲：“攻陳，陳守、令皆不在。”《索隱》引張晏雲：“郡守及令皆不在，非也。按《地理志》雲秦三十六郡，並無陳郡，則陳是縣，言守令，則守非官也，與下文守丞同也，則皆字是衍字。”張說非是。《漢書》顏注雲：“守，郡守也。令，縣令也。守丞，郡丞之居守者。”王先謙雲：……
前222,222,秦王政（始皇帝）二十五年（西元前二二二年）,14,秦、齊、楚、燕、韓、趙、晉、周、魯、越、吳、代,張儀、句踐、趙襄子、秦昭王、趙武靈王、楚懷王,攻、卒、立、稱王、滅、拔、會、遷、殺,代王嘉六年，齊王建四十三年，燕王喜三十三年。 [秦始皇帝]二十五年大興兵，使王賁將，攻燕遼東，得燕王喜。還攻代，虜代王嘉。王翦遂定荊江南地，降越君，置會稽郡。五月天下大酺。（《秦始皇本紀》，《六國表》作“王賁擊燕，虜王喜。又擊得代王嘉。五月天下大酺”） [燕王喜]三十三年秦拔遼東，虜燕王喜，卒滅燕。是歲，秦將王賁亦虜代王嘉。（《燕世家》，《六國表》作“秦虜王喜，拔遼東，秦滅燕”） 秦既虜遷，趙之亡大夫共立嘉為王，王代六歲，秦兵破嘉，遂滅趙以為郡。（《趙世家》，當作“遂滅代以為郡”。《六國表》作“秦將王賁虜王嘉，秦滅趙”） [大遼水]屈而西南流，徑襄平縣故城西，秦始皇二十二年滅燕置遼東郡，治此。（《水經·大遼水注》，“二十二年”當為“二十五年”之誤） 《山海經》曰：雁門之水，出於雁門之山……其山重巒疊巘，霞舉雲高，連山隱隱，東出遼塞。其水東南流徑高柳縣故城北，舊代郡治，秦始皇二十三年虜趙王遷，以國為郡。（《水經·瀠水注》，“二十三年”當為“二十五年”之誤，“趙王遷”當為“代王嘉”之誤） 秦始皇二十五年以吳、越地為會稽郡，治吳。（《三國志·吳書·虞翻傳·注》引《會稽典錄》） 案：《越世家》……
前221,221,秦王政（始皇帝）二十六年（西元前二二一年）,19,秦、齊、楚、燕、韓、趙、魏、晉、周、魯、越、衛、代,句踐、秦昭王,伐、攻、救、卒、立、滅、取、盟、會、遷,齊王建四十四年。 [秦始皇帝]二十六年齊王建與其相後勝，發兵守其西界，不通秦。秦使將軍王賁從燕南攻齊，得齊王建。（《秦始皇本紀》） 秦始皇帝二十六年王賁擊齊，虜王建。初並天下，立為皇帝。（《六國表》） 案：《王翦列傳》謂“王翦子王賁與李信破定燕、齊地”。 [秦]始皇二十六年蒙恬因家世得為秦將，攻齊，大破之，拜為內史。（《蒙恬列傳》） [齊王建]四十四年秦兵擊齊。齊王聽相後勝計，不戰，以兵降秦。秦虜王建，遷之共。遂滅齊為郡。天下壹並于秦，秦王政立號為皇帝。始君王後賢，事秦謹，與諸侯信。齊亦東邊海上，秦日夜攻三晉、燕、楚，五國各自救于秦，以故王建立四十餘年不受兵。君王後死，後勝相齊，多受秦間金，多使賓客入秦，秦又多予金，客皆為反間，勸王去從朝秦，不修攻戰之備，不助五國攻秦，秦以故得滅五國，五國已亡，秦兵卒入臨淄（“卒”讀作“猝”），民莫敢格者。王建遂降，遷於共。故齊人怨王建不蚤與諸侯合從攻秦（“蚤”讀作“早”），聽奸臣賓客以亡其國，歌之曰：“松耶柏耶？住建共者客耶？”疾建用客之不詳也。（《田世家》，《六國表》作“秦虜王建，秦滅齊”） 齊王建入朝于秦，雍門司馬橫戟當馬前曰(“橫戟當馬”四字原……
